# Blender 5.1.2
# www.blender.org
mtllib armor.mtl
o armor
v 0.866065 0.207861 2.226540
v 0.085347 1.852205 -0.265114
v 0.866065 1.052659 2.176935
v 0.987890 0.439529 -2.574408
v 0.085347 1.852205 -1.990742
v 0.878438 1.814912 -1.932021
v 0.000000 0.439529 -2.574408
v 0.203741 1.852205 -0.265114
v 0.000000 1.870565 -2.155922
v 0.000000 0.207861 2.403530
v 0.203741 1.852205 -1.990742
v 0.000000 1.116912 2.315717
v 0.380878 1.852205 -0.265114
v 1.101364 0.207861 1.008486
v 0.987890 0.327813 0.479013
v 0.380878 1.852205 -1.990742
v 0.878134 1.814908 0.422668
v 0.979222 1.246426 0.764885
v 0.000000 1.870565 0.455440
v 0.499271 1.852205 -0.265114
v 0.000000 1.180188 0.878847
v 0.000000 0.207861 0.975569
v 0.499271 1.852205 -1.990742
v 1.101364 0.207861 1.955549
v 0.664536 0.207861 2.031578
v 0.664536 0.207861 0.979904
v 0.664536 0.866764 1.928133
v 0.664536 0.863703 1.165004
v 0.866065 0.414868 2.176935
v 0.987890 0.327813 0.865773
v 0.936726 0.417583 2.058615
v 1.121937 0.207861 -1.136951
v 1.121937 0.207861 -2.216402
v 0.691395 0.207861 -1.119240
v 0.691395 0.207861 -2.234255
v 0.691395 0.864493 -1.319440
v 0.691395 0.864493 -2.056543
v 0.987890 0.327813 -0.996515
v 0.987890 0.207861 -2.399107
v 0.980025 1.231002 -2.267711
v 0.979264 1.246426 0.453509
v 0.000000 1.168471 -2.546406
v 0.000000 0.414868 2.315717
v 0.397404 1.116912 2.266112
v 0.561791 1.224592 0.853329
v 0.397404 0.207861 2.403530
v 0.397404 0.414868 2.403530
v 0.397404 0.390585 2.176935
v 0.000000 0.414868 2.403530
v 0.397404 0.414868 2.315717
v 0.397404 1.116912 2.315717
v 0.000000 0.207861 -2.216402
v 0.000000 0.207861 -1.136951
v 0.000000 0.207861 -2.399107
v 0.884658 1.814918 -1.309047
v 0.878442 1.814955 -0.285246
v 0.000000 1.870565 -1.287089
v 0.000000 1.870565 -0.327761
v 0.979234 1.246426 -0.285246
v 0.986081 1.239724 -1.309046
v 0.877773 1.819921 -0.365210
v 0.825199 1.826161 0.480957
v 0.929066 1.224592 0.853329
v 0.798749 1.803697 -2.193112
v 0.894355 1.235339 -2.509215
v 0.986699 1.239724 -1.229658
v 0.987890 1.196015 0.455440
v 0.884050 1.819938 -1.229658
v 0.980640 1.239724 -0.365209
v 0.851570 1.814908 0.422668
v 0.952700 1.246426 0.453509
v 0.851878 1.814955 -0.285246
v 0.952658 1.246426 0.764885
v 0.851874 1.814912 -1.932021
v 0.953461 1.231002 -2.267711
v 0.959517 1.239724 -1.309046
v 0.858094 1.814918 -1.309047
v 0.952670 1.246426 -0.285246
v 0.869787 1.870565 0.455440
v 0.987890 1.180188 0.878847
v 0.000000 1.224592 0.853329
v 0.000000 1.826161 0.480957
v 0.561791 1.180188 0.878847
v 0.876692 1.870565 -1.265200
v 0.869787 1.870565 -0.327761
v 0.987890 1.182171 -0.327761
v 0.994795 1.168329 -1.265200
v 0.000000 1.807768 0.456177
v 0.000000 1.206199 0.828549
v 0.825199 1.807768 0.456177
v 0.929066 1.206199 0.828549
v 0.533729 1.206199 0.828549
v 0.855988 1.818553 -1.247959
v 0.849711 1.818537 -0.365210
v 0.952578 1.238339 -0.365209
v 0.958637 1.238339 -1.247960
v 0.866065 0.974971 2.176935
v 0.866065 0.746050 2.176935
v 0.583030 0.974971 2.219980
v 0.587416 0.750964 2.219980
v 0.792759 0.974971 2.186088
v 0.792759 0.747396 2.186088
v 0.000000 1.119184 2.267328
v 0.079245 1.870565 -0.250760
v 0.209843 1.870565 -0.250760
v 0.079245 1.870565 -0.327761
v 0.209843 1.870565 -0.327761
v 0.374776 1.870565 -0.250760
v 0.374776 1.870565 -0.327761
v 0.505373 1.870565 -0.327761
v 0.505373 1.870565 -0.250760
v 0.079245 1.870565 -2.005095
v 0.209843 1.870565 -2.005095
v 0.374776 1.870565 -2.005095
v 0.505373 1.870565 -2.005095
v 0.079245 1.870565 -1.285110
v 0.209843 1.870565 -1.281849
v 0.374776 1.870565 -1.277731
v 0.505373 1.870565 -1.274471
v 0.987890 1.168471 -2.546406
v 0.000000 1.235339 -2.509215
v 0.869787 1.870565 -2.155922
v 0.000000 1.803697 -2.193112
v 0.000000 1.788606 -2.165980
v 0.000000 1.220249 -2.482083
v 0.894355 1.220249 -2.482083
v 0.798749 1.788606 -2.165980
v 1.132769 0.834490 1.762778
v 1.120812 0.752628 1.835977
v 1.119303 0.752628 1.130528
v 1.121937 0.834490 1.235325
v 0.959314 0.866106 1.953199
v 0.957583 0.982450 1.814971
v 0.985481 0.982450 1.135259
v 0.987890 0.866106 1.003272
v 1.121937 0.856343 -1.456194
v 1.121937 0.778625 -1.344395
v 1.049073 0.857722 -1.363638
v 1.121937 0.776999 -2.029193
v 1.121937 0.856343 -1.920112
v 1.049078 0.857722 -2.012139
v 0.987890 0.933802 -1.232147
v 0.987890 1.009584 -1.345668
v 0.991093 1.083557 -1.263408
v 0.987890 1.004485 -2.025275
v 0.987890 0.926415 -2.136336
v -0.866065 0.207861 2.226540
v -0.085347 1.852205 -0.265114
v -0.866065 1.052659 2.176935
v -0.987890 0.439529 -2.574408
v -0.085347 1.852205 -1.990742
v -0.878438 1.814912 -1.932021
v -0.203741 1.852205 -0.265114
v -0.203741 1.852205 -1.990742
v -0.380878 1.852205 -0.265114
v -1.101364 0.207861 1.008486
v -0.987890 0.327813 0.479013
v -0.380878 1.852205 -1.990742
v -0.878134 1.814908 0.422668
v -0.979222 1.246426 0.764885
v -0.499271 1.852205 -0.265114
v -0.499271 1.852205 -1.990742
v -1.101364 0.207861 1.955549
v -0.664536 0.207861 2.031578
v -0.664536 0.207861 0.979904
v -0.664536 0.866764 1.928133
v -0.664536 0.863703 1.165004
v -0.866065 0.414868 2.176935
v -0.987890 0.327813 0.865773
v -0.936726 0.417583 2.058615
v -1.121937 0.207861 -1.136951
v -1.121937 0.207861 -2.216402
v -0.691395 0.207861 -1.119240
v -0.691395 0.207861 -2.234255
v -0.691395 0.864493 -1.319440
v -0.691395 0.864493 -2.056543
v -0.987890 0.327813 -0.996515
v -0.987890 0.207861 -2.399107
v -0.980025 1.231002 -2.267711
v -0.979263 1.246426 0.453509
v -0.397404 1.116912 2.266112
v -0.561791 1.224592 0.853329
v -0.397404 0.207861 2.403530
v -0.397404 0.414868 2.403530
v -0.397404 0.390585 2.176935
v -0.397404 0.414868 2.315717
v -0.397404 1.116912 2.315717
v -0.884658 1.814918 -1.309047
v -0.878442 1.814955 -0.285246
v -0.979234 1.246426 -0.285246
v -0.986081 1.239724 -1.309046
v -0.877773 1.819921 -0.365210
v -0.825199 1.826161 0.480957
v -0.929066 1.224592 0.853329
v -0.798749 1.803697 -2.193112
v -0.894355 1.235339 -2.509215
v -0.986699 1.239724 -1.229658
v -0.987890 1.196015 0.455440
v -0.884050 1.819938 -1.229658
v -0.980640 1.239724 -0.365209
v -0.851570 1.814908 0.422668
v -0.952700 1.246426 0.453509
v -0.851878 1.814955 -0.285246
v -0.952658 1.246426 0.764885
v -0.851874 1.814912 -1.932021
v -0.953461 1.231002 -2.267711
v -0.959517 1.239724 -1.309046
v -0.858094 1.814918 -1.309047
v -0.952670 1.246426 -0.285246
v -0.869787 1.870565 0.455440
v -0.987890 1.180188 0.878847
v -0.561791 1.180188 0.878847
v -0.876692 1.870565 -1.265200
v -0.869787 1.870565 -0.327761
v -0.987890 1.182171 -0.327761
v -0.994795 1.168329 -1.265200
v -0.825199 1.807768 0.456177
v -0.929066 1.206199 0.828549
v -0.533729 1.206199 0.828549
v -0.855988 1.818553 -1.247959
v -0.849711 1.818537 -0.365210
v -0.952578 1.238339 -0.365209
v -0.958636 1.238339 -1.247960
v -0.866065 0.974971 2.176935
v -0.866065 0.746050 2.176935
v -0.583030 0.974971 2.219980
v -0.587416 0.750964 2.219980
v -0.792759 0.974971 2.186088
v -0.792759 0.747396 2.186088
v -0.079245 1.870565 -0.250760
v -0.209843 1.870565 -0.250760
v -0.079245 1.870565 -0.327761
v -0.209843 1.870565 -0.327761
v -0.374776 1.870565 -0.250760
v -0.374776 1.870565 -0.327761
v -0.505373 1.870565 -0.327761
v -0.505373 1.870565 -0.250760
v -0.079245 1.870565 -2.005095
v -0.209843 1.870565 -2.005095
v -0.374776 1.870565 -2.005095
v -0.505373 1.870565 -2.005095
v -0.079245 1.870565 -1.285110
v -0.209843 1.870565 -1.281849
v -0.374776 1.870565 -1.277731
v -0.505373 1.870565 -1.274471
v -0.987890 1.168471 -2.546406
v -0.869787 1.870565 -2.155922
v -0.894355 1.220249 -2.482083
v -0.798749 1.788606 -2.165980
v -1.132769 0.834490 1.762778
v -1.120812 0.752628 1.835977
v -1.119302 0.752628 1.130528
v -1.121937 0.834490 1.235325
v -0.959314 0.866106 1.953199
v -0.957583 0.982450 1.814971
v -0.985481 0.982450 1.135259
v -0.987890 0.866106 1.003272
v -1.121937 0.856343 -1.456194
v -1.121937 0.778625 -1.344395
v -1.049073 0.857722 -1.363638
v -1.121937 0.776999 -2.029193
v -1.121937 0.856343 -1.920112
v -1.049078 0.857722 -2.012139
v -0.987890 0.933802 -1.232147
v -0.987890 1.009584 -1.345668
v -0.991093 1.083557 -1.263408
v -0.987890 1.004485 -2.025275
v -0.987890 0.926415 -2.136336
v 0.954837 1.159082 0.895571
v 1.060182 1.286013 0.822380
v 0.933954 1.157378 0.866968
v 1.039299 1.284309 0.793777
v 0.981351 1.126454 0.877149
v 1.086696 1.253386 0.803959
v 0.960469 1.124751 0.848547
v 1.065813 1.251682 0.775356
v 1.049298 1.208858 0.838956
v 1.027565 1.208858 0.789061
v 1.236492 1.217821 0.749182
v 1.236492 1.324569 0.749182
v 1.214758 1.217821 0.699287
v 1.214759 1.324569 0.699286
v 1.084709 1.340508 0.821974
v 1.049298 1.298089 0.838956
v 1.027565 1.298089 0.789061
v 1.062975 1.340508 0.772079
v 1.214759 1.271195 0.699287
v 1.236492 1.271195 0.749182
v 1.121161 1.213340 0.744174
v 1.142895 1.213340 0.794069
v 1.160601 1.332538 0.785578
v 1.138867 1.332538 0.735682
v 1.128349 1.280679 0.835582
v -0.954837 1.159082 0.895571
v -1.060181 1.286013 0.822380
v -0.933954 1.157378 0.866968
v -1.039299 1.284309 0.793777
v -0.981351 1.126454 0.877149
v -1.086696 1.253386 0.803959
v -0.960468 1.124751 0.848547
v -1.065813 1.251682 0.775356
v -1.049298 1.208858 0.838956
v -1.027564 1.208858 0.789061
v -1.236492 1.217821 0.749182
v -1.236492 1.324569 0.749182
v -1.214758 1.217821 0.699286
v -1.214759 1.324569 0.699286
v -1.084709 1.340508 0.821974
v -1.049298 1.298089 0.838956
v -1.027564 1.298089 0.789061
v -1.062975 1.340508 0.772079
v -1.214758 1.271195 0.699286
v -1.236492 1.271195 0.749182
v -1.121161 1.213340 0.744174
v -1.142895 1.213340 0.794069
v -1.160600 1.332538 0.785578
v -1.138867 1.332539 0.735682
v -1.128348 1.280679 0.835582
v 0.881495 0.966361 -0.031950
v 0.881495 1.031312 -0.031950
v 0.881495 0.966361 -0.212471
v 0.881495 1.031312 -0.212471
v 1.013011 0.966361 -0.031950
v 1.013011 1.031312 -0.031950
v 1.013011 0.966361 -0.212471
v 1.013011 1.031312 -0.212471
v -0.881495 0.966361 -0.031950
v -0.881495 1.031312 -0.031950
v -0.881495 0.966361 -0.212471
v -0.881495 1.031312 -0.212471
v -1.013011 0.966361 -0.031950
v -1.013011 1.031312 -0.031950
v -1.013011 0.966361 -0.212471
v -1.013011 1.031312 -0.212471
v 0.881495 0.966361 -0.939832
v 0.881495 1.031312 -0.939832
v 0.881495 0.966361 -1.120352
v 0.881495 1.031312 -1.120352
v 1.013011 0.966361 -0.939832
v 1.013011 1.031312 -0.939832
v 1.013011 0.966361 -1.120352
v 1.013011 1.031312 -1.120352
v -0.881495 0.966361 -0.939832
v -0.881495 1.031312 -0.939832
v -0.881495 0.966361 -1.120353
v -0.881495 1.031312 -1.120353
v -1.013011 0.966361 -0.939832
v -1.013011 1.031312 -0.939832
v -1.013011 0.966361 -1.120353
v -1.013011 1.031312 -1.120353
v 0.368512 0.764789 2.478006
v 0.376865 0.161634 2.359577
v 0.438968 0.764789 2.478006
v 0.479346 0.161634 2.359577
v 0.376865 0.463212 2.527409
v 0.376865 0.463212 2.359577
v 0.479346 0.463212 2.359577
v 0.479346 0.463212 2.527409
v 0.376865 0.161634 2.472863
v 0.376865 0.216180 2.527409
v 0.479346 0.216180 2.527409
v 0.479346 0.161634 2.472863
v 0.368512 0.764789 2.357543
v 0.369807 0.718043 2.317832
v 0.445227 0.718043 2.317832
v 0.438968 0.764789 2.357543
v 0.479346 0.463212 2.478325
v 0.476393 0.485265 2.478325
v 0.474485 0.499515 2.415890
v 0.473427 0.507424 2.450539
v 0.454166 0.651280 2.371754
v 0.479059 0.465353 2.401501
v 0.458453 0.619260 2.387174
v 0.456545 0.633510 2.449609
v 0.459512 0.611352 2.421823
v 0.451787 0.669050 2.449609
v 0.449879 0.683301 2.387174
v 0.448820 0.691209 2.421823
v 0.376254 0.485265 2.478325
v 0.376865 0.463212 2.478325
v 0.371164 0.669050 2.449609
v 0.375640 0.507424 2.450539
v 0.372148 0.633510 2.449609
v 0.372762 0.611352 2.421823
v 0.376805 0.465353 2.401501
v 0.375859 0.499515 2.415890
v 0.370550 0.691209 2.421823
v 0.371656 0.651280 2.371754
v 0.372543 0.619260 2.387174
v 0.370769 0.683301 2.387174
v 0.479346 0.449725 2.478325
v 0.479346 0.435475 2.415890
v 0.479346 0.427566 2.450539
v 0.376865 0.449725 2.478325
v 0.376865 0.435475 2.415890
v 0.376865 0.427566 2.450539
v -0.368512 0.764789 2.478006
v -0.376865 0.161634 2.359577
v -0.438968 0.764789 2.478006
v -0.479346 0.161634 2.359577
v -0.376865 0.463212 2.527409
v -0.376865 0.463212 2.359577
v -0.479346 0.463212 2.359577
v -0.479346 0.463212 2.527409
v -0.376865 0.161634 2.472863
v -0.376865 0.216180 2.527409
v -0.479346 0.216180 2.527409
v -0.479346 0.161634 2.472863
v -0.368512 0.764789 2.357543
v -0.369807 0.718043 2.317832
v -0.445227 0.718043 2.317832
v -0.438968 0.764789 2.357543
v -0.479346 0.463212 2.478325
v -0.476393 0.485265 2.478325
v -0.474485 0.499515 2.415890
v -0.473427 0.507424 2.450539
v -0.454166 0.651280 2.371754
v -0.479059 0.465353 2.401501
v -0.458453 0.619260 2.387174
v -0.456545 0.633510 2.449609
v -0.459512 0.611352 2.421823
v -0.451787 0.669050 2.449609
v -0.449879 0.683301 2.387174
v -0.448820 0.691209 2.421823
v -0.376254 0.485265 2.478325
v -0.376865 0.463212 2.478325
v -0.371164 0.669050 2.449609
v -0.375640 0.507424 2.450539
v -0.372148 0.633510 2.449609
v -0.372762 0.611352 2.421823
v -0.376805 0.465353 2.401501
v -0.375859 0.499515 2.415890
v -0.370550 0.691209 2.421823
v -0.371656 0.651280 2.371754
v -0.372543 0.619260 2.387174
v -0.370769 0.683301 2.387174
v -0.479346 0.449725 2.478325
v -0.479346 0.435475 2.415890
v -0.479346 0.427566 2.450539
v -0.376865 0.449725 2.478325
v -0.376865 0.435475 2.415890
v -0.376865 0.427566 2.450539
v -0.322366 0.690677 2.343426
v -0.322366 0.733752 2.343426
v -0.389587 0.690677 2.246549
v -0.389587 0.733752 2.246549
v 0.313844 0.690677 2.343426
v 0.313844 0.733752 2.343426
v 0.381065 0.690677 2.246549
v 0.381065 0.733752 2.246549
v -0.322366 0.794058 2.343426
v -0.322366 0.837133 2.343426
v -0.389587 0.794058 2.246549
v -0.389587 0.837133 2.246549
v 0.313844 0.794058 2.343426
v 0.313844 0.837133 2.343426
v 0.381065 0.794058 2.246549
v 0.381065 0.837133 2.246549
v -0.322366 0.897438 2.343426
v -0.322366 0.940513 2.343426
v -0.389587 0.897438 2.246549
v -0.389587 0.940513 2.246549
v 0.313844 0.897438 2.343426
v 0.313844 0.940513 2.343426
v 0.381065 0.897438 2.246549
v 0.381065 0.940513 2.246549
v -0.322366 1.000819 2.343426
v -0.322366 1.043894 2.343426
v -0.389587 1.000819 2.246549
v -0.389587 1.043894 2.246549
v 0.313844 1.000819 2.343426
v 0.313844 1.043894 2.343426
v 0.381065 1.000819 2.246549
v 0.381065 1.043894 2.246549
v 0.608461 1.957701 0.299555
v 0.608461 1.957701 -2.034871
v 0.749054 1.957701 0.299555
v 0.749054 1.957701 -2.034871
v 0.608461 1.917862 0.194299
v 0.749054 1.917862 0.194299
v 0.608461 1.807467 0.273260
v 0.608461 1.807467 0.417479
v 0.749054 1.807467 0.417479
v 0.749054 1.807467 0.273260
v 0.749054 1.917862 -1.906265
v 0.608461 1.917862 -1.906265
v 0.749054 1.740210 -2.156920
v 0.608461 1.740210 -2.156920
v 0.749054 1.740210 -2.006995
v 0.608461 1.740210 -2.006995
v -0.608461 1.957701 0.299555
v -0.608461 1.957701 -2.034871
v -0.749054 1.957701 0.299555
v -0.749054 1.957701 -2.034871
v -0.608461 1.917862 0.194299
v -0.749054 1.917862 0.194299
v -0.608461 1.807467 0.273260
v -0.608461 1.807467 0.417479
v -0.749054 1.807467 0.417479
v -0.749054 1.807467 0.273260
v -0.749054 1.917862 -1.906265
v -0.608461 1.917862 -1.906265
v -0.749054 1.740210 -2.156920
v -0.608461 1.740210 -2.156920
v -0.749054 1.740210 -2.006995
v -0.608461 1.740210 -2.006995
v -0.000000 0.935687 -2.445269
v -0.000000 1.007457 -2.445269
v -0.000000 0.935687 -2.582638
v -0.000000 1.007457 -2.582638
v 1.015865 0.814327 -2.486312
v 1.015865 1.007457 -2.445269
v 1.015865 0.814327 -2.582638
v 1.015865 1.007457 -2.582638
v 0.710363 0.814327 -2.582638
v 0.710363 1.007457 -2.582638
v 0.710363 0.814327 -2.486312
v 0.710363 1.007457 -2.445269
v 0.607159 0.935687 -2.582638
v 0.607159 1.007457 -2.445269
v 0.607159 1.007457 -2.582638
v 0.607159 0.935687 -2.445269
v -0.000000 0.944377 -2.604898
v -0.000000 0.974519 -2.604898
v 0.907853 0.922808 -2.604898
v 0.907853 0.974519 -2.604898
v -0.000000 0.974519 -2.533351
v -0.000000 0.944377 -2.533351
v 0.907853 0.922808 -2.533351
v 0.907853 0.974519 -2.533351
v 0.706296 0.944377 -2.604898
v 0.736042 0.974519 -2.604898
v 0.706296 0.944377 -2.533351
v 0.736042 0.974519 -2.533351
v 0.907853 0.889433 -2.604898
v 0.907853 0.889433 -2.533351
v 0.736042 0.889433 -2.604898
v 0.736042 0.889433 -2.533351
v -1.015865 0.814327 -2.486312
v -1.015865 1.007457 -2.445269
v -1.015865 0.814327 -2.582638
v -1.015865 1.007457 -2.582638
v -0.710363 0.814327 -2.582638
v -0.710363 1.007457 -2.582638
v -0.710363 0.814327 -2.486312
v -0.710363 1.007457 -2.445269
v -0.607159 0.935687 -2.582638
v -0.607159 1.007457 -2.445269
v -0.607159 1.007457 -2.582638
v -0.607159 0.935687 -2.445269
v -0.907853 0.922808 -2.604898
v -0.907853 0.974519 -2.604898
v -0.907853 0.922808 -2.533351
v -0.907853 0.974519 -2.533351
v -0.706296 0.944377 -2.604898
v -0.736042 0.974519 -2.604898
v -0.706296 0.944377 -2.533351
v -0.736042 0.974519 -2.533351
v -0.907853 0.889433 -2.604898
v -0.907853 0.889433 -2.533351
v -0.736042 0.889433 -2.604898
v -0.736042 0.889433 -2.533351
v -0.253546 0.625002 -2.541669
v -0.230456 0.604047 -2.541669
v -0.230456 0.811796 -2.541669
v -0.253546 0.790841 -2.541669
v -0.222184 0.632509 -2.590741
v -0.222184 0.783334 -2.590741
v 0.230456 0.604047 -2.541669
v 0.253546 0.625002 -2.541669
v 0.253546 0.790841 -2.541669
v 0.230456 0.811796 -2.541669
v 0.222184 0.632509 -2.590741
v 0.222184 0.783334 -2.590741
v -0.253546 0.625002 -2.590741
v -0.230456 0.604047 -2.590741
v -0.230456 0.811796 -2.590741
v -0.253546 0.790841 -2.590741
v 0.230456 0.604047 -2.590741
v 0.253546 0.625002 -2.590741
v 0.253546 0.790841 -2.590741
v 0.230456 0.811796 -2.590741
v -0.671029 0.376505 -2.621745
v -0.671029 0.405314 -2.278955
v -0.626105 0.354871 -2.621745
v -0.603581 0.372833 -2.278955
v -0.615009 0.306259 -2.621745
v -0.586923 0.299848 -2.278955
v -0.646098 0.267275 -2.621745
v -0.633598 0.241319 -2.278955
v -0.695960 0.267275 -2.621745
v -0.708460 0.241319 -2.278955
v -0.727049 0.306259 -2.621745
v -0.755135 0.299848 -2.278955
v -0.715953 0.354871 -2.621745
v -0.738477 0.372833 -2.278955
v -0.671029 0.405314 -2.621745
v -0.603581 0.372833 -2.621745
v -0.586923 0.299848 -2.621745
v -0.633598 0.241319 -2.621745
v -0.708460 0.241319 -2.621745
v -0.755135 0.299848 -2.621745
v -0.738477 0.372833 -2.621745
v -0.671029 0.376505 -2.278955
v -0.626105 0.354871 -2.278955
v -0.615009 0.306259 -2.278955
v -0.646098 0.267275 -2.278955
v -0.695960 0.267275 -2.278955
v -0.727049 0.306259 -2.278955
v -0.715953 0.354871 -2.278955
v -1.024598 0.429507 -2.482634
v -1.024598 0.429507 -2.606673
v -1.024598 0.573384 -2.606673
v 1.024598 0.429507 -2.482634
v 1.024598 0.429507 -2.606673
v 1.024598 0.573384 -2.606673
v -1.024598 0.522252 -2.470209
v -1.024598 0.573384 -2.514749
v 1.024598 0.573384 -2.514749
v 1.024598 0.522252 -2.470209
v -0.231740 0.653447 -2.408780
v -0.209815 0.633549 -2.408780
v -0.209815 0.830815 -2.408780
v -0.231740 0.810917 -2.408780
v -0.201961 0.660575 -2.455376
v -0.201961 0.803789 -2.455376
v 0.227840 0.633549 -2.408780
v 0.249765 0.653447 -2.408780
v 0.249765 0.810917 -2.408780
v 0.227840 0.830815 -2.408780
v 0.219985 0.660575 -2.455376
v 0.219985 0.803789 -2.455376
v -0.231740 0.653447 -2.455376
v -0.209815 0.633549 -2.455376
v -0.209815 0.830815 -2.455376
v -0.231740 0.810917 -2.455376
v 0.227840 0.633549 -2.455376
v 0.249765 0.653447 -2.455376
v 0.249765 0.810917 -2.455376
v 0.227840 0.830815 -2.455376
vn -0.0000 0.0384 -0.9993
vn -0.0000 0.2696 -0.9630
vn -0.0000 0.2584 -0.9660
vn 0.3931 0.1094 0.9130
vn 0.2010 0.0559 0.9780
vn -0.0000 1.0000 -0.0000
vn 0.0492 -0.9988 0.0003
vn -0.0000 -0.6034 -0.7974
vn 0.9978 0.0668 -0.0011
vn 1.0000 -0.0088 -0.0030
vn 0.9999 -0.0151 -0.0067
vn 1.0000 -0.0098 -0.0012
vn 0.9982 0.0594 -0.0025
vn 1.0000 -0.0011 0.0003
vn 0.9971 0.0758 0.0007
vn 0.9981 0.0599 0.0120
vn 1.0000 -0.0000 -0.0000
vn -0.2038 -0.1752 -0.9632
vn 0.7881 0.1311 -0.6015
vn 0.8055 0.3243 -0.4959
vn 0.8054 0.2956 -0.5137
vn 0.6747 0.3248 0.6628
vn 0.8565 0.2338 0.4602
vn 0.7677 0.1348 0.6264
vn 0.7086 0.1837 0.6813
vn -0.0660 -0.9978 0.0029
vn -0.0244 -0.2474 0.9686
vn 0.8155 0.1216 0.5659
vn 0.7653 0.2250 0.6030
vn 0.9061 0.3990 0.1405
vn 0.9991 0.0283 0.0312
vn -0.0000 -1.0000 -0.0000
vn -0.0804 -0.3155 -0.9455
vn 0.7694 0.2107 -0.6030
vn 0.8050 0.3760 -0.4588
vn 0.7993 0.3330 -0.5002
vn 0.8095 0.3379 0.4801
vn 0.8149 0.3754 0.4415
vn 0.7793 0.2208 0.5864
vn 0.6959 0.7181 0.0036
vn 1.0000 -0.0023 0.0005
vn 1.0000 -0.0070 -0.0030
vn 0.9973 0.0729 0.0018
vn -0.0189 -0.9998 -0.0000
vn -0.0813 -0.2858 0.9548
vn -0.0000 -1.0000 -0.0001
vn -0.0000 1.0000 -0.0091
vn -0.0000 0.8739 0.4861
vn 0.7879 0.5962 -0.1541
vn 0.7970 0.5669 -0.2083
vn 0.8036 0.5616 0.1969
vn 0.7917 0.5946 0.1402
vn 1.0000 0.0018 0.0044
vn -0.0000 -0.0000 1.0000
vn 0.1501 -0.0433 0.9877
vn 0.1013 -0.0877 0.9910
vn 0.1301 -0.0638 0.9894
vn 0.1508 -0.0286 0.9882
vn 0.0029 0.9997 0.0232
vn 0.0242 0.9986 0.0470
vn -0.0000 0.9994 0.0340
vn -0.0000 0.9997 0.0232
vn -0.0140 0.9988 -0.0471
vn -0.0510 0.9838 -0.1721
vn -0.0329 0.9933 -0.1111
vn 0.0792 0.9937 0.0791
vn 0.0437 0.9970 0.0633
vn -0.5405 -0.0956 0.8359
vn 0.9864 0.1644 0.0054
vn 0.9868 0.1619 -0.0091
vn 0.9873 0.1590 0.0038
vn 0.9863 0.1646 0.0055
vn 0.9865 0.1639 0.0070
vn 0.9894 0.1454 -0.0071
vn 0.9887 0.1499 -0.0052
vn 0.9861 0.1662 -0.0044
vn 0.9881 0.1533 0.0093
vn 0.9887 0.1497 0.0009
vn 0.9883 0.1527 0.0075
vn 0.9882 0.1532 -0.0032
vn 0.9868 0.1615 -0.0101
vn 0.9845 0.1749 -0.0086
vn 0.9845 0.1752 0.0001
vn 0.9846 0.1750 0.0002
vn 0.9846 0.1749 0.0002
vn -0.0000 -0.5157 -0.8567
vn -0.0000 -0.0000 -1.0000
vn -0.0000 -0.4984 0.8669
vn -0.0000 0.5114 0.8594
vn -0.0000 0.5114 0.8593
vn -0.0000 0.5115 0.8593
vn -0.0000 0.4983 0.8670
vn 0.9868 0.1613 0.0170
vn 0.9869 0.1604 -0.0178
vn 0.9889 0.1475 -0.0197
vn 0.9889 0.1474 0.0167
vn -0.0000 0.5263 0.8503
vn 0.9847 0.1744 0.0069
vn -0.0000 -0.8030 0.5960
vn -0.0492 0.9988 -0.0003
vn -0.0000 0.8030 -0.5960
vn -0.9893 -0.1170 0.0869
vn 0.9107 0.0245 0.4123
vn 0.1239 -0.0000 0.9923
vn 0.1128 -0.0237 0.9933
vn 0.0848 -0.0658 0.9942
vn -0.0000 0.9990 0.0449
vn 0.9490 0.3154 -0.0000
vn -0.0000 0.6159 0.7878
vn -0.9490 0.3154 -0.0000
vn -0.0000 0.6159 -0.7878
vn -0.0000 0.4861 -0.8739
vn -0.0000 -0.8739 -0.4861
vn -0.9894 -0.1271 -0.0707
vn -0.3007 -0.6109 -0.7323
vn -0.1437 -0.7781 0.6114
vn 0.9388 0.1762 0.2958
vn -0.5952 -0.6598 -0.4587
vn -0.6042 -0.6444 0.4687
vn 0.7911 0.4687 -0.3931
vn 0.6710 0.5245 0.5241
vn 0.6878 0.7259 0.0097
vn 0.9172 0.0280 0.3973
vn 0.0557 -0.0867 0.9947
vn 0.0622 -0.0726 0.9954
vn -0.3931 0.1094 0.9130
vn -0.2010 0.0559 0.9780
vn -0.0492 -0.9988 0.0003
vn -0.9978 0.0668 -0.0011
vn -0.9982 0.0594 -0.0025
vn -1.0000 -0.0098 -0.0012
vn -0.9999 -0.0151 -0.0067
vn -1.0000 -0.0088 -0.0030
vn -1.0000 -0.0011 0.0003
vn -1.0000 -0.0000 -0.0000
vn -0.9981 0.0599 0.0120
vn -0.9971 0.0758 0.0007
vn 0.2038 -0.1752 -0.9632
vn -0.7881 0.1311 -0.6015
vn -0.8054 0.2956 -0.5137
vn -0.8055 0.3243 -0.4959
vn -0.6747 0.3248 0.6628
vn -0.7086 0.1837 0.6813
vn -0.7677 0.1348 0.6264
vn -0.8565 0.2338 0.4602
vn 0.0660 -0.9978 0.0029
vn 0.0244 -0.2474 0.9686
vn -0.7653 0.2250 0.6030
vn -0.8155 0.1216 0.5659
vn -0.9061 0.3990 0.1405
vn -0.9991 0.0283 0.0312
vn 0.0804 -0.3155 -0.9455
vn -0.7694 0.2107 -0.6030
vn -0.7993 0.3330 -0.5002
vn -0.8050 0.3760 -0.4588
vn -0.8095 0.3379 0.4801
vn -0.7793 0.2208 0.5864
vn -0.8149 0.3754 0.4415
vn -0.6959 0.7181 0.0036
vn -0.9973 0.0729 0.0018
vn -1.0000 -0.0070 -0.0030
vn -1.0000 -0.0023 0.0005
vn 0.0189 -0.9998 -0.0000
vn 0.0813 -0.2858 0.9548
vn -0.7879 0.5962 -0.1541
vn -0.7917 0.5946 0.1402
vn -0.8036 0.5616 0.1969
vn -0.7970 0.5669 -0.2083
vn -1.0000 0.0018 0.0044
vn -0.1501 -0.0433 0.9877
vn -0.1508 -0.0286 0.9882
vn -0.1301 -0.0638 0.9894
vn -0.1013 -0.0877 0.9910
vn -0.0029 0.9997 0.0232
vn -0.0242 0.9986 0.0470
vn 0.0140 0.9988 -0.0471
vn 0.0510 0.9838 -0.1721
vn 0.0329 0.9933 -0.1111
vn -0.0437 0.9970 0.0633
vn -0.0792 0.9937 0.0791
vn 0.5405 -0.0956 0.8359
vn -0.9864 0.1644 0.0054
vn -0.9863 0.1646 0.0055
vn -0.9873 0.1590 0.0038
vn -0.9868 0.1619 -0.0091
vn -0.9865 0.1639 0.0070
vn -0.9894 0.1454 -0.0071
vn -0.9861 0.1662 -0.0044
vn -0.9887 0.1499 -0.0052
vn -0.9881 0.1533 0.0093
vn -0.9887 0.1497 0.0009
vn -0.9883 0.1527 0.0075
vn -0.9882 0.1532 -0.0032
vn -0.9868 0.1615 -0.0101
vn -0.9845 0.1749 -0.0086
vn -0.9845 0.1752 0.0001
vn -0.9846 0.1749 0.0002
vn -0.9846 0.1750 0.0002
vn -0.9868 0.1613 0.0170
vn -0.9869 0.1604 -0.0178
vn -0.9889 0.1475 -0.0197
vn -0.9889 0.1474 0.0167
vn -0.9847 0.1744 0.0069
vn 0.0492 0.9988 -0.0003
vn 0.9893 -0.1170 0.0869
vn -0.9107 0.0245 0.4123
vn -0.1239 -0.0000 0.9923
vn -0.1128 -0.0237 0.9933
vn -0.0848 -0.0658 0.9942
vn 0.9894 -0.1271 -0.0707
vn 0.3007 -0.6109 -0.7323
vn 0.1437 -0.7781 0.6114
vn -0.9388 0.1762 0.2958
vn 0.5952 -0.6598 -0.4587
vn 0.6042 -0.6444 0.4687
vn -0.7911 0.4687 -0.3931
vn -0.6710 0.5245 0.5241
vn -0.6878 0.7259 0.0097
vn -0.9172 0.0280 0.3973
vn -0.0557 -0.0867 0.9947
vn -0.0622 -0.0726 0.9954
vn -0.5877 0.7107 0.3867
vn -0.5706 -0.0000 -0.8212
vn 0.5877 -0.7107 -0.3867
vn 0.5706 -0.0000 0.8212
vn -0.5542 -0.7025 0.4465
vn 0.5542 0.7025 -0.4465
vn 0.0865 0.9955 -0.0377
vn 0.9168 -0.0000 -0.3993
vn 0.6847 0.6651 -0.2982
vn 0.6717 0.6806 -0.2926
vn -0.3400 -0.6372 0.6916
vn -0.4978 -0.1382 0.8562
vn -0.9168 -0.0000 0.3993
vn -0.6262 -0.7304 0.2728
vn 0.0396 -0.9991 -0.0172
vn 0.2949 -0.7841 0.5461
vn -0.4324 -0.0000 -0.9017
vn -0.6730 0.6791 0.2931
vn 0.3768 0.3511 0.8572
vn 0.4809 0.2744 0.8327
vn 0.2891 0.4079 0.8661
vn 0.3470 -0.2264 0.9101
vn 0.5285 -0.2184 0.8204
vn 0.5563 0.2114 0.8037
vn 0.5877 0.7107 0.3867
vn 0.8115 0.4900 -0.3183
vn 0.3432 0.8036 -0.4862
vn 0.0150 0.9987 -0.0485
vn 0.5706 -0.0000 -0.8212
vn 0.0157 0.4819 -0.8761
vn -0.0150 -0.9987 0.0485
vn -0.3432 -0.8036 0.4862
vn -0.8115 -0.4900 0.3183
vn -0.5877 -0.7107 -0.3867
vn -0.0157 -0.4819 0.8761
vn -0.5706 -0.0000 0.8212
vn 0.5542 -0.7025 0.4465
vn -0.5542 0.7025 -0.4465
vn 0.2450 0.7052 -0.6654
vn -0.0865 0.9955 -0.0377
vn 0.3354 0.9307 0.1461
vn 0.5149 0.7324 -0.4455
vn -0.9168 -0.0000 -0.3993
vn -0.9621 -0.0085 0.2725
vn -0.9481 0.1410 0.2848
vn 0.9168 -0.0000 0.3993
vn 0.9418 -0.0000 -0.3363
vn 0.9194 0.2807 -0.2757
vn 0.8547 0.3618 0.3723
vn -0.0396 -0.9991 -0.0172
vn -0.2949 -0.7841 0.5461
vn -0.7514 -0.6244 0.2133
vn -0.6692 -0.6835 -0.2915
vn 0.4324 -0.0000 -0.9017
vn 0.2598 0.6758 -0.6897
vn -0.3774 0.0497 0.9247
vn -0.2802 0.0610 0.9580
vn -0.2891 0.4079 0.8661
vn -0.4809 0.2744 0.8327
vn -0.1828 -0.7859 0.5907
vn 0.9977 0.0674 -0.0000
vn 0.9977 0.0678 -0.0000
vn 0.9912 0.1327 -0.0000
vn 0.9980 0.0630 -0.0000
vn 0.9978 0.0666 -0.0000
vn -0.9999 -0.0131 -0.0000
vn -0.9996 -0.0277 -0.0000
vn -0.9999 -0.0141 -0.0000
vn -0.9999 -0.0140 -0.0000
vn -0.9999 -0.0139 -0.0000
vn -0.0000 0.0776 0.9970
vn -0.0000 0.1617 0.9868
vn -0.0000 0.0818 0.9966
vn -0.0000 -0.0818 -0.9966
vn -0.0000 -0.1617 -0.9868
vn -0.0000 -0.0776 -0.9970
vn 1.0000 0.0002 0.0001
vn -0.0000 -0.7071 0.7071
vn -0.0000 0.6474 -0.7621
vn -0.0000 0.4339 0.9010
vn -0.0000 0.9749 0.2225
vn -0.0000 0.7818 -0.6235
vn -0.0000 -0.7818 -0.6235
vn -0.0000 -0.9749 0.2225
vn -0.0000 -0.4339 0.9010
vn -0.0000 -0.3882 0.9216
vn -0.9977 0.0674 -0.0000
vn -0.9912 0.1327 -0.0000
vn -0.9978 0.0666 -0.0000
vn -0.9980 0.0630 -0.0000
vn -0.9977 0.0678 -0.0000
vn 0.9999 -0.0131 -0.0000
vn 0.9999 -0.0139 -0.0000
vn 0.9996 -0.0277 -0.0000
vn 0.9999 -0.0140 -0.0000
vn 0.9999 -0.0141 -0.0000
vn -1.0000 0.0002 0.0001
vn -0.8216 -0.0000 0.5701
vn 0.8216 -0.0000 0.5701
vn -0.0000 0.6174 0.7866
vn -0.0000 0.4894 -0.8721
vn -0.0000 -0.5818 -0.8134
vn -0.0000 -0.4932 0.8699
vn -0.7618 -0.6478 -0.0000
vn -0.0000 -0.2079 0.9782
vn 0.1059 -0.1523 0.9827
vn -0.8794 -0.4761 -0.0000
vn 0.7618 -0.6478 -0.0000
vn -0.1059 -0.1523 0.9827
vn 0.8794 -0.4761 -0.0000
vn 0.9143 -0.4049 -0.0000
vn 0.9143 0.4049 -0.0000
vn 0.3602 0.9329 -0.0000
vn -0.3602 0.9329 -0.0000
vn -0.9143 -0.4049 -0.0000
vn -0.9143 0.4049 -0.0000
vn -0.3602 -0.9329 -0.0000
vn 0.3602 -0.9329 -0.0000
vn 0.7818 0.6235 -0.0000
vn 0.9749 -0.2225 -0.0000
vn 0.4339 -0.9010 -0.0000
vn -0.4339 -0.9010 -0.0000
vn -0.9749 -0.2225 -0.0000
vn -0.7818 0.6235 -0.0000
vn -0.9749 0.2225 -0.0000
vn -0.4339 0.9010 -0.0000
vn -0.7818 -0.6235 -0.0000
vn 0.9749 0.2225 -0.0000
vn 0.7818 -0.6235 -0.0000
vn 0.4339 0.9010 -0.0000
vn -0.0000 0.6568 0.7540
vn -0.0000 -0.1328 0.9911
vn -0.6720 -0.7405 -0.0000
vn -0.6720 0.7405 -0.0000
vn 0.6720 -0.7405 -0.0000
vn 0.6720 0.7405 -0.0000
vt 0.969728 0.404904
vt 0.981175 0.404904
vt 0.981175 0.427797
vt 0.969728 0.427797
vt 0.974910 0.404904
vt 0.974184 0.416351
vt 0.969728 0.416351
vt 0.992621 0.409991
vt 0.992621 0.412535
vt 0.969728 0.412535
vt 0.969728 0.409991
vt 0.979320 0.409991
vt 0.979320 0.410242
vt 0.982757 0.410241
vt 0.982757 0.409991
vt 0.987098 0.409991
vt 0.987098 0.410241
vt 0.990535 0.410242
vt 0.990535 0.409991
vt 0.991882 0.407584
vt 0.991873 0.409856
vt 0.992621 0.404904
vt 0.992621 0.405696
vt 0.969728 0.405732
vt 0.981175 0.407448
vt 0.980934 0.408307
vt 0.980717 0.408790
vt 0.980648 0.406676
vt 0.979578 0.406348
vt 0.969728 0.405696
vt 0.981175 0.412535
vt 0.992621 0.420166
vt 0.969728 0.418858
vt 0.969331 0.361706
vt 0.985747 0.363029
vt 0.985824 0.366476
vt 0.969331 0.367309
vt 0.983740 0.366581
vt 0.977723 0.420166
vt 0.988120 0.420748
vt 0.984042 0.421770
vt 0.969728 0.420166
vt 0.984137 0.425558
vt 0.987358 0.426432
vt 0.974856 0.427246
vt 0.969728 0.426285
vt 0.985757 0.363458
vt 0.985815 0.366071
vt 0.983645 0.362860
vt 0.974910 0.427797
vt 0.989550 0.425802
vt 0.989593 0.421344
vt 0.992224 0.367309
vt 0.992224 0.368821
vt 0.980778 0.368821
vt 0.969331 0.368821
vt 0.969331 0.361190
vt 0.992224 0.361706
vt 0.978241 0.349700
vt 0.977173 0.349763
vt 0.969331 0.350226
vt 0.969331 0.347214
vt 0.978241 0.347764
vt 0.977548 0.406673
vt 0.969728 0.406191
vt 0.977570 0.408740
vt 0.979494 0.409136
vt 0.969728 0.409808
vt 0.969728 0.409202
vt 0.990175 0.419128
vt 0.981174 0.409991
vt 0.978241 0.348019
vt 0.978241 0.349444
vt 0.977151 0.347697
vt 0.991794 0.410174
vt 0.990921 0.411944
vt 0.981983 0.407324
vt 0.981976 0.405036
vt 0.982265 0.425963
vt 0.982265 0.406729
vt 0.978638 0.406995
vt 0.978638 0.408420
vt 0.990470 0.420639
vt 0.971199 0.478745
vt 0.971924 0.467299
vt 0.990361 0.467299
vt 0.990361 0.478745
vt 0.978252 0.409201
vt 0.982708 0.409201
vt 0.981983 0.420647
vt 0.978252 0.420647
vt 0.992621 0.416351
vt 0.989290 0.411817
vt 0.990123 0.406911
vt 0.976879 0.471664
vt 0.988325 0.471390
vt 0.988325 0.471664
vt 0.978915 0.478745
vt 0.978915 0.478532
vt 0.969331 0.347107
vt 0.992224 0.347214
vt 0.992224 0.350226
vt 0.969331 0.349790
vt 0.989778 0.360152
vt 0.992224 0.346719
vt 0.969331 0.346755
vt 0.969728 0.426189
vt 0.981175 0.420166
vt 0.982014 0.412529
vt 0.982002 0.410174
vt 0.981914 0.407584
vt 0.979424 0.407448
vt 0.969728 0.407448
vt 0.992621 0.407448
vt 0.990552 0.407448
vt 0.990540 0.405344
vt 0.987108 0.405342
vt 0.987141 0.407448
vt 0.982835 0.407448
vt 0.982771 0.405341
vt 0.979337 0.405340
vt 0.992621 0.409991
vt 0.990921 0.418473
vt 0.991822 0.405065
vt 0.991813 0.407295
vt 0.979563 0.301869
vt 0.979559 0.300617
vt 0.984947 0.300633
vt 0.984943 0.301853
vt 0.984455 0.307970
vt 0.979580 0.304717
vt 0.984455 0.304398
vt 0.979573 0.303429
vt 0.984932 0.303429
vt 0.971063 0.412995
vt 0.971088 0.419706
vt 0.991318 0.412995
vt 0.980754 0.419706
vt 0.991498 0.419706
vt 0.981922 0.409856
vt 0.973600 0.308645
vt 0.973587 0.304973
vt 0.984672 0.304972
vt 0.984771 0.308645
vt 0.978890 0.308646
vt 0.979530 0.303254
vt 0.979525 0.302011
vt 0.984980 0.302011
vt 0.984976 0.303254
vt 0.984107 0.427797
vt 0.101389 0.513770
vt 0.101049 0.515777
vt 0.094913 0.515719
vt 0.095032 0.513770
vt 0.979225 0.958034
vt 0.985361 0.958092
vt 0.984528 0.962998
vt 0.978910 0.963202
vt 0.992621 0.427523
vt 0.984281 0.479164
vt 0.989622 0.476080
vt 0.989622 0.469913
vt 0.984281 0.466829
vt 0.978940 0.469913
vt 0.978940 0.476080
vt 0.978113 0.466829
vt 0.990448 0.466829
vt 0.990448 0.479164
vt 0.978113 0.479164
vt 0.991531 0.425828
vt 0.992621 0.427797
vt 0.980087 0.314177
vt 0.980087 0.303650
vt 0.985158 0.303724
vt 0.985158 0.314103
vt 0.991531 0.406863
vt 0.989728 0.426009
vt 0.990396 0.426262
vt 0.988661 0.420850
vt 0.978638 0.408677
vt 0.978763 0.408799
vt 0.978638 0.406741
vt 0.978790 0.406629
vt 0.980964 0.408885
vt 0.986154 0.422434
vt 0.986212 0.425048
vt 0.990464 0.427797
vt 0.983672 0.412021
vt 0.983988 0.406853
vt 0.984107 0.404904
vt 0.990464 0.404904
vt 0.971509 0.410270
vt 0.987432 0.410270
vt 0.987432 0.429483
vt 0.971509 0.429483
vt 0.977964 0.410270
vt 0.984420 0.410270
vt 0.984420 0.429483
vt 0.977964 0.429483
vt 0.979470 0.410270
vt 0.979470 0.429483
vt 0.981993 0.410270
vt 0.981993 0.429483
vt 0.979470 0.410270
vt 0.979470 0.429483
vt 0.970249 0.974175
vt 0.986172 0.975992
vt 0.986172 0.983781
vt 0.978210 0.983781
vt 0.970249 0.983781
vt 0.987432 0.426207
vt 0.980732 0.419876
vt 0.987432 0.418059
vt 0.987432 0.425849
vt 0.981993 0.429483
vt 0.971509 0.419876
vt 0.970249 0.964568
vt 0.980734 0.964568
vt 0.986172 0.968203
vt 0.971605 0.575983
vt 0.992577 0.575983
vt 0.992577 0.596955
vt 0.971605 0.596955
vt 0.971233 0.408809
vt 0.971233 0.404205
vt 0.986435 0.404205
vt 0.984362 0.411028
vt 0.982452 0.408813
vt 0.980542 0.409903
vt 0.980070 0.413478
vt 0.981392 0.416846
vt 0.983512 0.417470
vt 0.984834 0.414881
vt 0.989223 0.422195
vt 0.971233 0.422195
vt 0.971233 0.416934
vt 0.972549 0.417321
vt 0.973871 0.414732
vt 0.973399 0.410879
vt 0.989223 0.409282
vt 0.989223 0.404205
vt 0.984834 0.411519
vt 0.983512 0.408930
vt 0.981392 0.409554
vt 0.980070 0.412922
vt 0.980542 0.416497
vt 0.982452 0.417587
vt 0.984362 0.415372
vt 0.986435 0.422195
vt 0.971489 0.417736
vt 0.973399 0.415521
vt 0.973871 0.411668
vt 0.972549 0.409079
vt 0.971233 0.409466
vt 0.989223 0.417117
vt 0.974487 0.404205
vt 0.974487 0.422195
vt 0.986435 0.404205
vt 0.986435 0.422195
vt 0.988419 0.416934
vt 0.989223 0.416934
vt 0.971233 0.416348
vt 0.989223 0.408809
vt 0.987569 0.410241
vt 0.987097 0.413955
vt 0.989223 0.416348
vt 0.989223 0.417590
vt 0.971233 0.410052
vt 0.989223 0.409466
vt 0.988419 0.409466
vt 0.987097 0.412445
vt 0.987569 0.416159
vt 0.971233 0.409282
vt 0.988893 0.404205
vt 0.973907 0.412991
vt 0.987793 0.412991
vt 0.987793 0.426876
vt 0.973907 0.426876
vt 0.980850 0.426876
vt 0.986863 0.416462
vt 0.974838 0.416462
vt 0.974838 0.423405
vt 0.986863 0.423405
vt 0.980850 0.412991
vt 0.971489 0.408664
vt 0.971233 0.417590
vt 0.974848 0.413200
vt 0.991829 0.413200
vt 0.991829 0.430181
vt 0.974848 0.430181
vt 0.989984 0.470183
vt 0.989984 0.488151
vt 0.972016 0.488151
vt 0.972016 0.470183
vt 0.015914 0.579944
vt 0.029141 0.579944
vt 0.029141 0.593171
vt 0.015914 0.593171
vt 0.971605 0.920921
vt 0.984832 0.920921
vt 0.984832 0.923424
vt 0.971605 0.923424
vt 0.971605 0.920921
vt 0.971605 0.910197
vt 0.984832 0.910197
vt 0.967000 0.459722
vt 0.991000 0.459722
vt 0.991000 0.481944
vt 0.967000 0.481944
vt 0.992260 0.579590
vt 0.968260 0.579590
vt 0.970669 0.353547
vt 0.988355 0.353547
vt 0.988355 0.371233
vt 0.970669 0.371233
vt 0.972720 0.363203
vt 0.989440 0.363203
vt 0.989440 0.373928
vt 0.972720 0.373928
vt 0.989440 0.379924
vt 0.972720 0.379924
vt 0.983498 0.363203
vt 0.989440 0.369199
vt 0.983498 0.379924
s 1
usemtl metallic
f 7/1/1 42/2/2 120/3/3 4/4/1
f 1/1/4 29/5/4 47/6/5 46/7/5
f 58/8/6 19/9/6 79/10/6 85/11/6 110/12/6 111/13/6 108/14/6 109/15/6 107/16/6 105/17/6 104/18/6 106/19/6
f 68/20/7 61/21/7 94/21/7 93/20/7
f 7/1/8 4/22/8 39/23/8 54/24/8
f 87/25/9 144/26/10 143/27/11 145/28/12 146/29/12 39/30/12 4/1/12 120/2/13
f 15/10/14 67/31/15 80/32/16 30/33/17
f 26/34/17 28/35/17 27/36/17 25/37/17
f 27/36/18 129/38/18 24/37/18 25/37/18
f 30/39/19 135/40/20 130/41/21 14/42/19
f 129/43/22 132/44/23 31/45/24 24/46/25
f 28/35/26 131/47/26 128/48/26 27/36/26
f 14/34/27 130/49/27 28/35/27 26/34/27
f 24/46/25 31/45/24 29/50/28 1/4/29
f 133/51/30 134/52/31 80/32/16
f 25/53/32 24/53/32 1/54/32 46/55/32 10/56/32 22/57/32 26/58/32
f 138/59/33 137/60/33 32/61/33 34/61/33 36/59/33
f 35/62/17 37/63/17 36/59/17 34/61/17
f 39/30/34 146/29/35 139/64/36 33/65/34
f 137/66/37 142/67/38 38/68/39 32/69/39
f 32/70/40 38/70/40 15/70/40 30/70/40 14/70/40
f 67/31/15 15/10/14 38/68/41 142/67/42 144/26/10 87/25/9 86/71/43
f 141/63/44 140/72/44 136/73/44 138/59/44 36/59/44 37/63/44
f 33/62/45 139/74/45 141/63/45 37/63/45 35/62/45
f 56/75/46 17/76/46 70/76/46 72/75/46
f 60/77/47 40/78/47 75/78/47 76/77/47
f 65/79/48 121/80/48 125/80/48 126/79/48
f 140/81/49 145/28/50 143/27/51 136/82/52
f 80/83/16 135/40/53 30/39/17
f 43/84/54 50/85/54 51/86/54 12/87/54
f 46/88/5 47/89/5 49/90/54 10/91/54
f 3/22/55 44/92/56 99/93/57 101/94/58
f 51/95/59 44/95/60 103/96/61 12/97/62
f 43/90/6 49/90/6 47/89/6 50/89/63
f 48/6/64 50/6/63 29/5/65
f 51/98/17 50/85/17 48/85/17 44/99/17
f 52/100/32 35/101/32 34/102/32 53/103/32
f 34/102/32 32/61/32 14/104/32 26/34/32 22/57/32 53/103/32
f 39/105/32 33/101/32 35/101/32 52/100/32 54/106/32
f 44/3/60 3/107/66 80/42/66 83/108/67
f 41/109/6 59/110/6 78/110/6 71/109/6
f 66/111/68 68/20/68 93/20/68 96/111/68
f 119/112/6 84/113/6 122/1/6 9/22/6 57/114/6 116/115/6 112/116/6 113/117/6 117/118/6 118/119/6 114/120/6 115/121/6
f 117/118/6 107/16/6 109/15/6 118/119/6
f 116/115/6 57/114/6 58/8/6 106/19/6
f 85/11/6 84/113/6 119/112/6 110/12/6
f 17/76/69 56/75/70 85/122/71 79/9/72
f 18/123/73 17/76/69 79/9/72 80/32/16
f 6/124/74 40/78/75 120/2/13 122/22/76
f 40/78/75 60/77/77 87/25/9 120/2/13
f 41/109/78 18/123/73 80/32/16 67/31/15
f 55/125/79 6/124/74 122/22/76 84/114/80
f 59/110/81 41/109/78 67/31/15 86/71/43
f 56/75/70 59/110/81 86/71/43 85/122/71
f 60/77/77 55/125/79 84/114/80 87/25/9
f 59/110/54 56/75/54 72/75/54 78/110/54
f 18/123/6 41/109/6 71/109/6 73/123/6
f 17/76/86 18/123/86 73/123/86 70/76/86
f 55/125/87 60/77/87 76/77/87 77/125/87
f 6/124/32 55/125/32 77/125/32 74/124/32
f 40/78/88 6/124/88 74/124/88 75/78/88
f 62/135/89 63/136/90 80/42/89 79/10/91
f 82/137/92 62/135/89 79/10/91 19/9/92
f 63/136/90 45/138/92 83/108/92 80/42/89
f 45/138/92 81/139/92 21/32/92 83/108/92
f 61/21/93 68/20/94 84/114/80 85/122/71
f 66/111/95 69/140/96 86/71/43 87/25/9
f 69/140/96 61/21/93 85/122/71 86/71/43
f 68/20/94 66/111/95 87/25/9 84/114/80
f 62/135/99 82/137/99 88/137/99 90/135/99
f 69/140/100 66/111/100 96/111/100 95/140/100
f 45/138/101 63/136/101 91/136/101 92/138/101
f 63/136/102 62/135/102 90/135/102 91/136/102
f 61/21/87 69/140/87 95/140/87 94/21/87
f 81/139/101 45/138/101 92/138/101 89/139/101
f 50/6/63 47/6/6 29/5/65
f 98/150/103 29/50/28 31/45/24
f 103/159/61 44/3/60 83/108/67 21/32/107
f 104/160/108 2/161/108 5/162/108 112/163/108 116/164/108 106/165/108
f 5/166/109 11/167/109 113/168/109 112/169/109
f 11/160/110 8/161/110 105/162/110 107/163/110 117/164/110 113/165/110
f 8/166/111 2/167/111 104/168/111 105/169/111
f 5/166/6 2/167/6 8/168/6 11/169/6
f 108/160/108 13/161/108 16/162/108 114/163/108 118/164/108 109/165/108
f 16/166/109 23/167/109 115/168/109 114/169/109
f 23/160/110 20/161/110 111/162/110 110/163/110 119/164/110 115/165/110
f 20/166/111 13/167/111 108/168/111 111/169/111
f 16/166/6 13/167/6 20/168/6 23/169/6
f 121/80/112 65/79/112 120/3/3 42/2/2
f 65/79/112 64/170/112 122/171/112 120/3/3
f 64/170/112 123/176/112 9/22/112 122/171/112
f 123/176/113 64/170/113 127/170/113 124/176/113
f 64/170/114 65/79/114 126/79/114 127/170/114
f 128/36/115 129/38/115 27/36/115
f 130/49/116 131/35/116 28/35/116
f 132/44/23 133/177/30 3/178/117
f 134/52/31 135/179/53 80/83/16
f 136/180/118 137/66/118 138/181/118
f 139/64/119 140/182/119 141/183/119
f 142/67/42 143/184/11 144/26/10
f 130/41/21 135/40/20 134/52/120 131/185/120
f 128/186/121 133/51/121 132/44/23 129/43/22
f 139/64/36 146/29/35 145/28/50 140/81/49
f 136/82/52 143/27/51 142/67/38 137/66/37
f 131/185/122 134/52/122 133/51/122 128/186/122
f 97/187/123 98/150/103 31/45/24 132/44/23 3/171/117
f 3/178/117 133/51/30 80/32/16
f 99/93/57 44/92/56 48/6/124 100/188/106
f 102/189/105 29/5/125 98/190/104
f 97/191/104 3/22/55 101/94/58
f 100/188/106 48/6/124 29/5/125 102/189/105
f 7/1/1 150/4/1 246/3/3 42/2/2
f 147/1/126 183/7/127 184/6/127 168/5/126
f 58/8/6 232/19/6 230/18/6 231/17/6 233/16/6 235/15/6 234/14/6 237/13/6 236/12/6 214/11/6 210/10/6 19/9/6
f 199/20/128 220/20/128 221/21/128 192/21/128
f 7/1/8 54/24/8 178/23/8 150/22/8
f 216/25/129 246/2/130 150/1/131 178/30/131 268/29/131 267/28/131 265/27/132 266/26/133
f 157/10/134 169/33/135 211/32/136 198/31/137
f 165/34/135 164/37/135 166/36/135 167/35/135
f 166/36/138 164/37/138 163/37/138 251/38/138
f 169/39/139 156/42/139 252/41/140 257/40/141
f 251/43/142 163/46/143 170/45/144 254/44/145
f 167/35/146 166/36/146 250/48/146 253/47/146
f 156/34/147 165/34/147 167/35/147 252/49/147
f 163/46/143 147/4/148 168/50/149 170/45/144
f 255/51/150 211/32/136 256/52/151
f 164/53/32 165/58/32 22/57/32 10/56/32 183/55/32 147/54/32 163/53/32
f 260/59/152 175/59/152 173/61/152 171/61/152 259/60/152
f 174/62/135 173/61/135 175/59/135 176/63/135
f 178/30/153 172/65/153 261/64/154 268/29/155
f 259/66/156 171/69/157 177/68/157 264/67/158
f 171/70/159 156/70/159 169/70/159 157/70/159 177/70/159
f 198/31/137 215/71/160 216/25/129 266/26/133 264/67/161 177/68/162 157/10/134
f 263/63/163 176/63/163 175/59/163 260/59/163 258/73/163 262/72/163
f 172/62/164 174/62/164 176/63/164 263/63/164 261/74/164
f 189/75/46 203/75/46 201/76/46 159/76/46
f 191/77/47 207/77/47 206/78/47 179/78/47
f 196/79/48 248/79/48 125/80/48 121/80/48
f 262/81/165 258/82/166 265/27/167 267/28/168
f 211/83/136 169/39/135 257/40/169
f 43/84/54 12/87/54 187/86/54 186/85/54
f 183/88/127 10/91/54 49/90/54 184/89/127
f 149/22/170 228/94/171 226/93/172 181/92/173
f 187/95/174 12/97/62 103/96/61 181/95/175
f 43/90/6 186/89/176 184/89/6 49/90/6
f 185/6/177 168/5/178 186/6/176
f 187/98/135 181/99/135 185/85/135 186/85/135
f 52/100/32 53/103/32 173/102/32 174/101/32
f 173/102/32 53/103/32 22/57/32 165/34/32 156/104/32 171/61/32
f 178/105/32 54/106/32 52/100/32 174/101/32 172/101/32
f 181/3/175 212/108/179 211/42/180 149/107/180
f 180/109/6 202/109/6 209/110/6 190/110/6
f 197/111/181 223/111/181 220/20/181 199/20/181
f 245/112/6 241/121/6 240/120/6 244/119/6 243/118/6 239/117/6 238/116/6 242/115/6 57/114/6 9/22/6 247/1/6 213/113/6
f 243/118/6 244/119/6 235/15/6 233/16/6
f 242/115/6 232/19/6 58/8/6 57/114/6
f 214/11/6 236/12/6 245/112/6 213/113/6
f 159/76/182 210/9/183 214/122/184 189/75/185
f 160/123/186 211/32/136 210/9/183 159/76/182
f 152/124/187 247/22/188 246/2/130 179/78/189
f 179/78/189 246/2/130 216/25/129 191/77/190
f 180/109/191 198/31/137 211/32/136 160/123/186
f 188/125/192 213/114/193 247/22/188 152/124/187
f 190/110/194 215/71/160 198/31/137 180/109/191
f 189/75/185 214/122/184 215/71/160 190/110/194
f 191/77/190 216/25/129 213/114/193 188/125/192
f 190/110/54 209/110/54 203/75/54 189/75/54
f 160/123/6 204/123/6 202/109/6 180/109/6
f 159/76/86 201/76/86 204/123/86 160/123/86
f 188/125/87 208/125/87 207/77/87 191/77/87
f 152/124/32 205/124/32 208/125/32 188/125/32
f 179/78/88 206/78/88 205/124/88 152/124/88
f 193/135/89 210/10/91 211/42/89 194/136/90
f 82/137/92 19/9/92 210/10/91 193/135/89
f 194/136/90 211/42/89 212/108/92 182/138/92
f 182/138/92 212/108/92 21/32/92 81/139/92
f 192/21/199 214/122/184 213/114/193 199/20/200
f 197/111/201 216/25/129 215/71/160 200/140/202
f 200/140/202 215/71/160 214/122/184 192/21/199
f 199/20/200 213/114/193 216/25/129 197/111/201
f 193/135/99 217/135/99 88/137/99 82/137/99
f 200/140/204 222/140/204 223/111/204 197/111/204
f 182/138/101 219/138/101 218/136/101 194/136/101
f 194/136/205 218/136/205 217/135/205 193/135/205
f 192/21/87 221/21/87 222/140/87 200/140/87
f 81/139/101 89/139/101 219/138/101 182/138/101
f 186/6/176 168/5/178 184/6/6
f 225/150/206 170/45/144 168/50/149
f 103/159/61 21/32/107 212/108/179 181/3/175
f 230/160/110 232/165/110 242/164/110 238/163/110 151/162/110 148/161/110
f 151/166/109 238/169/109 239/168/109 154/167/109
f 154/160/108 239/165/108 243/164/108 233/163/108 231/162/108 153/161/108
f 153/166/111 231/169/111 230/168/111 148/167/111
f 151/166/6 154/169/6 153/168/6 148/167/6
f 234/160/110 235/165/110 244/164/110 240/163/110 158/162/110 155/161/110
f 158/166/109 240/169/109 241/168/109 162/167/109
f 162/160/108 241/165/108 245/164/108 236/163/108 237/162/108 161/161/108
f 161/166/111 237/169/111 234/168/111 155/167/111
f 158/166/6 162/169/6 161/168/6 155/167/6
f 121/80/112 42/2/2 246/3/3 196/79/112
f 196/79/112 246/3/3 247/171/112 195/170/112
f 195/170/112 247/171/112 9/22/112 123/176/112
f 123/176/113 124/176/113 249/170/113 195/170/113
f 195/170/210 249/170/210 248/79/210 196/79/210
f 250/36/211 166/36/211 251/38/211
f 252/49/212 167/35/212 253/35/212
f 254/44/145 149/178/213 255/177/150
f 256/52/151 211/83/136 257/179/169
f 258/180/214 260/181/214 259/66/214
f 261/64/215 263/183/215 262/182/215
f 264/67/161 266/26/133 265/184/132
f 252/41/140 253/185/216 256/52/216 257/40/141
f 250/186/217 251/43/142 254/44/145 255/51/217
f 261/64/154 262/81/165 267/28/168 268/29/155
f 258/82/166 259/66/156 264/67/158 265/27/167
f 253/185/218 250/186/218 255/51/218 256/52/218
f 224/187/219 149/171/213 254/44/145 170/45/144 225/150/206
f 149/178/213 211/32/136 255/51/150
f 226/93/172 227/188/209 185/6/220 181/92/173
f 229/189/208 225/190/207 168/5/221
f 224/191/207 228/94/171 149/22/170
f 227/188/209 229/189/208 168/5/221 185/6/220
f 269/192/222 270/193/222 272/194/222 271/195/222
f 271/192/223 272/193/223 276/194/223 275/195/223
f 275/192/224 276/193/224 274/194/224 273/195/224
f 273/192/225 274/193/225 270/194/225 269/195/225
f 271/192/226 275/193/226 273/194/226 269/195/226
f 276/192/227 272/193/227 270/194/227 274/195/227
f 292/196/228 286/197/228 283/198/228 291/199/228
f 287/200/229 282/193/230 280/194/231 288/201/229
f 277/192/232 284/202/233 285/203/234 278/195/235
f 289/204/236 281/193/236 279/194/236 290/205/237
f 283/193/239 286/211/239 285/203/239 284/202/239
f 293/212/240 291/213/241 283/214/242 284/215/242
f 281/192/229 287/200/229 288/201/229 279/195/229
f 290/216/237 293/212/243 284/215/233 277/195/232
f 279/192/244 288/200/244 293/212/243 290/216/237
f 288/200/245 280/193/245 291/213/241 293/212/240
f 278/192/235 289/204/236 290/205/237 277/195/232
f 282/192/230 292/196/228 291/199/228 280/195/231
f 294/192/246 296/195/247 297/194/248 295/193/249
f 296/192/247 300/195/250 301/194/251 297/193/248
f 300/192/252 298/195/253 299/194/254 301/193/255
f 298/192/253 294/195/256 295/194/257 299/193/254
f 296/192/258 294/195/256 298/194/253 300/193/252
f 301/192/251 299/195/259 295/194/249 297/193/248
f 317/196/260 316/199/261 308/198/262 311/197/263
f 312/200/264 313/201/265 305/194/266 307/193/264
f 302/192/267 303/195/268 310/203/269 309/202/270
f 314/204/271 315/205/272 304/194/273 306/193/274
f 308/193/262 309/202/270 310/203/269 311/211/263
f 318/212/277 309/215/278 308/214/279 316/213/280
f 306/192/274 304/195/273 313/201/265 312/200/264
f 315/216/272 302/195/281 309/215/278 318/212/277
f 304/192/273 315/216/272 318/212/277 313/200/265
f 313/200/265 318/212/277 316/213/280 305/193/266
f 303/192/271 302/195/281 315/205/272 314/204/271
f 307/192/276 305/195/261 316/199/261 317/196/260
s 0
f 319/220/135 320/221/135 322/222/135 321/223/135
f 321/220/87 322/221/87 326/222/87 325/223/87
f 325/220/17 326/221/17 324/222/17 323/223/17
f 323/220/54 324/221/54 320/222/54 319/223/54
f 321/220/32 325/221/32 323/222/32 319/223/32
f 326/220/6 322/221/6 320/222/6 324/223/6
f 327/220/17 329/223/17 330/222/17 328/221/17
f 329/220/87 333/223/87 334/222/87 330/221/87
f 333/220/135 331/223/135 332/222/135 334/221/135
f 331/220/54 327/223/54 328/222/54 332/221/54
f 329/220/32 327/223/32 331/222/32 333/221/32
f 334/220/6 332/223/6 328/222/6 330/221/6
f 335/220/135 336/221/135 338/222/135 337/223/135
f 337/220/87 338/221/87 342/222/87 341/223/87
f 341/220/17 342/221/17 340/222/17 339/223/17
f 339/220/54 340/221/54 336/222/54 335/223/54
f 337/220/32 341/221/32 339/222/32 335/223/32
f 342/220/6 338/221/6 336/222/6 340/223/6
f 343/220/17 345/223/17 346/222/17 344/221/17
f 345/220/87 349/223/87 350/222/87 346/221/87
f 349/220/135 347/223/135 348/222/135 350/221/135
f 347/220/54 343/223/54 344/222/54 348/221/54
f 345/220/32 343/223/32 347/222/32 349/221/32
f 350/220/6 348/223/6 344/222/6 346/221/6
s 1
f 372/224/282 357/225/283 365/226/284 377/227/284 371/228/284 373/229/284 375/230/284 374/231/284 376/232/284 378/233/284 353/234/284 358/235/285 367/236/286 368/237/284 370/238/284 369/239/284
f 377/227/284 365/226/284 366/240/284 353/234/284 378/233/284
f 355/225/287 351/241/288 387/242/288 381/243/288 383/244/288 384/245/288 389/246/288 388/247/288 390/248/288 364/249/288 356/235/289 385/250/290 386/251/288 382/252/288 379/253/288 380/254/291
f 351/241/288 363/255/288 364/249/288 390/248/288 387/242/288
f 358/225/292 353/241/293 351/234/293 355/235/294
f 361/256/54 358/241/292 355/234/294 360/257/54
f 356/225/295 364/258/296 365/259/296 357/235/297
f 391/260/298 367/261/286 358/234/285 361/257/298 362/262/298 354/225/298 357/241/283 372/263/282 392/264/298 393/265/298
f 352/225/87 356/241/295 357/234/297 354/235/87
f 352/225/32 354/241/32 362/266/32 359/262/32
f 359/262/299 362/266/299 361/234/299 360/235/299
f 385/267/290 356/234/289 352/235/135 359/268/135 360/256/135 355/241/287 380/269/291 394/270/135 396/271/135 395/272/135
f 363/240/300 366/273/300 365/225/300 364/274/300
f 366/273/6 363/240/6 351/234/6 353/235/6
f 371/275/301 388/276/301 389/277/301 373/278/301
f 384/275/302 375/276/302 373/277/302 389/278/302
f 374/275/303 375/276/303 384/277/303 383/278/303
f 381/275/87 376/276/87 374/277/87 383/278/87
f 387/275/304 378/276/304 376/277/304 381/278/304
f 390/275/305 377/276/305 378/277/305 387/278/305
f 371/275/306 377/276/306 390/277/306 388/278/306
f 392/279/301 372/280/301 385/281/301 395/282/301
f 393/275/302 392/276/302 395/277/302 396/278/302
f 391/275/303 393/276/303 396/277/303 394/278/303
f 380/279/87 379/283/87 368/280/87 367/284/87 391/281/87 394/282/87
f 382/275/304 370/276/304 368/277/304 379/278/304
f 386/275/305 369/276/305 370/277/305 382/278/305
f 369/275/307 386/276/307 385/277/307 372/278/307
f 418/285/308 415/239/309 416/238/309 414/237/309 413/236/310 404/235/311 399/234/309 424/233/309 422/232/309 420/231/309 421/230/309 419/229/309 417/228/309 423/227/309 411/226/309 403/225/312
f 423/227/309 424/233/309 399/234/309 412/240/309 411/226/309
f 401/225/313 426/254/314 425/253/315 428/252/315 432/251/315 431/286/316 402/235/317 410/249/315 436/248/315 434/247/315 435/246/315 430/245/315 429/244/315 427/243/315 433/242/315 397/241/315
f 397/241/315 433/242/315 436/248/315 410/249/315 409/255/315
f 404/225/292 401/235/294 397/234/293 399/241/293
f 407/256/54 406/257/54 401/234/294 404/241/292
f 402/225/295 403/235/297 411/259/296 410/258/296
f 437/260/318 439/265/318 438/264/318 418/263/308 403/241/312 400/225/318 408/262/318 407/257/318 404/234/311 413/261/310
f 398/225/87 400/235/87 403/234/297 402/241/295
f 398/225/32 405/262/32 408/266/32 400/241/32
f 405/262/299 406/235/299 407/234/299 408/266/299
f 431/267/316 441/272/17 442/271/17 440/270/17 426/269/314 401/241/313 406/256/17 405/268/17 398/235/17 402/234/317
f 409/240/300 410/274/300 411/225/300 412/273/300
f 412/273/6 399/235/6 397/234/6 409/240/6
f 417/275/301 419/278/301 435/277/301 434/276/301
f 430/275/302 435/278/302 419/277/302 421/276/302
f 420/275/303 429/278/303 430/277/303 421/276/303
f 427/275/87 429/278/87 420/277/87 422/276/87
f 433/275/304 427/278/304 422/277/304 424/276/304
f 436/275/305 433/278/305 424/277/305 423/276/305
f 417/275/306 434/278/306 436/277/306 423/276/306
f 438/279/301 441/282/301 431/284/301 418/283/301
f 439/275/302 442/278/302 441/277/302 438/276/302
f 437/275/303 440/278/303 442/277/303 439/276/303
f 426/279/87 440/282/87 437/281/87 413/284/87 414/280/87 425/283/87
f 428/275/304 425/278/304 414/277/304 416/276/304
f 432/275/305 428/278/305 416/277/305 415/276/305
f 415/275/307 418/278/307 431/277/307 432/276/307
s 0
f 443/287/319 444/288/319 446/289/319 445/290/319
f 449/287/320 450/288/320 448/289/320 447/290/320
f 447/287/54 448/288/54 444/289/54 443/290/54
f 445/287/32 449/288/32 447/289/32 443/290/32
f 450/287/6 446/288/6 444/289/6 448/290/6
f 451/287/319 452/288/319 454/289/319 453/290/319
f 457/287/320 458/288/320 456/289/320 455/290/320
f 455/287/54 456/288/54 452/289/54 451/290/54
f 453/287/32 457/288/32 455/289/32 451/290/32
f 458/287/6 454/288/6 452/289/6 456/290/6
f 459/287/319 460/288/319 462/289/319 461/290/319
f 465/287/320 466/288/320 464/289/320 463/290/320
f 463/287/54 464/288/54 460/289/54 459/290/54
f 461/287/32 465/288/32 463/289/32 459/290/32
f 466/287/6 462/288/6 460/289/6 464/290/6
f 467/287/319 468/288/319 470/289/319 469/290/319
f 473/287/320 474/288/320 472/289/320 471/290/320
f 471/287/54 472/288/54 468/289/54 467/290/54
f 469/287/32 473/288/32 471/289/32 467/290/32
f 474/287/6 470/288/6 468/289/6 472/290/6
f 476/291/6 475/292/6 477/293/6 478/294/6
f 475/292/321 482/292/321 483/293/321 477/291/321
f 478/292/322 487/292/322 488/293/322 476/291/322
f 486/294/32 485/291/32 480/292/32 479/293/32
f 481/294/32 484/291/32 483/292/32 482/293/32
f 479/294/323 480/291/323 484/292/323 481/293/323
f 479/291/135 481/292/135 482/293/135 475/291/135 476/292/135 488/292/135 490/293/135 486/293/135
f 485/294/324 486/291/324 490/292/324 489/293/324
f 477/292/17 483/292/17 484/293/17 480/293/17 485/291/17 489/292/17 487/293/17 478/291/17
f 492/291/6 494/294/6 493/293/6 491/292/6
f 491/292/321 493/291/321 499/293/321 498/292/321
f 494/292/322 492/291/322 504/293/322 503/292/322
f 502/294/32 495/293/32 496/292/32 501/291/32
f 497/294/32 498/293/32 499/292/32 500/291/32
f 495/294/323 497/293/323 500/292/323 496/291/323
f 495/291/17 502/293/17 506/293/17 504/292/17 492/292/17 491/291/17 498/293/17 497/292/17
f 501/294/324 505/293/324 506/292/324 502/291/324
f 493/292/135 494/291/135 503/293/135 505/292/135 501/291/135 496/293/135 500/293/135 499/292/135
s 1
f 597/312/6 584/313/6 586/314/340 598/315/340
f 598/312/340 586/313/340 588/314/341 599/315/341
f 599/312/341 588/313/341 590/314/342 600/315/342
f 600/312/342 590/313/342 592/314/343 601/315/343
f 601/312/343 592/313/343 594/314/344 602/315/344
f 602/312/344 594/313/344 596/314/345 603/315/345
f 603/312/345 596/313/345 584/314/6 597/315/6
f 587/312/346 589/313/347 607/314/347 606/315/346
f 585/312/87 583/313/87 597/314/87 598/315/87
f 587/312/87 585/313/87 598/314/87 599/315/87
f 589/312/87 587/313/87 599/314/87 600/315/87
f 591/312/87 589/313/87 600/314/87 601/315/87
f 593/312/87 591/313/87 601/314/87 602/315/87
f 595/312/87 593/313/87 602/314/87 603/315/87
f 583/312/87 595/313/87 603/314/87 597/315/87
f 583/312/32 585/313/348 605/314/348 604/315/32
f 593/312/349 595/313/350 610/314/350 609/315/349
f 589/312/347 591/313/351 608/314/351 607/315/347
f 585/312/348 587/313/346 606/314/346 605/315/348
f 595/312/350 583/313/32 604/314/32 610/315/350
f 591/312/351 593/313/349 609/314/349 608/315/351
s 0
f 616/316/6 613/317/6 618/318/6 619/319/6
f 612/316/87 613/317/87 616/320/87 615/321/87
f 611/316/135 617/322/135 618/323/135 613/320/135 612/321/135
f 612/316/32 615/317/32 614/320/32 611/321/32
f 615/316/17 616/317/17 619/318/17 620/324/17 614/321/17
f 619/319/352 618/318/352 617/320/352 620/321/352
f 614/316/353 620/322/353 617/324/353 611/321/353
f 638/306/17 639/307/17 629/308/17 628/309/17
f 640/306/6 635/307/6 623/308/6 630/309/6
f 621/306/135 624/307/135 636/308/135 633/309/135
f 634/306/354 622/307/354 621/308/354 633/309/354
f 623/306/355 635/307/355 636/308/355 624/309/355
f 627/306/356 637/307/356 638/308/356 628/309/356
f 640/306/357 630/307/357 629/308/357 639/309/357
f 634/306/32 637/307/32 627/308/32 622/309/32
f 625/307/87 634/308/87 633/309/87
f 626/307/87 636/308/87 635/309/87
f 631/307/87 638/308/87 637/309/87
f 632/307/87 640/308/87 639/309/87
f 625/306/87 631/307/87 637/308/87 634/309/87
f 626/306/87 625/307/87 633/308/87 636/309/87
f 632/306/87 626/307/87 635/308/87 640/309/87
f 631/306/87 632/307/87 639/308/87 638/309/87
f 625/310/87 626/311/87 632/311/87 631/311/87
s 1
usemtl light
f 97/151/104 101/152/58 102/153/105 98/154/104
f 102/155/105 101/156/58 99/157/57 100/158/106
f 224/151/207 225/154/207 229/153/208 228/152/171
f 229/155/208 227/158/209 226/157/172 228/156/171
s 0
f 515/295/87 516/296/87 514/297/87 513/298/87
f 513/295/17 514/296/17 512/297/17 511/298/17
f 522/295/54 520/296/54 508/297/54 507/298/54
f 515/295/32 513/296/32 511/297/32 517/298/32
f 521/295/6 510/296/6 508/297/6 520/298/6
f 514/295/6 516/296/6 518/297/6 512/298/6
f 519/295/325 515/296/325 517/297/325 522/298/325
f 511/295/326 512/296/326 518/297/326 517/298/326
f 519/295/87 521/296/87 516/297/87 515/298/87
f 509/295/87 510/296/87 521/297/87 519/298/87
f 509/295/32 519/296/32 522/297/32 507/298/32
f 516/295/6 521/296/6 520/297/6 518/298/6
f 517/295/327 518/296/327 520/297/327 522/298/327
f 531/299/87 532/300/87 526/301/87 525/302/87
f 533/303/54 529/302/54 530/301/54 534/300/54
f 532/300/6 534/300/6 530/301/6 526/301/6
f 526/301/17 530/301/17 529/302/17 525/302/17
f 531/299/32 533/303/32 528/304/32 523/304/32
f 531/299/328 537/299/328 538/303/328 533/303/328
f 524/305/6 527/305/6 534/300/6 532/300/6
f 528/304/54 533/303/54 534/300/54 527/305/54
f 523/304/87 524/305/87 532/300/87 531/299/87
f 535/302/32 536/302/32 538/303/32 537/299/32
f 533/303/54 538/303/54 536/302/54 529/302/54
f 525/302/87 535/302/87 537/299/87 531/299/87
f 529/302/17 536/302/17 535/302/17 525/302/17
f 543/295/87 541/298/87 542/297/87 544/296/87
f 541/295/135 539/298/135 540/297/135 542/296/135
f 550/295/54 507/298/54 508/297/54 548/296/54
f 543/295/32 545/298/32 539/297/32 541/296/32
f 549/295/6 548/298/6 508/297/6 510/296/6
f 542/295/6 540/298/6 546/297/6 544/296/6
f 547/295/329 550/298/329 545/297/329 543/296/329
f 539/295/326 545/298/326 546/297/326 540/296/326
f 547/295/87 543/298/87 544/297/87 549/296/87
f 509/295/87 547/298/87 549/297/87 510/296/87
f 509/295/32 507/298/32 550/297/32 547/296/32
f 544/295/6 546/298/6 548/297/6 549/296/6
f 545/295/330 550/298/330 548/297/330 546/296/330
f 555/299/87 551/302/87 552/301/87 556/300/87
f 557/303/54 558/300/54 554/301/54 553/302/54
f 556/300/6 552/301/6 554/301/6 558/300/6
f 552/301/135 551/302/135 553/302/135 554/301/135
f 555/299/32 523/304/32 528/304/32 557/303/32
f 555/299/331 557/303/331 562/303/331 561/299/331
f 524/305/6 556/300/6 558/300/6 527/305/6
f 528/304/54 527/305/54 558/300/54 557/303/54
f 523/304/87 555/299/87 556/300/87 524/305/87
f 559/302/32 561/299/32 562/303/32 560/302/32
f 557/303/54 553/302/54 560/302/54 562/303/54
f 551/302/87 555/299/87 561/299/87 559/302/87
f 553/302/135 551/302/135 559/302/135 560/302/135
s 1
usemtl glass
f 76/126/82 75/127/82 74/128/82 77/129/82
f 73/130/83 71/131/84 70/132/85
f 71/131/84 78/133/85 72/134/85 70/132/85
f 91/141/97 90/142/97 88/143/97 89/144/97 92/145/97
f 95/146/98 96/147/98 93/148/98 94/149/98
f 126/172/112 125/173/112 124/174/112 127/175/112
f 207/126/195 208/129/195 205/128/195 206/127/195
f 204/130/196 201/132/197 202/131/198
f 202/131/198 201/132/197 203/134/197 209/133/197
f 218/141/97 219/145/97 89/144/97 88/143/97 217/142/97
f 222/146/203 221/149/203 220/148/203 223/147/203
f 248/172/112 249/175/112 124/174/112 125/173/112
f 289/206/238 292/207/238 282/208/238 287/209/238 281/210/238
f 278/217/238 285/218/238 286/219/238 292/207/238 289/206/238
f 314/206/275 306/210/275 312/209/275 307/208/276 317/207/260
f 303/217/268 314/206/275 317/207/260 311/219/263 310/218/269
usemtl texture
f 580/306/332 581/307/333 571/308/333 570/309/332
f 582/306/334 577/307/335 565/308/335 572/309/334
f 563/306/336 566/307/337 578/308/337 575/309/336
f 576/306/338 564/307/338 563/308/336 575/309/336
f 565/306/335 577/307/335 578/308/337 566/309/337
f 569/306/339 579/307/339 580/308/332 570/309/332
f 582/306/334 572/307/334 571/308/333 581/309/333
f 576/306/338 579/307/339 569/308/339 564/309/338
f 567/307/87 576/308/87 575/309/87
f 568/307/87 578/308/87 577/309/87
f 573/307/87 580/308/87 579/309/87
f 574/307/87 582/308/87 581/309/87
f 567/306/87 573/307/87 579/308/87 576/309/87
f 568/306/87 567/307/87 575/308/87 578/309/87
f 574/306/87 568/307/87 577/308/87 582/309/87
f 573/306/87 574/307/87 581/308/87 580/309/87
f 567/310/87 568/311/87 574/311/87 573/311/87
o wheels.010
v -0.950009 0.641964 1.424113
v -0.950009 0.629990 1.585451
v -0.950009 0.556919 1.686026
v -0.950009 0.438686 1.724442
v -0.950009 0.281544 1.685973
v -0.950009 0.196398 1.548410
v -0.950009 0.196398 1.424092
v -0.950009 0.269470 1.323517
v -0.950009 0.419212 1.266065
v -0.950009 0.568954 1.323623
v -0.893992 0.419212 1.060774
v -0.893992 0.163105 1.143988
v -0.893992 0.675319 1.143988
v -0.893992 0.004822 1.361846
v -0.893992 0.004822 1.631132
v -0.893992 0.163105 1.848990
v -0.893992 0.419212 1.932204
v -0.893992 0.675319 1.848990
v -0.893992 0.833602 1.631132
v -0.893992 0.833602 1.361846
v -1.030698 0.419212 1.190371
v -1.030698 0.239280 1.248834
v -1.030698 0.128076 1.401893
v -1.030698 0.128076 1.591085
v -1.030698 0.239280 1.744144
v -1.030698 0.419212 1.802607
v -1.030698 0.599143 1.744144
v -1.030698 0.710347 1.591085
v -1.030698 0.710347 1.401893
v -1.030698 0.599143 1.248834
v -1.030698 0.419212 1.101582
v -0.991887 0.419212 1.060774
v -0.991887 0.163105 1.143988
v -1.030698 0.187091 1.177003
v -0.991887 0.004822 1.361846
v -1.030698 0.043633 1.374456
v -0.991887 0.004822 1.631132
v -1.030698 0.043633 1.618522
v -0.991887 0.163105 1.848990
v -1.030698 0.187091 1.815975
v -0.991887 0.419212 1.932204
v -1.030698 0.419212 1.891396
v -0.991887 0.675319 1.848990
v -1.030698 0.651332 1.815975
v -0.991887 0.833602 1.631132
v -1.030698 0.794791 1.618522
v -0.991887 0.833602 1.361846
v -1.030698 0.794791 1.374456
v -0.991887 0.675319 1.143988
v -1.030698 0.651332 1.177003
v -0.950010 0.399676 1.523378
v -0.950009 0.568954 1.702591
v -0.950009 0.641964 1.548324
v -0.950009 0.399676 1.724357
v -0.950009 0.176924 1.417765
v -0.950009 0.208534 1.585484
v -0.950009 0.306914 1.302553
v -0.950010 0.438686 1.523292
v -0.950010 0.387703 1.486251
v -0.950009 0.176924 1.575213
v -0.950009 0.269470 1.702591
v -0.950009 0.661500 1.417765
v -0.950009 0.531509 1.302553
v -0.950009 0.661500 1.575213
v -0.950009 0.419212 1.751246
v -0.950010 0.450821 1.486219
v -0.950010 0.419212 1.457118
v -0.950009 0.419212 1.241733
v -0.950009 0.269470 1.290387
v -0.950009 0.568954 1.290387
v -0.950010 0.419212 1.496489
v -0.893992 0.539872 1.662563
v -0.893992 0.470980 1.567742
v -0.893992 0.503030 1.469255
v -0.893992 0.614405 1.433067
v -0.893992 0.419212 1.293612
v -0.893992 0.419212 1.404933
v -0.893992 0.223980 1.433055
v -0.893992 0.335449 1.469273
v -0.893992 0.367409 1.567789
v -0.893992 0.298576 1.662530
v -0.893992 0.582449 1.603960
v -0.893992 0.470980 1.684947
v -0.893992 0.223980 1.505491
v -0.893992 0.266558 1.374452
v -0.893992 0.256035 1.603977
v -0.893992 0.571863 1.374514
v -0.893992 0.614405 1.505443
v -0.893992 0.367409 1.684895
v -0.893992 0.353779 1.314872
v -0.893992 0.484645 1.314872
v -0.837975 0.641964 1.424113
v -0.837975 0.629990 1.585451
v -0.837975 0.556919 1.686026
v -0.837975 0.438686 1.724442
v -0.837975 0.281544 1.685973
v -0.837975 0.196398 1.548410
v -0.837975 0.196398 1.424092
v -0.837975 0.269470 1.323517
v -0.837975 0.419212 1.266065
v -0.837975 0.568954 1.323623
v -0.757287 0.419212 1.190371
v -0.757287 0.239280 1.248834
v -0.757287 0.128076 1.401893
v -0.757287 0.128076 1.591085
v -0.757287 0.239280 1.744144
v -0.757287 0.419212 1.802607
v -0.757287 0.599143 1.744144
v -0.757287 0.710347 1.591085
v -0.757287 0.710347 1.401893
v -0.757287 0.599143 1.248834
v -0.757287 0.419212 1.101582
v -0.796098 0.419212 1.060774
v -0.796098 0.163105 1.143988
v -0.757287 0.187091 1.177003
v -0.796098 0.004822 1.361846
v -0.757287 0.043633 1.374456
v -0.796098 0.004822 1.631132
v -0.757287 0.043633 1.618522
v -0.796098 0.163105 1.848990
v -0.757287 0.187091 1.815975
v -0.796098 0.419212 1.932204
v -0.757287 0.419212 1.891396
v -0.796098 0.675319 1.848990
v -0.757287 0.651332 1.815975
v -0.796098 0.833602 1.631132
v -0.757287 0.794791 1.618522
v -0.796098 0.833602 1.361846
v -0.757287 0.794791 1.374456
v -0.796098 0.675319 1.143988
v -0.757287 0.651332 1.177003
v -0.837975 0.399676 1.523378
v -0.837975 0.568954 1.702591
v -0.837975 0.641964 1.548324
v -0.837975 0.399676 1.724357
v -0.837975 0.176924 1.417765
v -0.837975 0.208534 1.585484
v -0.837975 0.306914 1.302553
v -0.837975 0.438686 1.523292
v -0.837975 0.387703 1.486251
v -0.837975 0.176924 1.575213
v -0.837975 0.269470 1.702591
v -0.837975 0.661500 1.417765
v -0.837975 0.531509 1.302553
v -0.837975 0.661500 1.575213
v -0.837975 0.419212 1.751246
v -0.837975 0.450821 1.486219
v -0.837975 0.419212 1.457118
v -0.837975 0.419212 1.241733
v -0.837975 0.269470 1.290387
v -0.837975 0.568954 1.290387
v -0.837975 0.419212 1.496489
vn -0.3686 0.5464 -0.7521
vn -0.0000 0.5878 -0.8090
vn -0.0000 -0.0000 -1.0000
vn -0.3686 -0.0000 -0.9296
vn -0.3686 0.8841 -0.2873
vn -0.0000 0.9511 -0.3090
vn -0.4595 0.5221 -0.7186
vn -0.4414 0.2773 -0.8534
vn -0.0000 0.3090 -0.9511
vn -0.3686 -0.0000 0.9296
vn -0.0000 -0.0000 1.0000
vn -0.0000 0.5878 0.8090
vn -0.3686 0.5464 0.7521
vn -0.3686 -0.8841 -0.2873
vn -0.0000 -0.9511 -0.3090
vn -0.0000 -0.9511 0.3090
vn -0.3686 -0.8841 0.2873
vn -0.0000 -0.5878 0.8090
vn -0.3686 -0.5464 0.7521
vn -0.9022 0.4102 0.1333
vn -1.0000 -0.0000 -0.0000
vn -0.9022 0.2535 0.3490
vn -0.9022 -0.0000 -0.4314
vn -0.9022 0.2535 -0.3490
vn -0.9022 -0.4102 -0.1333
vn -0.9022 -0.2535 -0.3490
vn -0.9022 0.4102 -0.1333
vn -0.3686 0.8841 0.2873
vn -0.0000 0.9511 0.3090
vn -0.9022 -0.0000 0.4314
vn -0.9022 -0.2535 0.3490
vn -0.9022 -0.4102 0.1333
vn -0.3686 -0.5464 -0.7521
vn -0.0000 -0.5878 -0.8090
vn -0.5370 -0.0000 0.8436
vn -0.5370 0.4959 0.6825
vn -0.5370 -0.8023 -0.2607
vn -0.5370 -0.8023 0.2607
vn -0.5370 0.4959 -0.6825
vn -0.5370 -0.0000 -0.8436
vn -0.5370 0.8023 0.2607
vn -0.5370 -0.4959 0.6825
vn -0.5370 -0.4959 -0.6825
vn -0.5370 0.8023 -0.2607
vn -0.4995 -0.7009 0.5092
vn -0.4236 -0.2799 0.8615
vn -0.4413 -0.0000 0.8974
vn -0.0000 -0.3090 0.9511
vn -0.4414 -0.8973 -0.0000
vn -0.4595 -0.8447 0.2745
vn -0.0000 -1.0000 -0.0000
vn -0.4417 0.7258 0.5273
vn -0.4598 0.8446 0.2744
vn -0.0000 0.8090 0.5878
vn -0.4236 0.2799 0.8615
vn -0.0000 0.3090 0.9511
vn -0.4414 -0.7259 0.5274
vn -0.0000 -0.8090 0.5878
vn -0.4417 0.8971 -0.0000
vn -0.0000 1.0000 -0.0000
vn -0.4414 0.7259 -0.5274
vn -0.0000 0.8090 -0.5878
vn -0.4417 -0.2772 -0.8532
vn -0.4598 -0.5220 -0.7184
vn -0.0000 -0.3090 -0.9511
vn -0.4803 -0.7096 -0.5156
vn -0.4995 0.8663 -0.0000
vn -0.4991 0.7010 0.5093
vn -0.4803 0.7096 -0.5156
vn -0.4995 -0.2677 0.8239
vn -0.4991 -0.8665 -0.0000
vn -0.4995 -0.2677 -0.8239
vn -0.4991 0.2678 -0.8241
vn -0.4417 -0.7258 -0.5273
vn -0.0000 -0.8090 -0.5878
vn -0.4991 0.2678 0.8241
vn 0.3686 0.5464 -0.7521
vn 0.3686 -0.0000 -0.9296
vn 0.3686 0.8841 -0.2873
vn 0.4595 0.5221 -0.7186
vn 0.4414 0.2773 -0.8534
vn 0.3686 -0.0000 0.9296
vn 0.3686 0.5464 0.7521
vn 0.3686 -0.8841 -0.2873
vn 0.3686 -0.8841 0.2873
vn 0.3686 -0.5464 0.7521
vn 0.9022 0.4102 0.1333
vn 0.9022 0.2535 0.3490
vn 1.0000 -0.0000 -0.0000
vn 0.9022 -0.0000 -0.4314
vn 0.9022 0.2535 -0.3490
vn 0.9022 -0.4102 -0.1333
vn 0.9022 -0.2535 -0.3490
vn 0.9022 0.4102 -0.1333
vn 0.3686 0.8841 0.2873
vn 0.9022 -0.0000 0.4314
vn 0.9022 -0.2535 0.3490
vn 0.9022 -0.4102 0.1333
vn 0.3686 -0.5464 -0.7521
vn 0.5370 -0.0000 0.8436
vn 0.5370 0.4959 0.6825
vn 0.5370 -0.8023 -0.2607
vn 0.5370 -0.8023 0.2607
vn 0.5370 0.4959 -0.6825
vn 0.5370 -0.0000 -0.8436
vn 0.5370 0.8023 0.2607
vn 0.5370 -0.4959 0.6825
vn 0.5370 -0.4959 -0.6825
vn 0.5370 0.8023 -0.2607
vn 0.4995 -0.7009 0.5092
vn 0.4236 -0.2799 0.8615
vn 0.4413 -0.0000 0.8974
vn 0.4414 -0.8973 -0.0000
vn 0.4595 -0.8447 0.2745
vn 0.4417 0.7258 0.5273
vn 0.4598 0.8446 0.2744
vn 0.4236 0.2799 0.8615
vn 0.4414 -0.7259 0.5274
vn 0.4417 0.8971 -0.0000
vn 0.4414 0.7259 -0.5274
vn 0.4417 -0.2772 -0.8532
vn 0.4598 -0.5220 -0.7184
vn 0.4803 -0.7096 -0.5156
vn 0.4995 0.8663 -0.0000
vn 0.4991 0.7010 0.5093
vn 0.4803 0.7096 -0.5156
vn 0.4995 -0.2677 0.8239
vn 0.4991 -0.8665 -0.0000
vn 0.4995 -0.2677 -0.8239
vn 0.4991 0.2678 -0.8241
vn 0.4417 -0.7258 -0.5273
vn 0.4991 0.2678 0.8241
vt 0.975777 0.347738
vt 0.992922 0.347738
vt 0.992922 0.375608
vt 0.975777 0.375608
vt 0.969168 0.356028
vt 0.982334 0.356028
vt 0.990697 0.350349
vt 0.985856 0.356028
vt 0.969168 0.356028
vt 0.969168 0.350349
vt 0.990697 0.350349
vt 0.990697 0.350349
vt 0.985856 0.356028
vt 0.969168 0.350348
vt 0.990697 0.350349
vt 0.990697 0.350348
vt 0.969168 0.374303
vt 0.969168 0.349043
vt 0.969168 0.347738
vt 0.969168 0.374303
vt 0.975668 0.528250
vt 0.977838 0.528250
vt 0.971747 0.356028
vt 0.984262 0.356028
vt 0.971345 0.356028
vt 0.984511 0.356028
vt 0.971338 0.356028
vt 0.984515 0.356028
vt 0.969168 0.356028
vt 0.981683 0.356028
vt 0.982334 0.356028
vt 0.982345 0.356028
vt 0.984511 0.356028
vt 0.971338 0.356028
vt 0.988845 0.528250
vt 0.975668 0.528250
vt 0.992356 0.528250
vt 0.991015 0.528250
vt 0.977838 0.528250
vt 0.992356 0.528250
vt 0.975668 0.528250
vt 0.991011 0.528250
vt 0.977845 0.528250
vt 0.988834 0.528250
vt 0.991011 0.528250
vt 0.988833 0.528250
vt 0.988183 0.528250
vt 0.990762 0.528250
vt 0.978247 0.528250
vt 0.982345 0.356028
s 1
usemtl metallic
f 645/329/364 694/330/365 729/330/366 721/329/359
f 699/345/402 648/346/402 725/346/402 719/345/402
f 703/347/403 649/348/404 716/348/368 731/347/405
f 693/349/406 641/350/407 715/350/373 728/349/408
f 648/351/409 647/352/410 718/352/386 725/351/411
f 649/353/404 697/354/412 730/354/413 716/353/368
f 641/329/407 650/355/414 727/355/415 715/329/373
f 647/329/410 646/356/416 724/356/417 718/329/386
f 696/349/418 645/357/364 721/357/359 726/349/419
f 644/358/420 643/352/421 712/352/391 723/358/422
f 642/359/378 643/360/378 692/360/378 704/361/378
f 643/362/378 644/363/378 705/360/378 692/364/378
f 646/359/378 647/365/378 695/365/378 700/364/378
f 647/362/378 648/346/378 709/365/378 695/364/378
f 648/346/378 699/345/378 711/365/378 709/365/378
f 644/363/378 698/345/378 711/365/378 705/360/378
f 698/345/378 642/359/378 704/361/378 711/365/378
f 699/345/378 646/359/378 700/364/378 711/365/378
f 645/366/378 696/367/378 700/365/378 701/364/378
f 650/368/378 641/365/378 702/365/378 710/364/378
f 641/369/378 693/367/378 704/365/378 702/361/378
f 694/370/378 645/365/378 701/360/378 705/361/378
f 706/367/378 650/368/378 710/364/378 711/365/378
f 691/367/378 694/370/378 705/361/378 711/365/378
f 693/367/378 706/367/378 711/365/378 704/365/378
f 696/367/378 691/367/378 711/365/378 700/365/378
f 697/371/378 649/360/378 708/360/378 709/364/378
f 649/372/378 703/373/378 710/360/378 708/361/378
f 703/373/378 707/365/378 711/365/378 710/360/378
f 707/365/378 697/371/378 709/364/378 711/365/378
f 707/365/423 703/373/423 731/373/423 717/365/423
f 698/345/424 644/363/424 723/363/424 713/345/424
f 650/368/425 706/367/425 714/367/425 727/368/425
f 697/371/426 707/365/426 717/365/426 730/371/426
f 642/359/427 698/345/427 713/345/427 722/359/427
f 694/370/428 691/367/428 720/367/428 729/370/428
f 646/359/429 699/345/429 719/345/429 724/359/429
f 706/367/430 693/367/430 728/367/430 714/367/430
f 643/333/421 642/374/431 722/374/432 712/333/391
f 691/367/433 696/367/433 726/367/433 720/367/433
f 736/329/437 721/329/359 729/330/366 775/330/438
f 780/345/467 719/345/467 725/346/467 739/346/467
f 784/347/468 731/347/405 716/348/368 740/348/469
f 774/349/470 728/349/408 715/350/373 732/350/471
f 739/351/472 725/351/411 718/352/386 738/352/473
f 740/353/469 716/353/368 730/354/413 778/354/474
f 732/329/471 715/329/373 727/355/415 741/355/475
f 738/329/473 718/329/386 724/356/417 737/356/476
f 777/349/477 726/349/419 721/357/359 736/357/437
f 735/358/478 723/358/422 712/352/391 734/352/479
f 733/359/446 785/361/446 773/360/446 734/360/446
f 734/362/446 773/364/446 786/360/446 735/363/446
f 737/359/446 781/364/446 776/365/446 738/365/446
f 738/362/446 776/364/446 790/365/446 739/346/446
f 739/346/446 790/365/446 792/365/446 780/345/446
f 735/363/446 786/360/446 792/365/446 779/345/446
f 779/345/446 792/365/446 785/361/446 733/359/446
f 780/345/446 792/365/446 781/364/446 737/359/446
f 736/366/446 782/364/446 781/365/446 777/367/446
f 741/368/446 791/364/446 783/365/446 732/365/446
f 732/369/446 783/361/446 785/365/446 774/367/446
f 775/370/446 786/361/446 782/360/446 736/365/446
f 787/367/446 792/365/446 791/364/446 741/368/446
f 772/367/446 792/365/446 786/361/446 775/370/446
f 774/367/446 785/365/446 792/365/446 787/367/446
f 777/367/446 781/365/446 792/365/446 772/367/446
f 778/371/446 790/364/446 789/360/446 740/360/446
f 740/372/446 789/361/446 791/360/446 784/373/446
f 784/373/446 791/360/446 792/365/446 788/365/446
f 788/365/446 792/365/446 790/364/446 778/371/446
f 788/365/480 717/365/480 731/373/480 784/373/480
f 779/345/481 713/345/481 723/363/481 735/363/481
f 741/368/482 727/368/482 714/367/482 787/367/482
f 778/371/483 730/371/483 717/365/483 788/365/483
f 733/359/484 722/359/484 713/345/484 779/345/484
f 775/370/485 729/370/485 720/367/485 772/367/485
f 737/359/486 724/359/486 719/345/486 780/345/486
f 787/367/487 714/367/487 728/367/487 774/367/487
f 734/333/479 712/333/391 722/374/432 733/374/488
f 772/367/489 720/367/489 726/367/489 777/367/489
usemtl texture
f 689/325/358 653/326/359 651/327/360 672/328/361
f 687/325/362 660/326/363 653/327/359 689/328/358
f 681/325/367 657/326/368 658/327/369 683/328/370
f 675/325/371 654/326/372 655/327/373 677/328/374
f 677/325/374 655/326/373 656/327/375 679/328/376
f 679/325/376 656/326/375 657/327/368 681/328/367
f 686/331/377 668/332/378 667/333/378 684/334/379
f 671/335/380 661/332/378 670/333/378 690/334/381
f 676/336/382 663/337/378 662/329/378 674/338/383
f 690/339/381 670/337/378 669/329/378 688/334/384
f 688/340/384 669/332/378 668/329/378 686/334/377
f 685/325/385 659/326/386 660/327/363 687/328/362
f 684/331/379 667/337/378 666/333/378 682/334/387
f 682/335/387 666/332/378 665/333/378 680/334/388
f 680/336/388 665/337/378 664/329/378 678/334/389
f 678/331/389 664/337/378 663/329/378 676/334/382
f 673/325/390 652/326/391 654/327/372 675/328/371
f 683/325/370 658/326/369 659/327/386 685/328/385
f 661/333/392 662/337/393 709/337/393 708/333/392
f 674/331/383 662/337/378 661/333/378 671/334/380
f 672/325/361 673/328/390 674/341/383 671/342/380
f 673/343/390 675/326/371 676/336/382 674/338/383
f 675/325/371 677/328/374 678/341/389 676/342/382
f 677/343/374 679/326/376 680/336/388 678/334/389
f 679/343/376 681/326/367 682/335/387 680/334/388
f 681/343/367 683/326/370 684/331/379 682/334/387
f 683/325/370 685/328/385 686/344/377 684/342/379
f 685/325/385 687/328/362 688/341/384 686/342/377
f 687/343/362 689/326/358 690/339/381 688/334/384
f 689/325/358 672/328/361 671/341/380 690/342/381
f 672/325/361 651/326/360 652/327/391 673/328/390
f 668/329/394 669/332/395 702/332/395 704/329/394
f 665/333/396 666/332/397 705/332/397 701/333/396
f 662/329/393 663/337/398 695/337/398 709/329/393
f 669/329/395 670/337/399 710/337/399 702/329/395
f 666/333/397 667/337/400 692/337/400 705/333/397
f 663/329/398 664/337/401 700/337/401 695/329/398
f 670/333/399 661/332/392 708/332/392 710/333/399
f 667/333/400 668/332/394 704/332/394 692/333/400
f 664/329/401 665/337/396 701/337/396 700/329/401
f 770/325/434 753/328/435 651/327/360 653/326/359
f 768/325/436 770/328/434 653/327/359 660/326/363
f 762/325/439 764/328/440 658/327/369 657/326/368
f 756/325/441 758/328/442 655/327/373 654/326/372
f 758/325/442 760/328/443 656/327/375 655/326/373
f 760/325/443 762/328/439 657/327/368 656/326/375
f 767/331/444 765/334/445 748/333/446 749/332/446
f 752/335/447 771/334/448 751/333/446 742/332/446
f 757/336/449 755/338/450 743/329/446 744/337/446
f 771/339/448 769/334/451 750/329/446 751/337/446
f 769/340/451 767/334/444 749/329/446 750/332/446
f 766/325/452 768/328/436 660/327/363 659/326/386
f 765/331/445 763/334/453 747/333/446 748/337/446
f 763/335/453 761/334/454 746/333/446 747/332/446
f 761/336/454 759/334/455 745/329/446 746/337/446
f 759/331/455 757/334/449 744/329/446 745/337/446
f 754/325/456 756/328/441 654/327/372 652/326/391
f 764/325/440 766/328/452 659/327/386 658/326/369
f 742/333/457 789/333/457 790/337/458 743/337/458
f 755/331/450 752/334/447 742/333/446 743/337/446
f 753/325/435 752/342/447 755/341/450 754/328/456
f 754/343/456 755/338/450 757/336/449 756/326/441
f 756/325/441 757/342/449 759/341/455 758/328/442
f 758/343/442 759/334/455 761/336/454 760/326/443
f 760/343/443 761/334/454 763/335/453 762/326/439
f 762/343/439 763/334/453 765/331/445 764/326/440
f 764/325/440 765/342/445 767/344/444 766/328/452
f 766/325/452 767/342/444 769/341/451 768/328/436
f 768/343/436 769/334/451 771/339/448 770/326/434
f 770/325/434 771/342/448 752/341/447 753/328/435
f 753/325/435 754/328/456 652/327/391 651/326/360
f 749/329/459 785/329/459 783/332/460 750/332/460
f 746/333/461 782/333/461 786/332/462 747/332/462
f 743/329/458 790/329/458 776/337/463 744/337/463
f 750/329/460 783/329/460 791/337/464 751/337/464
f 747/333/462 786/333/462 773/337/465 748/337/465
f 744/329/463 776/329/463 781/337/466 745/337/466
f 751/333/464 791/333/464 789/332/457 742/332/457
f 748/333/465 773/333/465 785/332/459 749/332/459
f 745/329/466 781/329/466 782/337/461 746/337/461
o wheels.011
v -0.951663 0.648541 -1.757603
v -0.951663 0.636214 -1.591501
v -0.951663 0.560984 -1.487957
v -0.951663 0.439261 -1.448406
v -0.951663 0.277479 -1.488011
v -0.951663 0.189819 -1.629636
v -0.951663 0.189819 -1.757624
v -0.951663 0.265049 -1.861169
v -0.951663 0.419212 -1.920317
v -0.951663 0.573375 -1.861060
v -0.893992 0.419212 -2.131670
v -0.893992 0.155543 -2.045999
v -0.893992 0.682881 -2.045999
v -0.893992 -0.007413 -1.821709
v -0.893992 -0.007413 -1.544471
v -0.893992 0.155543 -1.320181
v -0.893992 0.419212 -1.234510
v -0.893992 0.682881 -1.320181
v -0.893992 0.845837 -1.544471
v -0.893992 0.845837 -1.821709
v -1.034734 0.419212 -1.998246
v -1.034734 0.233968 -1.938057
v -1.034734 0.119481 -1.780478
v -1.034734 0.119481 -1.585701
v -1.034734 0.233968 -1.428123
v -1.034734 0.419212 -1.367934
v -1.034734 0.604456 -1.428123
v -1.034734 0.718943 -1.585701
v -1.034734 0.718943 -1.780478
v -1.034734 0.604456 -1.938057
v -1.034734 0.419212 -2.089657
v -0.994777 0.419212 -2.131670
v -0.994777 0.155543 -2.045999
v -1.034734 0.180238 -2.012009
v -0.994777 -0.007413 -1.821709
v -1.034734 0.032544 -1.808726
v -0.994777 -0.007413 -1.544471
v -1.034734 0.032544 -1.557454
v -0.994777 0.155543 -1.320181
v -1.034734 0.180238 -1.354170
v -0.994777 0.419212 -1.234510
v -1.034734 0.419212 -1.276523
v -0.994777 0.682881 -1.320181
v -1.034734 0.658186 -1.354170
v -0.994777 0.845837 -1.544471
v -1.034734 0.805880 -1.557454
v -0.994777 0.845837 -1.821709
v -1.034734 0.805880 -1.808726
v -0.994777 0.682881 -2.045999
v -1.034734 0.658186 -2.012009
v -0.951663 0.399099 -1.655407
v -0.951663 0.573375 -1.470902
v -0.951663 0.648541 -1.629724
v -0.951663 0.399099 -1.448494
v -0.951663 0.169770 -1.764138
v -0.951663 0.202313 -1.591468
v -0.951663 0.303599 -1.882752
v -0.951663 0.439261 -1.655495
v -0.951663 0.386772 -1.693630
v -0.951663 0.169770 -1.602041
v -0.951663 0.265049 -1.470902
v -0.951663 0.668653 -1.764138
v -0.951663 0.534825 -1.882752
v -0.951663 0.668653 -1.602041
v -0.951663 0.419212 -1.420811
v -0.951663 0.451755 -1.693664
v -0.951663 0.419212 -1.723624
v -0.951663 0.419212 -1.945368
v -0.951663 0.265049 -1.895278
v -0.951663 0.573375 -1.895278
v -0.951663 0.419212 -1.683090
v -0.893992 0.543434 -1.512113
v -0.893992 0.472508 -1.609733
v -0.893992 0.505505 -1.711128
v -0.893992 0.620168 -1.748384
v -0.893992 0.419212 -1.891957
v -0.893992 0.419212 -1.777349
v -0.893992 0.218216 -1.748397
v -0.893992 0.332976 -1.711109
v -0.893992 0.365880 -1.609684
v -0.893992 0.295014 -1.512146
v -0.893992 0.587269 -1.572446
v -0.893992 0.472508 -1.489067
v -0.893992 0.218216 -1.673822
v -0.893992 0.262051 -1.808730
v -0.893992 0.251217 -1.572428
v -0.893992 0.576371 -1.808666
v -0.893992 0.620168 -1.673872
v -0.893992 0.365880 -1.489121
v -0.893992 0.351847 -1.870069
v -0.893992 0.486577 -1.870069
v -0.836321 0.648541 -1.757603
v -0.836321 0.636214 -1.591501
v -0.836321 0.560984 -1.487957
v -0.836321 0.439261 -1.448406
v -0.836321 0.277479 -1.488011
v -0.836321 0.189819 -1.629636
v -0.836321 0.189819 -1.757624
v -0.836321 0.265049 -1.861169
v -0.836321 0.419212 -1.920317
v -0.836321 0.573375 -1.861060
v -0.753250 0.419212 -1.998246
v -0.753250 0.233968 -1.938057
v -0.753250 0.119481 -1.780478
v -0.753250 0.119481 -1.585701
v -0.753250 0.233968 -1.428123
v -0.753250 0.419212 -1.367934
v -0.753250 0.604456 -1.428123
v -0.753250 0.718943 -1.585701
v -0.753250 0.718943 -1.780478
v -0.753250 0.604456 -1.938057
v -0.753250 0.419212 -2.089657
v -0.793207 0.419212 -2.131670
v -0.793207 0.155543 -2.045999
v -0.753250 0.180238 -2.012009
v -0.793207 -0.007413 -1.821709
v -0.753250 0.032544 -1.808726
v -0.793207 -0.007413 -1.544471
v -0.753250 0.032544 -1.557454
v -0.793207 0.155543 -1.320181
v -0.753250 0.180238 -1.354170
v -0.793207 0.419212 -1.234510
v -0.753250 0.419212 -1.276523
v -0.793207 0.682881 -1.320181
v -0.753250 0.658186 -1.354170
v -0.793207 0.845837 -1.544471
v -0.753250 0.805880 -1.557454
v -0.793207 0.845837 -1.821709
v -0.753250 0.805880 -1.808726
v -0.793207 0.682881 -2.045999
v -0.753250 0.658186 -2.012009
v -0.836321 0.399099 -1.655407
v -0.836321 0.573375 -1.470902
v -0.836321 0.648541 -1.629724
v -0.836321 0.399099 -1.448494
v -0.836321 0.169770 -1.764138
v -0.836321 0.202313 -1.591468
v -0.836321 0.303599 -1.882752
v -0.836321 0.439261 -1.655495
v -0.836321 0.386772 -1.693630
v -0.836321 0.169770 -1.602041
v -0.836321 0.265049 -1.470902
v -0.836321 0.668653 -1.764138
v -0.836321 0.534825 -1.882752
v -0.836321 0.668653 -1.602041
v -0.836321 0.419212 -1.420811
v -0.836321 0.451755 -1.693664
v -0.836321 0.419212 -1.723624
v -0.836321 0.419212 -1.945368
v -0.836321 0.265049 -1.895278
v -0.836321 0.573375 -1.895278
v -0.836321 0.419212 -1.683090
vn -0.3686 0.5464 -0.7521
vn -0.0000 0.5878 -0.8090
vn -0.0000 -0.0000 -1.0000
vn -0.3686 -0.0000 -0.9296
vn -0.3686 0.8841 -0.2873
vn -0.0000 0.9511 -0.3090
vn -0.4595 0.5221 -0.7186
vn -0.4414 0.2773 -0.8534
vn -0.0000 0.3090 -0.9511
vn -0.3686 -0.0000 0.9296
vn -0.0000 -0.0000 1.0000
vn -0.0000 0.5878 0.8090
vn -0.3686 0.5464 0.7521
vn -0.3686 -0.8841 -0.2873
vn -0.0000 -0.9511 -0.3090
vn -0.0000 -0.9511 0.3090
vn -0.3686 -0.8841 0.2873
vn -0.0000 -0.5878 0.8090
vn -0.3686 -0.5464 0.7521
vn -0.9022 0.4102 0.1333
vn -1.0000 -0.0000 -0.0000
vn -0.9022 0.2535 0.3490
vn -0.9022 -0.0000 -0.4314
vn -0.9022 0.2535 -0.3490
vn -0.9022 -0.4102 -0.1333
vn -0.9022 -0.2535 -0.3490
vn -0.9022 0.4102 -0.1333
vn -0.3686 0.8841 0.2873
vn -0.0000 0.9511 0.3090
vn -0.9022 -0.0000 0.4314
vn -0.9022 -0.2535 0.3490
vn -0.9022 -0.4102 0.1333
vn -0.3686 -0.5464 -0.7521
vn -0.0000 -0.5878 -0.8090
vn -0.5370 -0.0000 0.8436
vn -0.5370 0.4959 0.6825
vn -0.5370 -0.8023 -0.2607
vn -0.5370 -0.8023 0.2607
vn -0.5370 0.4959 -0.6825
vn -0.5370 -0.0000 -0.8436
vn -0.5370 0.8023 0.2607
vn -0.5370 -0.4959 0.6825
vn -0.5370 -0.4959 -0.6825
vn -0.5370 0.8023 -0.2607
vn -0.4995 -0.7009 0.5092
vn -0.4236 -0.2799 0.8615
vn -0.4413 -0.0000 0.8974
vn -0.0000 -0.3090 0.9511
vn -0.4414 -0.8973 -0.0000
vn -0.4595 -0.8447 0.2745
vn -0.0000 -1.0000 -0.0000
vn -0.4417 0.7258 0.5273
vn -0.4598 0.8446 0.2744
vn -0.0000 0.8090 0.5878
vn -0.4236 0.2799 0.8615
vn -0.0000 0.3090 0.9511
vn -0.4414 -0.7259 0.5274
vn -0.0000 -0.8090 0.5878
vn -0.4417 0.8971 -0.0000
vn -0.0000 1.0000 -0.0000
vn -0.4414 0.7259 -0.5274
vn -0.0000 0.8090 -0.5878
vn -0.4417 -0.2772 -0.8532
vn -0.4598 -0.5220 -0.7184
vn -0.0000 -0.3090 -0.9511
vn -0.4803 -0.7096 -0.5156
vn -0.4995 0.8663 -0.0000
vn -0.4991 0.7010 0.5093
vn -0.4803 0.7096 -0.5156
vn -0.4995 -0.2677 0.8239
vn -0.4991 -0.8665 -0.0000
vn -0.4995 -0.2677 -0.8239
vn -0.4991 0.2678 -0.8241
vn -0.4417 -0.7258 -0.5273
vn -0.0000 -0.8090 -0.5878
vn -0.4991 0.2678 0.8241
vn 0.3686 0.5464 -0.7521
vn 0.3686 -0.0000 -0.9296
vn 0.3686 0.8841 -0.2873
vn 0.4595 0.5221 -0.7186
vn 0.4414 0.2773 -0.8534
vn 0.3686 -0.0000 0.9296
vn 0.3686 0.5464 0.7521
vn 0.3686 -0.8841 -0.2873
vn 0.3686 -0.8841 0.2873
vn 0.3686 -0.5464 0.7521
vn 0.9022 0.4102 0.1333
vn 0.9022 0.2535 0.3490
vn 1.0000 -0.0000 -0.0000
vn 0.9022 -0.0000 -0.4314
vn 0.9022 0.2535 -0.3490
vn 0.9022 -0.4102 -0.1333
vn 0.9022 -0.2535 -0.3490
vn 0.9022 0.4102 -0.1333
vn 0.3686 0.8841 0.2873
vn 0.9022 -0.0000 0.4314
vn 0.9022 -0.2535 0.3490
vn 0.9022 -0.4102 0.1333
vn 0.3686 -0.5464 -0.7521
vn 0.5370 -0.0000 0.8436
vn 0.5370 0.4959 0.6825
vn 0.5370 -0.8023 -0.2607
vn 0.5370 -0.8023 0.2607
vn 0.5370 0.4959 -0.6825
vn 0.5370 -0.0000 -0.8436
vn 0.5370 0.8023 0.2607
vn 0.5370 -0.4959 0.6825
vn 0.5370 -0.4959 -0.6825
vn 0.5370 0.8023 -0.2607
vn 0.4995 -0.7009 0.5092
vn 0.4236 -0.2799 0.8615
vn 0.4413 -0.0000 0.8974
vn 0.4414 -0.8973 -0.0000
vn 0.4595 -0.8447 0.2745
vn 0.4417 0.7258 0.5273
vn 0.4598 0.8446 0.2744
vn 0.4236 0.2799 0.8615
vn 0.4414 -0.7259 0.5274
vn 0.4417 0.8971 -0.0000
vn 0.4414 0.7259 -0.5274
vn 0.4417 -0.2772 -0.8532
vn 0.4598 -0.5220 -0.7184
vn 0.4803 -0.7096 -0.5156
vn 0.4995 0.8663 -0.0000
vn 0.4991 0.7010 0.5093
vn 0.4803 0.7096 -0.5156
vn 0.4995 -0.2677 0.8239
vn 0.4991 -0.8665 -0.0000
vn 0.4995 -0.2677 -0.8239
vn 0.4991 0.2678 -0.8241
vn 0.4417 -0.7258 -0.5273
vn 0.4991 0.2678 0.8241
vt 0.975777 0.347738
vt 0.992922 0.347738
vt 0.992922 0.375608
vt 0.975777 0.375608
vt 0.969168 0.356028
vt 0.982334 0.356028
vt 0.990697 0.350349
vt 0.985856 0.356028
vt 0.969168 0.356028
vt 0.969168 0.350349
vt 0.990697 0.350349
vt 0.990697 0.350349
vt 0.985856 0.356028
vt 0.969168 0.350348
vt 0.990697 0.350349
vt 0.990697 0.350348
vt 0.969168 0.374303
vt 0.969168 0.349043
vt 0.969168 0.347738
vt 0.969168 0.374303
vt 0.975668 0.528250
vt 0.977838 0.528250
vt 0.971747 0.356028
vt 0.984262 0.356028
vt 0.971345 0.356028
vt 0.984511 0.356028
vt 0.971338 0.356028
vt 0.984515 0.356028
vt 0.969168 0.356028
vt 0.981683 0.356028
vt 0.982334 0.356028
vt 0.982345 0.356028
vt 0.984511 0.356028
vt 0.971338 0.356028
vt 0.988845 0.528250
vt 0.975668 0.528250
vt 0.992356 0.528250
vt 0.991015 0.528250
vt 0.977838 0.528250
vt 0.992356 0.528250
vt 0.975668 0.528250
vt 0.991011 0.528250
vt 0.977845 0.528250
vt 0.988834 0.528250
vt 0.991011 0.528250
vt 0.988833 0.528250
vt 0.988183 0.528250
vt 0.990762 0.528250
vt 0.978247 0.528250
vt 0.982345 0.356028
s 1
usemtl metallic
f 797/379/496 846/380/497 881/380/498 873/379/491
f 851/395/534 800/396/534 877/396/534 871/395/534
f 855/397/535 801/398/536 868/398/500 883/397/537
f 845/399/538 793/400/539 867/400/505 880/399/540
f 800/401/541 799/402/542 870/402/518 877/401/543
f 801/403/536 849/404/544 882/404/545 868/403/500
f 793/379/539 802/405/546 879/405/547 867/379/505
f 799/379/542 798/406/548 876/406/549 870/379/518
f 848/399/550 797/407/496 873/407/491 878/399/551
f 796/408/552 795/402/553 864/402/523 875/408/554
f 794/409/510 795/410/510 844/410/510 856/411/510
f 795/412/510 796/413/510 857/410/510 844/414/510
f 798/409/510 799/415/510 847/415/510 852/414/510
f 799/412/510 800/396/510 861/415/510 847/414/510
f 800/396/510 851/395/510 863/415/510 861/415/510
f 796/413/510 850/395/510 863/415/510 857/410/510
f 850/395/510 794/409/510 856/411/510 863/415/510
f 851/395/510 798/409/510 852/414/510 863/415/510
f 797/416/510 848/417/510 852/415/510 853/414/510
f 802/418/510 793/415/510 854/415/510 862/414/510
f 793/419/510 845/417/510 856/415/510 854/411/510
f 846/420/510 797/415/510 853/410/510 857/411/510
f 858/417/510 802/418/510 862/414/510 863/415/510
f 843/417/510 846/420/510 857/411/510 863/415/510
f 845/417/510 858/417/510 863/415/510 856/415/510
f 848/417/510 843/417/510 863/415/510 852/415/510
f 849/421/510 801/410/510 860/410/510 861/414/510
f 801/422/510 855/423/510 862/410/510 860/411/510
f 855/423/510 859/415/510 863/415/510 862/410/510
f 859/415/510 849/421/510 861/414/510 863/415/510
f 859/415/555 855/423/555 883/423/555 869/415/555
f 850/395/556 796/413/556 875/413/556 865/395/556
f 802/418/557 858/417/557 866/417/557 879/418/557
f 849/421/558 859/415/558 869/415/558 882/421/558
f 794/409/559 850/395/559 865/395/559 874/409/559
f 846/420/560 843/417/560 872/417/560 881/420/560
f 798/409/561 851/395/561 871/395/561 876/409/561
f 858/417/562 845/417/562 880/417/562 866/417/562
f 795/383/553 794/424/563 874/424/564 864/383/523
f 843/417/565 848/417/565 878/417/565 872/417/565
f 888/379/569 873/379/491 881/380/498 927/380/570
f 932/395/599 871/395/599 877/396/599 891/396/599
f 936/397/600 883/397/537 868/398/500 892/398/601
f 926/399/602 880/399/540 867/400/505 884/400/603
f 891/401/604 877/401/543 870/402/518 890/402/605
f 892/403/601 868/403/500 882/404/545 930/404/606
f 884/379/603 867/379/505 879/405/547 893/405/607
f 890/379/605 870/379/518 876/406/549 889/406/608
f 929/399/609 878/399/551 873/407/491 888/407/569
f 887/408/610 875/408/554 864/402/523 886/402/611
f 885/409/578 937/411/578 925/410/578 886/410/578
f 886/412/578 925/414/578 938/410/578 887/413/578
f 889/409/578 933/414/578 928/415/578 890/415/578
f 890/412/578 928/414/578 942/415/578 891/396/578
f 891/396/578 942/415/578 944/415/578 932/395/578
f 887/413/578 938/410/578 944/415/578 931/395/578
f 931/395/578 944/415/578 937/411/578 885/409/578
f 932/395/578 944/415/578 933/414/578 889/409/578
f 888/416/578 934/414/578 933/415/578 929/417/578
f 893/418/578 943/414/578 935/415/578 884/415/578
f 884/419/578 935/411/578 937/415/578 926/417/578
f 927/420/578 938/411/578 934/410/578 888/415/578
f 939/417/578 944/415/578 943/414/578 893/418/578
f 924/417/578 944/415/578 938/411/578 927/420/578
f 926/417/578 937/415/578 944/415/578 939/417/578
f 929/417/578 933/415/578 944/415/578 924/417/578
f 930/421/578 942/414/578 941/410/578 892/410/578
f 892/422/578 941/411/578 943/410/578 936/423/578
f 936/423/578 943/410/578 944/415/578 940/415/578
f 940/415/578 944/415/578 942/414/578 930/421/578
f 940/415/612 869/415/612 883/423/612 936/423/612
f 931/395/613 865/395/613 875/413/613 887/413/613
f 893/418/614 879/418/614 866/417/614 939/417/614
f 930/421/615 882/421/615 869/415/615 940/415/615
f 885/409/616 874/409/616 865/395/616 931/395/616
f 927/420/617 881/420/617 872/417/617 924/417/617
f 889/409/618 876/409/618 871/395/618 932/395/618
f 939/417/619 866/417/619 880/417/619 926/417/619
f 886/383/611 864/383/523 874/424/564 885/424/620
f 924/417/621 872/417/621 878/417/621 929/417/621
usemtl texture
f 841/375/490 805/376/491 803/377/492 824/378/493
f 839/375/494 812/376/495 805/377/491 841/378/490
f 833/375/499 809/376/500 810/377/501 835/378/502
f 827/375/503 806/376/504 807/377/505 829/378/506
f 829/375/506 807/376/505 808/377/507 831/378/508
f 831/375/508 808/376/507 809/377/500 833/378/499
f 838/381/509 820/382/510 819/383/510 836/384/511
f 823/385/512 813/382/510 822/383/510 842/384/513
f 828/386/514 815/387/510 814/379/510 826/388/515
f 842/389/513 822/387/510 821/379/510 840/384/516
f 840/390/516 821/382/510 820/379/510 838/384/509
f 837/375/517 811/376/518 812/377/495 839/378/494
f 836/381/511 819/387/510 818/383/510 834/384/519
f 834/385/519 818/382/510 817/383/510 832/384/520
f 832/386/520 817/387/510 816/379/510 830/384/521
f 830/381/521 816/387/510 815/379/510 828/384/514
f 825/375/522 804/376/523 806/377/504 827/378/503
f 835/375/502 810/376/501 811/377/518 837/378/517
f 813/383/524 814/387/525 861/387/525 860/383/524
f 826/381/515 814/387/510 813/383/510 823/384/512
f 824/375/493 825/378/522 826/391/515 823/392/512
f 825/393/522 827/376/503 828/386/514 826/388/515
f 827/375/503 829/378/506 830/391/521 828/392/514
f 829/393/506 831/376/508 832/386/520 830/384/521
f 831/393/508 833/376/499 834/385/519 832/384/520
f 833/393/499 835/376/502 836/381/511 834/384/519
f 835/375/502 837/378/517 838/394/509 836/392/511
f 837/375/517 839/378/494 840/391/516 838/392/509
f 839/393/494 841/376/490 842/389/513 840/384/516
f 841/375/490 824/378/493 823/391/512 842/392/513
f 824/375/493 803/376/492 804/377/523 825/378/522
f 820/379/526 821/382/527 854/382/527 856/379/526
f 817/383/528 818/382/529 857/382/529 853/383/528
f 814/379/525 815/387/530 847/387/530 861/379/525
f 821/379/527 822/387/531 862/387/531 854/379/527
f 818/383/529 819/387/532 844/387/532 857/383/529
f 815/379/530 816/387/533 852/387/533 847/379/530
f 822/383/531 813/382/524 860/382/524 862/383/531
f 819/383/532 820/382/526 856/382/526 844/383/532
f 816/379/533 817/387/528 853/387/528 852/379/533
f 922/375/566 905/378/567 803/377/492 805/376/491
f 920/375/568 922/378/566 805/377/491 812/376/495
f 914/375/571 916/378/572 810/377/501 809/376/500
f 908/375/573 910/378/574 807/377/505 806/376/504
f 910/375/574 912/378/575 808/377/507 807/376/505
f 912/375/575 914/378/571 809/377/500 808/376/507
f 919/381/576 917/384/577 900/383/578 901/382/578
f 904/385/579 923/384/580 903/383/578 894/382/578
f 909/386/581 907/388/582 895/379/578 896/387/578
f 923/389/580 921/384/583 902/379/578 903/387/578
f 921/390/583 919/384/576 901/379/578 902/382/578
f 918/375/584 920/378/568 812/377/495 811/376/518
f 917/381/577 915/384/585 899/383/578 900/387/578
f 915/385/585 913/384/586 898/383/578 899/382/578
f 913/386/586 911/384/587 897/379/578 898/387/578
f 911/381/587 909/384/581 896/379/578 897/387/578
f 906/375/588 908/378/573 806/377/504 804/376/523
f 916/375/572 918/378/584 811/377/518 810/376/501
f 894/383/589 941/383/589 942/387/590 895/387/590
f 907/381/582 904/384/579 894/383/578 895/387/578
f 905/375/567 904/392/579 907/391/582 906/378/588
f 906/393/588 907/388/582 909/386/581 908/376/573
f 908/375/573 909/392/581 911/391/587 910/378/574
f 910/393/574 911/384/587 913/386/586 912/376/575
f 912/393/575 913/384/586 915/385/585 914/376/571
f 914/393/571 915/384/585 917/381/577 916/376/572
f 916/375/572 917/392/577 919/394/576 918/378/584
f 918/375/584 919/392/576 921/391/583 920/378/568
f 920/393/568 921/384/583 923/389/580 922/376/566
f 922/375/566 923/392/580 904/391/579 905/378/567
f 905/375/567 906/378/588 804/377/523 803/376/492
f 901/379/591 937/379/591 935/382/592 902/382/592
f 898/383/593 934/383/593 938/382/594 899/382/594
f 895/379/590 942/379/590 928/387/595 896/387/595
f 902/379/592 935/379/592 943/387/596 903/387/596
f 899/383/594 938/383/594 925/387/597 900/387/597
f 896/379/595 928/379/595 933/387/598 897/387/598
f 903/383/596 943/383/596 941/382/589 894/382/589
f 900/383/597 925/383/597 937/382/591 901/382/591
f 897/379/598 933/379/598 934/387/593 898/387/593
o wheels.048
v 0.951663 0.648541 -1.757603
v 0.951663 0.573375 -1.861060
v 0.951663 0.648541 -1.629724
v 0.951663 0.668653 -1.764138
v 0.893992 0.620168 -1.748384
v 0.893992 0.576371 -1.808666
v 0.893992 0.620168 -1.673872
v 0.836321 0.648541 -1.757603
v 0.836321 0.573375 -1.861060
v 0.836321 0.648541 -1.629724
v 0.836321 0.668653 -1.764138
v 0.753250 0.718943 -1.780478
v 0.836321 0.573375 -1.895278
v 0.836321 0.668653 -1.602041
v 0.753250 0.718943 -1.585701
v 0.836321 0.573375 -1.470902
v 0.836321 0.419212 -1.683090
v 0.836321 0.636214 -1.591501
v 0.836321 0.560984 -1.487957
v 0.836321 0.439260 -1.655495
v 0.893992 0.587269 -1.572446
v 0.893992 0.543434 -1.512113
v 0.893992 0.472508 -1.609733
v 0.951663 0.636214 -1.591501
v 0.951663 0.560984 -1.487957
v 0.951663 0.439260 -1.655495
v 0.951663 0.668653 -1.602041
v 1.034734 0.718943 -1.585701
v 0.951663 0.573375 -1.470902
v 0.951663 0.419212 -1.683090
v 0.951663 0.573375 -1.895278
v 0.951663 0.265049 -1.895278
v 0.951663 0.419212 -1.420811
v 0.951663 0.169770 -1.602041
v 0.951663 0.386772 -1.693630
v 0.951663 0.451755 -1.693664
v 0.951663 0.399099 -1.655407
v 0.951663 0.419212 -1.723624
v 0.951663 0.534825 -1.882752
v 0.951663 0.303599 -1.882752
v 0.893992 0.419212 -1.777349
v 0.893992 0.486577 -1.870069
v 0.893992 0.351847 -1.870069
v 0.836321 0.419212 -1.723624
v 0.836321 0.534825 -1.882752
v 0.836321 0.303599 -1.882752
v 0.836321 0.419212 -1.920317
v 0.836321 0.265049 -1.895278
v 0.753250 0.233968 -1.938057
v 0.836321 0.419212 -1.945368
v 0.836321 0.169770 -1.764138
v 0.836321 0.265049 -1.861169
v 0.836321 0.189819 -1.757624
v 0.836321 0.386772 -1.693630
v 0.893992 0.262051 -1.808730
v 0.893992 0.218216 -1.748397
v 0.893992 0.332976 -1.711109
v 0.951663 0.265049 -1.861169
v 0.951663 0.189819 -1.757624
v 0.951663 0.189819 -1.629636
v 0.951663 0.169770 -1.764138
v 1.034734 0.119480 -1.780478
v 1.034734 0.233968 -1.938057
v 1.034734 0.119480 -1.585701
v 1.034734 0.032544 -1.808726
v 0.994777 -0.007413 -1.821709
v 1.034734 0.180238 -2.012009
v 1.034734 0.032544 -1.557454
v 0.994777 -0.007413 -1.544471
v 1.034734 0.180238 -1.354170
v 0.994777 0.155543 -1.320181
v 1.034734 0.419212 -1.276523
v 1.034734 0.233968 -1.428123
v 0.951663 0.265049 -1.470902
v 1.034734 0.419212 -1.367934
v 1.034734 0.604456 -1.428123
v 1.034734 0.658186 -1.354170
v 0.994777 0.682881 -1.320181
v 1.034734 0.805880 -1.557454
v 0.994777 0.845837 -1.544471
v 1.034734 0.805880 -1.808726
v 0.994777 0.845837 -1.821709
v 1.034734 0.658186 -2.012009
v 1.034734 0.718943 -1.780478
v 1.034734 0.604456 -1.938057
v 1.034734 0.419212 -1.998246
v 0.951663 0.419212 -1.945368
v 1.034734 0.419212 -2.089657
v 0.994777 0.419212 -2.131670
v 0.994777 0.155543 -2.045999
v 0.994777 0.682881 -2.045999
v 0.893992 0.419212 -2.131670
v 0.893992 0.155543 -2.045999
v 0.893992 0.682881 -2.045999
v 0.793207 0.419212 -2.131670
v 0.753250 0.419212 -2.089657
v 0.793207 0.155543 -2.045999
v 0.793207 0.682881 -2.045999
v 0.793207 0.845837 -1.821709
v 0.753250 0.658186 -2.012009
v 0.753250 0.805880 -1.808726
v 0.753250 0.604456 -1.938057
v 0.753250 0.419212 -1.998246
v 0.753250 0.805880 -1.557454
v 0.793207 0.845837 -1.544471
v 0.753250 0.658186 -1.354170
v 0.793207 0.682881 -1.320181
v 0.753250 0.419212 -1.276523
v 0.753250 0.604456 -1.428123
v 0.753250 0.419212 -1.367934
v 0.753250 0.233968 -1.428123
v 0.836321 0.419212 -1.420811
v 0.836321 0.265049 -1.470902
v 0.836321 0.439261 -1.448406
v 0.836321 0.399099 -1.448494
v 0.836321 0.277479 -1.488011
v 0.836321 0.399099 -1.655407
v 0.893992 0.365880 -1.489121
v 0.893992 0.295014 -1.512146
v 0.893992 0.365880 -1.609684
v 0.951663 0.399099 -1.448494
v 0.951663 0.277479 -1.488011
v 0.951663 0.202313 -1.591468
v 0.893992 0.251217 -1.572428
v 0.836321 0.202313 -1.591468
v 0.836321 0.169770 -1.602041
v 0.753250 0.119480 -1.585701
v 0.836321 0.189819 -1.629636
v 0.893992 0.218216 -1.673822
v 0.753250 0.119480 -1.780478
v 0.753250 0.032544 -1.557454
v 0.793207 -0.007413 -1.544471
v 0.753250 0.032544 -1.808726
v 0.753250 0.180238 -1.354170
v 0.793207 0.155543 -1.320181
v 0.793207 0.419212 -1.234510
v 0.893992 0.155543 -1.320181
v 0.893992 0.419212 -1.234510
v 0.893992 -0.007413 -1.544471
v 0.893992 -0.007413 -1.821709
v 0.793207 -0.007413 -1.821709
v 0.893992 0.682881 -1.320181
v 0.994777 0.419212 -1.234510
v 0.893992 0.845837 -1.544471
v 0.893992 0.845837 -1.821709
v 0.753250 0.180238 -2.012009
v 0.893992 0.472508 -1.489067
v 0.951663 0.439261 -1.448406
v 0.951663 0.419212 -1.920317
v 0.893992 0.419212 -1.891957
v 0.893992 0.505505 -1.711128
v 0.836321 0.451755 -1.693664
vn 1.0000 -0.0000 -0.0000
vn 0.4595 -0.8447 0.2745
vn -0.0000 -0.9511 0.3090
vn -0.0000 -0.8090 0.5878
vn 0.4414 -0.7259 0.5274
vn 0.4414 -0.8973 -0.0000
vn -0.0000 -1.0000 -0.0000
vn -0.4595 -0.8447 0.2745
vn -0.4414 -0.7259 0.5274
vn -0.4414 -0.8973 -0.0000
vn -1.0000 -0.0000 -0.0000
vn -0.5370 -0.8023 0.2607
vn -0.5370 -0.4959 0.6825
vn -0.5370 -0.8023 -0.2607
vn -0.5370 -0.4959 -0.6825
vn -0.4598 -0.5220 -0.7184
vn -0.4417 -0.7258 -0.5273
vn -0.0000 -0.8090 -0.5878
vn -0.0000 -0.5878 -0.8090
vn -0.4995 -0.2677 0.8239
vn 0.4598 -0.5220 -0.7184
vn 0.4417 -0.7258 -0.5273
vn 0.4995 -0.2677 0.8239
vn 0.5370 -0.4959 -0.6825
vn 0.5370 -0.8023 -0.2607
vn 0.5370 -0.8023 0.2607
vn 0.4803 -0.7096 -0.5156
vn 0.4803 0.7096 -0.5156
vn -0.4803 -0.7096 -0.5156
vn -0.4803 0.7096 -0.5156
vn -0.4413 -0.0000 0.8974
vn -0.4236 0.2799 0.8615
vn -0.0000 0.3090 0.9511
vn -0.0000 -0.0000 1.0000
vn -0.5370 0.4959 0.6825
vn -0.5370 0.8023 0.2607
vn -0.5370 -0.0000 0.8436
vn -0.4417 0.7258 0.5273
vn -0.4598 0.8446 0.2744
vn -0.0000 0.9511 0.3090
vn -0.0000 0.8090 0.5878
vn -0.4995 -0.7009 0.5092
vn 0.4417 0.7258 0.5273
vn 0.4598 0.8446 0.2744
vn 0.4995 -0.7009 0.5092
vn -0.0000 1.0000 -0.0000
vn 0.4417 0.8971 -0.0000
vn 0.5370 0.8023 0.2607
vn 0.5370 0.8023 -0.2607
vn 0.5370 0.4959 0.6825
vn 0.9022 -0.4102 -0.1333
vn 0.9022 -0.2535 -0.3490
vn 0.9022 -0.4102 0.1333
vn 0.3686 -0.8841 -0.2873
vn 0.3686 -0.8841 0.2873
vn 0.3686 -0.5464 -0.7521
vn 0.9022 -0.2535 0.3490
vn 0.3686 -0.5464 0.7521
vn 0.9022 -0.0000 0.4314
vn 0.3686 -0.0000 0.9296
vn 0.5370 0.4959 -0.6825
vn 0.5370 -0.0000 -0.8436
vn 0.9022 0.2535 0.3490
vn 0.9022 0.4102 0.1333
vn 0.3686 0.5464 0.7521
vn 0.3686 0.8841 0.2873
vn 0.9022 0.4102 -0.1333
vn 0.3686 0.8841 -0.2873
vn 0.9022 0.2535 -0.3490
vn 0.3686 0.5464 -0.7521
vn 0.5370 -0.4959 0.6825
vn 0.5370 -0.0000 0.8436
vn 0.9022 -0.0000 -0.4314
vn 0.3686 -0.0000 -0.9296
vn -0.0000 -0.0000 -1.0000
vn -0.0000 0.5878 -0.8090
vn -0.3686 -0.0000 -0.9296
vn -0.3686 -0.5464 -0.7521
vn -0.3686 0.5464 -0.7521
vn -0.9022 -0.0000 -0.4314
vn -0.9022 0.2535 -0.3490
vn -0.9022 -0.2535 -0.3490
vn -0.3686 0.8841 -0.2873
vn -0.9022 0.4102 -0.1333
vn -0.0000 0.9511 -0.3090
vn -0.3686 0.8841 0.2873
vn -0.9022 0.4102 0.1333
vn -0.3686 0.5464 0.7521
vn -0.9022 0.2535 0.3490
vn -0.3686 -0.0000 0.9296
vn -0.9022 -0.0000 0.4314
vn -0.5370 -0.0000 -0.8436
vn -0.5370 0.4959 -0.6825
vn -0.9022 -0.2535 0.3490
vn -0.4595 0.5221 -0.7186
vn -0.4414 0.2773 -0.8534
vn -0.0000 0.3090 -0.9511
vn -0.4991 -0.8665 -0.0000
vn 0.4595 0.5221 -0.7186
vn 0.4414 0.2773 -0.8534
vn 0.4991 -0.8665 -0.0000
vn 0.4414 0.7259 -0.5274
vn -0.0000 0.8090 -0.5878
vn 0.4991 0.2678 0.8241
vn -0.4414 0.7259 -0.5274
vn -0.4991 0.2678 0.8241
vn -0.5370 0.8023 -0.2607
vn -0.4995 -0.2677 -0.8239
vn -0.4417 0.8971 -0.0000
vn 0.4995 -0.2677 -0.8239
vn -0.9022 -0.4102 0.1333
vn -0.9022 -0.4102 -0.1333
vn -0.3686 -0.8841 0.2873
vn -0.3686 -0.5464 0.7521
vn -0.3686 -0.8841 -0.2873
vn -0.0000 -0.5878 0.8090
vn -0.0000 -0.9511 -0.3090
vn -0.0000 0.5878 0.8090
vn -0.4995 0.8663 -0.0000
vn -0.4417 -0.2772 -0.8532
vn -0.0000 -0.3090 -0.9511
vn 0.4995 0.8663 -0.0000
vn 0.4417 -0.2772 -0.8532
vn 0.4413 -0.0000 0.8974
vn 0.4236 0.2799 0.8615
vn 0.4236 -0.2799 0.8615
vn -0.0000 -0.3090 0.9511
vn -0.4236 -0.2799 0.8615
vn 0.4991 0.7010 0.5093
vn 0.4991 0.2678 -0.8241
vn -0.4991 0.7010 0.5093
vn -0.4991 0.2678 -0.8241
vt 0.988834 0.528250
vt 0.992356 0.528250
vt 0.975668 0.528250
vt 0.969168 0.356028
vt 0.982334 0.356028
vt 0.991011 0.528250
vt 0.992356 0.528250
vt 0.977845 0.528250
vt 0.971345 0.356028
vt 0.984511 0.356028
vt 0.985856 0.356028
vt 0.985856 0.356028
vt 0.969168 0.356028
vt 0.988845 0.528250
vt 0.975668 0.528250
vt 0.975668 0.528250
vt 0.982345 0.356028
vt 0.978247 0.528250
vt 0.988183 0.528250
vt 0.977838 0.528250
vt 0.988833 0.528250
vt 0.977838 0.528250
vt 0.969168 0.356028
vt 0.981683 0.356028
vt 0.991015 0.528250
vt 0.971338 0.356028
vt 0.984515 0.356028
vt 0.982345 0.356028
vt 0.990697 0.350349
vt 0.969168 0.350348
vt 0.990697 0.350349
vt 0.969168 0.350349
vt 0.975777 0.347738
vt 0.969168 0.349043
vt 0.969168 0.374303
vt 0.975777 0.375608
vt 0.969168 0.347738
vt 0.992922 0.347738
vt 0.990697 0.350349
vt 0.969168 0.374303
vt 0.990697 0.350348
vt 0.990697 0.350349
vt 0.992922 0.375608
vt 0.982334 0.356028
vt 0.984511 0.356028
vt 0.991011 0.528250
vt 0.971338 0.356028
vt 0.990762 0.528250
vt 0.971747 0.356028
vt 0.984262 0.356028
s 1
usemtl metallic
f 946/425/622 975/426/622 948/427/622 945/427/622
f 945/428/623 949/428/624 950/429/625 946/429/626
f 945/430/622 948/431/622 971/427/622 947/432/622
f 947/433/627 951/433/628 949/434/624 945/434/623
f 952/428/629 953/429/630 950/429/625 949/428/624
f 954/433/631 952/434/629 949/434/624 951/433/628
f 953/425/632 952/427/632 955/427/632 957/426/632
f 952/430/632 954/432/632 958/427/632 955/431/632
f 962/438/632 963/439/632 960/439/632 958/431/632
f 954/432/632 1096/432/632 961/427/632 958/427/632
f 964/440/632 962/438/632 958/431/632 961/427/632
f 963/437/637 962/441/638 965/441/639 966/437/640
f 962/438/641 964/440/641 967/440/641 965/438/641
f 969/437/642 966/437/640 965/441/639 968/441/643
f 968/438/644 965/438/644 967/440/644 970/440/644
f 968/438/622 971/431/622 973/439/622 969/439/622
f 970/440/622 974/427/622 971/431/622 968/438/622
f 947/432/622 971/427/622 974/427/622 980/432/622
f 983/442/622 975/439/622 974/427/622 982/427/622
f 980/432/622 974/427/622 975/426/622 946/425/622
f 982/427/622 974/427/622 976/426/622 984/443/622
f 1002/444/622 976/427/622 974/427/622 979/440/622
f 981/432/622 974/427/622 977/431/622 1065/445/622
f 1092/446/622 977/439/622 974/427/622 970/440/622
f 1067/432/622 978/427/622 974/427/622 981/432/622
f 979/440/622 974/427/622 978/426/622 1004/438/622
f 982/427/648 985/427/648 986/442/648 983/442/648
f 984/443/649 987/443/649 985/427/649 982/427/649
f 988/427/650 989/442/650 986/442/650 985/427/650
f 990/443/651 988/427/651 985/427/651 987/443/651
f 989/442/632 988/427/632 961/427/632 957/439/632
f 988/427/632 990/443/632 992/426/632 961/427/632
f 990/443/632 991/439/632 994/439/632 992/426/632
f 991/447/652 990/448/653 987/448/654 1094/447/655
f 997/449/632 996/444/632 992/427/632 995/426/632
f 996/444/632 998/440/632 961/427/632 992/427/632
f 996/450/659 997/451/660 1000/451/661 999/450/662
f 998/440/663 996/444/663 999/444/663 1001/440/663
f 1002/450/664 999/450/662 1000/451/661 1003/451/665
f 979/440/666 1001/440/666 999/444/666 1002/444/666
f 1003/449/622 1005/426/622 976/427/622 1002/444/622
f 1004/438/622 978/426/622 1005/427/622 1003/427/622
f 1003/428/665 1000/428/661 1073/452/667 1004/452/668
f 963/449/632 1058/446/632 1056/439/632 960/426/632
f 1059/445/632 1060/427/632 1057/439/632 1056/431/632
f 1061/432/632 1059/445/632 1056/431/632 961/427/632
f 1058/446/632 964/440/632 961/427/632 1056/439/632
f 1060/428/716 1059/468/717 1062/468/718 1063/428/697
f 1059/445/719 1061/432/719 1064/432/719 1062/445/719
f 1066/428/720 1063/428/697 1062/468/718 1065/468/721
f 1065/445/722 1062/445/722 1064/432/722 981/432/722
f 1065/445/622 977/431/622 1018/439/622 1066/427/622
f 1067/433/723 1068/433/724 1063/469/697 1066/469/720
f 1066/470/622 1018/426/622 978/427/622 1067/432/622
f 981/432/725 1064/432/725 1068/432/725 1067/432/725
f 1069/433/726 1060/469/716 1063/469/697 1068/433/724
f 1061/432/727 1069/432/727 1068/432/727 1064/432/727
f 1060/470/632 1069/432/632 1070/427/632 1057/426/632
f 1069/432/632 1061/432/632 961/427/632 1070/427/632
f 1072/438/632 997/427/632 995/427/632 1070/426/632
f 998/440/632 1072/438/632 1070/426/632 961/427/632
f 1072/438/729 998/440/729 1001/440/729 1073/438/729
f 997/428/660 1072/452/730 1073/452/667 1000/428/661
f 1004/438/731 1073/438/731 1001/440/731 979/440/731
f 964/440/740 1058/446/740 1091/446/740 967/440/740
f 1058/471/741 963/451/637 966/451/640 1091/471/742
f 970/440/743 967/440/743 1091/446/743 1092/446/743
f 1092/471/744 1091/471/742 966/451/640 969/451/642
f 969/449/622 973/426/622 977/439/622 1092/446/622
f 984/443/622 976/426/622 1031/439/622 1093/439/622
f 1093/472/622 1031/431/622 975/439/622 983/442/622
f 1093/447/745 1094/447/655 987/448/654 984/448/746
f 983/473/747 986/473/748 1094/474/655 1093/474/745
f 989/473/749 991/474/652 1094/474/655 986/473/748
f 991/472/632 989/442/632 957/439/632 994/431/632
f 946/425/750 950/425/750 1095/432/750 980/432/750
f 980/432/751 1095/432/751 951/432/751 947/432/751
f 953/425/752 1096/432/752 1095/432/752 950/425/752
f 1096/432/753 954/432/753 951/432/753 1095/432/753
f 1096/432/632 953/425/632 957/426/632 961/427/632
usemtl texture
f 956/428/633 1046/435/634 957/435/634 955/428/633
f 959/428/635 956/436/633 955/436/633 958/428/635
f 1053/437/636 959/436/635 958/436/635 960/437/636
f 1020/437/645 973/437/645 971/436/646 972/436/646
f 972/428/646 971/428/646 948/436/647 1028/436/647
f 993/428/656 1074/435/657 995/435/657 992/428/656
f 1047/437/658 993/435/656 992/435/656 994/437/658
f 1006/428/669 1005/428/669 978/435/670 1008/435/670
f 1007/428/671 976/428/671 1005/435/669 1006/435/669
f 1009/453/672 1011/454/673 1007/428/622 1006/435/622
f 1012/455/674 1009/456/672 1006/428/622 1008/435/622
f 1010/457/675 1009/458/672 1012/459/674 1013/460/676
f 1034/461/677 1011/454/673 1009/453/672 1010/462/675
f 1013/461/676 1012/456/674 1014/453/678 1015/462/679
f 1014/453/678 1012/456/674 1008/428/622 1017/435/622
f 1015/461/679 1014/456/678 1016/463/680 1087/462/681
f 1016/463/680 1014/456/678 1017/437/622 1019/436/622
f 1008/428/670 978/428/670 1018/435/682 1017/435/682
f 1017/437/682 1018/437/682 977/436/683 1019/436/683
f 1019/437/683 977/437/683 973/435/645 1020/435/645
f 1021/455/684 1016/456/680 1019/437/622 1020/435/622
f 1023/455/685 1021/456/684 1020/437/622 972/436/622
f 1022/457/686 1021/458/684 1023/464/685 1024/460/687
f 1087/461/681 1016/456/680 1021/455/684 1022/462/686
f 1024/457/687 1023/458/685 1025/459/688 1026/460/689
f 1025/465/688 1023/456/685 972/428/622 1028/436/622
f 1026/461/689 1025/456/688 1027/466/690 1035/462/691
f 1027/466/690 1025/456/688 1028/428/622 1029/435/622
f 1028/428/647 948/428/647 975/435/692 1029/435/692
f 1029/437/692 975/437/692 1031/436/693 1030/436/693
f 1032/463/694 1027/456/690 1029/437/622 1030/436/622
f 1011/455/673 1032/456/694 1030/437/622 1007/435/622
f 1030/437/693 1031/437/693 976/435/671 1007/435/671
f 1035/457/691 1027/458/690 1032/459/694 1033/460/695
f 1033/457/695 1032/458/694 1011/459/673 1034/460/677
f 1033/457/695 1034/460/677 1037/467/640 1036/462/696
f 1035/457/691 1033/460/695 1036/467/696 1038/462/697
f 1039/457/698 1036/462/696 1037/467/640 1041/460/699
f 1042/457/700 1038/462/697 1036/467/696 1039/460/698
f 1042/457/700 1039/460/698 1040/459/701 1044/458/702
f 1039/457/698 1041/460/699 1090/459/703 1040/458/701
f 1043/461/704 1042/462/700 1044/466/702 1045/456/705
f 1043/457/704 1089/462/706 1038/467/697 1042/460/700
f 1044/466/702 1046/435/632 956/428/632 1045/456/705
f 1040/463/701 1047/436/632 1046/437/632 1044/456/702
f 1046/437/634 1047/436/658 994/436/658 957/437/634
f 1090/455/703 993/435/632 1047/437/632 1040/456/701
f 1049/457/707 1043/460/704 1045/459/705 1048/458/708
f 1045/465/705 956/436/632 959/428/632 1048/456/708
f 1051/457/709 1049/460/707 1048/464/708 1050/458/710
f 1048/455/708 959/436/632 1053/437/632 1050/456/710
f 1080/461/711 1051/462/709 1050/455/710 1052/456/712
f 1050/455/710 1053/435/632 1054/437/632 1052/456/712
f 1054/437/713 1053/435/636 960/435/636 1056/437/713
f 1055/437/714 1054/436/713 1056/436/713 1057/437/714
f 1052/463/712 1054/436/632 1055/437/632 1078/456/715
f 1071/428/728 1055/435/714 1057/435/714 1070/428/728
f 1074/428/657 1071/435/728 1070/435/728 995/428/657
f 1075/455/732 1071/435/632 1074/428/632 1077/456/733
f 1078/453/715 1055/435/632 1071/428/632 1075/456/732
f 1076/461/734 1079/462/735 1078/453/715 1075/456/732
f 1085/457/736 1076/460/734 1075/459/732 1077/458/733
f 1079/461/735 1080/462/711 1052/463/712 1078/456/715
f 1076/457/734 1083/462/624 1081/467/737 1079/460/735
f 1079/457/735 1081/462/737 1082/467/655 1080/460/711
f 1015/457/679 1087/460/681 1082/467/655 1081/462/737
f 1013/457/676 1015/460/679 1081/467/737 1083/462/624
f 1085/457/736 1084/462/738 1083/467/624 1076/460/734
f 1010/457/675 1013/460/676 1083/467/624 1084/462/738
f 1041/457/699 1037/462/640 1084/467/738 1085/460/736
f 1034/457/677 1010/460/675 1084/467/738 1037/462/640
f 1041/461/699 1085/462/736 1077/453/733 1090/454/703
f 1080/457/711 1082/462/655 1086/467/739 1051/460/709
f 1087/457/681 1022/460/686 1086/467/739 1082/462/655
f 1051/457/709 1086/462/739 1088/467/661 1049/460/707
f 1022/457/686 1024/460/687 1088/467/661 1086/462/739
f 1049/457/707 1088/462/661 1089/467/706 1043/460/704
f 1024/457/687 1026/460/689 1089/467/706 1088/462/661
f 1026/457/689 1035/460/691 1038/467/697 1089/462/706
f 1077/453/733 1074/435/632 993/428/632 1090/454/703
o wheels.049
v 0.950009 0.641964 1.424113
v 0.950009 0.568954 1.323623
v 0.950009 0.641964 1.548324
v 0.950009 0.661500 1.417765
v 0.893992 0.614405 1.433067
v 0.893992 0.571863 1.374514
v 0.893992 0.614405 1.505443
v 0.837975 0.641964 1.424113
v 0.837975 0.568954 1.323623
v 0.837975 0.641964 1.548324
v 0.837975 0.661500 1.417765
v 0.757287 0.710347 1.401893
v 0.837975 0.568954 1.290387
v 0.837975 0.661500 1.575213
v 0.757287 0.710347 1.591085
v 0.837975 0.568954 1.702591
v 0.837975 0.419212 1.496489
v 0.837975 0.629991 1.585451
v 0.837975 0.556919 1.686026
v 0.837975 0.438686 1.523292
v 0.893992 0.582449 1.603960
v 0.893992 0.539872 1.662563
v 0.893992 0.470980 1.567742
v 0.950009 0.629991 1.585451
v 0.950009 0.556919 1.686026
v 0.950009 0.438686 1.523292
v 0.950009 0.661500 1.575213
v 1.030698 0.710347 1.591085
v 0.950009 0.568954 1.702591
v 0.950009 0.419212 1.496489
v 0.950009 0.568954 1.290387
v 0.950009 0.269470 1.290387
v 0.950009 0.419212 1.751246
v 0.950009 0.176924 1.575213
v 0.950009 0.387703 1.486251
v 0.950009 0.450821 1.486219
v 0.950009 0.399676 1.523378
v 0.950009 0.419212 1.457118
v 0.950009 0.531509 1.302553
v 0.950009 0.306914 1.302553
v 0.893992 0.419212 1.404933
v 0.893992 0.484645 1.314872
v 0.893992 0.353779 1.314872
v 0.837975 0.419212 1.457118
v 0.837975 0.531509 1.302553
v 0.837975 0.306914 1.302553
v 0.837975 0.419212 1.266066
v 0.837975 0.269470 1.290387
v 0.757287 0.239280 1.248834
v 0.837975 0.419212 1.241733
v 0.837975 0.176924 1.417765
v 0.837975 0.269470 1.323517
v 0.837975 0.196398 1.424092
v 0.837975 0.387703 1.486251
v 0.893992 0.266558 1.374452
v 0.893992 0.223980 1.433055
v 0.893992 0.335449 1.469273
v 0.950009 0.269470 1.323517
v 0.950009 0.196398 1.424092
v 0.950009 0.196398 1.548410
v 0.950009 0.176924 1.417765
v 1.030698 0.128076 1.401893
v 1.030698 0.239280 1.248834
v 1.030698 0.128076 1.591085
v 1.030698 0.043633 1.374456
v 0.991887 0.004822 1.361846
v 1.030698 0.187091 1.177003
v 1.030698 0.043633 1.618522
v 0.991887 0.004822 1.631132
v 1.030698 0.187091 1.815975
v 0.991887 0.163105 1.848990
v 1.030698 0.419212 1.891396
v 1.030698 0.239280 1.744144
v 0.950009 0.269470 1.702591
v 1.030698 0.419212 1.802607
v 1.030698 0.599143 1.744144
v 1.030698 0.651332 1.815975
v 0.991887 0.675319 1.848990
v 1.030698 0.794791 1.618522
v 0.991887 0.833602 1.631132
v 1.030698 0.794791 1.374456
v 0.991887 0.833602 1.361846
v 1.030698 0.651332 1.177003
v 1.030698 0.710347 1.401893
v 1.030698 0.599143 1.248834
v 1.030698 0.419212 1.190371
v 0.950009 0.419212 1.241733
v 1.030698 0.419212 1.101582
v 0.991887 0.419212 1.060774
v 0.991887 0.163105 1.143988
v 0.991887 0.675319 1.143988
v 0.893992 0.419212 1.060774
v 0.893992 0.163105 1.143988
v 0.893992 0.675319 1.143988
v 0.796098 0.419212 1.060774
v 0.757287 0.419212 1.101582
v 0.796098 0.163105 1.143988
v 0.796098 0.675319 1.143988
v 0.796098 0.833602 1.361846
v 0.757287 0.651332 1.177003
v 0.757287 0.794791 1.374456
v 0.757287 0.599143 1.248834
v 0.757287 0.419212 1.190371
v 0.757287 0.794791 1.618522
v 0.796098 0.833602 1.631132
v 0.757287 0.651332 1.815975
v 0.796098 0.675319 1.848990
v 0.757287 0.419212 1.891396
v 0.757287 0.599143 1.744144
v 0.757287 0.419212 1.802607
v 0.757287 0.239280 1.744144
v 0.837975 0.419212 1.751246
v 0.837975 0.269470 1.702591
v 0.837975 0.438686 1.724442
v 0.837975 0.399676 1.724357
v 0.837975 0.281544 1.685973
v 0.837975 0.399676 1.523378
v 0.893992 0.367409 1.684895
v 0.893992 0.298576 1.662530
v 0.893992 0.367409 1.567789
v 0.950009 0.399676 1.724357
v 0.950009 0.281544 1.685973
v 0.950009 0.208534 1.585484
v 0.893992 0.256035 1.603977
v 0.837975 0.208534 1.585484
v 0.837975 0.176924 1.575213
v 0.757287 0.128076 1.591085
v 0.837975 0.196398 1.548410
v 0.893992 0.223980 1.505491
v 0.757287 0.128076 1.401893
v 0.757287 0.043633 1.618522
v 0.796098 0.004822 1.631132
v 0.757287 0.043633 1.374456
v 0.757287 0.187091 1.815975
v 0.796098 0.163105 1.848990
v 0.796098 0.419212 1.932204
v 0.893992 0.163105 1.848990
v 0.893992 0.419212 1.932204
v 0.893992 0.004822 1.631132
v 0.893992 0.004822 1.361846
v 0.796098 0.004822 1.361846
v 0.893992 0.675319 1.848990
v 0.991887 0.419212 1.932204
v 0.893992 0.833602 1.631132
v 0.893992 0.833602 1.361846
v 0.757287 0.187091 1.177003
v 0.893992 0.470980 1.684947
v 0.950009 0.438686 1.724442
v 0.950009 0.419212 1.266066
v 0.893992 0.419212 1.293612
v 0.893992 0.503030 1.469255
v 0.837975 0.450821 1.486219
vn 1.0000 -0.0000 -0.0000
vn 0.4595 -0.8447 0.2745
vn -0.0000 -0.9511 0.3090
vn -0.0000 -0.8090 0.5878
vn 0.4414 -0.7259 0.5274
vn 0.4414 -0.8973 -0.0000
vn -0.0000 -1.0000 -0.0000
vn -0.4595 -0.8447 0.2745
vn -0.4414 -0.7259 0.5274
vn -0.4414 -0.8973 -0.0000
vn -1.0000 -0.0000 -0.0000
vn -0.5370 -0.8023 0.2607
vn -0.5370 -0.4959 0.6825
vn -0.5370 -0.8023 -0.2607
vn -0.5370 -0.4959 -0.6825
vn -0.4598 -0.5220 -0.7184
vn -0.4417 -0.7258 -0.5273
vn -0.0000 -0.8090 -0.5878
vn -0.0000 -0.5878 -0.8090
vn -0.4995 -0.2677 0.8239
vn 0.4598 -0.5220 -0.7184
vn 0.4417 -0.7258 -0.5273
vn 0.4995 -0.2677 0.8239
vn 0.5370 -0.4959 -0.6825
vn 0.5370 -0.8023 -0.2607
vn 0.5370 -0.8023 0.2607
vn 0.4803 -0.7096 -0.5156
vn 0.4803 0.7096 -0.5156
vn -0.4803 -0.7096 -0.5156
vn -0.4803 0.7096 -0.5156
vn -0.4413 -0.0000 0.8974
vn -0.4236 0.2799 0.8615
vn -0.0000 0.3090 0.9511
vn -0.0000 -0.0000 1.0000
vn -0.5370 0.4959 0.6825
vn -0.5370 0.8023 0.2607
vn -0.5370 -0.0000 0.8436
vn -0.4417 0.7258 0.5273
vn -0.4598 0.8446 0.2744
vn -0.0000 0.9511 0.3090
vn -0.0000 0.8090 0.5878
vn -0.4995 -0.7009 0.5092
vn 0.4417 0.7258 0.5273
vn 0.4598 0.8446 0.2744
vn 0.4995 -0.7009 0.5092
vn -0.0000 1.0000 -0.0000
vn 0.4417 0.8971 -0.0000
vn 0.5370 0.8023 0.2607
vn 0.5370 0.8023 -0.2607
vn 0.5370 0.4959 0.6825
vn 0.9022 -0.4102 -0.1333
vn 0.9022 -0.2535 -0.3490
vn 0.9022 -0.4102 0.1333
vn 0.3686 -0.8841 -0.2873
vn 0.3686 -0.8841 0.2873
vn 0.3686 -0.5464 -0.7521
vn 0.9022 -0.2535 0.3490
vn 0.3686 -0.5464 0.7521
vn 0.9022 -0.0000 0.4314
vn 0.3686 -0.0000 0.9296
vn 0.5370 0.4959 -0.6825
vn 0.5370 -0.0000 -0.8436
vn 0.9022 0.2535 0.3490
vn 0.9022 0.4102 0.1333
vn 0.3686 0.5464 0.7521
vn 0.3686 0.8841 0.2873
vn 0.9022 0.4102 -0.1333
vn 0.3686 0.8841 -0.2873
vn 0.9022 0.2535 -0.3490
vn 0.3686 0.5464 -0.7521
vn 0.5370 -0.4959 0.6825
vn 0.5370 -0.0000 0.8436
vn 0.9022 -0.0000 -0.4314
vn 0.3686 -0.0000 -0.9296
vn -0.0000 -0.0000 -1.0000
vn -0.0000 0.5878 -0.8090
vn -0.3686 -0.0000 -0.9296
vn -0.3686 -0.5464 -0.7521
vn -0.3686 0.5464 -0.7521
vn -0.9022 -0.0000 -0.4314
vn -0.9022 0.2535 -0.3490
vn -0.9022 -0.2535 -0.3490
vn -0.3686 0.8841 -0.2873
vn -0.9022 0.4102 -0.1333
vn -0.0000 0.9511 -0.3090
vn -0.3686 0.8841 0.2873
vn -0.9022 0.4102 0.1333
vn -0.3686 0.5464 0.7521
vn -0.9022 0.2535 0.3490
vn -0.3686 -0.0000 0.9296
vn -0.9022 -0.0000 0.4314
vn -0.5370 -0.0000 -0.8436
vn -0.5370 0.4959 -0.6825
vn -0.9022 -0.2535 0.3490
vn -0.4595 0.5221 -0.7186
vn -0.4414 0.2773 -0.8534
vn -0.0000 0.3090 -0.9511
vn -0.4991 -0.8665 -0.0000
vn 0.4595 0.5221 -0.7186
vn 0.4414 0.2773 -0.8534
vn 0.4991 -0.8665 -0.0000
vn 0.4414 0.7259 -0.5274
vn -0.0000 0.8090 -0.5878
vn 0.4991 0.2678 0.8241
vn -0.4414 0.7259 -0.5274
vn -0.4991 0.2678 0.8241
vn -0.5370 0.8023 -0.2607
vn -0.4995 -0.2677 -0.8239
vn -0.4417 0.8971 -0.0000
vn 0.4995 -0.2677 -0.8239
vn -0.9022 -0.4102 0.1333
vn -0.9022 -0.4102 -0.1333
vn -0.3686 -0.8841 0.2873
vn -0.3686 -0.5464 0.7521
vn -0.3686 -0.8841 -0.2873
vn -0.0000 -0.5878 0.8090
vn -0.0000 -0.9511 -0.3090
vn -0.0000 0.5878 0.8090
vn -0.4995 0.8663 -0.0000
vn -0.4417 -0.2772 -0.8532
vn -0.0000 -0.3090 -0.9511
vn 0.4995 0.8663 -0.0000
vn 0.4417 -0.2772 -0.8532
vn 0.4413 -0.0000 0.8974
vn 0.4236 0.2799 0.8615
vn 0.4236 -0.2799 0.8615
vn -0.0000 -0.3090 0.9511
vn -0.4236 -0.2799 0.8615
vn 0.4991 0.7010 0.5093
vn 0.4991 0.2678 -0.8241
vn -0.4991 0.7010 0.5093
vn -0.4991 0.2678 -0.8241
vt 0.988834 0.528250
vt 0.992356 0.528250
vt 0.975668 0.528250
vt 0.969168 0.356028
vt 0.982334 0.356028
vt 0.991011 0.528250
vt 0.992356 0.528250
vt 0.977845 0.528250
vt 0.971345 0.356028
vt 0.984511 0.356028
vt 0.985856 0.356028
vt 0.985856 0.356028
vt 0.969168 0.356028
vt 0.988845 0.528250
vt 0.975668 0.528250
vt 0.975668 0.528250
vt 0.982345 0.356028
vt 0.978247 0.528250
vt 0.988183 0.528250
vt 0.977838 0.528250
vt 0.988833 0.528250
vt 0.977838 0.528250
vt 0.969168 0.356028
vt 0.981683 0.356028
vt 0.991015 0.528250
vt 0.971338 0.356028
vt 0.984515 0.356028
vt 0.982345 0.356028
vt 0.990697 0.350349
vt 0.969168 0.350348
vt 0.990697 0.350349
vt 0.969168 0.350349
vt 0.975777 0.347738
vt 0.969168 0.349043
vt 0.969168 0.374303
vt 0.975777 0.375608
vt 0.969168 0.347738
vt 0.992922 0.347738
vt 0.990697 0.350349
vt 0.969168 0.374303
vt 0.990697 0.350348
vt 0.990697 0.350349
vt 0.992922 0.375608
vt 0.982334 0.356028
vt 0.984511 0.356028
vt 0.991011 0.528250
vt 0.971338 0.356028
vt 0.990762 0.528250
vt 0.971747 0.356028
vt 0.984262 0.356028
s 1
usemtl metallic
f 1098/475/754 1127/476/754 1100/477/754 1097/477/754
f 1097/478/755 1101/478/756 1102/479/757 1098/479/758
f 1097/480/754 1100/481/754 1123/477/754 1099/482/754
f 1099/483/759 1103/483/760 1101/484/756 1097/484/755
f 1104/478/761 1105/479/762 1102/479/757 1101/478/756
f 1106/483/763 1104/484/761 1101/484/756 1103/483/760
f 1105/475/764 1104/477/764 1107/477/764 1109/476/764
f 1104/480/764 1106/482/764 1110/477/764 1107/481/764
f 1114/488/764 1115/489/764 1112/489/764 1110/481/764
f 1106/482/764 1248/482/764 1113/477/764 1110/477/764
f 1116/490/764 1114/488/764 1110/481/764 1113/477/764
f 1115/487/769 1114/491/770 1117/491/771 1118/487/772
f 1114/488/773 1116/490/773 1119/490/773 1117/488/773
f 1121/487/774 1118/487/772 1117/491/771 1120/491/775
f 1120/488/776 1117/488/776 1119/490/776 1122/490/776
f 1120/488/754 1123/481/754 1125/489/754 1121/489/754
f 1122/490/754 1126/477/754 1123/481/754 1120/488/754
f 1099/482/754 1123/477/754 1126/477/754 1132/482/754
f 1135/492/754 1127/489/754 1126/477/754 1134/477/754
f 1132/482/754 1126/477/754 1127/476/754 1098/475/754
f 1134/477/754 1126/477/754 1128/476/754 1136/493/754
f 1154/494/754 1128/477/754 1126/477/754 1131/490/754
f 1133/482/754 1126/477/754 1129/481/754 1217/495/754
f 1244/496/754 1129/489/754 1126/477/754 1122/490/754
f 1219/482/754 1130/477/754 1126/477/754 1133/482/754
f 1131/490/754 1126/477/754 1130/476/754 1156/488/754
f 1134/477/780 1137/477/780 1138/492/780 1135/492/780
f 1136/493/781 1139/493/781 1137/477/781 1134/477/781
f 1140/477/782 1141/492/782 1138/492/782 1137/477/782
f 1142/493/783 1140/477/783 1137/477/783 1139/493/783
f 1141/492/764 1140/477/764 1113/477/764 1109/489/764
f 1140/477/764 1142/493/764 1144/476/764 1113/477/764
f 1142/493/764 1143/489/764 1146/489/764 1144/476/764
f 1143/497/784 1142/498/785 1139/498/786 1246/497/787
f 1149/499/764 1148/494/764 1144/477/764 1147/476/764
f 1148/494/764 1150/490/764 1113/477/764 1144/477/764
f 1148/500/791 1149/501/792 1152/501/793 1151/500/794
f 1150/490/795 1148/494/795 1151/494/795 1153/490/795
f 1154/500/796 1151/500/794 1152/501/793 1155/501/797
f 1131/490/798 1153/490/798 1151/494/798 1154/494/798
f 1155/499/754 1157/476/754 1128/477/754 1154/494/754
f 1156/488/754 1130/476/754 1157/477/754 1155/477/754
f 1155/478/797 1152/478/793 1225/502/799 1156/502/800
f 1115/499/764 1210/496/764 1208/489/764 1112/476/764
f 1211/495/764 1212/477/764 1209/489/764 1208/481/764
f 1213/482/764 1211/495/764 1208/481/764 1113/477/764
f 1210/496/764 1116/490/764 1113/477/764 1208/489/764
f 1212/478/848 1211/518/849 1214/518/850 1215/478/829
f 1211/495/851 1213/482/851 1216/482/851 1214/495/851
f 1218/478/852 1215/478/829 1214/518/850 1217/518/853
f 1217/495/854 1214/495/854 1216/482/854 1133/482/854
f 1217/495/754 1129/481/754 1170/489/754 1218/477/754
f 1219/483/855 1220/483/856 1215/519/829 1218/519/852
f 1218/520/754 1170/476/754 1130/477/754 1219/482/754
f 1133/482/857 1216/482/857 1220/482/857 1219/482/857
f 1221/483/858 1212/519/848 1215/519/829 1220/483/856
f 1213/482/859 1221/482/859 1220/482/859 1216/482/859
f 1212/520/764 1221/482/764 1222/477/764 1209/476/764
f 1221/482/764 1213/482/764 1113/477/764 1222/477/764
f 1224/488/764 1149/477/764 1147/477/764 1222/476/764
f 1150/490/764 1224/488/764 1222/476/764 1113/477/764
f 1224/488/861 1150/490/861 1153/490/861 1225/488/861
f 1149/478/792 1224/502/862 1225/502/799 1152/478/793
f 1156/488/863 1225/488/863 1153/490/863 1131/490/863
f 1116/490/872 1210/496/872 1243/496/872 1119/490/872
f 1210/521/873 1115/501/769 1118/501/772 1243/521/874
f 1122/490/875 1119/490/875 1243/496/875 1244/496/875
f 1244/521/876 1243/521/874 1118/501/772 1121/501/774
f 1121/499/754 1125/476/754 1129/489/754 1244/496/754
f 1136/493/754 1128/476/754 1183/489/754 1245/489/754
f 1245/522/754 1183/481/754 1127/489/754 1135/492/754
f 1245/497/877 1246/497/787 1139/498/786 1136/498/878
f 1135/523/879 1138/523/880 1246/524/787 1245/524/877
f 1141/523/881 1143/524/784 1246/524/787 1138/523/880
f 1143/522/764 1141/492/764 1109/489/764 1146/481/764
f 1098/475/882 1102/475/882 1247/482/882 1132/482/882
f 1132/482/883 1247/482/883 1103/482/883 1099/482/883
f 1105/475/884 1248/482/884 1247/482/884 1102/475/884
f 1248/482/885 1106/482/885 1103/482/885 1247/482/885
f 1248/482/764 1105/475/764 1109/476/764 1113/477/764
usemtl texture
f 1108/478/765 1198/485/766 1109/485/766 1107/478/765
f 1111/478/767 1108/486/765 1107/486/765 1110/478/767
f 1205/487/768 1111/486/767 1110/486/767 1112/487/768
f 1172/487/777 1125/487/777 1123/486/778 1124/486/778
f 1124/478/778 1123/478/778 1100/486/779 1180/486/779
f 1145/478/788 1226/485/789 1147/485/789 1144/478/788
f 1199/487/790 1145/485/788 1144/485/788 1146/487/790
f 1158/478/801 1157/478/801 1130/485/802 1160/485/802
f 1159/478/803 1128/478/803 1157/485/801 1158/485/801
f 1161/503/804 1163/504/805 1159/478/754 1158/485/754
f 1164/505/806 1161/506/804 1158/478/754 1160/485/754
f 1162/507/807 1161/508/804 1164/509/806 1165/510/808
f 1186/511/809 1163/504/805 1161/503/804 1162/512/807
f 1165/511/808 1164/506/806 1166/503/810 1167/512/811
f 1166/503/810 1164/506/806 1160/478/754 1169/485/754
f 1167/511/811 1166/506/810 1168/513/812 1239/512/813
f 1168/513/812 1166/506/810 1169/487/754 1171/486/754
f 1160/478/802 1130/478/802 1170/485/814 1169/485/814
f 1169/487/814 1170/487/814 1129/486/815 1171/486/815
f 1171/487/815 1129/487/815 1125/485/777 1172/485/777
f 1173/505/816 1168/506/812 1171/487/754 1172/485/754
f 1175/505/817 1173/506/816 1172/487/754 1124/486/754
f 1174/507/818 1173/508/816 1175/514/817 1176/510/819
f 1239/511/813 1168/506/812 1173/505/816 1174/512/818
f 1176/507/819 1175/508/817 1177/509/820 1178/510/821
f 1177/515/820 1175/506/817 1124/478/754 1180/486/754
f 1178/511/821 1177/506/820 1179/516/822 1187/512/823
f 1179/516/822 1177/506/820 1180/478/754 1181/485/754
f 1180/478/779 1100/478/779 1127/485/824 1181/485/824
f 1181/487/824 1127/487/824 1183/486/825 1182/486/825
f 1184/513/826 1179/506/822 1181/487/754 1182/486/754
f 1163/505/805 1184/506/826 1182/487/754 1159/485/754
f 1182/487/825 1183/487/825 1128/485/803 1159/485/803
f 1187/507/823 1179/508/822 1184/509/826 1185/510/827
f 1185/507/827 1184/508/826 1163/509/805 1186/510/809
f 1185/507/827 1186/510/809 1189/517/772 1188/512/828
f 1187/507/823 1185/510/827 1188/517/828 1190/512/829
f 1191/507/830 1188/512/828 1189/517/772 1193/510/831
f 1194/507/832 1190/512/829 1188/517/828 1191/510/830
f 1194/507/832 1191/510/830 1192/509/833 1196/508/834
f 1191/507/830 1193/510/831 1242/509/835 1192/508/833
f 1195/511/836 1194/512/832 1196/516/834 1197/506/837
f 1195/507/836 1241/512/838 1190/517/829 1194/510/832
f 1196/516/834 1198/485/764 1108/478/764 1197/506/837
f 1192/513/833 1199/486/764 1198/487/764 1196/506/834
f 1198/487/766 1199/486/790 1146/486/790 1109/487/766
f 1242/505/835 1145/485/764 1199/487/764 1192/506/833
f 1201/507/839 1195/510/836 1197/509/837 1200/508/840
f 1197/515/837 1108/486/764 1111/478/764 1200/506/840
f 1203/507/841 1201/510/839 1200/514/840 1202/508/842
f 1200/505/840 1111/486/764 1205/487/764 1202/506/842
f 1232/511/843 1203/512/841 1202/505/842 1204/506/844
f 1202/505/842 1205/485/764 1206/487/764 1204/506/844
f 1206/487/845 1205/485/768 1112/485/768 1208/487/845
f 1207/487/846 1206/486/845 1208/486/845 1209/487/846
f 1204/513/844 1206/486/764 1207/487/764 1230/506/847
f 1223/478/860 1207/485/846 1209/485/846 1222/478/860
f 1226/478/789 1223/485/860 1222/485/860 1147/478/789
f 1227/505/864 1223/485/764 1226/478/764 1229/506/865
f 1230/503/847 1207/485/764 1223/478/764 1227/506/864
f 1228/511/866 1231/512/867 1230/503/847 1227/506/864
f 1237/507/868 1228/510/866 1227/509/864 1229/508/865
f 1231/511/867 1232/512/843 1204/513/844 1230/506/847
f 1228/507/866 1235/512/756 1233/517/869 1231/510/867
f 1231/507/867 1233/512/869 1234/517/787 1232/510/843
f 1167/507/811 1239/510/813 1234/517/787 1233/512/869
f 1165/507/808 1167/510/811 1233/517/869 1235/512/756
f 1237/507/868 1236/512/870 1235/517/756 1228/510/866
f 1162/507/807 1165/510/808 1235/517/756 1236/512/870
f 1193/507/831 1189/512/772 1236/517/870 1237/510/868
f 1186/507/809 1162/510/807 1236/517/870 1189/512/772
f 1193/511/831 1237/512/868 1229/503/865 1242/504/835
f 1232/507/843 1234/512/787 1238/517/871 1203/510/841
f 1239/507/813 1174/510/818 1238/517/871 1234/512/787
f 1203/507/841 1238/512/871 1240/517/793 1201/510/839
f 1174/507/818 1176/510/819 1240/517/793 1238/512/871
f 1201/507/839 1240/512/793 1241/517/838 1195/510/836
f 1176/507/819 1178/510/821 1241/517/838 1240/512/793
f 1178/507/821 1187/510/823 1190/517/829 1241/512/838
f 1229/503/865 1226/485/764 1145/478/764 1242/504/835
