# Blender 5.1.2
# www.blender.org
mtllib coupe.mtl
o coupe
v 0.680411 0.399465 1.303606
v 0.672732 0.399465 -1.834242
v 0.968331 0.298322 2.420753
v 0.968582 0.985401 2.232078
v 0.825953 0.399080 -2.105567
v 0.659664 1.270076 -2.184930
v 0.000000 0.399080 -2.336751
v 0.000000 1.330005 -2.283759
v 0.000000 0.275764 2.713346
v 0.000000 0.961349 2.713261
v 0.968544 0.289986 1.303585
v 0.672732 0.399465 -0.856541
v 0.968708 0.283590 0.446581
v 0.664170 1.622219 0.490444
v 0.680411 0.399465 2.248163
v 0.672732 0.686804 -0.949903
v 0.903865 1.205050 1.002053
v 0.672732 0.864390 -1.194328
v 0.000000 1.701048 0.446555
v 0.680411 0.677064 2.157966
v 0.672732 0.864390 -1.496455
v 0.000000 1.237246 1.240931
v 0.672732 0.686804 -1.740880
v 0.680411 0.848629 1.921827
v 0.680411 0.848629 1.629942
v 0.884992 1.178520 -2.016747
v 0.000000 1.178520 -2.283759
v 0.946204 1.239320 0.448277
v 0.680411 0.677064 1.393803
v 0.968617 1.048382 1.946256
v 0.000000 1.140873 2.238680
v 0.968945 0.274300 -0.759753
v 0.726879 1.616140 -0.841050
v 0.000000 1.738146 -0.798463
v 0.933294 1.253179 -0.841050
v 0.948852 1.202656 -1.767452
v 0.555635 1.376749 -1.829378
v 0.000000 1.398129 -1.915695
v 0.000000 0.241795 -1.834269
v 0.349084 1.309610 -2.272075
v 0.510003 0.288792 2.713249
v 0.357341 0.399080 -2.307102
v 0.447885 0.904466 2.711102
v 0.346954 1.658850 0.488529
v 0.515193 1.219592 1.201468
v 0.357341 1.178520 -2.254110
v 0.484309 1.123219 2.238680
v 0.349084 1.720752 -0.798463
v 0.357015 0.250923 -1.834338
v 0.809240 0.681816 -2.181309
v 0.905459 0.449773 2.421308
v 0.000000 0.405149 2.683842
v 0.000000 0.697320 -2.382776
v 0.935786 0.446418 0.461111
v 0.935786 0.452334 1.208971
v 0.935786 0.446418 -0.759753
v 0.611298 0.429607 2.621923
v 0.381932 0.697320 -2.356275
v 0.946137 1.239279 -0.104837
v 0.720686 1.627236 -0.131866
v 0.595460 1.553524 -1.414134
v 0.000000 1.623525 -1.362786
v 0.975825 0.760229 0.454975
v 0.931540 0.590413 2.423884
v 0.951330 0.686804 -1.740880
v 0.975825 0.739240 1.145768
v 0.975825 0.760229 -0.776073
v 0.000000 0.647572 2.696665
v 0.468200 0.724126 2.701170
v 0.484309 0.943695 2.713261
v 0.586020 0.648371 2.650470
v 0.000000 0.919315 2.711060
v 0.000000 0.691331 2.699074
v 0.000000 0.896292 2.664451
v 0.000000 0.716274 2.654987
v 0.418471 0.884567 2.664485
v 0.435623 0.742169 2.656643
v 0.970951 0.858920 2.296698
v 0.714515 0.782526 2.569262
v 0.975473 0.665934 2.141495
v 0.935786 0.415314 2.243014
v 0.680346 0.289673 2.248144
v 0.968364 0.297034 2.248090
v 0.680526 0.282624 1.303639
v 0.975825 0.719805 1.452631
v 0.935786 0.449803 1.319962
v 0.972667 0.848629 1.921827
v 0.973301 0.848629 1.629942
v 0.964140 0.686804 -0.949903
v 0.942969 0.399465 -0.856541
v 0.672312 0.258981 -1.834365
v 0.967777 0.273836 -0.856462
v 0.673203 0.266307 -0.856403
v 0.885916 0.259275 -1.834242
v 0.921404 0.399465 -1.834242
v 0.965762 0.864390 -1.194328
v 0.959693 0.864390 -1.496455
v 0.349084 1.683655 0.446555
v 0.000000 1.672451 0.488858
v 0.000000 1.260053 1.194916
v 0.509892 1.245364 1.160242
v 0.720893 1.605299 0.429196
v 0.945743 1.221938 0.906877
v 0.698167 1.641119 0.446555
v 0.968374 1.173838 1.027566
v 0.968617 1.202656 0.446555
v 0.942649 1.248250 -0.201013
v 0.724155 1.621071 -0.227057
v 0.724612 1.631828 -0.745992
v 0.776330 1.365520 -1.442417
v 0.942188 1.247984 -0.745996
v 0.968617 1.202656 -0.145289
v 0.698167 1.665663 -0.177602
v 0.698167 1.678217 -0.798463
v 0.968617 1.202656 -0.798463
v 0.695090 1.589595 0.428288
v 0.920401 1.223616 0.447369
v 0.919939 1.206234 0.905969
v 0.920334 1.223575 -0.105745
v 0.694883 1.611532 -0.132774
v 0.700844 1.601334 -0.837020
v 0.907259 1.238373 -0.837020
v 0.916469 1.233157 -0.201162
v 0.697975 1.605978 -0.227206
v 0.698432 1.616735 -0.746141
v 0.916007 1.232891 -0.746144
v 0.343554 1.636793 0.475305
v 0.506492 1.223308 1.147018
v 0.000000 1.650394 0.475634
v 0.000000 1.237996 1.181692
v 0.660770 1.600163 0.477220
v 0.900465 1.182994 0.988830
v 0.935786 0.405149 2.397091
v 0.975005 0.639924 2.388529
v 0.516729 0.405149 2.683842
v 0.513232 0.686930 2.699235
v 0.890470 0.471177 2.320437
v 0.914927 0.605037 2.322356
v 0.657944 0.463476 2.480197
v 0.624256 0.639754 2.512999
v 0.648753 1.338200 -1.915695
v 0.648753 1.563596 -1.362786
v 0.000000 1.380023 -1.856310
v 0.000000 1.408201 -1.864347
v 0.000000 1.604252 -1.414316
v 0.000000 1.576073 -1.406278
v 0.553232 1.348571 -1.821340
v 0.593057 1.525345 -1.406096
v 0.773947 1.427841 -1.228824
v 0.818784 1.350166 -1.224532
v 0.792750 1.335361 -1.220503
v 0.747912 1.413035 -1.224794
v 0.847447 0.687182 -2.210840
v 0.357341 0.702686 -2.392891
v 0.000000 0.702686 -2.422540
v 0.357341 0.921398 -2.379371
v 0.866220 0.913646 -2.169664
v 0.000000 0.921398 -2.409019
v 0.000000 0.496678 2.688684
v 0.447040 0.405149 2.683842
v 0.396757 0.496678 2.688745
v 0.000000 0.407773 2.634560
v 0.000000 0.499303 2.639401
v 0.447044 0.407773 2.634560
v 0.396761 0.499303 2.639462
v -0.680411 0.399465 1.303606
v -0.672732 0.399465 -1.834242
v -0.968331 0.298322 2.420753
v -0.968582 0.985401 2.232078
v -0.825953 0.399080 -2.105567
v -0.659664 1.270076 -2.184930
v -0.968544 0.289986 1.303585
v -0.672732 0.399465 -0.856541
v -0.968708 0.283590 0.446581
v -0.664170 1.622219 0.490444
v -0.680411 0.399465 2.248163
v -0.672732 0.686804 -0.949903
v -0.903865 1.205050 1.002053
v -0.672732 0.864390 -1.194328
v -0.680411 0.677064 2.157966
v -0.672732 0.864390 -1.496455
v -0.672732 0.686804 -1.740880
v -0.680411 0.848629 1.921827
v -0.680411 0.848629 1.629942
v -0.884992 1.178520 -2.016747
v -0.946204 1.239320 0.448277
v -0.680411 0.677064 1.393803
v -0.968618 1.048382 1.946256
v -0.968945 0.274300 -0.759753
v -0.726879 1.616140 -0.841050
v -0.933294 1.253179 -0.841050
v -0.948852 1.202656 -1.767452
v -0.555635 1.376749 -1.829378
v -0.349084 1.309610 -2.272075
v -0.510003 0.288792 2.713249
v -0.357341 0.399080 -2.307102
v -0.447885 0.904466 2.711102
v -0.346954 1.658850 0.488529
v -0.515193 1.219592 1.201468
v -0.357341 1.178520 -2.254110
v -0.484309 1.123219 2.238680
v -0.349084 1.720752 -0.798463
v -0.357015 0.250923 -1.834338
v -0.809240 0.681816 -2.181309
v -0.905459 0.449773 2.421308
v -0.935786 0.446418 0.461111
v -0.935786 0.452334 1.208971
v -0.935786 0.446418 -0.759753
v -0.611298 0.429607 2.621923
v -0.381932 0.697320 -2.356275
v -0.946137 1.239279 -0.104837
v -0.720686 1.627236 -0.131866
v -0.595460 1.553524 -1.414134
v -0.975825 0.760229 0.454975
v -0.931540 0.590413 2.423884
v -0.951331 0.686804 -1.740880
v -0.975825 0.739240 1.145768
v -0.975825 0.760229 -0.776073
v -0.468200 0.724126 2.701170
v -0.484309 0.943695 2.713261
v -0.586020 0.648371 2.650470
v -0.418471 0.884567 2.664485
v -0.435623 0.742169 2.656643
v -0.970951 0.858920 2.296698
v -0.714515 0.782526 2.569262
v -0.975473 0.665934 2.141495
v -0.935786 0.415314 2.243014
v -0.680346 0.289673 2.248144
v -0.968364 0.297034 2.248090
v -0.680526 0.282624 1.303639
v -0.975825 0.719805 1.452631
v -0.935786 0.449803 1.319962
v -0.972667 0.848629 1.921827
v -0.973301 0.848629 1.629942
v -0.964140 0.686804 -0.949903
v -0.942969 0.399465 -0.856541
v -0.672312 0.258981 -1.834365
v -0.967777 0.273836 -0.856462
v -0.673203 0.266307 -0.856403
v -0.885916 0.259275 -1.834242
v -0.921404 0.399465 -1.834242
v -0.965762 0.864390 -1.194328
v -0.959693 0.864390 -1.496455
v -0.349084 1.683655 0.446555
v -0.509892 1.245364 1.160242
v -0.720894 1.605299 0.429196
v -0.945743 1.221938 0.906877
v -0.698167 1.641119 0.446555
v -0.968374 1.173838 1.027566
v -0.968618 1.202656 0.446555
v -0.942649 1.248250 -0.201013
v -0.724155 1.621071 -0.227057
v -0.724612 1.631828 -0.745992
v -0.776330 1.365520 -1.442417
v -0.942188 1.247984 -0.745996
v -0.968618 1.202656 -0.145289
v -0.698167 1.665663 -0.177602
v -0.698167 1.678217 -0.798463
v -0.968618 1.202656 -0.798463
v -0.695090 1.589595 0.428288
v -0.920401 1.223616 0.447369
v -0.919940 1.206234 0.905969
v -0.920334 1.223575 -0.105745
v -0.694883 1.611532 -0.132774
v -0.700844 1.601334 -0.837020
v -0.907260 1.238373 -0.837020
v -0.916469 1.233157 -0.201162
v -0.697975 1.605978 -0.227206
v -0.698432 1.616735 -0.746141
v -0.916007 1.232891 -0.746144
v -0.343554 1.636793 0.475305
v -0.506492 1.223308 1.147018
v -0.660770 1.600163 0.477220
v -0.900465 1.182994 0.988830
v -0.935786 0.405149 2.397091
v -0.975005 0.639924 2.388529
v -0.516730 0.405149 2.683842
v -0.513232 0.686930 2.699235
v -0.890470 0.471177 2.320437
v -0.914928 0.605037 2.322356
v -0.657945 0.463476 2.480197
v -0.624256 0.639754 2.512999
v -0.648753 1.338200 -1.915695
v -0.648753 1.563596 -1.362786
v -0.553232 1.348571 -1.821340
v -0.593057 1.525345 -1.406096
v -0.773947 1.427841 -1.228824
v -0.818784 1.350166 -1.224532
v -0.792750 1.335361 -1.220503
v -0.747912 1.413035 -1.224794
v -0.847448 0.687182 -2.210840
v -0.357341 0.702686 -2.392891
v -0.357341 0.921398 -2.379371
v -0.866220 0.913646 -2.169664
v -0.447041 0.405149 2.683842
v -0.396757 0.496678 2.688745
v -0.447044 0.407773 2.634560
v -0.396761 0.499303 2.639462
v 0.931473 1.132342 0.861440
v 1.030473 1.258531 0.780329
v 0.907120 1.130666 0.832786
v 1.006472 1.256827 0.752197
v 0.957520 1.098405 0.840244
v 1.056174 1.225064 0.759405
v 0.933152 1.096749 0.811603
v 1.032158 1.223332 0.731286
v 1.015233 1.205628 0.839173
v 0.975642 1.183998 0.750770
v 1.158800 1.212786 0.756218
v 1.158800 1.298043 0.756218
v 1.175470 1.193961 0.635308
v 1.175470 1.312627 0.635308
v 1.042391 1.310773 0.823480
v 1.015233 1.276894 0.839173
v 0.975642 1.283191 0.750770
v 1.013443 1.330346 0.728929
v -0.931473 1.132342 0.861440
v -1.030473 1.258531 0.780329
v -0.907120 1.130666 0.832786
v -1.006472 1.256828 0.752197
v -0.957520 1.098405 0.840244
v -1.056174 1.225064 0.759405
v -0.933151 1.096749 0.811603
v -1.032157 1.223332 0.731286
v -1.015232 1.205628 0.839173
v -0.975642 1.183998 0.750770
v -1.158800 1.212786 0.756218
v -1.158800 1.298043 0.756218
v -1.175470 1.193961 0.635308
v -1.175470 1.312627 0.635308
v -1.042391 1.310773 0.823480
v -1.015232 1.276894 0.839173
v -0.975642 1.283191 0.750770
v -1.013443 1.330346 0.728929
v 0.920668 0.990909 0.245398
v 0.920668 1.060764 0.245398
v 0.920668 0.990909 0.064081
v 0.920668 1.060764 0.064081
v 0.990523 0.990909 0.245398
v 0.990523 1.060764 0.245398
v 0.990523 0.990909 0.064081
v 0.990523 1.060764 0.064081
v 0.920885 1.025441 -0.850402
v 0.920885 1.094863 -0.850402
v 0.920885 1.025441 -1.030596
v 0.920885 1.094863 -1.030596
v 0.990307 1.025441 -0.850402
v 0.990307 1.094863 -0.850402
v 0.990307 1.025441 -1.030596
v 0.990307 1.094863 -1.030596
v -0.920669 0.990909 0.245398
v -0.920669 1.060764 0.245398
v -0.920669 0.990909 0.064081
v -0.920669 1.060764 0.064081
v -0.990524 0.990909 0.245398
v -0.990524 1.060764 0.245398
v -0.990524 0.990909 0.064081
v -0.990524 1.060764 0.064081
v -0.920885 1.025441 -0.850402
v -0.920885 1.094863 -0.850402
v -0.920885 1.025441 -1.030596
v -0.920885 1.094863 -1.030596
v -0.990307 1.025441 -0.850402
v -0.990307 1.094863 -0.850402
v -0.990307 1.025441 -1.030596
v -0.990307 1.094863 -1.030596
v -0.235907 0.780015 -2.379760
v -0.214423 0.763170 -2.380710
v -0.214423 0.930176 -2.371286
v -0.235907 0.913331 -2.372237
v -0.206727 0.788490 -2.422662
v -0.206727 0.909736 -2.415820
v 0.214423 0.763170 -2.380710
v 0.235907 0.780015 -2.379760
v 0.235907 0.913331 -2.372237
v 0.214423 0.930176 -2.371286
v 0.206727 0.788490 -2.422662
v 0.206727 0.909736 -2.415820
v -0.235907 0.782455 -2.423002
v -0.214423 0.765610 -2.423953
v -0.214423 0.932616 -2.414529
v -0.235907 0.915771 -2.415480
v 0.214423 0.765610 -2.423953
v 0.235907 0.782455 -2.423002
v 0.235907 0.915771 -2.415480
v 0.214423 0.932616 -2.414529
v 0.503353 0.410961 -2.019832
v 0.516769 0.431957 -2.019832
v 0.498157 0.472159 -2.019832
v 0.465300 0.493154 -2.019832
v 0.503353 0.410961 -2.284067
v 0.516769 0.431957 -2.284067
v 0.465300 0.493154 -2.303248
v 0.498157 0.472159 -2.303248
v 0.767856 0.410961 -2.010325
v 0.735000 0.431957 -2.010325
v 0.729804 0.493154 -2.010325
v 0.716387 0.472159 -2.010325
v 0.767856 0.410961 -2.176299
v 0.735000 0.431957 -2.176299
v 0.729804 0.493154 -2.195479
v 0.716387 0.472159 -2.195479
v -0.503353 0.410961 -2.019832
v -0.516769 0.431957 -2.019832
v -0.498157 0.472159 -2.019832
v -0.465300 0.493154 -2.019832
v -0.503353 0.410961 -2.284067
v -0.516769 0.431957 -2.284067
v -0.465300 0.493154 -2.303248
v -0.498157 0.472159 -2.303248
v -0.767857 0.410961 -2.010325
v -0.735000 0.431957 -2.010325
v -0.729804 0.493154 -2.010325
v -0.716388 0.472159 -2.010325
v -0.767857 0.410961 -2.176299
v -0.735000 0.431957 -2.176299
v -0.729804 0.493154 -2.195479
v -0.716388 0.472159 -2.195479
v 0.407640 1.134381 -2.171244
v 0.407640 1.176652 -2.171244
v 0.407640 1.134381 -2.269619
v 0.407640 1.176652 -2.265481
v 0.000000 1.134381 -2.318339
v 0.000000 1.176652 -2.300075
v 0.000000 1.134381 -2.200796
v 0.000000 1.176652 -2.200796
v 0.623977 1.176652 -2.188553
v 0.623977 1.088034 -2.200677
v 0.623977 1.088034 -2.089274
v 0.623977 1.176652 -2.089274
v 0.783213 1.176652 -2.113820
v 0.783213 1.052670 -2.150194
v 0.783213 1.052670 -2.014542
v 0.783213 1.176652 -2.014542
v 0.881220 1.176652 -2.066080
v 0.881220 1.052670 -2.102454
v 0.881220 1.062774 -1.879760
v 0.881220 1.176652 -1.879760
v 0.915197 1.161386 -2.008157
v 0.915197 1.113949 -2.008157
v 0.921342 1.113373 -1.905035
v 0.921342 1.160810 -1.905035
v -0.407640 1.134381 -2.171245
v -0.407640 1.176652 -2.171245
v -0.407640 1.134381 -2.269619
v -0.407640 1.176652 -2.265482
v -0.623977 1.176652 -2.188553
v -0.623977 1.088034 -2.200678
v -0.623977 1.088034 -2.089274
v -0.623977 1.176652 -2.089274
v -0.783213 1.176652 -2.113821
v -0.783213 1.052670 -2.150194
v -0.783213 1.052670 -2.014542
v -0.783213 1.176652 -2.014542
v -0.881220 1.176652 -2.066081
v -0.881220 1.052670 -2.102454
v -0.881220 1.062774 -1.879761
v -0.881220 1.176652 -1.879761
v -0.915197 1.161386 -2.008157
v -0.915197 1.113949 -2.008157
v -0.921342 1.113373 -1.905035
v -0.921342 1.160810 -1.905035
v 0.436888 0.406056 -2.146052
v 0.436888 0.517046 -2.146052
v 0.465758 0.427512 -2.303227
v 0.466622 0.499498 -2.311447
v 0.000000 0.406056 -2.375761
v 0.000000 0.517046 -2.375761
v 0.000000 0.406056 -2.189490
v 0.000000 0.517046 -2.189490
v 0.478551 0.549041 -2.301038
v 0.569317 0.336339 -2.251158
v 0.548260 0.357895 -2.075866
v 0.478551 0.549041 -2.114767
v 0.718729 0.516048 -2.208127
v 0.791973 0.423492 -2.172031
v 0.831976 0.424243 -2.018532
v 0.733632 0.549041 -2.018532
v 0.606091 0.549041 -2.077284
v 0.604971 0.516052 -2.260471
v 0.747671 0.369281 -2.182633
v 0.739708 0.357895 -2.038383
v 0.436888 0.517046 -2.327789
v 0.436888 0.406056 -2.317650
v 0.486342 0.516185 -2.294118
v 0.576873 0.369500 -2.249985
v 0.733632 0.549041 -2.204803
v 0.831976 0.424243 -2.154922
v 0.606091 0.549041 -2.263555
v 0.760764 0.336339 -2.173326
v 0.459860 0.521300 -2.233235
v 0.550391 0.374615 -2.189102
v 0.578489 0.521168 -2.199588
v 0.721189 0.374396 -2.121750
v 0.440140 0.504613 -2.250564
v 0.439276 0.432627 -2.242343
v 0.692247 0.521163 -2.147244
v 0.765491 0.428607 -2.111148
v -0.436888 0.406056 -2.146052
v -0.436888 0.517046 -2.146052
v -0.465758 0.427512 -2.303227
v -0.466622 0.499498 -2.311447
v -0.478551 0.549041 -2.301038
v -0.569317 0.336339 -2.251158
v -0.548260 0.357895 -2.075866
v -0.478551 0.549041 -2.114767
v -0.718729 0.516048 -2.208127
v -0.791973 0.423492 -2.172031
v -0.831976 0.424243 -2.018532
v -0.733632 0.549041 -2.018532
v -0.606091 0.549041 -2.077284
v -0.604971 0.516052 -2.260471
v -0.747671 0.369281 -2.182633
v -0.739708 0.357895 -2.038383
v -0.436888 0.517046 -2.327789
v -0.436888 0.406056 -2.317650
v -0.486342 0.516185 -2.294118
v -0.576873 0.369500 -2.249985
v -0.733632 0.549041 -2.204803
v -0.831976 0.424243 -2.154922
v -0.606091 0.549041 -2.263555
v -0.760764 0.336339 -2.173326
v -0.459860 0.521300 -2.233235
v -0.550391 0.374615 -2.189102
v -0.578489 0.521168 -2.199588
v -0.721189 0.374396 -2.121750
v -0.440140 0.504613 -2.250564
v -0.439276 0.432627 -2.242343
v -0.692248 0.521163 -2.147244
v -0.765491 0.428607 -2.111148
v 0.573011 0.558362 2.641392
v 0.573011 0.575375 2.641392
v 0.512737 0.544642 2.550373
v 0.512737 0.589095 2.550373
v 0.938751 0.558362 2.399193
v 0.938751 0.575375 2.399193
v 0.878477 0.544642 2.308174
v 0.878477 0.589095 2.308174
v -0.573011 0.558362 2.641392
v -0.573011 0.575375 2.641392
v -0.512737 0.544642 2.550373
v -0.512737 0.589095 2.550373
v -0.938751 0.558362 2.399193
v -0.938751 0.575375 2.399193
v -0.878477 0.544642 2.308174
v -0.878477 0.589095 2.308174
v 0.573011 0.484166 2.633011
v 0.573011 0.501180 2.633011
v 0.512737 0.470447 2.541993
v 0.512737 0.514899 2.541993
v 0.938751 0.484166 2.390812
v 0.938751 0.501180 2.390812
v 0.878477 0.470447 2.299793
v 0.878477 0.514899 2.299793
v -0.573011 0.484166 2.633011
v -0.573011 0.501180 2.633011
v -0.512737 0.470447 2.541993
v -0.512737 0.514899 2.541993
v -0.938751 0.484166 2.390812
v -0.938751 0.501180 2.390812
v -0.878477 0.470447 2.299793
v -0.878477 0.514899 2.299793
vn 0.2229 0.2602 -0.9395
vn 0.2122 0.1595 -0.9641
vn 0.3605 0.4285 -0.8285
vn 0.3681 0.2863 -0.8846
vn 0.9994 -0.0348 -0.0012
vn 0.9956 -0.0932 -0.0068
vn 0.9964 0.0846 -0.0018
vn 0.9997 0.0233 -0.0048
vn 0.1363 0.9634 0.2309
vn -0.0000 0.9742 0.2257
vn -0.0000 0.9353 0.3538
vn 0.1148 0.9353 0.3348
vn -0.0017 0.0885 0.9961
vn -0.0008 -0.0542 0.9985
vn -0.0000 -0.0540 0.9985
vn -0.0006 -0.0540 0.9985
vn -0.0020 0.1203 0.9927
vn 0.0845 0.9923 -0.0909
vn -0.0000 0.9958 -0.0921
vn -0.0000 0.9996 0.0298
vn 0.0781 0.9575 0.2775
vn -0.0425 -0.5095 0.8594
vn -0.0000 -0.5131 0.8583
vn -0.0406 -0.5098 0.8594
vn 0.9995 0.0319 0.0046
vn 0.9990 -0.0427 0.0122
vn 0.9984 -0.0558 -0.0001
vn 0.9994 0.0340 -0.0009
vn 0.9983 -0.0585 -0.0012
vn 0.9996 0.0294 -0.0026
vn 0.4994 -0.8662 -0.0175
vn 0.5831 0.7843 -0.2119
vn 0.4881 0.8493 -0.2010
vn 0.2532 0.9475 -0.1953
vn 0.3392 0.9177 -0.2066
vn -0.0000 0.1973 -0.9803
vn -0.0000 -0.0618 -0.9981
vn 0.1453 -0.0861 -0.9856
vn 0.1420 0.9498 0.2788
vn -0.0000 0.9578 0.2874
vn 0.9994 -0.0335 -0.0012
vn 1.0000 0.0043 -0.0022
vn -0.0572 0.0363 0.9977
vn 0.9961 0.0870 -0.0160
vn 0.9994 -0.0219 -0.0268
vn 0.0973 0.9805 -0.1706
vn -0.0000 0.9821 -0.1884
vn 0.0046 0.9725 -0.2327
vn -0.0449 0.2758 0.9602
vn -0.0000 0.2761 0.9611
vn 0.9758 -0.0116 -0.2182
vn 0.9759 -0.0109 -0.2181
vn 0.9759 -0.0071 -0.2179
vn 0.9758 -0.0092 -0.2184
vn 0.9934 -0.0060 -0.1150
vn 0.9855 -0.0018 -0.1698
vn 0.7178 0.6727 -0.1796
vn 0.7800 0.5882 -0.2135
vn 0.8598 0.5060 -0.0690
vn -0.0000 -0.9543 -0.2989
vn 0.0940 -0.9419 -0.3225
vn 0.0450 -0.9795 -0.1961
vn -0.0000 -0.9853 -0.1707
vn 0.0065 -0.9997 0.0242
vn 0.0558 -0.9983 -0.0162
vn 0.0143 -0.9990 0.0429
vn 0.0016 -1.0000 -0.0016
vn 0.0019 -1.0000 -0.0014
vn 0.0021 -1.0000 -0.0013
vn 0.2166 0.9180 0.3322
vn 0.2116 0.9614 0.1757
vn 0.3415 -0.5541 -0.7592
vn 0.3339 -0.4976 -0.8005
vn -0.0000 0.5167 -0.8562
vn -0.1549 0.5242 -0.8374
vn -0.1605 0.5244 -0.8362
vn 0.1126 0.9932 0.0296
vn 0.1006 0.9909 -0.0897
vn 0.1402 0.9383 0.3163
vn -0.1697 -0.9847 -0.0401
vn 0.2654 0.9186 0.2930
vn -0.0000 0.2522 -0.9677
vn -0.0000 -0.3200 -0.9474
vn 0.2419 -0.3252 -0.9142
vn 0.2211 -0.3271 -0.9188
vn 0.5310 0.2537 0.8085
vn 0.5732 0.0830 0.8152
vn 0.5467 0.1114 0.8299
vn 0.9297 -0.1796 -0.3216
vn 0.9305 -0.1689 -0.3251
vn 0.9316 -0.1773 -0.3173
vn 0.9398 -0.1648 -0.2992
vn 0.9813 0.1923 -0.0085
vn 0.9814 0.1911 -0.0163
vn 0.9801 0.1983 0.0008
vn 0.9807 0.1955 -0.0010
vn -0.0029 0.2332 0.9724
vn -0.0000 0.2332 0.9724
vn -0.0340 -0.3387 -0.9403
vn -0.0216 -0.1837 -0.9828
vn -0.0211 -0.1769 -0.9840
vn 0.3728 -0.3180 -0.8717
vn 0.3674 -0.3159 -0.8748
vn -0.1159 -0.0659 -0.9911
vn 0.0343 -0.0496 -0.9982
vn 0.9591 0.2783 -0.0518
vn 0.9997 0.0155 -0.0203
vn 0.9997 0.0156 -0.0202
vn 0.9614 0.2751 0.0060
vn 0.9934 0.1143 0.0078
vn 0.9998 0.0195 0.0032
vn 0.9998 0.0192 0.0031
vn 0.9998 0.0208 0.0047
vn 0.9998 0.0187 0.0018
vn 0.9625 0.2711 0.0019
vn -0.8191 -0.1259 0.5597
vn -0.0000 -0.0527 0.9986
vn -0.0016 -0.0538 0.9985
vn -0.0000 -0.0537 0.9986
vn -0.0011 -0.0537 0.9986
vn -0.0011 -0.0545 0.9985
vn -0.0278 -0.9046 0.4253
vn -0.0000 -0.9050 0.4254
vn -0.0000 0.8909 0.4541
vn -0.0596 0.8893 0.4533
vn 0.5919 0.1475 0.7924
vn 0.6086 0.1476 0.7796
vn 0.6474 0.3229 0.6904
vn 0.6460 0.3327 0.6870
vn 0.6229 0.1219 0.7727
vn -0.0180 -0.2166 0.9761
vn -0.0587 -0.2300 0.9714
vn 0.0005 0.0007 1.0000
vn 0.0005 0.0006 1.0000
vn -0.0086 -0.0234 -0.9997
vn -0.0322 -0.7893 -0.6132
vn -0.0000 -1.0000 -0.0000
vn -0.0000 -0.8090 0.5878
vn -0.0584 -0.3672 0.9283
vn 1.0000 0.0001 -0.0000
vn -0.0001 -0.1747 0.9846
vn -0.0001 -0.1565 0.9877
vn -0.0003 -0.0004 1.0000
vn -0.0000 -0.1511 -0.9885
vn -0.0001 -0.0008 -1.0000
vn -0.0000 -0.1570 -0.9876
vn -0.0000 -0.3090 -0.9511
vn -0.0000 -0.8090 -0.5878
vn -0.0000 -0.3090 0.9511
vn 1.0000 0.0001 -0.0001
vn -0.0000 0.8443 0.5359
vn 0.0698 0.8569 0.5108
vn 0.1146 0.8505 0.5133
vn -0.0000 0.8603 0.5098
vn 0.1291 0.8481 0.5139
vn 0.1669 0.8672 0.4693
vn -0.0000 0.8753 0.4836
vn 0.1536 0.8390 0.5220
vn 0.2338 0.8299 0.5065
vn 0.8527 0.5211 0.0360
vn 0.8430 0.5368 0.0349
vn 0.8613 0.5079 0.0114
vn 0.8582 0.5132 0.0050
vn 0.8570 0.5150 0.0153
vn 0.8611 0.5084 0.0113
vn -0.4248 0.8393 0.3391
vn 0.8615 0.4899 -0.1333
vn 0.8647 0.5022 0.0023
vn 0.8646 0.5024 0.0078
vn 0.8679 0.4967 0.0077
vn 0.8680 0.4966 0.0022
vn 0.8509 0.5249 0.0208
vn 0.8543 0.5195 0.0155
vn 0.8557 0.5172 0.0134
vn 0.8580 0.5136 0.0099
vn 0.8663 0.4994 0.0049
vn 0.3981 -0.6148 -0.6808
vn 0.5205 -0.8532 -0.0336
vn -0.4994 0.8663 -0.0000
vn -0.5204 0.8533 0.0318
vn -0.5202 0.8539 0.0161
vn -0.5202 0.8539 0.0157
vn -0.0043 -0.0024 1.0000
vn -0.5199 0.8542 -0.0000
vn 0.2033 0.8326 0.5153
vn -0.0636 -0.5059 0.8602
vn -0.9259 -0.0788 0.3695
vn -0.2702 0.5254 -0.8068
vn 0.9603 0.2788 0.0077
vn 0.5973 -0.0211 0.8017
vn 0.5975 -0.0866 0.7972
vn 0.5587 -0.0638 0.8269
vn 0.5550 0.0164 0.8317
vn 0.5464 -0.0080 0.8375
vn 0.5521 -0.0765 0.8303
vn 0.9499 0.0956 0.2975
vn 0.1092 0.9660 0.2343
vn -0.9675 0.1751 0.1822
vn 0.0863 0.9557 -0.2814
vn -0.0000 0.9646 -0.2636
vn 0.0838 0.9388 -0.3342
vn 0.0855 0.9328 -0.3501
vn -0.0000 0.9589 -0.2839
vn -0.0000 0.9492 -0.3145
vn -0.0000 0.9171 -0.3987
vn 0.0777 0.9143 -0.3975
vn -0.0000 -0.2734 -0.9619
vn -0.0230 -0.2733 -0.9616
vn -0.9936 0.0998 0.0528
vn 0.0919 0.1078 0.9899
vn 0.4960 -0.7559 0.4273
vn -0.3120 -0.7829 -0.5383
vn -0.2587 -0.8257 -0.5013
vn -0.3040 -0.7825 -0.5434
vn 0.0144 -0.9858 -0.1673
vn -0.0791 -0.9714 -0.2241
vn -0.0000 -0.9481 -0.3180
vn -0.0000 -0.9859 -0.1671
vn 0.0148 -0.9893 -0.1450
vn 0.0371 -0.9766 -0.2120
vn 0.2693 -0.9411 0.2044
vn 0.1255 -0.9082 -0.3994
vn -0.0000 0.0617 -0.9981
vn 0.2265 0.0808 -0.9707
vn 0.3653 0.0983 -0.9257
vn -0.1223 -0.9806 0.1530
vn 0.0021 -1.0000 -0.0014
vn 0.0023 -1.0000 -0.0013
vn 0.0024 -1.0000 -0.0013
vn 0.0022 -1.0000 -0.0013
vn -0.0000 -0.9995 0.0329
vn 0.9998 0.0204 0.0040
vn -0.0001 -0.0532 0.9986
vn -0.0000 -0.0532 0.9986
vn -0.0000 -0.9986 -0.0532
vn -0.0000 0.9986 0.0532
vn -0.8767 -0.4803 -0.0256
vn -0.2229 0.2602 -0.9395
vn -0.3681 0.2863 -0.8846
vn -0.3605 0.4285 -0.8285
vn -0.2122 0.1595 -0.9641
vn -0.9994 -0.0348 -0.0012
vn -0.9997 0.0233 -0.0048
vn -0.9964 0.0846 -0.0018
vn -0.9956 -0.0932 -0.0068
vn -0.1363 0.9634 0.2309
vn -0.1148 0.9353 0.3348
vn 0.0017 0.0885 0.9961
vn 0.0020 0.1202 0.9927
vn 0.0006 -0.0540 0.9985
vn 0.0008 -0.0542 0.9985
vn -0.0845 0.9923 -0.0909
vn -0.0781 0.9575 0.2775
vn 0.0425 -0.5095 0.8595
vn 0.0406 -0.5098 0.8594
vn -0.9997 0.0198 0.0173
vn -0.9994 0.0340 -0.0009
vn -0.9984 -0.0558 -0.0001
vn -0.9984 -0.0570 -0.0001
vn -0.9996 0.0293 -0.0022
vn -0.9983 -0.0585 -0.0012
vn -0.4994 -0.8662 -0.0175
vn -0.6030 0.7899 -0.1116
vn -0.3182 0.9264 -0.2012
vn -0.2606 0.9460 -0.1930
vn -0.4881 0.8493 -0.2010
vn -0.1453 -0.0861 -0.9856
vn -0.1420 0.9498 0.2788
vn -0.9994 -0.0335 -0.0012
vn -1.0000 0.0048 -0.0020
vn 0.0572 0.0363 0.9977
vn -0.9978 -0.0649 0.0097
vn -0.9982 0.0576 -0.0158
vn -0.0973 0.9805 -0.1706
vn 0.0449 0.2758 0.9602
vn -0.9758 -0.0116 -0.2182
vn -0.9855 -0.0018 -0.1698
vn -0.9923 0.0047 -0.1241
vn -0.9758 -0.0092 -0.2184
vn -0.9759 -0.0071 -0.2179
vn -0.9759 -0.0109 -0.2181
vn -0.7183 0.6897 -0.0911
vn -0.8598 0.5060 -0.0690
vn -0.7800 0.5882 -0.2135
vn -0.0234 -0.9916 -0.1271
vn -0.0426 -0.9348 -0.3527
vn -0.0496 -0.9987 0.0145
vn -0.0021 -1.0000 -0.0013
vn -0.0019 -1.0000 -0.0014
vn -0.0016 -1.0000 -0.0016
vn -0.0143 -0.9990 0.0429
vn 0.0098 -0.9997 0.0230
vn -0.2166 0.9180 0.3322
vn -0.2116 0.9614 0.1757
vn -0.3415 -0.5541 -0.7592
vn -0.3339 -0.4976 -0.8005
vn 0.1605 0.5244 -0.8362
vn 0.1549 0.5242 -0.8374
vn -0.1126 0.9932 0.0296
vn -0.1402 0.9383 0.3163
vn -0.1006 0.9909 -0.0897
vn 0.1697 -0.9847 -0.0401
vn -0.2654 0.9186 0.2930
vn -0.2211 -0.3270 -0.9188
vn -0.2139 -0.0359 -0.9762
vn -0.5310 0.2537 0.8085
vn -0.5467 0.1114 0.8299
vn -0.5732 0.0830 0.8152
vn -0.9297 -0.1796 -0.3216
vn -0.9398 -0.1648 -0.2992
vn -0.9316 -0.1773 -0.3173
vn -0.9305 -0.1689 -0.3251
vn -0.9814 0.1911 -0.0163
vn -0.9813 0.1923 -0.0085
vn -0.9800 0.1989 0.0010
vn -0.9807 0.1955 -0.0010
vn 0.0029 0.2332 0.9724
vn 0.0340 -0.3387 -0.9403
vn 0.0211 -0.1769 -0.9840
vn 0.0216 -0.1837 -0.9828
vn -0.3674 -0.3159 -0.8748
vn -0.3728 -0.3179 -0.8718
vn 0.1159 -0.0659 -0.9911
vn -0.0343 -0.0496 -0.9982
vn -0.9997 0.0156 -0.0202
vn -0.9997 0.0155 -0.0203
vn -0.9591 0.2783 -0.0518
vn -0.9934 0.1143 0.0078
vn -0.9614 0.2751 0.0060
vn -0.9998 0.0195 0.0032
vn -0.9998 0.0201 0.0036
vn -0.9998 0.0192 0.0031
vn -0.9998 0.0187 0.0018
vn -0.9625 0.2711 0.0019
vn 0.8191 -0.1259 0.5597
vn 0.0016 -0.0538 0.9985
vn 0.0011 -0.0537 0.9986
vn 0.0011 -0.0545 0.9985
vn 0.0278 -0.9046 0.4253
vn 0.0596 0.8893 0.4533
vn -0.5919 0.1475 0.7924
vn -0.6460 0.3327 0.6870
vn -0.6474 0.3229 0.6904
vn -0.6086 0.1476 0.7796
vn -0.6229 0.1219 0.7727
vn 0.0180 -0.2166 0.9761
vn -0.0005 0.0006 1.0000
vn -0.0005 0.0007 1.0000
vn 0.0238 -0.1695 0.9852
vn 0.0086 -0.0234 -0.9997
vn 0.0322 -0.7893 -0.6132
vn 0.0584 -0.3672 0.9283
vn -1.0000 0.0001 -0.0000
vn 0.0001 -0.1747 0.9846
vn 0.0003 -0.0004 1.0000
vn 0.0001 -0.1565 0.9877
vn 0.0001 -0.0008 -1.0000
vn -1.0000 0.0001 -0.0001
vn -0.0698 0.8569 0.5108
vn -0.1146 0.8505 0.5133
vn -0.1291 0.8481 0.5139
vn -0.1669 0.8672 0.4693
vn -0.1536 0.8390 0.5220
vn -0.2338 0.8299 0.5065
vn -0.8527 0.5211 0.0360
vn -0.8430 0.5368 0.0349
vn -0.8613 0.5079 0.0114
vn -0.8582 0.5132 0.0050
vn -0.8570 0.5150 0.0153
vn -0.8611 0.5084 0.0113
vn 0.4248 0.8393 0.3391
vn -0.8615 0.4899 -0.1333
vn -0.8647 0.5022 0.0023
vn -0.8646 0.5024 0.0078
vn -0.8679 0.4967 0.0077
vn -0.8680 0.4966 0.0022
vn -0.8509 0.5249 0.0208
vn -0.8557 0.5172 0.0134
vn -0.8543 0.5195 0.0155
vn -0.8580 0.5136 0.0099
vn -0.8663 0.4994 0.0049
vn -0.3981 -0.6148 -0.6808
vn -0.5205 -0.8532 -0.0336
vn 0.4994 0.8663 -0.0000
vn 0.5204 0.8533 0.0318
vn 0.5202 0.8539 0.0157
vn 0.5202 0.8539 0.0161
vn 0.0043 -0.0024 1.0000
vn 0.5199 0.8542 -0.0000
vn -0.2033 0.8326 0.5153
vn 0.0636 -0.5059 0.8602
vn 0.9259 -0.0788 0.3695
vn 0.2702 0.5254 -0.8068
vn -0.9603 0.2788 0.0077
vn -0.5973 -0.0211 0.8017
vn -0.5975 -0.0867 0.7972
vn -0.5587 -0.0638 0.8269
vn -0.5464 -0.0080 0.8375
vn -0.5550 0.0164 0.8317
vn -0.5521 -0.0765 0.8303
vn -0.9499 0.0956 0.2974
vn -0.1092 0.9660 0.2343
vn 0.9675 0.1751 0.1822
vn -0.0863 0.9557 -0.2814
vn -0.0838 0.9388 -0.3342
vn -0.0855 0.9328 -0.3501
vn -0.0777 0.9143 -0.3975
vn 0.0230 -0.2733 -0.9616
vn 0.9936 0.0998 0.0528
vn -0.0919 0.1078 0.9899
vn -0.4960 -0.7559 0.4273
vn 0.3120 -0.7829 -0.5383
vn 0.3040 -0.7825 -0.5434
vn 0.2587 -0.8257 -0.5013
vn -0.0144 -0.9858 -0.1673
vn -0.1055 -0.9928 -0.0567
vn -0.0148 -0.9893 -0.1450
vn -0.0371 -0.9766 -0.2120
vn -0.5381 -0.8217 -0.1875
vn -0.1255 -0.9082 -0.3994
vn -0.2265 0.0808 -0.9707
vn -0.3653 0.0983 -0.9257
vn 0.1223 -0.9806 0.1531
vn -0.0022 -1.0000 -0.0013
vn -0.0024 -1.0000 -0.0013
vn -0.0023 -1.0000 -0.0013
vn -0.0021 -1.0000 -0.0014
vn -0.9998 0.0207 0.0042
vn 0.0001 -0.0532 0.9986
vn 0.8767 -0.4803 -0.0256
vn -0.5550 0.7119 0.4302
vn -0.6306 0.0008 -0.7761
vn 0.5567 -0.7095 -0.4322
vn 0.6325 0.0016 0.7745
vn 0.5195 0.7025 -0.4864
vn 0.8584 0.4817 0.1764
vn 0.1890 0.9715 0.1432
vn 0.6866 0.7045 0.1796
vn 0.9906 -0.0000 0.1366
vn -0.6295 -0.6412 0.4388
vn -0.9127 -0.0000 0.4087
vn -0.4763 -0.7808 0.4044
vn 0.1480 -0.9739 0.1720
vn -0.5003 -0.0000 -0.8659
vn -0.6507 0.6790 0.3398
vn 0.5003 -0.0000 0.8659
vn 0.5550 0.7119 0.4302
vn 0.8322 0.4924 -0.2551
vn 0.3778 0.8043 -0.4587
vn 0.0177 0.9988 -0.0459
vn 0.6306 0.0008 -0.7761
vn 0.0814 0.4824 -0.8722
vn -0.5567 -0.7095 -0.4322
vn -0.8333 -0.5037 0.2279
vn -0.8349 -0.4886 0.2535
vn -0.6325 0.0016 0.7745
vn -0.5195 0.7025 -0.4864
vn 0.3815 0.5264 -0.7599
vn -0.1890 0.9715 0.1432
vn 0.3311 0.8988 0.2874
vn 0.4885 0.7871 -0.3765
vn -0.8464 -0.4961 0.1939
vn -0.6939 -0.5263 0.4915
vn -0.8319 -0.0000 0.5550
vn -0.9906 -0.0000 0.1366
vn 0.9127 -0.0000 0.4087
vn 0.9330 -0.0000 -0.3599
vn 0.9303 0.2905 -0.2241
vn 0.8479 0.3431 0.4042
vn -0.1480 -0.9739 0.1720
vn -0.4180 -0.6128 0.6706
vn 0.5003 -0.0000 -0.8659
vn -0.5003 -0.0000 0.8659
vn -1.0000 -0.0000 -0.0000
vn -0.0000 -0.0000 -1.0000
vn 1.0000 -0.0000 -0.0000
vn -0.0000 -0.0000 1.0000
vn -0.0000 1.0000 -0.0000
vn 0.8993 -0.4365 -0.0246
vn 0.8993 0.4365 0.0246
vn 0.3268 0.9436 0.0532
vn -0.3268 0.9436 0.0532
vn -0.8993 -0.4365 -0.0246
vn -0.8993 0.4365 0.0246
vn -0.3268 -0.9436 -0.0532
vn 0.3268 -0.9436 -0.0532
vn -0.0000 0.0563 -0.9984
vn -0.0000 -0.2991 -0.9542
vn 0.4006 0.1855 -0.8973
vn -0.0394 -0.0182 0.9991
vn -0.9075 -0.4201 -0.0000
vn 0.9075 0.4201 -0.0000
vn -0.4006 0.1855 -0.8973
vn 0.0394 -0.0182 0.9991
vn 0.9075 -0.4201 -0.0000
vn -0.9075 0.4201 -0.0000
vn -0.0000 0.2561 -0.9666
vn 0.2169 0.1865 -0.9582
vn 0.2209 0.1840 -0.9578
vn -0.0903 -0.9959 -0.0000
vn -0.1185 -0.9930 -0.0000
vn -0.2124 -0.9772 -0.0000
vn -0.2140 -0.9768 -0.0000
vn 0.3545 0.1629 -0.9208
vn 0.3562 0.1660 -0.9195
vn 0.2474 0.9689 -0.0041
vn 0.0869 0.9962 -0.0014
vn -0.1272 -0.9918 0.0106
vn -0.0507 -0.9985 0.0195
vn 0.4027 0.2325 -0.8853
vn 0.4008 0.2306 -0.8867
vn 0.7246 0.0648 -0.6861
vn 0.7136 0.1793 -0.6772
vn 0.9639 0.0496 -0.2618
vn 0.9629 -0.2072 -0.1727
vn 0.0253 -0.9993 0.0282
vn 0.9982 -0.0000 -0.0595
vn 0.9480 -0.3171 -0.0277
vn 0.5330 -0.0000 0.8461
vn 0.8336 -0.5524 0.0004
vn 0.3895 0.9210 -0.0064
vn -0.2209 0.1840 -0.9578
vn -0.2169 0.1865 -0.9582
vn 0.1185 -0.9930 -0.0000
vn 0.0903 -0.9959 -0.0000
vn 0.2140 -0.9768 -0.0000
vn 0.2124 -0.9772 -0.0000
vn -0.3562 0.1660 -0.9195
vn -0.3545 0.1629 -0.9208
vn -0.0869 0.9962 -0.0014
vn -0.2474 0.9689 -0.0041
vn 0.0507 -0.9985 0.0195
vn 0.1272 -0.9918 0.0106
vn -0.4008 0.2306 -0.8867
vn -0.4027 0.2325 -0.8853
vn -0.7246 0.0648 -0.6861
vn -0.9629 -0.2072 -0.1727
vn -0.9639 0.0496 -0.2618
vn -0.7136 0.1793 -0.6772
vn -0.0253 -0.9993 0.0282
vn -0.9480 -0.3171 -0.0277
vn -0.9982 -0.0000 -0.0595
vn -0.5330 -0.0000 0.8461
vn -0.8336 -0.5524 0.0004
vn -0.3895 0.9210 -0.0064
vn -0.0000 -0.0456 -0.9990
vn 0.3543 -0.0352 -0.9345
vn 0.3115 -0.0541 -0.9487
vn -0.6091 0.7931 -0.0000
vn -0.1856 -0.9826 0.0117
vn -0.2702 -0.9627 0.0171
vn -0.0273 -0.9970 0.0719
vn -0.0321 -0.9970 0.0698
vn -0.0270 -0.9970 0.0720
vn -0.2843 -0.9559 0.0733
vn -0.2174 -0.9719 0.0904
vn 0.7854 0.6189 -0.0000
vn 0.4691 -0.8394 0.2745
vn 0.6683 -0.7357 0.1103
vn -0.0398 -0.9904 0.1322
vn -0.7083 -0.6591 -0.2527
vn 0.5169 -0.0265 -0.8556
vn 0.4486 -0.0594 -0.8917
vn 0.4251 -0.0405 -0.9042
vn 0.4262 -0.0399 -0.9037
vn 0.4002 -0.0556 -0.9147
vn 0.4002 -0.0556 -0.9148
vn 0.3818 -0.0931 -0.9195
vn 0.3992 -0.0805 -0.9133
vn 0.3469 -0.1077 -0.9317
vn 0.3761 -0.1029 -0.9209
vn 0.4701 -0.0185 -0.8824
vn 0.4172 -0.0611 -0.9068
vn 0.3557 -0.1081 -0.9283
vn 0.3713 -0.0975 -0.9234
vn 0.3424 -0.1183 -0.9321
vn 0.3928 -0.0817 -0.9160
vn -0.0221 -0.9970 0.0741
vn 0.2278 0.9735 0.0173
vn 0.4195 0.9015 0.1067
vn 0.2322 0.9725 0.0193
vn 0.9175 0.0342 0.3962
vn -0.6895 0.6325 -0.3530
vn 0.0293 0.9970 -0.0710
vn -0.3115 -0.0541 -0.9487
vn -0.3543 -0.0352 -0.9345
vn 0.6091 0.7931 -0.0000
vn 0.2702 -0.9627 0.0171
vn 0.1856 -0.9826 0.0117
vn 0.0273 -0.9970 0.0719
vn 0.0270 -0.9970 0.0720
vn 0.0321 -0.9970 0.0698
vn 0.2174 -0.9719 0.0904
vn 0.2843 -0.9559 0.0733
vn -0.7854 0.6189 -0.0000
vn -0.4691 -0.8394 0.2745
vn -0.6683 -0.7357 0.1103
vn 0.0398 -0.9904 0.1322
vn 0.7083 -0.6591 -0.2527
vn -0.5169 -0.0265 -0.8556
vn -0.4486 -0.0594 -0.8917
vn -0.4251 -0.0405 -0.9042
vn -0.4262 -0.0399 -0.9037
vn -0.4002 -0.0556 -0.9148
vn -0.4002 -0.0556 -0.9147
vn -0.3818 -0.0931 -0.9195
vn -0.3992 -0.0805 -0.9133
vn -0.3469 -0.1077 -0.9317
vn -0.3761 -0.1029 -0.9209
vn -0.4701 -0.0185 -0.8824
vn -0.3557 -0.1081 -0.9283
vn -0.4172 -0.0611 -0.9068
vn -0.3713 -0.0975 -0.9234
vn -0.3928 -0.0817 -0.9160
vn -0.3424 -0.1183 -0.9321
vn 0.0221 -0.9970 0.0741
vn -0.2278 0.9735 0.0173
vn -0.2322 0.9725 0.0193
vn -0.4195 0.9015 0.1067
vn -0.9175 0.0342 0.3962
vn 0.6895 0.6325 -0.3530
vn -0.0293 0.9970 -0.0710
vn -0.8338 -0.0000 0.5521
vn 0.8338 -0.0000 -0.5521
vn 0.5521 -0.0000 0.8338
vn 0.0688 -0.9922 0.1040
vn 0.0688 0.9922 0.1040
vn 0.8338 -0.0000 0.5521
vn -0.8338 -0.0000 -0.5521
vn -0.5521 -0.0000 0.8338
vn -0.0688 -0.9922 0.1040
vn -0.0688 0.9922 0.1040
vt 0.973844 0.413767
vt 0.979000 0.413889
vt 0.979000 0.425335
vt 0.973876 0.425045
vt 0.980848 0.423932
vt 0.980752 0.425335
vt 0.971546 0.425335
vt 0.971546 0.424521
vt 0.979000 0.422876
vt 0.990446 0.422876
vt 0.990446 0.425335
vt 0.971546 0.413889
vt 0.981435 0.413889
vt 0.979784 0.425335
vt 0.974656 0.425335
vt 0.974735 0.416527
vt 0.971546 0.415433
vt 0.979000 0.406632
vt 0.990446 0.406632
vt 0.990446 0.410073
vt 0.979000 0.410073
vt 0.979847 0.363274
vt 0.989424 0.363262
vt 0.969550 0.406631
vt 0.973534 0.406631
vt 0.973534 0.410073
vt 0.969550 0.410073
vt 0.979514 0.417704
vt 0.971546 0.417704
vt 0.989844 0.359554
vt 0.989830 0.360989
vt 0.979000 0.403543
vt 0.979000 0.402442
vt 0.990446 0.402442
vt 0.990446 0.403543
vt 0.990446 0.413889
vt 0.979000 0.418356
vt 0.987563 0.418356
vt 0.987563 0.422224
vt 0.979000 0.422224
vt 0.978167 0.419276
vt 0.971546 0.418499
vt 0.980425 0.361327
vt 0.990021 0.361252
vt 0.969550 0.406295
vt 0.973534 0.405810
vt 0.967553 0.402442
vt 0.979000 0.402442
vt 0.967553 0.403543
vt 0.969933 0.356463
vt 0.989067 0.356463
vt 0.969597 0.403407
vt 0.969932 0.402442
vt 0.973904 0.402318
vt 0.971835 0.403543
vt 0.986174 0.404809
vt 0.990446 0.404996
vt 0.990446 0.406632
vt 0.969553 0.351053
vt 0.981000 0.351053
vt 0.981000 0.352154
vt 0.969553 0.352154
vt 0.985252 0.366696
vt 0.985073 0.355081
vt 0.992446 0.355069
vt 0.992446 0.355243
vt 0.992446 0.358685
vt 0.992446 0.366775
vt 0.970436 0.418356
vt 0.970436 0.422224
vt 0.989812 0.370073
vt 0.979409 0.370064
vt 0.967553 0.408348
vt 0.967553 0.406632
vt 0.967553 0.410073
vt 0.979845 0.357046
vt 0.981854 0.365813
vt 0.981623 0.364803
vt 0.967553 0.422876
vt 0.967553 0.425335
vt 0.973844 0.402320
vt 0.979053 0.345498
vt 0.981432 0.345498
vt 0.981432 0.356945
vt 0.979053 0.356944
vt 0.977553 0.349665
vt 0.981546 0.349665
vt 0.981546 0.361111
vt 0.977553 0.361111
vt 0.980642 0.346457
vt 0.979053 0.346593
vt 0.979549 0.353854
vt 0.977553 0.353854
vt 0.977553 0.353680
vt 0.979549 0.353518
vt 0.980302 0.365537
vt 0.977553 0.365386
vt 0.981546 0.364927
vt 0.977553 0.357296
vt 0.979549 0.357296
vt 0.977553 0.364927
vt 0.981546 0.362655
vt 0.981546 0.372558
vt 0.977553 0.372558
vt 0.975789 0.357872
vt 0.987717 0.357872
vt 0.989211 0.371295
vt 0.975789 0.371295
vt 0.981432 0.368391
vt 0.979053 0.368391
vt 0.989667 0.359289
vt 0.980931 0.359289
vt 0.980616 0.361061
vt 0.973534 0.403543
vt 0.979000 0.406632
vt 0.974927 0.405342
vt 0.975004 0.404399
vt 0.979000 0.410073
vt 0.990446 0.417704
vt 0.983940 0.422876
vt 0.983611 0.420925
vt 0.979514 0.419708
vt 0.984318 0.422753
vt 0.979000 0.408437
vt 0.975046 0.352103
vt 0.981362 0.352132
vt 0.989061 0.424391
vt 0.989027 0.414837
vt 0.990446 0.413889
vt 0.972377 0.362149
vt 0.973786 0.352541
vt 0.980102 0.352569
vt 0.980136 0.362123
vt 0.982711 0.414808
vt 0.981302 0.424417
vt 0.981396 0.361685
vt 0.973637 0.361711
vt 0.981627 0.982603
vt 0.975621 0.977696
vt 0.978050 0.971157
vt 0.981627 0.971157
vt 0.984440 0.408981
vt 0.980752 0.402442
vt 0.986870 0.402442
vt 0.989211 0.357872
vt 0.982500 0.371295
vt 0.987246 0.369329
vt 0.989211 0.364583
vt 0.987246 0.359838
vt 0.982500 0.357872
vt 0.977754 0.359838
vt 0.975789 0.364583
vt 0.977754 0.369329
vt 0.979500 0.362851
vt 0.990946 0.362851
vt 0.981001 0.301523
vt 0.986724 0.301515
vt 0.986956 0.305586
vt 0.980739 0.305581
vt 0.990946 0.370482
vt 0.979500 0.370482
vt 0.969670 0.363312
vt 0.969283 0.370036
vt 0.968053 0.370482
vt 0.968053 0.362851
vt 0.989649 0.368979
vt 0.989995 0.362803
vt 0.980455 0.362856
vt 0.979500 0.362851
vt 0.979500 0.361215
vt 0.990946 0.361126
vt 0.985203 0.358204
vt 0.985203 0.358203
vt 0.990946 0.359409
vt 0.979500 0.359409
vt 0.987095 0.358191
vt 0.986674 0.357587
vt 0.980602 0.359554
vt 0.986858 0.304932
vt 0.981364 0.301273
vt 0.987065 0.301241
vt 0.981346 0.300359
vt 0.987080 0.300315
vt 0.986966 0.300157
vt 0.981460 0.300200
vt 0.981452 0.299300
vt 0.986975 0.299300
vt 0.984201 0.298493
vt 0.985332 0.298485
vt 0.986869 0.299141
vt 0.981648 0.299141
vt 0.974919 0.301546
vt 0.974688 0.305564
vt 0.981546 0.371743
vt 0.977553 0.371663
vt 0.977880 0.403394
vt 0.973347 0.403427
vt 0.971546 0.402442
vt 0.972468 0.411358
vt 0.980241 0.412050
vt 0.975312 0.357079
vt 0.974884 0.363772
vt 0.974876 0.364266
vt 0.967553 0.404996
vt 0.990446 0.404996
vt 0.969933 0.357632
vt 0.968053 0.357774
vt 0.968053 0.356321
vt 0.990946 0.356321
vt 0.989067 0.357632
vt 0.990946 0.357774
vt 0.985543 0.303175
vt 0.985543 0.303874
vt 0.974108 0.303874
vt 0.974108 0.303175
vt 0.986888 0.358103
vt 0.969932 0.413889
vt 0.985231 0.352404
vt 0.992446 0.351053
vt 0.969932 0.425335
vt 0.992324 0.352154
vt 0.985252 0.372099
vt 0.992446 0.373052
vt 0.992446 0.373947
vt 0.981000 0.373947
vt 0.969553 0.373947
vt 0.986870 0.425335
vt 0.980546 0.349460
vt 0.983735 0.350555
vt 0.983656 0.359363
vt 0.980546 0.359363
vt 0.984046 0.359363
vt 0.984046 0.349460
vt 0.971509 0.357357
vt 0.987432 0.357357
vt 0.987432 0.376570
vt 0.971509 0.376570
vt 0.984420 0.357357
vt 0.984420 0.376570
vt 0.981993 0.357357
vt 0.981993 0.376570
vt 0.987432 0.360991
vt 0.987432 0.373293
vt 0.987432 0.372935
vt 0.981993 0.376570
vt 0.965447 0.461827
vt 0.986910 0.461827
vt 0.986910 0.483290
vt 0.965447 0.483290
vt 0.967000 0.459722
vt 0.991000 0.459722
vt 0.991000 0.481944
vt 0.967000 0.481944
vt 0.992260 0.579590
vt 0.968260 0.579590
vt 0.973721 0.462704
vt 0.984279 0.462704
vt 0.984279 0.473261
vt 0.973721 0.473261
vt 0.010990 0.571849
vt 0.029810 0.571849
vt 0.029810 0.588967
vt 0.010990 0.588967
vt 0.028108 0.571849
vt 0.028108 0.590669
vt 0.010990 0.590669
vt 0.012692 0.571849
vt 0.029810 0.590669
vt 0.012692 0.590669
vt 0.009181 0.568712
vt 0.032510 0.567510
vt 0.010123 0.567956
vt 0.027543 0.568024
vt 0.967758 0.408712
vt 0.984805 0.408712
vt 0.984805 0.425759
vt 0.967758 0.425759
vt 0.974985 0.352404
vt 0.987334 0.352404
vt 0.987334 0.364753
vt 0.974985 0.364753
vt 0.977095 0.343997
vt 0.989444 0.343997
vt 0.989444 0.356346
vt 0.977095 0.356346
s 1
usemtl metallic
f 156/1/1 46/2/2 26/3/3 157/4/4
f 80/5/5 134/6/6 133/7/7 81/8/8
f 47/9/9 31/10/10 10/11/11 70/3/12
f 135/12/13 136/13/14 68/14/15 159/15/15 161/16/16 160/17/17
f 48/18/18 34/19/19 19/20/20 98/21/21
f 44/22/22 99/23/23 129/23/23 127/22/24
f 56/24/25 67/25/26 63/26/27 54/27/28
f 54/27/28 63/26/27 66/28/29 55/29/30
f 109/30/31 108/31/31 124/31/31 125/30/31
f 36/32/32 26/33/33 6/34/34 141/35/35
f 46/2/2 27/33/36 8/34/37 40/36/38
f 45/37/39 22/38/40 31/39/10 47/40/9
f 85/41/41 86/42/42 55/29/30 66/28/29
f 59/43/43 60/44/43 120/44/43 119/43/43
f 67/25/26 56/24/25 90/45/44 89/46/45
f 6/47/34 40/48/46 8/34/47 38/35/48 141/49/35
f 37/50/49 144/51/50 143/51/50 147/50/49
f 95/52/51 153/53/52 157/54/53 26/33/54 36/32/55 65/55/56
f 110/56/57 141/35/35 142/57/58 114/58/59
f 7/59/60 42/60/61 49/61/62 39/62/63
f 84/63/64 93/64/65 92/65/66 32/66/67 13/67/68 11/68/69
f 105/69/70 45/37/39 47/40/9 30/70/71
f 26/3/72 46/2/2 6/11/73
f 100/71/74 101/72/75 128/72/76 130/71/74
f 113/73/77 114/74/78 48/18/18 98/21/21 104/75/79
f 64/76/80 71/77/80 140/78/80 138/76/80
f 30/79/71 47/9/9 70/3/12 4/80/81
f 158/81/82 27/33/36 46/2/2 156/1/1
f 7/82/83 53/83/83 58/84/84 42/85/85
f 3/86/86 133/87/87 135/88/88 41/89/86
f 95/90/89 94/91/90 5/82/91 50/83/92
f 56/92/25 32/93/93 92/94/94 90/95/44
f 86/96/42 11/97/95 55/98/30
f 13/99/96 54/100/28 55/98/30 11/101/95
f 32/93/93 56/92/25 54/100/28 13/99/96
f 41/89/97 135/88/13 160/102/17 52/103/98 9/104/98
f 20/105/99 80/106/99 81/107/100 15/108/101
f 42/85/85 58/84/84 50/109/102 5/110/103
f 33/111/104 35/112/104 122/112/104 121/111/104
f 108/31/105 107/113/105 123/113/105 124/31/105
f 36/32/32 141/35/35 110/56/57
f 65/114/56 36/32/55 115/115/106 67/25/26 89/46/45 96/116/107 97/117/108
f 66/28/29 63/26/27 106/118/109 105/119/110
f 87/120/111 30/10/112 4/11/113
f 88/121/114 85/122/41 66/28/29 105/119/110 30/10/112 87/123/111
f 63/26/27 67/25/26 115/115/106 112/124/115 106/118/109
f 69/125/116 43/126/116 76/126/116 77/125/116
f 72/127/117 43/128/118 70/129/118 10/11/117
f 75/130/119 77/131/120 76/132/120 74/133/119
f 43/128/118 69/134/121 136/13/14 70/129/118
f 69/134/121 73/135/15 68/14/15 136/13/14
f 43/126/122 72/136/123 74/136/123 76/126/122
f 73/137/124 69/125/125 77/125/125 75/137/124
f 79/142/127 134/143/130 78/144/128
f 86/105/131 1/145/132 84/107/133 11/108/134
f 81/105/100 83/145/135 82/107/135 15/108/101
f 87/105/136 80/106/136 20/107/136 24/108/136
f 24/105/137 25/145/137 88/107/137 87/108/137
f 88/105/138 25/145/138 29/107/138 85/108/138
f 85/105/139 29/145/139 1/107/132 86/108/131
f 25/146/140 24/147/140 20/148/140 15/149/140 82/150/140 84/151/140 1/152/140 29/153/140
f 95/105/141 2/145/142 91/107/143 94/108/143
f 90/105/144 92/145/145 93/107/145 12/108/146
f 90/105/144 12/145/146 16/107/147 89/108/147
f 16/105/148 18/145/148 96/107/148 89/108/148
f 96/105/137 18/145/137 21/107/137 97/108/137
f 97/105/138 21/145/138 23/107/138 65/108/138
f 23/105/149 2/145/142 95/107/141 65/108/149
f 91/146/150 2/147/150 23/148/150 21/149/150 18/150/150 16/151/150 12/152/150 93/153/150
f 99/23/151 44/22/152 98/154/21 19/155/151
f 101/72/156 100/71/157 22/160/40 45/161/39
f 14/162/158 17/163/159 105/164/70 104/165/79
f 17/163/159 101/72/156 45/161/39 105/164/70
f 44/22/152 14/162/158 104/165/79 98/154/21
f 103/166/160 102/167/161 104/155/161 105/160/110
f 28/168/162 103/166/160 105/160/110 106/169/109
f 59/43/163 28/168/162 106/169/109 112/170/115
f 60/44/164 59/43/163 112/170/115 113/171/165
f 102/167/161 60/44/164 113/171/165 104/155/161
f 35/112/166 150/172/166 151/173/166 122/112/166
f 35/112/167 33/111/167 114/174/59 115/175/106
f 33/111/167 149/176/167 110/177/57 114/174/59
f 107/113/168 108/31/169 113/171/165 112/170/115
f 108/31/169 109/30/170 114/174/59 113/171/165
f 111/178/171 107/113/168 112/170/115 115/175/106
f 109/30/170 111/178/171 115/175/106 114/174/59
f 102/167/177 103/166/177 118/166/177 116/167/177
f 60/44/178 102/167/178 116/167/178 120/44/178
f 107/113/179 111/178/179 126/178/179 123/113/179
f 103/166/180 28/168/181 117/168/182 118/166/180
f 110/177/57 150/172/167 35/112/167 115/175/106
f 111/178/183 109/30/183 125/30/183 126/178/183
f 28/168/181 59/43/184 119/43/184 117/168/182
f 14/162/186 44/22/22 127/22/24 131/162/186
f 17/163/187 14/162/187 131/162/187 132/163/187
f 101/72/75 17/163/188 132/163/188 128/72/76
f 81/194/8 133/103/7 3/104/189 83/195/189
f 64/196/190 51/197/191 133/198/87 134/143/130
f 57/199/192 71/200/193 136/13/194 135/12/88
f 51/197/191 57/199/192 135/12/88 133/198/87
f 71/200/193 64/196/190 134/143/130 136/13/194
f 137/201/195 138/76/195 140/78/195 139/202/195
f 71/77/196 57/203/196 139/202/196 140/78/196
f 57/203/197 51/201/197 137/201/197 139/202/197
f 51/201/198 64/76/198 138/76/198 137/201/198
f 134/143/130 79/142/127 136/13/194
f 136/13/194 79/142/127 70/129/126
f 142/204/199 62/205/200 34/19/19 48/18/18 114/74/78
f 37/50/201 61/206/202 142/207/199 141/208/35
f 144/51/203 37/50/201 141/208/35 38/209/48
f 61/206/202 145/210/204 62/211/200 142/207/199
f 145/210/207 61/206/208 148/206/208 146/210/207
f 61/206/209 37/50/209 147/50/209 148/206/209
f 149/176/167 150/216/167 110/177/57
f 149/176/210 152/176/210 151/173/210 150/172/210
f 149/176/211 33/111/211 121/111/211 152/176/211
f 95/52/212 50/53/213 153/53/214
f 154/217/215 58/217/216 53/53/217 155/53/218
f 153/53/219 50/53/220 58/217/216 154/217/215
f 91/218/221 49/61/62 42/60/61 5/219/222
f 115/115/106 36/32/32 110/56/57
f 155/53/223 158/81/82 156/1/1 154/217/224
f 154/217/224 156/1/1 157/4/4 153/220/225
f 94/221/226 91/218/221 5/219/222
f 49/61/62 91/218/221 93/64/65 84/63/64 82/222/227 83/223/228 3/224/229 41/225/230 9/226/231 39/62/63
f 80/5/5 87/120/111 78/227/232 134/6/6
f 78/227/232 87/120/111 4/11/113
f 6/11/73 46/2/2 40/36/38
f 164/228/233 165/229/233 163/230/234 162/231/234
f 161/229/235 159/230/235 163/230/235 165/229/235
f 52/232/236 160/233/236 164/233/236 162/232/236
f 160/228/237 161/229/237 165/229/237 164/228/237
f 293/1/238 294/4/239 185/3/240 200/2/241
f 226/5/242 227/8/243 275/7/244 276/6/245
f 201/9/246 220/3/247 10/11/11 31/10/10
f 277/12/248 295/17/249 296/16/250 159/15/15 68/14/15 278/13/251
f 202/18/252 244/21/253 19/20/20 34/19/19
f 198/22/254 271/22/255 129/23/23 99/23/23
f 208/24/256 206/27/257 214/26/258 218/25/259
f 206/27/257 207/29/260 217/28/261 214/26/258
f 253/30/262 269/30/262 268/31/262 252/31/262
f 192/32/263 283/35/264 171/34/265 185/33/266
f 200/2/241 194/36/267 8/34/37 27/33/36
f 199/37/268 201/40/246 31/39/10 22/38/40
f 231/41/269 217/28/261 207/29/260 232/42/270
f 211/43/271 263/43/271 264/44/271 212/44/271
f 218/25/259 235/46/272 236/45/273 208/24/256
f 171/47/265 283/49/264 38/35/48 8/34/47 194/48/274
f 193/50/275 285/50/275 143/51/50 144/51/50
f 241/52/276 216/55/277 192/32/278 185/33/279 294/54/280 291/53/281
f 254/56/282 258/58/283 284/57/284 283/35/264
f 7/59/60 39/62/63 203/61/285 196/60/286
f 230/63/287 172/68/288 174/67/289 189/66/290 238/65/291 239/64/292
f 249/69/293 188/70/294 201/40/246 199/37/268
f 185/3/295 171/11/296 200/2/241
f 100/71/74 130/71/74 272/72/297 245/72/298
f 257/73/299 248/75/300 244/21/253 202/18/252 258/74/301
f 215/76/302 280/76/302 282/78/302 221/77/302
f 188/79/294 169/80/303 220/3/247 201/9/246
f 158/81/82 293/1/238 200/2/241 27/33/36
f 7/82/83 196/85/304 210/84/305 53/83/83
f 168/86/306 195/89/306 277/88/307 275/87/308
f 241/90/309 204/83/310 170/82/311 240/91/312
f 208/92/256 236/95/273 238/94/313 189/93/314
f 232/96/270 207/98/260 172/97/315
f 174/99/316 172/101/315 207/98/260 206/100/257
f 189/93/314 174/99/316 206/100/257 208/92/256
f 195/89/317 9/104/98 52/103/98 295/102/249 277/88/248
f 180/105/318 176/108/319 227/107/320 226/106/318
f 196/85/304 170/110/321 204/109/322 210/84/305
f 190/111/323 265/111/323 266/112/323 191/112/323
f 252/31/324 268/31/324 267/113/324 251/113/324
f 192/32/263 254/56/282 283/35/264
f 216/114/277 243/117/325 242/116/326 235/46/272 218/25/259 259/115/327 192/32/278
f 217/28/261 249/119/328 250/118/329 214/26/258
f 233/120/330 169/11/331 188/10/332
f 234/121/333 233/123/330 188/10/332 249/119/328 217/28/261 231/122/269
f 214/26/258 250/118/329 256/124/334 259/115/327 218/25/259
f 219/125/335 223/125/335 222/126/335 197/126/335
f 72/127/117 10/11/117 220/129/336 197/128/336
f 75/130/119 74/133/119 222/132/337 223/131/337
f 197/128/336 220/129/336 278/13/251 219/134/338
f 219/134/338 278/13/251 68/14/15 73/135/15
f 197/126/339 222/126/339 74/136/123 72/136/123
f 73/137/124 75/137/124 223/125/340 219/125/340
f 225/142/344 224/144/343 276/143/345
f 232/105/346 172/108/347 230/107/348 166/145/349
f 227/105/320 176/108/319 228/107/350 229/145/350
f 233/105/351 183/108/351 180/107/351 226/106/351
f 183/105/137 233/108/137 234/107/137 184/145/137
f 234/105/138 231/108/138 187/107/138 184/145/138
f 231/105/352 232/108/346 166/107/349 187/145/352
f 184/146/353 187/153/353 166/152/353 230/151/353 228/150/353 176/149/353 180/148/353 183/147/353
f 241/105/354 240/108/355 237/107/355 167/145/356
f 236/105/144 173/108/146 239/107/357 238/145/357
f 236/105/144 235/108/147 177/107/147 173/145/146
f 177/105/148 235/108/148 242/107/148 179/145/148
f 242/105/137 243/108/137 181/107/137 179/145/137
f 243/105/138 216/108/138 182/107/138 181/145/138
f 182/105/149 216/108/149 241/107/354 167/145/356
f 237/146/358 239/153/358 173/152/358 177/151/358 179/150/358 181/149/358 182/148/358 167/147/358
f 99/23/151 19/155/151 244/154/253 198/22/359
f 245/72/362 199/161/268 22/160/40 100/71/157
f 175/162/363 248/165/300 249/164/293 178/163/364
f 178/163/364 249/164/293 199/161/268 245/72/362
f 198/22/359 244/154/253 248/165/300 175/162/363
f 247/166/365 249/160/328 248/155/366 246/167/366
f 186/168/367 250/169/329 249/160/328 247/166/365
f 211/43/368 256/170/334 250/169/329 186/168/367
f 212/44/369 257/171/370 256/170/334 211/43/368
f 246/167/366 248/155/366 257/171/370 212/44/369
f 191/112/371 266/112/371 289/173/371 288/172/371
f 191/112/372 259/175/327 258/174/283 190/111/372
f 190/111/372 258/174/283 254/177/282 287/176/372
f 251/113/373 256/170/334 257/171/370 252/31/374
f 252/31/374 257/171/370 258/174/283 253/30/375
f 255/178/376 259/175/327 256/170/334 251/113/373
f 253/30/375 258/174/283 259/175/327 255/178/376
f 246/167/382 260/167/382 262/166/382 247/166/382
f 212/44/383 264/44/383 260/167/383 246/167/383
f 251/113/384 267/113/384 270/178/384 255/178/384
f 247/166/385 262/166/385 261/168/386 186/168/387
f 254/177/282 259/175/327 191/112/372 288/172/372
f 255/178/388 270/178/388 269/30/388 253/30/388
f 186/168/387 261/168/386 263/43/389 211/43/389
f 175/162/391 273/162/391 271/22/255 198/22/254
f 178/163/392 274/163/392 273/162/392 175/162/392
f 245/72/298 272/72/297 274/163/393 178/163/393
f 227/194/243 229/195/394 168/104/394 275/103/244
f 215/196/395 276/143/345 275/198/308 205/197/396
f 209/199/397 277/12/307 278/13/398 221/200/399
f 205/197/396 275/198/308 277/12/307 209/199/397
f 221/200/399 278/13/398 276/143/345 215/196/395
f 279/201/400 281/202/400 282/78/400 280/76/400
f 221/77/401 282/78/401 281/202/401 209/203/401
f 209/203/402 281/202/402 279/201/402 205/201/402
f 205/201/403 279/201/403 280/76/403 215/76/403
f 276/143/345 278/13/398 225/142/344
f 278/13/398 220/129/341 225/142/344
f 284/204/404 258/74/301 202/18/252 34/19/19 62/205/200
f 193/50/405 283/208/264 284/207/404 213/206/406
f 144/51/203 38/209/48 283/208/264 193/50/405
f 213/206/406 284/207/404 62/211/200 145/210/204
f 145/210/207 146/210/207 286/206/408 213/206/408
f 213/206/409 286/206/409 285/50/409 193/50/409
f 287/176/372 254/177/282 288/216/372
f 287/176/410 288/172/410 289/173/410 290/176/410
f 287/176/411 290/176/411 265/111/411 190/111/411
f 241/52/412 291/53/413 204/53/414
f 292/217/415 155/53/218 53/53/217 210/217/416
f 291/53/417 292/217/415 210/217/416 204/53/418
f 237/218/419 170/219/420 196/60/286 203/61/285
f 259/115/327 254/56/282 192/32/263
f 155/53/223 292/217/421 293/1/238 158/81/82
f 292/217/421 291/220/422 294/4/239 293/1/238
f 240/221/423 170/219/420 237/218/419
f 203/61/285 39/62/63 9/226/231 195/225/424 168/224/425 229/223/426 228/222/427 230/63/287 239/64/292 237/218/419
f 226/5/242 276/6/245 224/227/428 233/120/330
f 224/227/428 169/11/331 233/120/330
f 171/11/296 194/36/267 200/2/241
f 297/228/429 162/231/234 163/230/234 298/229/429
f 296/229/235 298/229/235 163/230/235 159/230/235
f 52/232/236 162/232/236 297/233/236 295/233/236
f 295/228/430 297/228/430 298/229/430 296/229/430
f 299/234/431 300/235/431 302/236/431 301/237/431
f 301/234/432 302/235/432 306/236/432 305/237/432
f 305/234/433 306/235/433 304/236/433 303/237/433
f 303/234/434 304/235/434 300/236/434 299/237/434
f 306/234/435 302/235/435 300/236/435 304/237/435
f 312/234/436 316/238/437 313/239/437 310/237/438
f 311/234/439 312/235/436 310/236/438 309/237/439
f 307/234/440 314/240/441 315/241/441 308/237/442
f 308/234/442 311/235/443 309/236/443 307/237/440
f 313/235/445 316/243/445 315/241/445 314/240/445
f 309/234/446 310/235/446 313/244/446 314/245/446 307/237/446
f 317/234/447 319/237/448 320/236/449 318/235/450
f 319/234/448 323/237/451 324/236/452 320/235/449
f 323/234/453 321/237/454 322/236/455 324/235/453
f 321/234/454 317/237/456 318/236/456 322/235/455
f 324/234/452 322/237/457 318/236/450 320/235/449
f 330/234/458 328/237/459 331/239/460 334/238/461
f 329/234/462 327/237/463 328/236/464 330/235/465
f 325/234/466 326/237/467 333/241/468 332/240/469
f 326/234/470 325/237/471 327/236/463 329/235/462
f 331/235/460 332/240/469 333/241/468 334/243/461
f 327/234/463 325/237/471 332/245/473 331/244/473 328/235/464
s 0
f 335/246/474 336/247/474 338/248/474 337/249/474
f 337/246/475 338/247/475 342/248/475 341/249/475
f 341/246/476 342/247/476 340/248/476 339/249/476
f 339/246/477 340/247/477 336/248/477 335/249/477
f 337/246/137 341/247/137 339/248/137 335/249/137
f 342/246/478 338/247/478 336/248/478 340/249/478
f 343/246/474 344/247/474 346/248/474 345/249/474
f 345/246/475 346/247/475 350/248/475 349/249/475
f 349/246/476 350/247/476 348/248/476 347/249/476
f 347/246/477 348/247/477 344/248/477 343/249/477
f 345/246/137 349/247/137 347/248/137 343/249/137
f 350/246/478 346/247/478 344/248/478 348/249/478
f 351/246/476 353/249/476 354/248/476 352/247/476
f 353/246/475 357/249/475 358/248/475 354/247/475
f 357/246/474 355/249/474 356/248/474 358/247/474
f 355/246/477 351/249/477 352/248/477 356/247/477
f 353/246/137 351/249/137 355/248/137 357/247/137
f 358/246/478 356/249/478 352/248/478 354/247/478
f 359/246/476 361/249/476 362/248/476 360/247/476
f 361/246/475 365/249/475 366/248/475 362/247/475
f 365/246/474 363/249/474 364/248/474 366/247/474
f 363/246/477 359/249/477 360/248/477 364/247/477
f 361/246/137 359/249/137 363/248/137 365/247/137
f 366/246/478 364/249/478 360/248/478 362/247/478
f 388/256/477 389/257/477 390/257/477 387/256/477
f 394/258/488 392/259/488 391/259/488 393/258/488
f 399/257/489 391/256/489 392/256/489 400/257/489
f 393/257/489 401/256/489 402/256/489 394/257/489
f 401/257/488 399/256/488 400/256/488 402/257/488
f 398/258/477 396/259/477 395/259/477 397/258/477
f 387/259/490 395/258/490 396/258/490 388/259/490
f 397/259/490 390/258/490 389/258/490 398/259/490
f 391/259/491 387/256/491 390/257/491 393/258/491
f 392/259/492 394/258/492 389/257/492 388/256/492
f 395/259/492 399/256/492 401/257/492 397/258/492
f 396/259/491 398/258/491 402/257/491 400/256/491
f 387/259/137 391/256/137 399/257/137 395/258/137
f 388/259/478 396/258/478 400/257/478 392/256/478
f 397/259/478 401/256/478 393/257/478 390/258/478
f 398/259/137 389/258/137 394/257/137 402/256/137
f 404/256/477 403/256/477 406/257/477 405/257/477
f 410/258/488 409/258/488 407/259/488 408/259/488
f 415/257/493 416/257/493 408/256/493 407/256/493
f 409/257/493 410/257/493 418/256/493 417/256/493
f 417/257/488 418/257/488 416/256/488 415/256/488
f 414/258/477 413/258/477 411/259/477 412/259/477
f 403/259/494 404/259/494 412/258/494 411/258/494
f 413/259/494 414/259/494 405/258/494 406/258/494
f 407/259/495 409/258/495 406/257/495 403/256/495
f 408/259/496 404/256/496 405/257/496 410/258/496
f 411/259/496 413/258/496 417/257/496 415/256/496
f 412/259/495 416/256/495 418/257/495 414/258/495
f 403/259/137 411/258/137 415/257/137 407/256/137
f 404/259/478 408/256/478 416/257/478 412/258/478
f 413/259/478 406/258/478 409/257/478 417/256/478
f 414/259/137 418/256/137 410/257/137 405/258/137
s 1
f 467/274/546 468/275/546 483/276/547 484/277/548
f 483/274/549 464/275/549 474/276/549 471/277/549
f 467/274/137 484/275/550 463/276/551 469/277/137
f 483/274/478 468/275/478 470/276/478 464/277/478
f 489/274/478 479/275/478 478/276/478 487/277/478
f 480/274/552 475/275/553 497/276/553 493/277/554
f 463/274/551 484/275/550 472/276/555 473/277/556
f 488/274/557 487/275/557 478/276/557 477/277/557
f 466/274/558 485/275/558 491/276/558 495/277/558
f 482/274/559 490/275/559 488/276/559 477/277/559
f 473/274/556 472/275/555 490/276/560 482/277/560
f 475/274/561 476/275/561 498/276/561 497/277/561
f 471/274/478 474/275/478 479/276/478 489/277/478
f 466/274/562 465/275/563 484/276/548 483/277/547
f 485/274/564 466/275/562 483/276/547 471/277/565
f 465/274/563 486/275/566 472/276/567 484/277/548
f 476/274/568 475/275/569 487/276/569 488/277/568
f 480/274/570 485/275/564 471/276/565 489/277/570
f 486/274/566 481/275/571 490/276/571 472/277/567
f 475/274/569 480/275/570 489/276/570 487/277/569
f 481/274/571 476/275/568 488/276/568 490/277/571
f 496/274/572 495/275/572 491/276/573 492/277/574
f 494/274/575 493/275/576 497/276/577 498/277/577
f 492/274/574 491/275/573 493/276/576 494/277/575
f 485/274/578 480/275/552 493/276/554 491/277/578
f 486/274/579 465/275/580 496/276/580 492/277/581
f 465/274/582 466/275/582 495/276/582 496/277/582
f 476/274/583 481/275/583 494/276/583 498/277/583
f 481/274/584 486/275/579 492/276/581 494/277/584
f 467/274/546 516/277/585 515/276/586 468/275/546
f 515/274/587 503/277/587 506/276/587 500/275/587
f 467/274/137 469/277/137 499/276/588 516/275/589
f 515/274/478 500/277/478 470/276/478 468/275/478
f 521/274/478 519/277/478 510/276/478 511/275/478
f 512/274/590 525/277/591 529/276/592 507/275/592
f 499/274/588 505/277/593 504/276/594 516/275/589
f 520/274/595 509/277/595 510/276/595 519/275/595
f 502/274/596 527/277/596 523/276/596 517/275/596
f 514/274/597 509/277/597 520/276/597 522/275/597
f 505/274/593 514/277/598 522/276/598 504/275/594
f 507/274/599 529/277/599 530/276/599 508/275/599
f 503/274/478 521/277/478 511/276/478 506/275/478
f 502/274/600 515/277/586 516/276/585 501/275/601
f 517/274/602 503/277/603 515/276/586 502/275/600
f 501/274/601 516/277/585 504/276/604 518/275/605
f 508/274/606 520/277/606 519/276/607 507/275/607
f 512/274/608 521/277/608 503/276/603 517/275/602
f 518/274/605 504/277/604 522/276/609 513/275/609
f 507/274/607 519/277/607 521/276/608 512/275/608
f 513/274/609 522/277/609 520/276/606 508/275/606
f 528/274/610 524/277/611 523/276/612 527/275/610
f 526/274/613 530/277/614 529/276/614 525/275/615
f 524/274/611 526/277/613 525/276/615 523/275/612
f 517/274/616 523/277/616 525/276/591 512/275/590
f 518/274/617 524/277/618 528/276/619 501/275/619
f 501/274/620 528/277/620 527/276/620 502/275/620
f 508/274/621 530/277/621 526/276/621 513/275/621
f 513/274/622 526/277/622 524/276/618 518/275/617
s 0
f 531/278/623 532/279/623 534/280/623 533/281/623
f 537/278/624 538/279/624 536/280/624 535/281/624
f 535/278/625 536/279/625 532/280/625 531/281/625
f 533/278/626 537/279/626 535/280/626 531/281/626
f 538/278/627 534/279/627 532/280/627 536/281/627
f 539/278/628 541/281/628 542/280/628 540/279/628
f 545/278/629 543/281/629 544/280/629 546/279/629
f 543/278/630 539/281/630 540/280/630 544/279/630
f 541/278/631 539/281/631 543/280/631 545/279/631
f 546/278/632 544/281/632 540/280/632 542/279/632
f 547/282/623 548/283/623 550/284/623 549/285/623
f 553/282/624 554/283/624 552/284/624 551/285/624
f 551/282/625 552/283/625 548/284/625 547/285/625
f 549/282/626 553/283/626 551/284/626 547/285/626
f 554/282/627 550/283/627 548/284/627 552/285/627
f 555/282/628 557/285/628 558/284/628 556/283/628
f 561/282/629 559/285/629 560/284/629 562/283/629
f 559/282/630 555/285/630 556/284/630 560/283/630
f 557/282/631 555/285/631 559/284/631 561/283/631
f 562/282/632 560/285/632 556/284/632 558/283/632
s 1
usemtl light
f 70/138/126 79/139/127 78/140/128 4/141/129
f 220/138/341 169/141/342 224/140/343 225/139/344
f 423/260/497 424/261/497 422/262/498 421/263/499
f 423/260/137 421/264/500 419/265/501 425/266/137
f 422/267/478 424/261/478 426/268/478 420/269/478
f 419/270/501 421/264/500 428/268/502 429/266/503
f 422/267/478 420/271/478 430/268/478 427/266/478
f 421/272/499 422/273/498 427/268/504 428/266/505
f 431/260/478 434/261/478 438/268/506 435/266/507
f 429/260/503 428/261/502 432/268/508 433/266/509
f 427/260/478 430/261/478 434/268/478 431/266/478
f 428/260/505 427/261/504 431/268/510 432/266/511
f 436/260/512 435/261/513 439/268/514 440/266/515
f 432/260/511 431/261/510 435/268/513 436/266/512
f 433/260/509 432/261/508 436/268/516 437/266/516
f 440/260/515 439/261/514 442/268/517 441/266/518
f 438/260/519 437/261/519 441/268/519 442/266/519
f 437/260/520 436/261/512 440/268/515 441/266/518
f 435/260/507 438/261/506 442/268/521 439/266/521
f 423/260/497 445/263/522 446/262/523 424/261/497
f 423/260/137 425/266/137 443/265/524 445/264/525
f 446/267/478 444/269/478 426/268/478 424/261/478
f 443/270/524 449/266/526 448/268/527 445/264/525
f 446/267/478 447/266/478 450/268/478 444/271/478
f 445/272/522 448/266/528 447/268/529 446/273/523
f 451/260/478 455/266/530 458/268/531 454/261/478
f 449/260/526 453/266/532 452/268/533 448/261/527
f 447/260/478 451/266/478 454/268/478 450/261/478
f 448/260/528 452/266/534 451/268/535 447/261/529
f 456/260/536 460/266/537 459/268/538 455/261/539
f 452/260/534 456/266/536 455/268/539 451/261/535
f 453/260/532 457/266/540 456/268/540 452/261/533
f 460/260/537 461/266/541 462/268/542 459/261/538
f 458/260/543 462/266/543 461/268/543 457/261/543
f 457/260/544 461/266/541 460/268/537 456/261/536
f 455/260/530 459/266/545 462/268/545 458/261/531
usemtl glass
f 127/156/153 129/157/154 130/158/154 128/159/155
f 118/179/172 117/180/173 116/181/174
f 117/180/173 119/182/175 120/183/175 116/181/174
f 124/184/176 123/185/176 126/186/176 125/187/176
f 151/188/167 152/189/167 121/190/167 122/191/167
f 131/192/185 127/156/153 128/159/155 132/193/185
f 143/212/205 146/213/205 148/214/206 147/215/206
f 271/156/360 272/159/361 130/158/154 129/157/154
f 262/179/377 260/181/378 261/180/379
f 261/180/379 260/181/378 264/183/380 263/182/380
f 268/184/381 269/187/381 270/186/381 267/185/381
f 289/188/372 266/191/372 265/190/372 290/189/372
f 273/192/390 274/193/390 272/159/361 271/156/360
f 143/212/205 285/215/407 286/214/407 146/213/205
f 308/234/444 315/240/444 316/242/444 312/236/444 311/237/444
f 326/234/467 329/237/472 330/236/458 334/242/461 333/240/468
usemtl texture
f 384/250/479 385/251/480 375/252/480 374/253/479
f 386/250/481 381/251/482 369/252/482 376/253/481
f 367/250/483 370/251/484 382/252/484 379/253/483
f 380/250/485 368/251/485 367/252/483 379/253/483
f 369/250/482 381/251/482 382/252/484 370/253/484
f 373/250/486 383/251/486 384/252/479 374/253/479
f 386/250/481 376/251/481 375/252/480 385/253/480
f 380/250/485 383/251/486 373/252/486 368/253/485
f 371/251/487 380/252/487 379/253/487
f 372/251/487 382/252/487 381/253/487
f 377/251/487 384/252/487 383/253/487
f 378/251/487 386/252/487 385/253/487
f 371/250/487 377/251/487 383/252/487 380/253/487
f 372/250/487 371/251/487 379/252/487 382/253/487
f 378/250/487 372/251/487 381/252/487 386/253/487
f 377/250/487 378/251/487 385/252/487 384/253/487
f 371/254/487 372/255/487 378/255/487 377/255/487
o wheels.025
v -0.931163 0.616624 1.705324
v -0.931163 0.604951 1.862612
v -0.931163 0.533714 1.960661
v -0.931163 0.418450 1.998113
v -0.931163 0.265254 1.960609
v -0.931163 0.182246 1.826500
v -0.931163 0.182246 1.705305
v -0.931163 0.253483 1.607255
v -0.931163 0.399465 1.551246
v -0.931163 0.545447 1.607358
v -0.876552 0.399465 1.351110
v -0.876552 0.149789 1.432234
v -0.876552 0.649141 1.432234
v -0.876552 -0.004519 1.644621
v -0.876552 -0.004519 1.907146
v -0.876552 0.149789 2.119533
v -0.876552 0.399465 2.200657
v -0.876552 0.649141 2.119533
v -0.876552 0.803449 1.907146
v -0.876552 0.803449 1.644621
v -1.009825 0.399465 1.477453
v -1.009825 0.224052 1.534448
v -1.009825 0.115641 1.683663
v -1.009825 0.115641 1.868104
v -1.009825 0.224052 2.017319
v -1.009825 0.399465 2.074314
v -1.009825 0.574879 2.017319
v -1.009825 0.683290 1.868104
v -1.009825 0.683290 1.683663
v -1.009825 0.574879 1.534448
v -1.009825 0.399465 1.390893
v -0.971988 0.399465 1.351110
v -0.971988 0.149789 1.432234
v -1.009825 0.173174 1.464420
v -0.971988 -0.004519 1.644621
v -1.009825 0.033318 1.656915
v -0.971988 -0.004519 1.907146
v -1.009825 0.033318 1.894852
v -0.971988 0.149789 2.119533
v -1.009825 0.173174 2.087347
v -0.971988 0.399465 2.200657
v -1.009825 0.399465 2.160874
v -0.971988 0.649141 2.119533
v -1.009825 0.625757 2.087347
v -0.971988 0.803449 1.907146
v -1.009825 0.765613 1.894852
v -0.971988 0.803449 1.644621
v -1.009825 0.765613 1.656915
v -0.971988 0.649141 1.432234
v -1.009825 0.625757 1.464420
v -0.931163 0.380420 1.802097
v -0.931163 0.545447 1.976810
v -0.931163 0.616624 1.826417
v -0.931163 0.380420 1.998029
v -0.931163 0.163262 1.699136
v -0.931163 0.194077 1.862643
v -0.931163 0.289988 1.586818
v -0.931163 0.418450 1.802014
v -0.931163 0.368747 1.765903
v -0.931163 0.163262 1.852631
v -0.931163 0.253483 1.976810
v -0.931163 0.635669 1.699136
v -0.931163 0.508943 1.586818
v -0.931163 0.635669 1.852631
v -0.931163 0.399465 2.024243
v -0.931163 0.430281 1.765871
v -0.931163 0.399465 1.737501
v -0.931163 0.399465 1.527524
v -0.931163 0.253483 1.574957
v -0.931163 0.545447 1.574957
v -0.931163 0.399465 1.775884
v -0.876552 0.517095 1.937787
v -0.876552 0.449933 1.845347
v -0.876552 0.481179 1.749333
v -0.876552 0.589757 1.714054
v -0.876552 0.399465 1.578101
v -0.876552 0.399465 1.686627
v -0.876552 0.209136 1.714042
v -0.876552 0.317806 1.749351
v -0.876552 0.348963 1.845393
v -0.876552 0.281859 1.937755
v -0.876552 0.558603 1.880656
v -0.876552 0.449933 1.959609
v -0.876552 0.209136 1.784660
v -0.876552 0.250645 1.656911
v -0.876552 0.240386 1.880672
v -0.876552 0.548284 1.656971
v -0.876552 0.589757 1.784612
v -0.876552 0.348963 1.959559
v -0.876552 0.335675 1.598827
v -0.876552 0.463255 1.598827
v -0.821942 0.616624 1.705324
v -0.821942 0.604951 1.862612
v -0.821942 0.533714 1.960661
v -0.821942 0.418450 1.998113
v -0.821942 0.265254 1.960609
v -0.821942 0.182246 1.826500
v -0.821942 0.182246 1.705305
v -0.821942 0.253483 1.607255
v -0.821942 0.399465 1.551246
v -0.821942 0.545447 1.607358
v -0.743279 0.399465 1.477453
v -0.743279 0.224052 1.534448
v -0.743279 0.115641 1.683663
v -0.743279 0.115641 1.868104
v -0.743279 0.224052 2.017319
v -0.743279 0.399465 2.074314
v -0.743279 0.574879 2.017319
v -0.743279 0.683290 1.868104
v -0.743279 0.683290 1.683663
v -0.743279 0.574879 1.534448
v -0.743279 0.399465 1.390893
v -0.781116 0.399465 1.351110
v -0.781116 0.149789 1.432234
v -0.743279 0.173174 1.464420
v -0.781116 -0.004519 1.644621
v -0.743279 0.033318 1.656915
v -0.781116 -0.004519 1.907146
v -0.743279 0.033318 1.894852
v -0.781116 0.149789 2.119533
v -0.743279 0.173174 2.087347
v -0.781116 0.399465 2.200657
v -0.743279 0.399465 2.160874
v -0.781116 0.649141 2.119533
v -0.743279 0.625757 2.087347
v -0.781116 0.803449 1.907146
v -0.743279 0.765613 1.894852
v -0.781116 0.803449 1.644621
v -0.743279 0.765613 1.656915
v -0.781116 0.649141 1.432234
v -0.743279 0.625757 1.464420
v -0.821942 0.380420 1.802097
v -0.821942 0.545447 1.976810
v -0.821942 0.616624 1.826417
v -0.821942 0.380420 1.998029
v -0.821942 0.163262 1.699136
v -0.821942 0.194077 1.862643
v -0.821942 0.289988 1.586818
v -0.821942 0.418450 1.802014
v -0.821942 0.368747 1.765903
v -0.821942 0.163262 1.852631
v -0.821942 0.253483 1.976810
v -0.821942 0.635669 1.699136
v -0.821942 0.508943 1.586818
v -0.821942 0.635669 1.852631
v -0.821942 0.399465 2.024243
v -0.821942 0.430281 1.765871
v -0.821942 0.399465 1.737501
v -0.821942 0.399465 1.527524
v -0.821942 0.253483 1.574957
v -0.821942 0.545447 1.574957
v -0.821942 0.399465 1.775884
vn -0.3686 0.5464 -0.7521
vn -0.0000 0.5878 -0.8090
vn -0.0000 -0.0000 -1.0000
vn -0.3686 -0.0000 -0.9296
vn -0.3686 0.8841 -0.2873
vn -0.0000 0.9511 -0.3090
vn -0.4595 0.5221 -0.7186
vn -0.4414 0.2773 -0.8534
vn -0.3686 -0.0000 0.9296
vn -0.0000 -0.0000 1.0000
vn -0.0000 0.5878 0.8090
vn -0.3686 0.5464 0.7521
vn -0.3686 -0.8841 -0.2873
vn -0.0000 -0.9511 -0.3090
vn -0.0000 -0.9511 0.3090
vn -0.3686 -0.8841 0.2873
vn -0.0000 -0.5878 0.8090
vn -0.3686 -0.5464 0.7521
vn -0.9022 0.4102 0.1333
vn -1.0000 -0.0000 -0.0000
vn -0.9022 0.2535 0.3490
vn -0.9022 -0.0000 -0.4314
vn -0.9022 0.2535 -0.3490
vn -0.9022 -0.4102 -0.1333
vn -0.9022 -0.2535 -0.3490
vn -0.9022 0.4102 -0.1333
vn -0.3686 0.8841 0.2873
vn -0.0000 0.9511 0.3090
vn -0.9022 -0.0000 0.4314
vn -0.9022 -0.2535 0.3490
vn -0.9022 -0.4102 0.1333
vn -0.3686 -0.5464 -0.7521
vn -0.0000 -0.5878 -0.8090
vn -0.5370 -0.0000 0.8436
vn -0.5370 0.4959 0.6825
vn -0.5370 -0.8023 -0.2607
vn -0.5370 -0.8023 0.2607
vn -0.5370 0.4959 -0.6825
vn -0.5370 -0.0000 -0.8436
vn -0.5370 0.8023 0.2607
vn -0.5370 -0.4959 0.6825
vn -0.5370 -0.4959 -0.6825
vn -0.5370 0.8023 -0.2607
vn -0.4995 -0.7009 0.5092
vn -0.4236 -0.2799 0.8615
vn -0.4413 -0.0000 0.8974
vn -0.4414 -0.8973 -0.0000
vn -0.4595 -0.8447 0.2745
vn -0.4417 0.7258 0.5273
vn -0.4598 0.8446 0.2744
vn -0.4236 0.2799 0.8615
vn -0.4414 -0.7259 0.5274
vn -0.4417 0.8971 -0.0000
vn -0.4414 0.7259 -0.5274
vn -0.4417 -0.2772 -0.8532
vn -0.4598 -0.5220 -0.7184
vn -0.4803 -0.7096 -0.5156
vn -0.4995 0.8663 -0.0000
vn -0.4991 0.7010 0.5093
vn -0.4803 0.7096 -0.5156
vn -0.4995 -0.2677 0.8239
vn -0.4991 -0.8665 -0.0000
vn -0.4995 -0.2677 -0.8239
vn -0.4991 0.2678 -0.8241
vn -0.4417 -0.7258 -0.5273
vn -0.4991 0.2678 0.8241
vn 0.3686 0.5464 -0.7521
vn 0.3686 -0.0000 -0.9296
vn 0.3686 0.8841 -0.2873
vn 0.4595 0.5221 -0.7186
vn 0.4414 0.2773 -0.8534
vn 0.3686 -0.0000 0.9296
vn 0.3686 0.5464 0.7521
vn 0.3686 -0.8841 -0.2873
vn 0.3686 -0.8841 0.2873
vn 0.3686 -0.5464 0.7521
vn 0.9022 0.4102 0.1333
vn 0.9022 0.2535 0.3490
vn 1.0000 -0.0000 -0.0000
vn 0.9022 -0.0000 -0.4314
vn 0.9022 0.2535 -0.3490
vn 0.9022 -0.4102 -0.1333
vn 0.9022 -0.2535 -0.3490
vn 0.9022 0.4102 -0.1333
vn 0.3686 0.8841 0.2873
vn 0.9022 -0.0000 0.4314
vn 0.9022 -0.2535 0.3490
vn 0.9022 -0.4102 0.1333
vn 0.3686 -0.5464 -0.7521
vn 0.5370 -0.0000 0.8436
vn 0.5370 0.4959 0.6825
vn 0.5370 -0.8023 -0.2607
vn 0.5370 -0.8023 0.2607
vn 0.5370 0.4959 -0.6825
vn 0.5370 -0.0000 -0.8436
vn 0.5370 0.8023 0.2607
vn 0.5370 -0.4959 0.6825
vn 0.5370 -0.4959 -0.6825
vn 0.5370 0.8023 -0.2607
vn 0.4995 -0.7009 0.5092
vn 0.4236 -0.2799 0.8615
vn 0.4413 -0.0000 0.8974
vn 0.4414 -0.8973 -0.0000
vn 0.4595 -0.8447 0.2745
vn 0.4417 0.7258 0.5273
vn 0.4598 0.8446 0.2744
vn 0.4236 0.2799 0.8615
vn 0.4414 -0.7259 0.5274
vn 0.4417 0.8971 -0.0000
vn 0.4414 0.7259 -0.5274
vn 0.4417 -0.2772 -0.8532
vn 0.4598 -0.5220 -0.7184
vn 0.4803 -0.7096 -0.5156
vn 0.4995 0.8663 -0.0000
vn 0.4991 0.7010 0.5093
vn 0.4803 0.7096 -0.5156
vn 0.4995 -0.2677 0.8239
vn 0.4991 -0.8665 -0.0000
vn 0.4995 -0.2677 -0.8239
vn 0.4991 0.2678 -0.8241
vn 0.4417 -0.7258 -0.5273
vn 0.4991 0.2678 0.8241
vt 0.975777 0.347738
vt 0.992922 0.347738
vt 0.992922 0.375608
vt 0.975777 0.375608
vt 0.969168 0.356028
vt 0.982334 0.356028
vt 0.990697 0.350349
vt 0.985856 0.356028
vt 0.969168 0.356028
vt 0.969168 0.350349
vt 0.990697 0.350349
vt 0.990697 0.350349
vt 0.985856 0.356028
vt 0.969168 0.350348
vt 0.990697 0.350349
vt 0.990697 0.350348
vt 0.969168 0.374303
vt 0.969168 0.349043
vt 0.969168 0.347738
vt 0.969168 0.374303
vt 0.975668 0.528250
vt 0.977838 0.528250
vt 0.971747 0.356028
vt 0.984262 0.356028
vt 0.971345 0.356028
vt 0.984511 0.356028
vt 0.971338 0.356028
vt 0.984515 0.356028
vt 0.969168 0.356028
vt 0.981683 0.356028
vt 0.982334 0.356028
vt 0.982345 0.356028
vt 0.984511 0.356028
vt 0.971338 0.356028
vt 0.988845 0.528250
vt 0.975668 0.528250
vt 0.992356 0.528250
vt 0.991015 0.528250
vt 0.977838 0.528250
vt 0.992356 0.528250
vt 0.975668 0.528250
vt 0.991011 0.528250
vt 0.977845 0.528250
vt 0.988834 0.528250
vt 0.991011 0.528250
vt 0.988833 0.528250
vt 0.988183 0.528250
vt 0.990762 0.528250
vt 0.978247 0.528250
vt 0.982345 0.356028
s 1
usemtl metallic
f 567/290/639 616/291/640 651/291/640 643/290/639
f 621/306/676 570/307/676 647/307/676 641/306/676
f 625/308/677 571/309/678 638/309/678 653/308/677
f 615/310/679 563/311/680 637/311/680 650/310/679
f 570/312/681 569/313/682 640/313/682 647/312/681
f 571/314/678 619/315/683 652/315/683 638/314/678
f 563/290/680 572/316/684 649/316/684 637/290/680
f 569/290/682 568/317/685 646/317/685 640/290/682
f 618/310/686 567/318/639 643/318/639 648/310/686
f 566/319/687 565/313/688 634/313/688 645/319/687
f 564/320/652 565/321/652 614/321/652 626/322/652
f 565/323/652 566/324/652 627/321/652 614/325/652
f 568/320/652 569/326/652 617/326/652 622/325/652
f 569/323/652 570/307/652 631/326/652 617/325/652
f 570/307/652 621/306/652 633/326/652 631/326/652
f 566/324/652 620/306/652 633/326/652 627/321/652
f 620/306/652 564/320/652 626/322/652 633/326/652
f 621/306/652 568/320/652 622/325/652 633/326/652
f 567/327/652 618/328/652 622/326/652 623/325/652
f 572/329/652 563/326/652 624/326/652 632/325/652
f 563/330/652 615/328/652 626/326/652 624/322/652
f 616/331/652 567/326/652 623/321/652 627/322/652
f 628/328/652 572/329/652 632/325/652 633/326/652
f 613/328/652 616/331/652 627/322/652 633/326/652
f 615/328/652 628/328/652 633/326/652 626/326/652
f 618/328/652 613/328/652 633/326/652 622/326/652
f 619/332/652 571/321/652 630/321/652 631/325/652
f 571/333/652 625/334/652 632/321/652 630/322/652
f 625/334/652 629/326/652 633/326/652 632/321/652
f 629/326/652 619/332/652 631/325/652 633/326/652
f 629/326/689 625/334/689 653/334/689 639/326/689
f 620/306/690 566/324/690 645/324/690 635/306/690
f 572/329/691 628/328/691 636/328/691 649/329/691
f 619/332/692 629/326/692 639/326/692 652/332/692
f 564/320/693 620/306/693 635/306/693 644/320/693
f 616/331/694 613/328/694 642/328/694 651/331/694
f 568/320/695 621/306/695 641/306/695 646/320/695
f 628/328/696 615/328/696 650/328/696 636/328/696
f 565/294/688 564/335/697 644/335/697 634/294/688
f 613/328/698 618/328/698 648/328/698 642/328/698
f 658/290/702 643/290/702 651/291/703 697/291/703
f 702/306/732 641/306/732 647/307/732 661/307/732
f 706/308/733 653/308/733 638/309/734 662/309/734
f 696/310/735 650/310/735 637/311/736 654/311/736
f 661/312/737 647/312/737 640/313/738 660/313/738
f 662/314/734 638/314/734 652/315/739 700/315/739
f 654/290/736 637/290/736 649/316/740 663/316/740
f 660/290/738 640/290/738 646/317/741 659/317/741
f 699/310/742 648/310/742 643/318/702 658/318/702
f 657/319/743 645/319/743 634/313/744 656/313/744
f 655/320/711 707/322/711 695/321/711 656/321/711
f 656/323/711 695/325/711 708/321/711 657/324/711
f 659/320/711 703/325/711 698/326/711 660/326/711
f 660/323/711 698/325/711 712/326/711 661/307/711
f 661/307/711 712/326/711 714/326/711 702/306/711
f 657/324/711 708/321/711 714/326/711 701/306/711
f 701/306/711 714/326/711 707/322/711 655/320/711
f 702/306/711 714/326/711 703/325/711 659/320/711
f 658/327/711 704/325/711 703/326/711 699/328/711
f 663/329/711 713/325/711 705/326/711 654/326/711
f 654/330/711 705/322/711 707/326/711 696/328/711
f 697/331/711 708/322/711 704/321/711 658/326/711
f 709/328/711 714/326/711 713/325/711 663/329/711
f 694/328/711 714/326/711 708/322/711 697/331/711
f 696/328/711 707/326/711 714/326/711 709/328/711
f 699/328/711 703/326/711 714/326/711 694/328/711
f 700/332/711 712/325/711 711/321/711 662/321/711
f 662/333/711 711/322/711 713/321/711 706/334/711
f 706/334/711 713/321/711 714/326/711 710/326/711
f 710/326/711 714/326/711 712/325/711 700/332/711
f 710/326/745 639/326/745 653/334/745 706/334/745
f 701/306/746 635/306/746 645/324/746 657/324/746
f 663/329/747 649/329/747 636/328/747 709/328/747
f 700/332/748 652/332/748 639/326/748 710/326/748
f 655/320/749 644/320/749 635/306/749 701/306/749
f 697/331/750 651/331/750 642/328/750 694/328/750
f 659/320/751 646/320/751 641/306/751 702/306/751
f 709/328/752 636/328/752 650/328/752 696/328/752
f 656/294/744 634/294/744 644/335/753 655/335/753
f 694/328/754 642/328/754 648/328/754 699/328/754
usemtl texture
f 611/286/633 575/287/634 573/288/635 594/289/636
f 609/286/637 582/287/638 575/288/634 611/289/633
f 603/286/641 579/287/642 580/288/643 605/289/644
f 597/286/645 576/287/646 577/288/647 599/289/648
f 599/286/648 577/287/647 578/288/649 601/289/650
f 601/286/650 578/287/649 579/288/642 603/289/641
f 608/292/651 590/293/652 589/294/652 606/295/653
f 593/296/654 583/293/652 592/294/652 612/295/655
f 598/297/656 585/298/652 584/290/652 596/299/657
f 612/300/655 592/298/652 591/290/652 610/295/658
f 610/301/658 591/293/652 590/290/652 608/295/651
f 607/286/659 581/287/660 582/288/638 609/289/637
f 606/292/653 589/298/652 588/294/652 604/295/661
f 604/296/661 588/293/652 587/294/652 602/295/662
f 602/297/662 587/298/652 586/290/652 600/295/663
f 600/292/663 586/298/652 585/290/652 598/295/656
f 595/286/664 574/287/665 576/288/646 597/289/645
f 605/286/644 580/287/643 581/288/660 607/289/659
f 583/294/666 584/298/667 631/298/667 630/294/666
f 596/292/657 584/298/652 583/294/652 593/295/654
f 594/286/636 595/289/664 596/302/657 593/303/654
f 595/304/664 597/287/645 598/297/656 596/299/657
f 597/286/645 599/289/648 600/302/663 598/303/656
f 599/304/648 601/287/650 602/297/662 600/295/663
f 601/304/650 603/287/641 604/296/661 602/295/662
f 603/304/641 605/287/644 606/292/653 604/295/661
f 605/286/644 607/289/659 608/305/651 606/303/653
f 607/286/659 609/289/637 610/302/658 608/303/651
f 609/304/637 611/287/633 612/300/655 610/295/658
f 611/286/633 594/289/636 593/302/654 612/303/655
f 594/286/636 573/287/635 574/288/665 595/289/664
f 590/290/668 591/293/669 624/293/669 626/290/668
f 587/294/670 588/293/671 627/293/671 623/294/670
f 584/290/667 585/298/672 617/298/672 631/290/667
f 591/290/669 592/298/673 632/298/673 624/290/669
f 588/294/671 589/298/674 614/298/674 627/294/671
f 585/290/672 586/298/675 622/298/675 617/290/672
f 592/294/673 583/293/666 630/293/666 632/294/673
f 589/294/674 590/293/668 626/293/668 614/294/674
f 586/290/675 587/298/670 623/298/670 622/290/675
f 692/286/699 675/289/700 573/288/635 575/287/634
f 690/286/701 692/289/699 575/288/634 582/287/638
f 684/286/704 686/289/705 580/288/643 579/287/642
f 678/286/706 680/289/707 577/288/647 576/287/646
f 680/286/707 682/289/708 578/288/649 577/287/647
f 682/286/708 684/289/704 579/288/642 578/287/649
f 689/292/709 687/295/710 670/294/711 671/293/711
f 674/296/712 693/295/713 673/294/711 664/293/711
f 679/297/714 677/299/715 665/290/711 666/298/711
f 693/300/713 691/295/716 672/290/711 673/298/711
f 691/301/716 689/295/709 671/290/711 672/293/711
f 688/286/717 690/289/701 582/288/638 581/287/660
f 687/292/710 685/295/718 669/294/711 670/298/711
f 685/296/718 683/295/719 668/294/711 669/293/711
f 683/297/719 681/295/720 667/290/711 668/298/711
f 681/292/720 679/295/714 666/290/711 667/298/711
f 676/286/721 678/289/706 576/288/646 574/287/665
f 686/286/705 688/289/717 581/288/660 580/287/643
f 664/294/722 711/294/722 712/298/723 665/298/723
f 677/292/715 674/295/712 664/294/711 665/298/711
f 675/286/700 674/303/712 677/302/715 676/289/721
f 676/304/721 677/299/715 679/297/714 678/287/706
f 678/286/706 679/303/714 681/302/720 680/289/707
f 680/304/707 681/295/720 683/297/719 682/287/708
f 682/304/708 683/295/719 685/296/718 684/287/704
f 684/304/704 685/295/718 687/292/710 686/287/705
f 686/286/705 687/303/710 689/305/709 688/289/717
f 688/286/717 689/303/709 691/302/716 690/289/701
f 690/304/701 691/295/716 693/300/713 692/287/699
f 692/286/699 693/303/713 674/302/712 675/289/700
f 675/286/700 676/289/721 574/288/665 573/287/635
f 671/290/724 707/290/724 705/293/725 672/293/725
f 668/294/726 704/294/726 708/293/727 669/293/727
f 665/290/723 712/290/723 698/298/728 666/298/728
f 672/290/725 705/290/725 713/298/729 673/298/729
f 669/294/727 708/294/727 695/298/730 670/298/730
f 666/290/728 698/290/728 703/298/731 667/298/731
f 673/294/729 713/294/729 711/293/722 664/293/722
f 670/294/730 695/294/730 707/293/724 671/293/724
f 667/290/731 703/290/731 704/298/726 668/298/726
o wheels.024
v -0.931163 0.616624 -1.415952
v -0.931163 0.604951 -1.258664
v -0.931163 0.533714 -1.160615
v -0.931163 0.418450 -1.123163
v -0.931163 0.265254 -1.160666
v -0.931163 0.182246 -1.294776
v -0.931163 0.182246 -1.415971
v -0.931163 0.253483 -1.514021
v -0.931163 0.399465 -1.570030
v -0.931163 0.545447 -1.513918
v -0.876552 0.399465 -1.770166
v -0.876552 0.149789 -1.689042
v -0.876552 0.649141 -1.689042
v -0.876552 -0.004519 -1.476655
v -0.876552 -0.004519 -1.214130
v -0.876552 0.149789 -1.001743
v -0.876552 0.399465 -0.920619
v -0.876552 0.649141 -1.001743
v -0.876552 0.803449 -1.214130
v -0.876552 0.803449 -1.476655
v -1.009825 0.399465 -1.643824
v -1.009825 0.224052 -1.586828
v -1.009825 0.115641 -1.437613
v -1.009825 0.115641 -1.253172
v -1.009825 0.224052 -1.103957
v -1.009825 0.399465 -1.046962
v -1.009825 0.574879 -1.103957
v -1.009825 0.683290 -1.253172
v -1.009825 0.683290 -1.437613
v -1.009825 0.574879 -1.586828
v -1.009825 0.399465 -1.730383
v -0.971988 0.399465 -1.770166
v -0.971988 0.149789 -1.689042
v -1.009825 0.173174 -1.656856
v -0.971988 -0.004519 -1.476655
v -1.009825 0.033318 -1.464361
v -0.971988 -0.004519 -1.214130
v -1.009825 0.033318 -1.226424
v -0.971988 0.149789 -1.001743
v -1.009825 0.173174 -1.033929
v -0.971988 0.399465 -0.920619
v -1.009825 0.399465 -0.960402
v -0.971988 0.649141 -1.001743
v -1.009825 0.625757 -1.033929
v -0.971988 0.803449 -1.214130
v -1.009825 0.765613 -1.226424
v -0.971988 0.803449 -1.476655
v -1.009825 0.765613 -1.464361
v -0.971988 0.649141 -1.689042
v -1.009825 0.625757 -1.656856
v -0.931163 0.380420 -1.319179
v -0.931163 0.545447 -1.144466
v -0.931163 0.616624 -1.294859
v -0.931163 0.380420 -1.123247
v -0.931163 0.163262 -1.422140
v -0.931163 0.194077 -1.258633
v -0.931163 0.289988 -1.534458
v -0.931163 0.418450 -1.319262
v -0.931163 0.368747 -1.355373
v -0.931163 0.163262 -1.268645
v -0.931163 0.253483 -1.144466
v -0.931163 0.635669 -1.422140
v -0.931163 0.508943 -1.534458
v -0.931163 0.635669 -1.268645
v -0.931163 0.399465 -1.097033
v -0.931163 0.430281 -1.355405
v -0.931163 0.399465 -1.383775
v -0.931163 0.399465 -1.593752
v -0.931163 0.253483 -1.546319
v -0.931163 0.545447 -1.546319
v -0.931163 0.399465 -1.345392
v -0.876552 0.517095 -1.183489
v -0.876552 0.449933 -1.275929
v -0.876552 0.481179 -1.371943
v -0.876552 0.589757 -1.407222
v -0.876552 0.399465 -1.543175
v -0.876552 0.399465 -1.434649
v -0.876552 0.209136 -1.407234
v -0.876552 0.317806 -1.371925
v -0.876552 0.348963 -1.275883
v -0.876552 0.281859 -1.183521
v -0.876552 0.558603 -1.240620
v -0.876552 0.449933 -1.161667
v -0.876552 0.209136 -1.336616
v -0.876552 0.250645 -1.464365
v -0.876552 0.240386 -1.240604
v -0.876552 0.548284 -1.464305
v -0.876552 0.589757 -1.336664
v -0.876552 0.348963 -1.161717
v -0.876552 0.335675 -1.522449
v -0.876552 0.463255 -1.522449
v -0.821942 0.616624 -1.415952
v -0.821942 0.604951 -1.258664
v -0.821942 0.533714 -1.160615
v -0.821942 0.418450 -1.123163
v -0.821942 0.265254 -1.160666
v -0.821942 0.182246 -1.294776
v -0.821942 0.182246 -1.415971
v -0.821942 0.253483 -1.514021
v -0.821942 0.399465 -1.570030
v -0.821942 0.545447 -1.513918
v -0.743279 0.399465 -1.643824
v -0.743279 0.224052 -1.586828
v -0.743279 0.115641 -1.437613
v -0.743279 0.115641 -1.253172
v -0.743279 0.224052 -1.103957
v -0.743279 0.399465 -1.046962
v -0.743279 0.574879 -1.103957
v -0.743279 0.683290 -1.253172
v -0.743279 0.683290 -1.437613
v -0.743279 0.574879 -1.586828
v -0.743279 0.399465 -1.730383
v -0.781116 0.399465 -1.770166
v -0.781116 0.149789 -1.689042
v -0.743279 0.173174 -1.656856
v -0.781116 -0.004519 -1.476655
v -0.743279 0.033318 -1.464361
v -0.781116 -0.004519 -1.214130
v -0.743279 0.033318 -1.226424
v -0.781116 0.149789 -1.001743
v -0.743279 0.173174 -1.033929
v -0.781116 0.399465 -0.920619
v -0.743279 0.399465 -0.960402
v -0.781116 0.649141 -1.001743
v -0.743279 0.625757 -1.033929
v -0.781116 0.803449 -1.214130
v -0.743279 0.765613 -1.226424
v -0.781116 0.803449 -1.476655
v -0.743279 0.765613 -1.464361
v -0.781116 0.649141 -1.689042
v -0.743279 0.625757 -1.656856
v -0.821942 0.380420 -1.319179
v -0.821942 0.545447 -1.144466
v -0.821942 0.616624 -1.294859
v -0.821942 0.380420 -1.123247
v -0.821942 0.163262 -1.422140
v -0.821942 0.194077 -1.258633
v -0.821942 0.289988 -1.534458
v -0.821942 0.418450 -1.319262
v -0.821942 0.368747 -1.355373
v -0.821942 0.163262 -1.268645
v -0.821942 0.253483 -1.144466
v -0.821942 0.635669 -1.422140
v -0.821942 0.508943 -1.534458
v -0.821942 0.635669 -1.268645
v -0.821942 0.399465 -1.097033
v -0.821942 0.430281 -1.355405
v -0.821942 0.399465 -1.383775
v -0.821942 0.399465 -1.593752
v -0.821942 0.253483 -1.546319
v -0.821942 0.545447 -1.546319
v -0.821942 0.399465 -1.345392
vn -0.3686 0.5464 -0.7521
vn -0.0000 0.5878 -0.8090
vn -0.0000 -0.0000 -1.0000
vn -0.3686 -0.0000 -0.9296
vn -0.3686 0.8841 -0.2873
vn -0.0000 0.9511 -0.3090
vn -0.4595 0.5221 -0.7186
vn -0.4414 0.2773 -0.8534
vn -0.3686 -0.0000 0.9296
vn -0.0000 -0.0000 1.0000
vn -0.0000 0.5878 0.8090
vn -0.3686 0.5464 0.7521
vn -0.3686 -0.8841 -0.2873
vn -0.0000 -0.9511 -0.3090
vn -0.0000 -0.9511 0.3090
vn -0.3686 -0.8841 0.2873
vn -0.0000 -0.5878 0.8090
vn -0.3686 -0.5464 0.7521
vn -0.9022 0.4102 0.1333
vn -1.0000 -0.0000 -0.0000
vn -0.9022 0.2535 0.3490
vn -0.9022 -0.0000 -0.4314
vn -0.9022 0.2535 -0.3490
vn -0.9022 -0.4102 -0.1333
vn -0.9022 -0.2535 -0.3490
vn -0.9022 0.4102 -0.1333
vn -0.3686 0.8841 0.2873
vn -0.0000 0.9511 0.3090
vn -0.9022 -0.0000 0.4314
vn -0.9022 -0.2535 0.3490
vn -0.9022 -0.4102 0.1333
vn -0.3686 -0.5464 -0.7521
vn -0.0000 -0.5878 -0.8090
vn -0.5370 -0.0000 0.8436
vn -0.5370 0.4959 0.6825
vn -0.5370 -0.8023 -0.2607
vn -0.5370 -0.8023 0.2607
vn -0.5370 0.4959 -0.6825
vn -0.5370 -0.0000 -0.8436
vn -0.5370 0.8023 0.2607
vn -0.5370 -0.4959 0.6825
vn -0.5370 -0.4959 -0.6825
vn -0.5370 0.8023 -0.2607
vn -0.4995 -0.7009 0.5092
vn -0.4236 -0.2799 0.8615
vn -0.4413 -0.0000 0.8974
vn -0.4414 -0.8973 -0.0000
vn -0.4595 -0.8447 0.2745
vn -0.4417 0.7258 0.5273
vn -0.4598 0.8446 0.2744
vn -0.4236 0.2799 0.8615
vn -0.4414 -0.7259 0.5274
vn -0.4417 0.8971 -0.0000
vn -0.4414 0.7259 -0.5274
vn -0.4417 -0.2772 -0.8532
vn -0.4598 -0.5220 -0.7184
vn -0.4803 -0.7096 -0.5156
vn -0.4995 0.8663 -0.0000
vn -0.4991 0.7010 0.5093
vn -0.4803 0.7096 -0.5156
vn -0.4995 -0.2677 0.8239
vn -0.4991 -0.8665 -0.0000
vn -0.4995 -0.2677 -0.8239
vn -0.4991 0.2678 -0.8241
vn -0.4417 -0.7258 -0.5273
vn -0.4991 0.2678 0.8241
vn 0.3686 0.5464 -0.7521
vn 0.3686 -0.0000 -0.9296
vn 0.3686 0.8841 -0.2873
vn 0.4595 0.5221 -0.7186
vn 0.4414 0.2773 -0.8534
vn 0.3686 -0.0000 0.9296
vn 0.3686 0.5464 0.7521
vn 0.3686 -0.8841 -0.2873
vn 0.3686 -0.8841 0.2873
vn 0.3686 -0.5464 0.7521
vn 0.9022 0.4102 0.1333
vn 0.9022 0.2535 0.3490
vn 1.0000 -0.0000 -0.0000
vn 0.9022 -0.0000 -0.4314
vn 0.9022 0.2535 -0.3490
vn 0.9022 -0.4102 -0.1333
vn 0.9022 -0.2535 -0.3490
vn 0.9022 0.4102 -0.1333
vn 0.3686 0.8841 0.2873
vn 0.9022 -0.0000 0.4314
vn 0.9022 -0.2535 0.3490
vn 0.9022 -0.4102 0.1333
vn 0.3686 -0.5464 -0.7521
vn 0.5370 -0.0000 0.8436
vn 0.5370 0.4959 0.6825
vn 0.5370 -0.8023 -0.2607
vn 0.5370 -0.8023 0.2607
vn 0.5370 0.4959 -0.6825
vn 0.5370 -0.0000 -0.8436
vn 0.5370 0.8023 0.2607
vn 0.5370 -0.4959 0.6825
vn 0.5370 -0.4959 -0.6825
vn 0.5370 0.8023 -0.2607
vn 0.4995 -0.7009 0.5092
vn 0.4236 -0.2799 0.8615
vn 0.4413 -0.0000 0.8974
vn 0.4414 -0.8973 -0.0000
vn 0.4595 -0.8447 0.2745
vn 0.4417 0.7258 0.5273
vn 0.4598 0.8446 0.2744
vn 0.4236 0.2799 0.8615
vn 0.4414 -0.7259 0.5274
vn 0.4417 0.8971 -0.0000
vn 0.4414 0.7259 -0.5274
vn 0.4417 -0.2772 -0.8532
vn 0.4598 -0.5220 -0.7184
vn 0.4803 -0.7096 -0.5156
vn 0.4995 0.8663 -0.0000
vn 0.4991 0.7010 0.5093
vn 0.4803 0.7096 -0.5156
vn 0.4995 -0.2677 0.8239
vn 0.4991 -0.8665 -0.0000
vn 0.4995 -0.2677 -0.8239
vn 0.4991 0.2678 -0.8241
vn 0.4417 -0.7258 -0.5273
vn 0.4991 0.2678 0.8241
vt 0.975777 0.347738
vt 0.992922 0.347738
vt 0.992922 0.375608
vt 0.975777 0.375608
vt 0.969168 0.356028
vt 0.982334 0.356028
vt 0.990697 0.350349
vt 0.985856 0.356028
vt 0.969168 0.356028
vt 0.969168 0.350349
vt 0.990697 0.350349
vt 0.990697 0.350349
vt 0.985856 0.356028
vt 0.969168 0.350348
vt 0.990697 0.350349
vt 0.990697 0.350348
vt 0.969168 0.374303
vt 0.969168 0.349043
vt 0.969168 0.347738
vt 0.969168 0.374303
vt 0.975668 0.528250
vt 0.977838 0.528250
vt 0.971747 0.356028
vt 0.984262 0.356028
vt 0.971345 0.356028
vt 0.984511 0.356028
vt 0.971338 0.356028
vt 0.984515 0.356028
vt 0.969168 0.356028
vt 0.981683 0.356028
vt 0.982334 0.356028
vt 0.982345 0.356028
vt 0.984511 0.356028
vt 0.971338 0.356028
vt 0.988845 0.528250
vt 0.975668 0.528250
vt 0.992356 0.528250
vt 0.991015 0.528250
vt 0.977838 0.528250
vt 0.992356 0.528250
vt 0.975668 0.528250
vt 0.991011 0.528250
vt 0.977845 0.528250
vt 0.988834 0.528250
vt 0.991011 0.528250
vt 0.988833 0.528250
vt 0.988183 0.528250
vt 0.990762 0.528250
vt 0.978247 0.528250
vt 0.982345 0.356028
s 1
usemtl metallic
f 719/340/761 768/341/762 803/341/762 795/340/761
f 773/356/798 722/357/798 799/357/798 793/356/798
f 777/358/799 723/359/800 790/359/800 805/358/799
f 767/360/801 715/361/802 789/361/802 802/360/801
f 722/362/803 721/363/804 792/363/804 799/362/803
f 723/364/800 771/365/805 804/365/805 790/364/800
f 715/340/802 724/366/806 801/366/806 789/340/802
f 721/340/804 720/367/807 798/367/807 792/340/804
f 770/360/808 719/368/761 795/368/761 800/360/808
f 718/369/809 717/363/810 786/363/810 797/369/809
f 716/370/774 717/371/774 766/371/774 778/372/774
f 717/373/774 718/374/774 779/371/774 766/375/774
f 720/370/774 721/376/774 769/376/774 774/375/774
f 721/373/774 722/357/774 783/376/774 769/375/774
f 722/357/774 773/356/774 785/376/774 783/376/774
f 718/374/774 772/356/774 785/376/774 779/371/774
f 772/356/774 716/370/774 778/372/774 785/376/774
f 773/356/774 720/370/774 774/375/774 785/376/774
f 719/377/774 770/378/774 774/376/774 775/375/774
f 724/379/774 715/376/774 776/376/774 784/375/774
f 715/380/774 767/378/774 778/376/774 776/372/774
f 768/381/774 719/376/774 775/371/774 779/372/774
f 780/378/774 724/379/774 784/375/774 785/376/774
f 765/378/774 768/381/774 779/372/774 785/376/774
f 767/378/774 780/378/774 785/376/774 778/376/774
f 770/378/774 765/378/774 785/376/774 774/376/774
f 771/382/774 723/371/774 782/371/774 783/375/774
f 723/383/774 777/384/774 784/371/774 782/372/774
f 777/384/774 781/376/774 785/376/774 784/371/774
f 781/376/774 771/382/774 783/375/774 785/376/774
f 781/376/811 777/384/811 805/384/811 791/376/811
f 772/356/812 718/374/812 797/374/812 787/356/812
f 724/379/813 780/378/813 788/378/813 801/379/813
f 771/382/814 781/376/814 791/376/814 804/382/814
f 716/370/815 772/356/815 787/356/815 796/370/815
f 768/381/816 765/378/816 794/378/816 803/381/816
f 720/370/817 773/356/817 793/356/817 798/370/817
f 780/378/818 767/378/818 802/378/818 788/378/818
f 717/344/810 716/385/819 796/385/819 786/344/810
f 765/378/820 770/378/820 800/378/820 794/378/820
f 810/340/824 795/340/824 803/341/825 849/341/825
f 854/356/854 793/356/854 799/357/854 813/357/854
f 858/358/855 805/358/855 790/359/856 814/359/856
f 848/360/857 802/360/857 789/361/858 806/361/858
f 813/362/859 799/362/859 792/363/860 812/363/860
f 814/364/856 790/364/856 804/365/861 852/365/861
f 806/340/858 789/340/858 801/366/862 815/366/862
f 812/340/860 792/340/860 798/367/863 811/367/863
f 851/360/864 800/360/864 795/368/824 810/368/824
f 809/369/865 797/369/865 786/363/866 808/363/866
f 807/370/833 859/372/833 847/371/833 808/371/833
f 808/373/833 847/375/833 860/371/833 809/374/833
f 811/370/833 855/375/833 850/376/833 812/376/833
f 812/373/833 850/375/833 864/376/833 813/357/833
f 813/357/833 864/376/833 866/376/833 854/356/833
f 809/374/833 860/371/833 866/376/833 853/356/833
f 853/356/833 866/376/833 859/372/833 807/370/833
f 854/356/833 866/376/833 855/375/833 811/370/833
f 810/377/833 856/375/833 855/376/833 851/378/833
f 815/379/833 865/375/833 857/376/833 806/376/833
f 806/380/833 857/372/833 859/376/833 848/378/833
f 849/381/833 860/372/833 856/371/833 810/376/833
f 861/378/833 866/376/833 865/375/833 815/379/833
f 846/378/833 866/376/833 860/372/833 849/381/833
f 848/378/833 859/376/833 866/376/833 861/378/833
f 851/378/833 855/376/833 866/376/833 846/378/833
f 852/382/833 864/375/833 863/371/833 814/371/833
f 814/383/833 863/372/833 865/371/833 858/384/833
f 858/384/833 865/371/833 866/376/833 862/376/833
f 862/376/833 866/376/833 864/375/833 852/382/833
f 862/376/867 791/376/867 805/384/867 858/384/867
f 853/356/868 787/356/868 797/374/868 809/374/868
f 815/379/869 801/379/869 788/378/869 861/378/869
f 852/382/870 804/382/870 791/376/870 862/376/870
f 807/370/871 796/370/871 787/356/871 853/356/871
f 849/381/872 803/381/872 794/378/872 846/378/872
f 811/370/873 798/370/873 793/356/873 854/356/873
f 861/378/874 788/378/874 802/378/874 848/378/874
f 808/344/866 786/344/866 796/385/875 807/385/875
f 846/378/876 794/378/876 800/378/876 851/378/876
usemtl texture
f 763/336/755 727/337/756 725/338/757 746/339/758
f 761/336/759 734/337/760 727/338/756 763/339/755
f 755/336/763 731/337/764 732/338/765 757/339/766
f 749/336/767 728/337/768 729/338/769 751/339/770
f 751/336/770 729/337/769 730/338/771 753/339/772
f 753/336/772 730/337/771 731/338/764 755/339/763
f 760/342/773 742/343/774 741/344/774 758/345/775
f 745/346/776 735/343/774 744/344/774 764/345/777
f 750/347/778 737/348/774 736/340/774 748/349/779
f 764/350/777 744/348/774 743/340/774 762/345/780
f 762/351/780 743/343/774 742/340/774 760/345/773
f 759/336/781 733/337/782 734/338/760 761/339/759
f 758/342/775 741/348/774 740/344/774 756/345/783
f 756/346/783 740/343/774 739/344/774 754/345/784
f 754/347/784 739/348/774 738/340/774 752/345/785
f 752/342/785 738/348/774 737/340/774 750/345/778
f 747/336/786 726/337/787 728/338/768 749/339/767
f 757/336/766 732/337/765 733/338/782 759/339/781
f 735/344/788 736/348/789 783/348/789 782/344/788
f 748/342/779 736/348/774 735/344/774 745/345/776
f 746/336/758 747/339/786 748/352/779 745/353/776
f 747/354/786 749/337/767 750/347/778 748/349/779
f 749/336/767 751/339/770 752/352/785 750/353/778
f 751/354/770 753/337/772 754/347/784 752/345/785
f 753/354/772 755/337/763 756/346/783 754/345/784
f 755/354/763 757/337/766 758/342/775 756/345/783
f 757/336/766 759/339/781 760/355/773 758/353/775
f 759/336/781 761/339/759 762/352/780 760/353/773
f 761/354/759 763/337/755 764/350/777 762/345/780
f 763/336/755 746/339/758 745/352/776 764/353/777
f 746/336/758 725/337/757 726/338/787 747/339/786
f 742/340/790 743/343/791 776/343/791 778/340/790
f 739/344/792 740/343/793 779/343/793 775/344/792
f 736/340/789 737/348/794 769/348/794 783/340/789
f 743/340/791 744/348/795 784/348/795 776/340/791
f 740/344/793 741/348/796 766/348/796 779/344/793
f 737/340/794 738/348/797 774/348/797 769/340/794
f 744/344/795 735/343/788 782/343/788 784/344/795
f 741/344/796 742/343/790 778/343/790 766/344/796
f 738/340/797 739/348/792 775/348/792 774/340/797
f 844/336/821 827/339/822 725/338/757 727/337/756
f 842/336/823 844/339/821 727/338/756 734/337/760
f 836/336/826 838/339/827 732/338/765 731/337/764
f 830/336/828 832/339/829 729/338/769 728/337/768
f 832/336/829 834/339/830 730/338/771 729/337/769
f 834/336/830 836/339/826 731/338/764 730/337/771
f 841/342/831 839/345/832 822/344/833 823/343/833
f 826/346/834 845/345/835 825/344/833 816/343/833
f 831/347/836 829/349/837 817/340/833 818/348/833
f 845/350/835 843/345/838 824/340/833 825/348/833
f 843/351/838 841/345/831 823/340/833 824/343/833
f 840/336/839 842/339/823 734/338/760 733/337/782
f 839/342/832 837/345/840 821/344/833 822/348/833
f 837/346/840 835/345/841 820/344/833 821/343/833
f 835/347/841 833/345/842 819/340/833 820/348/833
f 833/342/842 831/345/836 818/340/833 819/348/833
f 828/336/843 830/339/828 728/338/768 726/337/787
f 838/336/827 840/339/839 733/338/782 732/337/765
f 816/344/844 863/344/844 864/348/845 817/348/845
f 829/342/837 826/345/834 816/344/833 817/348/833
f 827/336/822 826/353/834 829/352/837 828/339/843
f 828/354/843 829/349/837 831/347/836 830/337/828
f 830/336/828 831/353/836 833/352/842 832/339/829
f 832/354/829 833/345/842 835/347/841 834/337/830
f 834/354/830 835/345/841 837/346/840 836/337/826
f 836/354/826 837/345/840 839/342/832 838/337/827
f 838/336/827 839/353/832 841/355/831 840/339/839
f 840/336/839 841/353/831 843/352/838 842/339/823
f 842/354/823 843/345/838 845/350/835 844/337/821
f 844/336/821 845/353/835 826/352/834 827/339/822
f 827/336/822 828/339/843 726/338/787 725/337/757
f 823/340/846 859/340/846 857/343/847 824/343/847
f 820/344/848 856/344/848 860/343/849 821/343/849
f 817/340/845 864/340/845 850/348/850 818/348/850
f 824/340/847 857/340/847 865/348/851 825/348/851
f 821/344/849 860/344/849 847/348/852 822/348/852
f 818/340/850 850/340/850 855/348/853 819/348/853
f 825/344/851 865/344/851 863/343/844 816/343/844
f 822/344/852 847/344/852 859/343/846 823/343/846
f 819/340/853 855/340/853 856/348/848 820/348/848
o wheels.034
v 0.931163 0.616624 -1.415952
v 0.931163 0.545447 -1.513918
v 0.931163 0.616624 -1.294859
v 0.931163 0.635669 -1.422140
v 0.876552 0.589756 -1.407222
v 0.876552 0.548284 -1.464305
v 0.876552 0.589756 -1.336664
v 0.821942 0.616624 -1.415952
v 0.821942 0.545447 -1.513918
v 0.821942 0.616624 -1.294859
v 0.821942 0.635669 -1.422140
v 0.743279 0.683290 -1.437613
v 0.821942 0.545447 -1.546319
v 0.821942 0.635669 -1.268645
v 0.743279 0.683290 -1.253172
v 0.821942 0.545447 -1.144466
v 0.821942 0.399465 -1.345392
v 0.821942 0.604951 -1.258664
v 0.821942 0.533714 -1.160615
v 0.821942 0.418450 -1.319262
v 0.876552 0.558603 -1.240620
v 0.876552 0.517095 -1.183489
v 0.876552 0.449933 -1.275929
v 0.931163 0.604951 -1.258664
v 0.931163 0.533714 -1.160615
v 0.931163 0.418450 -1.319262
v 0.931163 0.635669 -1.268645
v 1.009825 0.683290 -1.253172
v 0.931163 0.545447 -1.144466
v 0.931163 0.399465 -1.345392
v 0.931163 0.545447 -1.546319
v 0.931163 0.253483 -1.546319
v 0.931163 0.399465 -1.097033
v 0.931163 0.163262 -1.268645
v 0.931163 0.368747 -1.355373
v 0.931163 0.430281 -1.355405
v 0.931163 0.380420 -1.319179
v 0.931163 0.399465 -1.383775
v 0.931163 0.508943 -1.534458
v 0.931163 0.289988 -1.534458
v 0.876552 0.399465 -1.434649
v 0.876552 0.463255 -1.522449
v 0.876552 0.335675 -1.522449
v 0.821942 0.399465 -1.383775
v 0.821942 0.508943 -1.534458
v 0.821942 0.289988 -1.534458
v 0.821942 0.399465 -1.570030
v 0.821942 0.253483 -1.546319
v 0.743279 0.224052 -1.586828
v 0.821942 0.399465 -1.593752
v 0.821942 0.163262 -1.422140
v 0.821942 0.253483 -1.514021
v 0.821942 0.182246 -1.415971
v 0.821942 0.368747 -1.355373
v 0.876552 0.250645 -1.464365
v 0.876552 0.209136 -1.407234
v 0.876552 0.317806 -1.371925
v 0.931163 0.253483 -1.514021
v 0.931163 0.182246 -1.415971
v 0.931163 0.182246 -1.294775
v 0.931163 0.163262 -1.422140
v 1.009825 0.115641 -1.437613
v 1.009825 0.224052 -1.586828
v 1.009825 0.115641 -1.253172
v 1.009825 0.033318 -1.464361
v 0.971988 -0.004519 -1.476655
v 1.009825 0.173174 -1.656856
v 1.009825 0.033318 -1.226424
v 0.971988 -0.004519 -1.214130
v 1.009825 0.173174 -1.033929
v 0.971988 0.149789 -1.001743
v 1.009825 0.399465 -0.960402
v 1.009825 0.224052 -1.103957
v 0.931163 0.253483 -1.144466
v 1.009825 0.399465 -1.046962
v 1.009825 0.574879 -1.103957
v 1.009825 0.625757 -1.033929
v 0.971988 0.649141 -1.001743
v 1.009825 0.765613 -1.226424
v 0.971988 0.803449 -1.214130
v 1.009825 0.765613 -1.464361
v 0.971988 0.803449 -1.476655
v 1.009825 0.625757 -1.656856
v 1.009825 0.683290 -1.437613
v 1.009825 0.574879 -1.586828
v 1.009825 0.399465 -1.643823
v 0.931163 0.399465 -1.593752
v 1.009825 0.399465 -1.730383
v 0.971988 0.399465 -1.770166
v 0.971988 0.149789 -1.689042
v 0.971988 0.649141 -1.689042
v 0.876552 0.399465 -1.770166
v 0.876552 0.149789 -1.689042
v 0.876552 0.649141 -1.689042
v 0.781116 0.399465 -1.770166
v 0.743279 0.399465 -1.730383
v 0.781116 0.149789 -1.689042
v 0.781116 0.649141 -1.689042
v 0.781116 0.803449 -1.476655
v 0.743279 0.625757 -1.656856
v 0.743279 0.765613 -1.464361
v 0.743279 0.574879 -1.586828
v 0.743279 0.399465 -1.643823
v 0.743279 0.765613 -1.226424
v 0.781116 0.803449 -1.214130
v 0.743279 0.625757 -1.033929
v 0.781116 0.649141 -1.001743
v 0.743279 0.399465 -0.960402
v 0.743279 0.574879 -1.103957
v 0.743279 0.399465 -1.046962
v 0.743279 0.224052 -1.103957
v 0.821942 0.399465 -1.097033
v 0.821942 0.253483 -1.144466
v 0.821942 0.418450 -1.123163
v 0.821942 0.380420 -1.123247
v 0.821942 0.265254 -1.160666
v 0.821942 0.380420 -1.319179
v 0.876552 0.348963 -1.161717
v 0.876552 0.281859 -1.183521
v 0.876552 0.348963 -1.275883
v 0.931163 0.380420 -1.123247
v 0.931163 0.265254 -1.160666
v 0.931163 0.194077 -1.258633
v 0.876552 0.240386 -1.240604
v 0.821942 0.194077 -1.258633
v 0.821942 0.163262 -1.268645
v 0.743279 0.115641 -1.253172
v 0.821942 0.182246 -1.294775
v 0.876552 0.209136 -1.336616
v 0.743279 0.115641 -1.437613
v 0.743279 0.033318 -1.226424
v 0.781116 -0.004519 -1.214130
v 0.743279 0.033318 -1.464361
v 0.743279 0.173174 -1.033929
v 0.781116 0.149789 -1.001743
v 0.781116 0.399465 -0.920619
v 0.876552 0.149789 -1.001743
v 0.876552 0.399465 -0.920619
v 0.876552 -0.004519 -1.214130
v 0.876552 -0.004519 -1.476655
v 0.781116 -0.004519 -1.476655
v 0.876552 0.649141 -1.001743
v 0.971988 0.399465 -0.920619
v 0.876552 0.803449 -1.214130
v 0.876552 0.803449 -1.476655
v 0.743279 0.173174 -1.656856
v 0.876552 0.449933 -1.161667
v 0.931163 0.418450 -1.123163
v 0.931163 0.399465 -1.570030
v 0.876552 0.399465 -1.543175
v 0.876552 0.481179 -1.371943
v 0.821942 0.430281 -1.355405
vn 1.0000 -0.0000 -0.0000
vn 0.4595 -0.8447 0.2745
vn 0.4414 -0.7259 0.5274
vn 0.4414 -0.8973 -0.0000
vn -0.4595 -0.8447 0.2745
vn -0.4414 -0.7259 0.5274
vn -0.4414 -0.8973 -0.0000
vn -1.0000 -0.0000 -0.0000
vn -0.5370 -0.8023 0.2607
vn -0.5370 -0.4959 0.6825
vn -0.5370 -0.8023 -0.2607
vn -0.5370 -0.4959 -0.6825
vn -0.4598 -0.5220 -0.7184
vn -0.4417 -0.7258 -0.5273
vn -0.4995 -0.2677 0.8239
vn 0.4598 -0.5220 -0.7184
vn 0.4417 -0.7258 -0.5273
vn 0.4995 -0.2677 0.8239
vn 0.5370 -0.4959 -0.6825
vn 0.5370 -0.8023 -0.2607
vn 0.5370 -0.8023 0.2607
vn 0.4803 -0.7096 -0.5156
vn 0.4803 0.7096 -0.5156
vn -0.4803 -0.7096 -0.5156
vn -0.4803 0.7096 -0.5156
vn -0.4413 -0.0000 0.8974
vn -0.4236 0.2799 0.8615
vn -0.5370 0.4959 0.6825
vn -0.5370 0.8023 0.2607
vn -0.5370 -0.0000 0.8436
vn -0.4417 0.7258 0.5273
vn -0.4598 0.8446 0.2744
vn -0.4995 -0.7009 0.5092
vn 0.4417 0.7258 0.5273
vn 0.4598 0.8446 0.2744
vn 0.4995 -0.7009 0.5092
vn 0.4417 0.8971 -0.0000
vn 0.5370 0.8023 0.2607
vn 0.5370 0.8023 -0.2607
vn 0.5370 0.4959 0.6825
vn 0.9022 -0.4102 -0.1333
vn 0.9022 -0.2535 -0.3490
vn 0.9022 -0.4102 0.1333
vn 0.3686 -0.8841 -0.2873
vn 0.3686 -0.8841 0.2873
vn 0.3686 -0.5464 -0.7521
vn 0.9022 -0.2535 0.3490
vn 0.3686 -0.5464 0.7521
vn 0.9022 -0.0000 0.4314
vn 0.3686 -0.0000 0.9296
vn 0.5370 0.4959 -0.6825
vn 0.5370 -0.0000 -0.8436
vn 0.9022 0.2535 0.3490
vn 0.9022 0.4102 0.1333
vn 0.3686 0.5464 0.7521
vn 0.3686 0.8841 0.2873
vn 0.9022 0.4102 -0.1333
vn 0.3686 0.8841 -0.2873
vn 0.9022 0.2535 -0.3490
vn 0.3686 0.5464 -0.7521
vn 0.5370 -0.4959 0.6825
vn 0.5370 -0.0000 0.8436
vn 0.9022 -0.0000 -0.4314
vn 0.3686 -0.0000 -0.9296
vn -0.0000 -0.5878 -0.8090
vn -0.0000 -0.0000 -1.0000
vn -0.0000 0.5878 -0.8090
vn -0.3686 -0.0000 -0.9296
vn -0.3686 -0.5464 -0.7521
vn -0.3686 0.5464 -0.7521
vn -0.9022 -0.0000 -0.4314
vn -0.9022 0.2535 -0.3490
vn -0.9022 -0.2535 -0.3490
vn -0.3686 0.8841 -0.2873
vn -0.9022 0.4102 -0.1333
vn -0.0000 0.9511 -0.3090
vn -0.3686 0.8841 0.2873
vn -0.9022 0.4102 0.1333
vn -0.3686 0.5464 0.7521
vn -0.9022 0.2535 0.3490
vn -0.3686 -0.0000 0.9296
vn -0.9022 -0.0000 0.4314
vn -0.5370 -0.0000 -0.8436
vn -0.5370 0.4959 -0.6825
vn -0.9022 -0.2535 0.3490
vn -0.4595 0.5221 -0.7186
vn -0.4414 0.2773 -0.8534
vn -0.4991 -0.8665 -0.0000
vn 0.4595 0.5221 -0.7186
vn 0.4414 0.2773 -0.8534
vn 0.4991 -0.8665 -0.0000
vn 0.4414 0.7259 -0.5274
vn 0.4991 0.2678 0.8241
vn -0.4414 0.7259 -0.5274
vn -0.4991 0.2678 0.8241
vn -0.5370 0.8023 -0.2607
vn -0.4995 -0.2677 -0.8239
vn -0.4417 0.8971 -0.0000
vn 0.4995 -0.2677 -0.8239
vn -0.9022 -0.4102 0.1333
vn -0.9022 -0.4102 -0.1333
vn -0.3686 -0.8841 0.2873
vn -0.3686 -0.5464 0.7521
vn -0.3686 -0.8841 -0.2873
vn -0.0000 -0.9511 0.3090
vn -0.0000 -0.5878 0.8090
vn -0.0000 -0.0000 1.0000
vn -0.0000 -0.9511 -0.3090
vn -0.0000 0.5878 0.8090
vn -0.0000 0.9511 0.3090
vn -0.4995 0.8663 -0.0000
vn -0.4417 -0.2772 -0.8532
vn 0.4995 0.8663 -0.0000
vn 0.4417 -0.2772 -0.8532
vn 0.4413 -0.0000 0.8974
vn 0.4236 0.2799 0.8615
vn 0.4236 -0.2799 0.8615
vn -0.4236 -0.2799 0.8615
vn 0.4991 0.7010 0.5093
vn 0.4991 0.2678 -0.8241
vn -0.4991 0.7010 0.5093
vn -0.4991 0.2678 -0.8241
vt 0.988834 0.528250
vt 0.992356 0.528250
vt 0.975668 0.528250
vt 0.969168 0.356028
vt 0.982334 0.356028
vt 0.991011 0.528250
vt 0.992356 0.528250
vt 0.977845 0.528250
vt 0.971345 0.356028
vt 0.984511 0.356028
vt 0.985856 0.356028
vt 0.985856 0.356028
vt 0.969168 0.356028
vt 0.988845 0.528250
vt 0.975668 0.528250
vt 0.975668 0.528250
vt 0.982345 0.356028
vt 0.978247 0.528250
vt 0.988183 0.528250
vt 0.977838 0.528250
vt 0.988833 0.528250
vt 0.977838 0.528250
vt 0.969168 0.356028
vt 0.981683 0.356028
vt 0.991015 0.528250
vt 0.971338 0.356028
vt 0.984515 0.356028
vt 0.982345 0.356028
vt 0.990697 0.350349
vt 0.969168 0.350348
vt 0.990697 0.350349
vt 0.969168 0.350349
vt 0.975777 0.347738
vt 0.969168 0.349043
vt 0.969168 0.374303
vt 0.975777 0.375608
vt 0.969168 0.347738
vt 0.992922 0.347738
vt 0.990697 0.350349
vt 0.969168 0.374303
vt 0.990697 0.350348
vt 0.990697 0.350349
vt 0.992922 0.375608
vt 0.982334 0.356028
vt 0.984511 0.356028
vt 0.991011 0.528250
vt 0.971338 0.356028
vt 0.990762 0.528250
vt 0.971747 0.356028
vt 0.984262 0.356028
s 1
usemtl metallic
f 868/386/877 897/387/877 870/388/877 867/388/877
f 867/389/878 871/389/878 872/390/879 868/390/879
f 867/391/877 870/392/877 893/388/877 869/393/877
f 869/394/880 873/394/880 871/395/878 867/395/878
f 874/389/881 875/390/882 872/390/882 871/389/881
f 876/394/883 874/395/881 871/395/881 873/394/883
f 875/386/884 874/388/884 877/388/884 879/387/884
f 874/391/884 876/393/884 880/388/884 877/392/884
f 884/399/884 885/400/884 882/400/884 880/392/884
f 876/393/884 1018/393/884 883/388/884 880/388/884
f 886/401/884 884/399/884 880/392/884 883/388/884
f 885/398/889 884/402/890 887/402/890 888/398/889
f 884/399/891 886/401/891 889/401/891 887/399/891
f 891/398/892 888/398/892 887/402/893 890/402/893
f 890/399/894 887/399/894 889/401/894 892/401/894
f 890/399/877 893/392/877 895/400/877 891/400/877
f 892/401/877 896/388/877 893/392/877 890/399/877
f 869/393/877 893/388/877 896/388/877 902/393/877
f 905/403/877 897/400/877 896/388/877 904/388/877
f 902/393/877 896/388/877 897/387/877 868/386/877
f 904/388/877 896/388/877 898/387/877 906/404/877
f 924/405/877 898/388/877 896/388/877 901/401/877
f 903/393/877 896/388/877 899/392/877 987/406/877
f 1014/407/877 899/400/877 896/388/877 892/401/877
f 989/393/877 900/388/877 896/388/877 903/393/877
f 901/401/877 896/388/877 900/387/877 926/399/877
f 904/388/898 907/388/898 908/403/898 905/403/898
f 906/404/899 909/404/899 907/388/899 904/388/899
f 910/388/900 911/403/900 908/403/900 907/388/900
f 912/404/901 910/388/901 907/388/901 909/404/901
f 911/403/884 910/388/884 883/388/884 879/400/884
f 910/388/884 912/404/884 914/387/884 883/388/884
f 912/404/884 913/400/884 916/400/884 914/387/884
f 913/408/902 912/409/903 909/409/903 1016/408/902
f 919/410/884 918/405/884 914/388/884 917/387/884
f 918/405/884 920/401/884 883/388/884 914/388/884
f 918/411/907 919/412/908 922/412/908 921/411/907
f 920/401/909 918/405/909 921/405/909 923/401/909
f 924/411/910 921/411/910 922/412/911 925/412/911
f 901/401/912 923/401/912 921/405/912 924/405/912
f 925/410/877 927/387/877 898/388/877 924/405/877
f 926/399/877 900/387/877 927/388/877 925/388/877
f 925/389/911 922/389/911 995/413/913 926/413/913
f 885/410/884 980/407/884 978/400/884 882/387/884
f 981/406/884 982/388/884 979/400/884 978/392/884
f 983/393/884 981/406/884 978/392/884 883/388/884
f 980/407/884 886/401/884 883/388/884 978/400/884
f 982/389/962 981/429/963 984/429/963 985/389/962
f 981/406/964 983/393/964 986/393/964 984/406/964
f 988/389/965 985/389/965 984/429/966 987/429/966
f 987/406/967 984/406/967 986/393/967 903/393/967
f 987/406/877 899/392/877 940/400/877 988/388/877
f 989/394/968 990/394/968 985/430/965 988/430/965
f 988/431/877 940/387/877 900/388/877 989/393/877
f 903/393/969 986/393/969 990/393/969 989/393/969
f 991/394/970 982/430/962 985/430/962 990/394/970
f 983/393/971 991/393/971 990/393/971 986/393/971
f 982/431/884 991/393/884 992/388/884 979/387/884
f 991/393/884 983/393/884 883/388/884 992/388/884
f 994/399/884 919/388/884 917/388/884 992/387/884
f 920/401/884 994/399/884 992/387/884 883/388/884
f 994/399/973 920/401/973 923/401/973 995/399/973
f 919/389/908 994/413/974 995/413/974 922/389/908
f 926/399/975 995/399/975 923/401/975 901/401/975
f 886/401/987 980/407/987 1013/407/987 889/401/987
f 980/432/988 885/412/889 888/412/889 1013/432/988
f 892/401/989 889/401/989 1013/407/989 1014/407/989
f 1014/432/990 1013/432/990 888/412/892 891/412/892
f 891/410/877 895/387/877 899/400/877 1014/407/877
f 906/404/877 898/387/877 953/400/877 1015/400/877
f 1015/433/877 953/392/877 897/400/877 905/403/877
f 1015/408/991 1016/408/991 909/409/992 906/409/992
f 905/434/993 908/434/993 1016/435/991 1015/435/991
f 911/434/994 913/435/902 1016/435/902 908/434/994
f 913/433/884 911/403/884 879/400/884 916/392/884
f 868/386/995 872/386/995 1017/393/995 902/393/995
f 902/393/996 1017/393/996 873/393/996 869/393/996
f 875/386/997 1018/393/997 1017/393/997 872/386/997
f 1018/393/998 876/393/998 873/393/998 1017/393/998
f 1018/393/884 875/386/884 879/387/884 883/388/884
usemtl texture
f 878/389/885 968/396/886 879/396/886 877/389/885
f 881/389/887 878/397/885 877/397/885 880/389/887
f 975/398/888 881/397/887 880/397/887 882/398/888
f 942/398/895 895/398/895 893/397/896 894/397/896
f 894/389/896 893/389/896 870/397/897 950/397/897
f 915/389/904 996/396/905 917/396/905 914/389/904
f 969/398/906 915/396/904 914/396/904 916/398/906
f 928/389/914 927/389/914 900/396/915 930/396/915
f 929/389/916 898/389/916 927/396/914 928/396/914
f 931/414/917 933/415/918 929/389/877 928/396/877
f 934/416/919 931/417/917 928/389/877 930/396/877
f 932/418/920 931/419/917 934/420/919 935/421/921
f 956/422/922 933/415/918 931/414/917 932/423/920
f 935/422/921 934/417/919 936/414/923 937/423/924
f 936/414/923 934/417/919 930/389/877 939/396/877
f 937/422/924 936/417/923 938/424/925 1009/423/926
f 938/424/925 936/417/923 939/398/877 941/397/877
f 930/389/915 900/389/915 940/396/927 939/396/927
f 939/398/927 940/398/927 899/397/928 941/397/928
f 941/398/928 899/398/928 895/396/895 942/396/895
f 943/416/929 938/417/925 941/398/877 942/396/877
f 945/416/930 943/417/929 942/398/877 894/397/877
f 944/418/931 943/419/929 945/425/930 946/421/932
f 1009/422/926 938/417/925 943/416/929 944/423/931
f 946/418/932 945/419/930 947/420/933 948/421/934
f 947/426/933 945/417/930 894/389/877 950/397/877
f 948/422/934 947/417/933 949/427/935 957/423/936
f 949/427/935 947/417/933 950/389/877 951/396/877
f 950/389/897 870/389/897 897/396/937 951/396/937
f 951/398/937 897/398/937 953/397/938 952/397/938
f 954/424/939 949/417/935 951/398/877 952/397/877
f 933/416/918 954/417/939 952/398/877 929/396/877
f 952/398/938 953/398/938 898/396/916 929/396/916
f 957/418/936 949/419/935 954/420/939 955/421/940
f 955/418/940 954/419/939 933/420/918 956/421/922
f 955/418/940 956/421/922 959/428/941 958/423/942
f 957/418/936 955/421/940 958/428/942 960/423/943
f 961/418/944 958/423/942 959/428/941 963/421/945
f 964/418/946 960/423/943 958/428/942 961/421/944
f 964/418/946 961/421/944 962/420/947 966/419/948
f 961/418/944 963/421/945 1012/420/949 962/419/947
f 965/422/950 964/423/946 966/427/948 967/417/951
f 965/418/950 1011/423/952 960/428/943 964/421/946
f 966/427/948 968/396/884 878/389/884 967/417/951
f 962/424/947 969/397/884 968/398/884 966/417/948
f 968/398/886 969/397/906 916/397/906 879/398/886
f 1012/416/949 915/396/884 969/398/884 962/417/947
f 971/418/953 965/421/950 967/420/951 970/419/954
f 967/426/951 878/397/884 881/389/884 970/417/954
f 973/418/955 971/421/953 970/425/954 972/419/956
f 970/416/954 881/397/884 975/398/884 972/417/956
f 1002/422/957 973/423/955 972/416/956 974/417/958
f 972/416/956 975/396/884 976/398/884 974/417/958
f 976/398/959 975/396/888 882/396/888 978/398/959
f 977/398/960 976/397/959 978/397/959 979/398/960
f 974/424/958 976/397/884 977/398/884 1000/417/961
f 993/389/972 977/396/960 979/396/960 992/389/972
f 996/389/905 993/396/972 992/396/972 917/389/905
f 997/416/976 993/396/884 996/389/884 999/417/977
f 1000/414/961 977/396/884 993/389/884 997/417/976
f 998/422/978 1001/423/979 1000/414/961 997/417/976
f 1007/418/980 998/421/978 997/420/976 999/419/977
f 1001/422/979 1002/423/957 974/424/958 1000/417/961
f 998/418/978 1005/423/981 1003/428/982 1001/421/979
f 1001/418/979 1003/423/982 1004/428/983 1002/421/957
f 937/418/924 1009/421/926 1004/428/983 1003/423/982
f 935/418/921 937/421/924 1003/428/982 1005/423/981
f 1007/418/980 1006/423/984 1005/428/981 998/421/978
f 932/418/920 935/421/921 1005/428/981 1006/423/984
f 963/418/945 959/423/941 1006/428/984 1007/421/980
f 956/418/922 932/421/920 1006/428/984 959/423/941
f 963/422/945 1007/423/980 999/414/977 1012/415/949
f 1002/418/957 1004/423/983 1008/428/985 973/421/955
f 1009/418/926 944/421/931 1008/428/985 1004/423/983
f 973/418/955 1008/423/985 1010/428/986 971/421/953
f 944/418/931 946/421/932 1010/428/986 1008/423/985
f 971/418/953 1010/423/986 1011/428/952 965/421/950
f 946/418/932 948/421/934 1011/428/952 1010/423/986
f 948/418/934 957/421/936 960/428/943 1011/423/952
f 999/414/977 996/396/884 915/389/884 1012/415/949
o wheels.035
v 0.931163 0.616624 1.705324
v 0.931163 0.545447 1.607358
v 0.931163 0.616624 1.826417
v 0.931163 0.635669 1.699136
v 0.876552 0.589756 1.714054
v 0.876552 0.548284 1.656971
v 0.876552 0.589756 1.784612
v 0.821942 0.616624 1.705324
v 0.821942 0.545447 1.607358
v 0.821942 0.616624 1.826417
v 0.821942 0.635669 1.699136
v 0.743279 0.683290 1.683663
v 0.821942 0.545447 1.574957
v 0.821942 0.635669 1.852631
v 0.743279 0.683290 1.868104
v 0.821942 0.545447 1.976810
v 0.821942 0.399465 1.775884
v 0.821942 0.604951 1.862612
v 0.821942 0.533714 1.960661
v 0.821942 0.418450 1.802014
v 0.876552 0.558603 1.880656
v 0.876552 0.517095 1.937787
v 0.876552 0.449933 1.845347
v 0.931163 0.604951 1.862612
v 0.931163 0.533714 1.960661
v 0.931163 0.418450 1.802014
v 0.931163 0.635669 1.852631
v 1.009825 0.683290 1.868104
v 0.931163 0.545447 1.976810
v 0.931163 0.399465 1.775884
v 0.931163 0.545447 1.574957
v 0.931163 0.253483 1.574957
v 0.931163 0.399465 2.024243
v 0.931163 0.163262 1.852631
v 0.931163 0.368747 1.765903
v 0.931163 0.430281 1.765871
v 0.931163 0.380420 1.802097
v 0.931163 0.399465 1.737501
v 0.931163 0.508943 1.586818
v 0.931163 0.289988 1.586818
v 0.876552 0.399465 1.686627
v 0.876552 0.463255 1.598827
v 0.876552 0.335675 1.598827
v 0.821942 0.399465 1.737501
v 0.821942 0.508943 1.586818
v 0.821942 0.289988 1.586818
v 0.821942 0.399465 1.551246
v 0.821942 0.253483 1.574957
v 0.743279 0.224052 1.534448
v 0.821942 0.399465 1.527524
v 0.821942 0.163262 1.699136
v 0.821942 0.253483 1.607255
v 0.821942 0.182246 1.705305
v 0.821942 0.368747 1.765903
v 0.876552 0.250645 1.656911
v 0.876552 0.209136 1.714042
v 0.876552 0.317806 1.749351
v 0.931163 0.253483 1.607255
v 0.931163 0.182246 1.705305
v 0.931163 0.182246 1.826500
v 0.931163 0.163262 1.699136
v 1.009825 0.115641 1.683663
v 1.009825 0.224052 1.534448
v 1.009825 0.115641 1.868104
v 1.009825 0.033318 1.656915
v 0.971988 -0.004519 1.644621
v 1.009825 0.173174 1.464420
v 1.009825 0.033318 1.894852
v 0.971988 -0.004519 1.907146
v 1.009825 0.173174 2.087347
v 0.971988 0.149789 2.119533
v 1.009825 0.399465 2.160874
v 1.009825 0.224052 2.017319
v 0.931163 0.253483 1.976810
v 1.009825 0.399465 2.074314
v 1.009825 0.574879 2.017319
v 1.009825 0.625757 2.087347
v 0.971988 0.649141 2.119533
v 1.009825 0.765613 1.894852
v 0.971988 0.803449 1.907146
v 1.009825 0.765613 1.656915
v 0.971988 0.803449 1.644621
v 1.009825 0.625757 1.464420
v 1.009825 0.683290 1.683663
v 1.009825 0.574879 1.534448
v 1.009825 0.399465 1.477453
v 0.931163 0.399465 1.527524
v 1.009825 0.399465 1.390893
v 0.971988 0.399465 1.351110
v 0.971988 0.149789 1.432234
v 0.971988 0.649141 1.432234
v 0.876552 0.399465 1.351110
v 0.876552 0.149789 1.432234
v 0.876552 0.649141 1.432234
v 0.781116 0.399465 1.351110
v 0.743279 0.399465 1.390893
v 0.781116 0.149789 1.432234
v 0.781116 0.649141 1.432234
v 0.781116 0.803449 1.644621
v 0.743279 0.625757 1.464420
v 0.743279 0.765613 1.656915
v 0.743279 0.574879 1.534448
v 0.743279 0.399465 1.477453
v 0.743279 0.765613 1.894852
v 0.781116 0.803449 1.907146
v 0.743279 0.625757 2.087347
v 0.781116 0.649141 2.119533
v 0.743279 0.399465 2.160874
v 0.743279 0.574879 2.017319
v 0.743279 0.399465 2.074314
v 0.743279 0.224052 2.017319
v 0.821942 0.399465 2.024243
v 0.821942 0.253483 1.976810
v 0.821942 0.418450 1.998113
v 0.821942 0.380420 1.998029
v 0.821942 0.265254 1.960610
v 0.821942 0.380420 1.802097
v 0.876552 0.348963 1.959559
v 0.876552 0.281859 1.937755
v 0.876552 0.348963 1.845393
v 0.931163 0.380420 1.998029
v 0.931163 0.265254 1.960610
v 0.931163 0.194077 1.862643
v 0.876552 0.240386 1.880672
v 0.821942 0.194077 1.862643
v 0.821942 0.163262 1.852631
v 0.743279 0.115641 1.868104
v 0.821942 0.182246 1.826500
v 0.876552 0.209136 1.784660
v 0.743279 0.115641 1.683663
v 0.743279 0.033318 1.894852
v 0.781116 -0.004519 1.907146
v 0.743279 0.033318 1.656915
v 0.743279 0.173174 2.087347
v 0.781116 0.149789 2.119533
v 0.781116 0.399465 2.200657
v 0.876552 0.149789 2.119533
v 0.876552 0.399465 2.200657
v 0.876552 -0.004519 1.907146
v 0.876552 -0.004519 1.644621
v 0.781116 -0.004519 1.644621
v 0.876552 0.649141 2.119533
v 0.971988 0.399465 2.200657
v 0.876552 0.803449 1.907146
v 0.876552 0.803449 1.644621
v 0.743279 0.173174 1.464420
v 0.876552 0.449933 1.959609
v 0.931163 0.418450 1.998113
v 0.931163 0.399465 1.551246
v 0.876552 0.399465 1.578101
v 0.876552 0.481179 1.749333
v 0.821942 0.430281 1.765871
vn 1.0000 -0.0000 -0.0000
vn 0.4595 -0.8447 0.2745
vn 0.4414 -0.7259 0.5274
vn 0.4414 -0.8973 -0.0000
vn -0.4595 -0.8447 0.2745
vn -0.4414 -0.7259 0.5274
vn -0.4414 -0.8973 -0.0000
vn -1.0000 -0.0000 -0.0000
vn -0.5370 -0.8023 0.2607
vn -0.5370 -0.4959 0.6825
vn -0.5370 -0.8023 -0.2607
vn -0.5370 -0.4959 -0.6825
vn -0.4598 -0.5220 -0.7184
vn -0.4417 -0.7258 -0.5273
vn -0.4995 -0.2677 0.8239
vn 0.4598 -0.5220 -0.7184
vn 0.4417 -0.7258 -0.5273
vn 0.4995 -0.2677 0.8239
vn 0.5370 -0.4959 -0.6825
vn 0.5370 -0.8023 -0.2607
vn 0.5370 -0.8023 0.2607
vn 0.4803 -0.7096 -0.5156
vn 0.4803 0.7096 -0.5156
vn -0.4803 -0.7096 -0.5156
vn -0.4803 0.7096 -0.5156
vn -0.4413 -0.0000 0.8974
vn -0.4236 0.2799 0.8615
vn -0.5370 0.4959 0.6825
vn -0.5370 0.8023 0.2607
vn -0.5370 -0.0000 0.8436
vn -0.4417 0.7258 0.5273
vn -0.4598 0.8446 0.2744
vn -0.4995 -0.7009 0.5092
vn 0.4417 0.7258 0.5273
vn 0.4598 0.8446 0.2744
vn 0.4995 -0.7009 0.5092
vn 0.4417 0.8971 -0.0000
vn 0.5370 0.8023 0.2607
vn 0.5370 0.8023 -0.2607
vn 0.5370 0.4959 0.6825
vn 0.9022 -0.4102 -0.1333
vn 0.9022 -0.2535 -0.3490
vn 0.9022 -0.4102 0.1333
vn 0.3686 -0.8841 -0.2873
vn 0.3686 -0.8841 0.2873
vn 0.3686 -0.5464 -0.7521
vn 0.9022 -0.2535 0.3490
vn 0.3686 -0.5464 0.7521
vn 0.9022 -0.0000 0.4314
vn 0.3686 -0.0000 0.9296
vn 0.5370 0.4959 -0.6825
vn 0.5370 -0.0000 -0.8436
vn 0.9022 0.2535 0.3490
vn 0.9022 0.4102 0.1333
vn 0.3686 0.5464 0.7521
vn 0.3686 0.8841 0.2873
vn 0.9022 0.4102 -0.1333
vn 0.3686 0.8841 -0.2873
vn 0.9022 0.2535 -0.3490
vn 0.3686 0.5464 -0.7521
vn 0.5370 -0.4959 0.6825
vn 0.5370 -0.0000 0.8436
vn 0.9022 -0.0000 -0.4314
vn 0.3686 -0.0000 -0.9296
vn -0.0000 -0.5878 -0.8090
vn -0.0000 -0.0000 -1.0000
vn -0.0000 0.5878 -0.8090
vn -0.3686 -0.0000 -0.9296
vn -0.3686 -0.5464 -0.7521
vn -0.3686 0.5464 -0.7521
vn -0.9022 -0.0000 -0.4314
vn -0.9022 0.2535 -0.3490
vn -0.9022 -0.2535 -0.3490
vn -0.3686 0.8841 -0.2873
vn -0.9022 0.4102 -0.1333
vn -0.0000 0.9511 -0.3090
vn -0.3686 0.8841 0.2873
vn -0.9022 0.4102 0.1333
vn -0.3686 0.5464 0.7521
vn -0.9022 0.2535 0.3490
vn -0.3686 -0.0000 0.9296
vn -0.9022 -0.0000 0.4314
vn -0.5370 -0.0000 -0.8436
vn -0.5370 0.4959 -0.6825
vn -0.9022 -0.2535 0.3490
vn -0.4595 0.5221 -0.7186
vn -0.4414 0.2773 -0.8534
vn -0.4991 -0.8665 -0.0000
vn 0.4595 0.5221 -0.7186
vn 0.4414 0.2773 -0.8534
vn 0.4991 -0.8665 -0.0000
vn 0.4414 0.7259 -0.5274
vn 0.4991 0.2678 0.8241
vn -0.4414 0.7259 -0.5274
vn -0.4991 0.2678 0.8241
vn -0.5370 0.8023 -0.2607
vn -0.4995 -0.2677 -0.8239
vn -0.4417 0.8971 -0.0000
vn 0.4995 -0.2677 -0.8239
vn -0.9022 -0.4102 0.1333
vn -0.9022 -0.4102 -0.1333
vn -0.3686 -0.8841 0.2873
vn -0.3686 -0.5464 0.7521
vn -0.3686 -0.8841 -0.2873
vn -0.0000 -0.9511 0.3090
vn -0.0000 -0.5878 0.8090
vn -0.0000 -0.0000 1.0000
vn -0.0000 -0.9511 -0.3090
vn -0.0000 0.5878 0.8090
vn -0.0000 0.9511 0.3090
vn -0.4995 0.8663 -0.0000
vn -0.4417 -0.2772 -0.8532
vn 0.4995 0.8663 -0.0000
vn 0.4417 -0.2772 -0.8532
vn 0.4413 -0.0000 0.8974
vn 0.4236 0.2799 0.8615
vn 0.4236 -0.2799 0.8615
vn -0.4236 -0.2799 0.8615
vn 0.4991 0.7010 0.5093
vn 0.4991 0.2678 -0.8241
vn -0.4991 0.7010 0.5093
vn -0.4991 0.2678 -0.8241
vt 0.988834 0.528250
vt 0.992356 0.528250
vt 0.975668 0.528250
vt 0.969168 0.356028
vt 0.982334 0.356028
vt 0.991011 0.528250
vt 0.992356 0.528250
vt 0.977845 0.528250
vt 0.971345 0.356028
vt 0.984511 0.356028
vt 0.985856 0.356028
vt 0.985856 0.356028
vt 0.969168 0.356028
vt 0.988845 0.528250
vt 0.975668 0.528250
vt 0.975668 0.528250
vt 0.982345 0.356028
vt 0.978247 0.528250
vt 0.988183 0.528250
vt 0.977838 0.528250
vt 0.988833 0.528250
vt 0.977838 0.528250
vt 0.969168 0.356028
vt 0.981683 0.356028
vt 0.991015 0.528250
vt 0.971338 0.356028
vt 0.984515 0.356028
vt 0.982345 0.356028
vt 0.990697 0.350349
vt 0.969168 0.350348
vt 0.990697 0.350349
vt 0.969168 0.350349
vt 0.975777 0.347738
vt 0.969168 0.349043
vt 0.969168 0.374303
vt 0.975777 0.375608
vt 0.969168 0.347738
vt 0.992922 0.347738
vt 0.990697 0.350349
vt 0.969168 0.374303
vt 0.990697 0.350348
vt 0.990697 0.350349
vt 0.992922 0.375608
vt 0.982334 0.356028
vt 0.984511 0.356028
vt 0.991011 0.528250
vt 0.971338 0.356028
vt 0.990762 0.528250
vt 0.971747 0.356028
vt 0.984262 0.356028
s 1
usemtl metallic
f 1020/436/999 1049/437/999 1022/438/999 1019/438/999
f 1019/439/1000 1023/439/1000 1024/440/1001 1020/440/1001
f 1019/441/999 1022/442/999 1045/438/999 1021/443/999
f 1021/444/1002 1025/444/1002 1023/445/1000 1019/445/1000
f 1026/439/1003 1027/440/1004 1024/440/1004 1023/439/1003
f 1028/444/1005 1026/445/1003 1023/445/1003 1025/444/1005
f 1027/436/1006 1026/438/1006 1029/438/1006 1031/437/1006
f 1026/441/1006 1028/443/1006 1032/438/1006 1029/442/1006
f 1036/449/1006 1037/450/1006 1034/450/1006 1032/442/1006
f 1028/443/1006 1170/443/1006 1035/438/1006 1032/438/1006
f 1038/451/1006 1036/449/1006 1032/442/1006 1035/438/1006
f 1037/448/1011 1036/452/1012 1039/452/1012 1040/448/1011
f 1036/449/1013 1038/451/1013 1041/451/1013 1039/449/1013
f 1043/448/1014 1040/448/1014 1039/452/1015 1042/452/1015
f 1042/449/1016 1039/449/1016 1041/451/1016 1044/451/1016
f 1042/449/999 1045/442/999 1047/450/999 1043/450/999
f 1044/451/999 1048/438/999 1045/442/999 1042/449/999
f 1021/443/999 1045/438/999 1048/438/999 1054/443/999
f 1057/453/999 1049/450/999 1048/438/999 1056/438/999
f 1054/443/999 1048/438/999 1049/437/999 1020/436/999
f 1056/438/999 1048/438/999 1050/437/999 1058/454/999
f 1076/455/999 1050/438/999 1048/438/999 1053/451/999
f 1055/443/999 1048/438/999 1051/442/999 1139/456/999
f 1166/457/999 1051/450/999 1048/438/999 1044/451/999
f 1141/443/999 1052/438/999 1048/438/999 1055/443/999
f 1053/451/999 1048/438/999 1052/437/999 1078/449/999
f 1056/438/1020 1059/438/1020 1060/453/1020 1057/453/1020
f 1058/454/1021 1061/454/1021 1059/438/1021 1056/438/1021
f 1062/438/1022 1063/453/1022 1060/453/1022 1059/438/1022
f 1064/454/1023 1062/438/1023 1059/438/1023 1061/454/1023
f 1063/453/1006 1062/438/1006 1035/438/1006 1031/450/1006
f 1062/438/1006 1064/454/1006 1066/437/1006 1035/438/1006
f 1064/454/1006 1065/450/1006 1068/450/1006 1066/437/1006
f 1065/458/1024 1064/459/1025 1061/459/1025 1168/458/1024
f 1071/460/1006 1070/455/1006 1066/438/1006 1069/437/1006
f 1070/455/1006 1072/451/1006 1035/438/1006 1066/438/1006
f 1070/461/1029 1071/462/1030 1074/462/1030 1073/461/1029
f 1072/451/1031 1070/455/1031 1073/455/1031 1075/451/1031
f 1076/461/1032 1073/461/1032 1074/462/1033 1077/462/1033
f 1053/451/1034 1075/451/1034 1073/455/1034 1076/455/1034
f 1077/460/999 1079/437/999 1050/438/999 1076/455/999
f 1078/449/999 1052/437/999 1079/438/999 1077/438/999
f 1077/439/1033 1074/439/1033 1147/463/1035 1078/463/1035
f 1037/460/1006 1132/457/1006 1130/450/1006 1034/437/1006
f 1133/456/1006 1134/438/1006 1131/450/1006 1130/442/1006
f 1135/443/1006 1133/456/1006 1130/442/1006 1035/438/1006
f 1132/457/1006 1038/451/1006 1035/438/1006 1130/450/1006
f 1134/439/1084 1133/479/1085 1136/479/1085 1137/439/1084
f 1133/456/1086 1135/443/1086 1138/443/1086 1136/456/1086
f 1140/439/1087 1137/439/1087 1136/479/1088 1139/479/1088
f 1139/456/1089 1136/456/1089 1138/443/1089 1055/443/1089
f 1139/456/999 1051/442/999 1092/450/999 1140/438/999
f 1141/444/1090 1142/444/1090 1137/480/1087 1140/480/1087
f 1140/481/999 1092/437/999 1052/438/999 1141/443/999
f 1055/443/1091 1138/443/1091 1142/443/1091 1141/443/1091
f 1143/444/1092 1134/480/1084 1137/480/1084 1142/444/1092
f 1135/443/1093 1143/443/1093 1142/443/1093 1138/443/1093
f 1134/481/1006 1143/443/1006 1144/438/1006 1131/437/1006
f 1143/443/1006 1135/443/1006 1035/438/1006 1144/438/1006
f 1146/449/1006 1071/438/1006 1069/438/1006 1144/437/1006
f 1072/451/1006 1146/449/1006 1144/437/1006 1035/438/1006
f 1146/449/1095 1072/451/1095 1075/451/1095 1147/449/1095
f 1071/439/1030 1146/463/1096 1147/463/1096 1074/439/1030
f 1078/449/1097 1147/449/1097 1075/451/1097 1053/451/1097
f 1038/451/1109 1132/457/1109 1165/457/1109 1041/451/1109
f 1132/482/1110 1037/462/1011 1040/462/1011 1165/482/1110
f 1044/451/1111 1041/451/1111 1165/457/1111 1166/457/1111
f 1166/482/1112 1165/482/1112 1040/462/1014 1043/462/1014
f 1043/460/999 1047/437/999 1051/450/999 1166/457/999
f 1058/454/999 1050/437/999 1105/450/999 1167/450/999
f 1167/483/999 1105/442/999 1049/450/999 1057/453/999
f 1167/458/1113 1168/458/1113 1061/459/1114 1058/459/1114
f 1057/484/1115 1060/484/1115 1168/485/1113 1167/485/1113
f 1063/484/1116 1065/485/1024 1168/485/1024 1060/484/1116
f 1065/483/1006 1063/453/1006 1031/450/1006 1068/442/1006
f 1020/436/1117 1024/436/1117 1169/443/1117 1054/443/1117
f 1054/443/1118 1169/443/1118 1025/443/1118 1021/443/1118
f 1027/436/1119 1170/443/1119 1169/443/1119 1024/436/1119
f 1170/443/1120 1028/443/1120 1025/443/1120 1169/443/1120
f 1170/443/1006 1027/436/1006 1031/437/1006 1035/438/1006
usemtl texture
f 1030/439/1007 1120/446/1008 1031/446/1008 1029/439/1007
f 1033/439/1009 1030/447/1007 1029/447/1007 1032/439/1009
f 1127/448/1010 1033/447/1009 1032/447/1009 1034/448/1010
f 1094/448/1017 1047/448/1017 1045/447/1018 1046/447/1018
f 1046/439/1018 1045/439/1018 1022/447/1019 1102/447/1019
f 1067/439/1026 1148/446/1027 1069/446/1027 1066/439/1026
f 1121/448/1028 1067/446/1026 1066/446/1026 1068/448/1028
f 1080/439/1036 1079/439/1036 1052/446/1037 1082/446/1037
f 1081/439/1038 1050/439/1038 1079/446/1036 1080/446/1036
f 1083/464/1039 1085/465/1040 1081/439/999 1080/446/999
f 1086/466/1041 1083/467/1039 1080/439/999 1082/446/999
f 1084/468/1042 1083/469/1039 1086/470/1041 1087/471/1043
f 1108/472/1044 1085/465/1040 1083/464/1039 1084/473/1042
f 1087/472/1043 1086/467/1041 1088/464/1045 1089/473/1046
f 1088/464/1045 1086/467/1041 1082/439/999 1091/446/999
f 1089/472/1046 1088/467/1045 1090/474/1047 1161/473/1048
f 1090/474/1047 1088/467/1045 1091/448/999 1093/447/999
f 1082/439/1037 1052/439/1037 1092/446/1049 1091/446/1049
f 1091/448/1049 1092/448/1049 1051/447/1050 1093/447/1050
f 1093/448/1050 1051/448/1050 1047/446/1017 1094/446/1017
f 1095/466/1051 1090/467/1047 1093/448/999 1094/446/999
f 1097/466/1052 1095/467/1051 1094/448/999 1046/447/999
f 1096/468/1053 1095/469/1051 1097/475/1052 1098/471/1054
f 1161/472/1048 1090/467/1047 1095/466/1051 1096/473/1053
f 1098/468/1054 1097/469/1052 1099/470/1055 1100/471/1056
f 1099/476/1055 1097/467/1052 1046/439/999 1102/447/999
f 1100/472/1056 1099/467/1055 1101/477/1057 1109/473/1058
f 1101/477/1057 1099/467/1055 1102/439/999 1103/446/999
f 1102/439/1019 1022/439/1019 1049/446/1059 1103/446/1059
f 1103/448/1059 1049/448/1059 1105/447/1060 1104/447/1060
f 1106/474/1061 1101/467/1057 1103/448/999 1104/447/999
f 1085/466/1040 1106/467/1061 1104/448/999 1081/446/999
f 1104/448/1060 1105/448/1060 1050/446/1038 1081/446/1038
f 1109/468/1058 1101/469/1057 1106/470/1061 1107/471/1062
f 1107/468/1062 1106/469/1061 1085/470/1040 1108/471/1044
f 1107/468/1062 1108/471/1044 1111/478/1063 1110/473/1064
f 1109/468/1058 1107/471/1062 1110/478/1064 1112/473/1065
f 1113/468/1066 1110/473/1064 1111/478/1063 1115/471/1067
f 1116/468/1068 1112/473/1065 1110/478/1064 1113/471/1066
f 1116/468/1068 1113/471/1066 1114/470/1069 1118/469/1070
f 1113/468/1066 1115/471/1067 1164/470/1071 1114/469/1069
f 1117/472/1072 1116/473/1068 1118/477/1070 1119/467/1073
f 1117/468/1072 1163/473/1074 1112/478/1065 1116/471/1068
f 1118/477/1070 1120/446/1006 1030/439/1006 1119/467/1073
f 1114/474/1069 1121/447/1006 1120/448/1006 1118/467/1070
f 1120/448/1008 1121/447/1028 1068/447/1028 1031/448/1008
f 1164/466/1071 1067/446/1006 1121/448/1006 1114/467/1069
f 1123/468/1075 1117/471/1072 1119/470/1073 1122/469/1076
f 1119/476/1073 1030/447/1006 1033/439/1006 1122/467/1076
f 1125/468/1077 1123/471/1075 1122/475/1076 1124/469/1078
f 1122/466/1076 1033/447/1006 1127/448/1006 1124/467/1078
f 1154/472/1079 1125/473/1077 1124/466/1078 1126/467/1080
f 1124/466/1078 1127/446/1006 1128/448/1006 1126/467/1080
f 1128/448/1081 1127/446/1010 1034/446/1010 1130/448/1081
f 1129/448/1082 1128/447/1081 1130/447/1081 1131/448/1082
f 1126/474/1080 1128/447/1006 1129/448/1006 1152/467/1083
f 1145/439/1094 1129/446/1082 1131/446/1082 1144/439/1094
f 1148/439/1027 1145/446/1094 1144/446/1094 1069/439/1027
f 1149/466/1098 1145/446/1006 1148/439/1006 1151/467/1099
f 1152/464/1083 1129/446/1006 1145/439/1006 1149/467/1098
f 1150/472/1100 1153/473/1101 1152/464/1083 1149/467/1098
f 1159/468/1102 1150/471/1100 1149/470/1098 1151/469/1099
f 1153/472/1101 1154/473/1079 1126/474/1080 1152/467/1083
f 1150/468/1100 1157/473/1103 1155/478/1104 1153/471/1101
f 1153/468/1101 1155/473/1104 1156/478/1105 1154/471/1079
f 1089/468/1046 1161/471/1048 1156/478/1105 1155/473/1104
f 1087/468/1043 1089/471/1046 1155/478/1104 1157/473/1103
f 1159/468/1102 1158/473/1106 1157/478/1103 1150/471/1100
f 1084/468/1042 1087/471/1043 1157/478/1103 1158/473/1106
f 1115/468/1067 1111/473/1063 1158/478/1106 1159/471/1102
f 1108/468/1044 1084/471/1042 1158/478/1106 1111/473/1063
f 1115/472/1067 1159/473/1102 1151/464/1099 1164/465/1071
f 1154/468/1079 1156/473/1105 1160/478/1107 1125/471/1077
f 1161/468/1048 1096/471/1053 1160/478/1107 1156/473/1105
f 1125/468/1077 1160/473/1107 1162/478/1108 1123/471/1075
f 1096/468/1053 1098/471/1054 1162/478/1108 1160/473/1107
f 1123/468/1075 1162/473/1108 1163/478/1074 1117/471/1072
f 1098/468/1054 1100/471/1056 1163/478/1074 1162/473/1108
f 1100/468/1056 1109/471/1058 1112/478/1065 1163/473/1074
f 1151/464/1099 1148/446/1006 1067/439/1006 1164/465/1071
