# Blender 5.1.2
# www.blender.org
mtllib fenyr.mtl
o fenyr
v 0.979618 0.195970 2.352899
v 0.656432 0.378095 1.109077
v 1.003375 0.853019 1.906908
v 0.923137 0.467900 -1.949630
v 0.709650 0.936516 -2.082557
v 0.000000 0.461738 -2.014676
v 0.000000 0.936516 -2.173449
v 0.000000 0.195970 2.538671
v 0.000000 0.550252 2.697618
v 0.989473 0.195970 0.456170
v 0.656432 0.378095 2.031210
v 0.734368 0.378095 -0.908903
v 1.048457 0.875201 1.178083
v 0.734368 0.630915 -0.991048
v 0.000000 0.909612 1.517894
v 0.733970 0.787166 -1.206110
v 0.656432 0.630915 1.943154
v 0.733854 0.787166 -1.471940
v 0.656432 0.787166 1.712621
v 0.734361 0.630915 -1.687001
v 0.000000 0.759101 -2.090041
v 0.656432 0.787166 1.427666
v 0.989473 0.860048 0.496354
v 0.989473 0.195970 -0.654541
v 0.656432 0.630915 1.197133
v 0.590278 1.177228 -0.709610
v 0.000000 1.226534 -0.711426
v 0.961396 0.882778 -0.659446
v 1.010264 0.922264 1.554095
v 0.000000 0.828243 1.754491
v 0.816940 0.953114 0.649077
v 0.821601 0.927922 -0.657657
v 0.378822 0.936516 -2.179777
v 0.439796 0.233446 2.554883
v 0.494737 0.461738 -2.014676
v 0.287744 0.512805 2.680632
v 0.479133 0.922440 1.340346
v 0.360633 0.812348 -2.177040
v 0.215359 1.212847 -0.720434
v 0.494737 0.829666 1.754491
v 0.644453 1.048401 -1.478803
v 0.000000 1.037325 -1.578029
v 0.298254 1.068271 -1.494062
v 0.887740 0.612582 -1.944769
v 0.931601 0.334678 2.240638
v 0.000000 0.619561 -2.030577
v 0.946669 0.348357 0.456170
v 0.946669 0.424559 -0.654541
v 0.439796 0.271866 2.571341
v 0.448170 0.619561 -2.030577
v 1.052236 0.250021 -1.744437
v 1.084070 0.860627 -1.688505
v 0.000000 0.204774 -1.662811
v 0.494737 0.204774 -1.662811
v 1.060985 0.526493 -1.801695
v 0.820763 0.973828 -1.400804
v 0.308911 0.541347 2.680558
v 0.000000 0.512805 2.680632
v 0.494737 0.195970 2.538671
v 0.000000 0.233446 2.554883
v 0.528650 0.299702 2.613389
v 0.000000 0.279578 2.533605
v 0.000000 0.248842 2.513648
v 0.000000 0.512805 2.639398
v 0.439796 0.271866 2.530107
v 0.287744 0.512805 2.639398
v 0.439796 0.248842 2.513648
v 0.644834 1.192329 0.196958
v 0.659493 1.172204 0.521174
v 0.000000 1.255557 0.559031
v 0.000000 1.296076 -0.050260
v 0.269201 1.282234 -0.070923
v 0.348589 1.230830 0.560817
v 0.795547 0.937953 1.005378
v 0.593239 1.142748 -1.031039
v 0.000000 1.081653 -1.147231
v 0.378040 1.104918 -1.079890
v 1.059722 0.424633 -0.924023
v 1.105650 0.208951 -0.963861
v 1.065761 0.924874 -1.000083
v 0.833932 0.945310 -1.005815
v 0.000000 0.610634 2.423789
v 0.417876 0.715503 2.178860
v 0.828588 0.917410 1.257177
v 0.732329 0.903535 1.579193
v 0.619378 0.797838 1.957050
v 0.000000 0.683251 2.423789
v 0.100430 0.683333 2.423531
v 0.417876 0.761273 2.178860
v 0.619378 0.843608 1.957050
v 0.190138 0.802819 1.754491
v 0.230806 0.829666 1.754491
v 0.241990 0.882770 1.442486
v 0.275124 0.920730 1.401963
v 0.080088 0.610699 2.423583
v 0.521468 0.636741 2.443764
v 0.918191 0.619764 2.112062
v 0.895988 0.415420 2.236649
v 0.330477 0.517631 2.673966
v 0.376484 0.467037 2.659903
v 0.606368 0.503640 2.440073
v 0.695582 0.353731 2.441433
v 0.868782 0.368487 2.281452
v 0.717463 0.597922 2.295608
v 0.322655 0.457485 2.614304
v 0.323686 0.455852 2.654798
v 0.330477 0.517631 2.647156
v 0.376484 0.467037 2.633093
v 0.606368 0.503640 2.413262
v 0.695582 0.353731 2.414623
v 0.868782 0.368487 2.254642
v 0.717463 0.597922 2.268798
v 1.084070 0.940044 -1.364380
v 0.346861 1.241875 0.531764
v 0.694392 1.159774 0.442818
v 0.494737 0.909587 1.365289
v 0.000000 1.242764 0.585561
v 0.000000 0.921407 1.478074
v 0.829193 0.926052 1.011268
v 0.283684 0.909612 1.429751
v 0.344639 1.209968 0.553108
v 0.475183 0.901578 1.332637
v 0.000000 1.221902 0.577852
v 0.000000 0.900546 1.470365
v 0.655543 1.151342 0.513465
v 0.791597 0.917091 0.997670
v 0.271174 0.899868 1.394254
v 0.822830 0.975224 -0.279568
v 0.697116 1.109795 -0.301336
v 0.833120 0.932388 0.732343
v 0.682134 1.177621 0.488617
v 0.628837 1.213274 0.197119
v 0.838022 0.954879 -0.302541
v 0.684245 1.126081 -0.329844
v 0.796834 0.937746 0.649395
v 0.674286 1.144406 0.443137
v 0.624728 1.176961 0.197277
v 0.802724 0.959855 -0.279249
v 0.677010 1.094427 -0.301017
v 1.032084 0.631353 1.917915
v 1.048863 0.786780 1.703239
v 1.012916 0.377640 2.000479
v 0.656432 0.195970 1.967777
v 0.974687 0.195970 1.941090
v 1.025733 0.197694 1.198390
v 0.656432 0.195970 1.172510
v 1.053424 0.631125 1.222069
v 1.036984 0.346871 1.150469
v 1.057099 0.787748 1.436956
v 0.734368 0.210975 -1.662811
v 0.734368 0.298844 -1.743396
v 1.060873 0.517460 -1.723865
v 0.734368 0.206154 -0.964770
v 1.077887 0.630915 -0.991048
v 1.071937 0.630915 -1.687001
v 1.090266 0.787166 -1.206110
v 1.088522 0.787166 -1.471940
v 0.000000 1.204602 -0.699195
v 0.227793 1.190915 -0.708203
v 0.000000 1.119132 -1.151710
v 0.288327 1.130347 -1.099930
v 0.319418 1.030792 -1.489583
v 0.000000 0.999846 -1.573550
v 0.375613 0.619561 -2.030577
v 0.253798 0.759101 -2.139848
v 0.928755 0.805702 -1.994473
v 0.360633 0.812348 -2.132058
v 0.253798 0.759101 -2.094866
v 0.000000 0.759101 -2.139848
v 0.928755 0.805702 -2.039455
v 0.877348 0.631995 -0.729072
v 0.889009 0.756142 -0.724485
v -0.979618 0.195970 2.352899
v -0.656432 0.378095 1.109077
v -1.003375 0.853019 1.906908
v -0.923137 0.467900 -1.949630
v -0.709650 0.936516 -2.082557
v -0.989473 0.195970 0.456170
v -0.656432 0.378095 2.031210
v -0.734368 0.378095 -0.908903
v -1.048457 0.875201 1.178083
v -0.734368 0.630915 -0.991048
v -0.733970 0.787166 -1.206110
v -0.656432 0.630915 1.943154
v -0.733854 0.787166 -1.471940
v -0.656432 0.787166 1.712621
v -0.734361 0.630915 -1.687001
v -0.656432 0.787166 1.427666
v -0.989473 0.860048 0.496354
v -0.989473 0.195970 -0.654541
v -0.656432 0.630915 1.197133
v -0.590278 1.177228 -0.709610
v -0.961396 0.882778 -0.659446
v -1.010265 0.922264 1.554095
v -0.816940 0.953114 0.649077
v -0.821601 0.927922 -0.657657
v -0.378822 0.936516 -2.179777
v -0.439796 0.233446 2.554883
v -0.494737 0.461738 -2.014676
v -0.287744 0.512805 2.680632
v -0.479133 0.922440 1.340346
v -0.360633 0.812348 -2.177040
v -0.215359 1.212847 -0.720434
v -0.494737 0.829666 1.754491
v -0.644453 1.048401 -1.478803
v -0.298254 1.068271 -1.494062
v -0.887740 0.612582 -1.944769
v -0.931601 0.334678 2.240638
v -0.946669 0.348357 0.456170
v -0.946669 0.424559 -0.654541
v -0.439796 0.271866 2.571341
v -0.448170 0.619561 -2.030577
v -1.052236 0.250021 -1.744437
v -1.084070 0.860627 -1.688505
v -0.494737 0.204774 -1.662811
v -1.060985 0.526493 -1.801695
v -0.820763 0.973828 -1.400804
v -0.308911 0.541347 2.680558
v -0.494737 0.195970 2.538671
v -0.528650 0.299702 2.613389
v -0.439796 0.271866 2.530107
v -0.287744 0.512805 2.639398
v -0.439796 0.248842 2.513648
v -0.644834 1.192329 0.196958
v -0.659493 1.172204 0.521174
v -0.269201 1.282234 -0.070923
v -0.348589 1.230830 0.560817
v -0.795547 0.937953 1.005378
v -0.593239 1.142748 -1.031039
v -0.378040 1.104918 -1.079890
v -1.059722 0.424633 -0.924023
v -1.105650 0.208951 -0.963861
v -1.065762 0.924874 -1.000083
v -0.833932 0.945310 -1.005815
v -0.417876 0.715503 2.178860
v -0.828588 0.917410 1.257177
v -0.732329 0.903535 1.579193
v -0.619377 0.797838 1.957050
v -0.100430 0.683333 2.423531
v -0.417876 0.761273 2.178860
v -0.619377 0.843608 1.957050
v -0.190137 0.802819 1.754491
v -0.230806 0.829666 1.754491
v -0.241990 0.882770 1.442486
v -0.275124 0.920730 1.401963
v -0.080088 0.610699 2.423583
v -0.521468 0.636741 2.443764
v -0.918191 0.619764 2.112062
v -0.895988 0.415420 2.236649
v -0.330477 0.517631 2.673966
v -0.376484 0.467037 2.659903
v -0.606368 0.503640 2.440073
v -0.695582 0.353731 2.441433
v -0.868782 0.368487 2.281452
v -0.717463 0.597922 2.295608
v -0.322655 0.457485 2.614304
v -0.323686 0.455852 2.654798
v -0.330477 0.517631 2.647156
v -0.376484 0.467037 2.633093
v -0.606368 0.503640 2.413262
v -0.695582 0.353731 2.414623
v -0.868782 0.368487 2.254642
v -0.717463 0.597922 2.268798
v -1.084070 0.940044 -1.364380
v -0.346861 1.241875 0.531764
v -0.694392 1.159774 0.442818
v -0.494737 0.909587 1.365289
v -0.829193 0.926052 1.011268
v -0.283684 0.909612 1.429751
v -0.344639 1.209968 0.553108
v -0.475183 0.901578 1.332637
v -0.655543 1.151342 0.513465
v -0.791597 0.917091 0.997670
v -0.271174 0.899868 1.394254
v -0.822830 0.975224 -0.279568
v -0.697116 1.109795 -0.301336
v -0.833120 0.932388 0.732343
v -0.682134 1.177621 0.488617
v -0.628837 1.213274 0.197119
v -0.838022 0.954879 -0.302541
v -0.684245 1.126081 -0.329844
v -0.796834 0.937746 0.649395
v -0.674286 1.144406 0.443137
v -0.624728 1.176961 0.197277
v -0.802724 0.959855 -0.279249
v -0.677010 1.094427 -0.301017
v -1.032085 0.631353 1.917915
v -1.048863 0.786780 1.703239
v -1.012916 0.377640 2.000479
v -0.656432 0.195970 1.967777
v -0.974687 0.195970 1.941090
v -1.025733 0.197694 1.198390
v -0.656432 0.195970 1.172510
v -1.053424 0.631125 1.222069
v -1.036984 0.346871 1.150469
v -1.057099 0.787748 1.436956
v -0.734368 0.210975 -1.662811
v -0.734368 0.298844 -1.743396
v -1.060873 0.517460 -1.723865
v -0.734368 0.206154 -0.964770
v -1.077888 0.630915 -0.991048
v -1.071938 0.630915 -1.687001
v -1.090266 0.787166 -1.206110
v -1.088522 0.787166 -1.471940
v -0.227793 1.190915 -0.708203
v -0.288327 1.130347 -1.099930
v -0.319418 1.030792 -1.489583
v -0.375613 0.619561 -2.030577
v -0.253798 0.759101 -2.139848
v -0.928755 0.805702 -1.994473
v -0.360633 0.812348 -2.132058
v -0.253798 0.759101 -2.094866
v -0.928755 0.805702 -2.039455
v -0.877348 0.631995 -0.729072
v -0.889009 0.756142 -0.724485
v 0.811866 0.910451 0.752644
v 0.917205 1.021467 0.683370
v 0.797618 0.909596 0.733215
v 0.902993 1.020512 0.663921
v 0.830314 0.884637 0.739316
v 0.935688 0.995553 0.670023
v 0.816102 0.883682 0.719867
v 0.921440 0.994697 0.650593
v 0.929258 0.975413 0.705484
v 0.886840 0.949932 0.667904
v 1.088761 0.977851 0.632094
v 1.103552 1.033781 0.622126
v 1.092242 0.954638 0.573690
v 1.111875 1.028268 0.560567
v 0.976493 1.069909 0.674872
v 0.923787 1.042623 0.693594
v 0.879639 1.038396 0.652254
v 0.940238 1.075811 0.627877
v -0.811866 0.910451 0.752644
v -0.917205 1.021467 0.683370
v -0.797618 0.909596 0.733215
v -0.902993 1.020512 0.663921
v -0.830314 0.884637 0.739316
v -0.935689 0.995553 0.670022
v -0.816102 0.883682 0.719867
v -0.921440 0.994697 0.650593
v -0.929258 0.975413 0.705484
v -0.886840 0.949932 0.667904
v -1.088761 0.977851 0.632094
v -1.103552 1.033781 0.622126
v -1.092242 0.954638 0.573690
v -1.111875 1.028268 0.560567
v -0.976493 1.069909 0.674872
v -0.923787 1.042623 0.693594
v -0.879639 1.038396 0.652254
v -0.940238 1.075811 0.627877
v 0.228405 0.466486 -1.676506
v 0.712609 0.466486 -1.747034
v 0.228405 0.466486 -2.090871
v 0.712609 0.466486 -2.090871
v 0.905083 0.275268 -1.744552
v 0.905083 0.275268 -1.943733
v 0.073112 0.306960 -1.676506
v 0.073112 0.306960 -1.943733
v 0.000000 0.306960 -1.676506
v 0.000000 0.306960 -1.943733
v -0.228404 0.466486 -1.676506
v -0.712609 0.466486 -1.747034
v -0.228404 0.466486 -2.090871
v -0.712609 0.466486 -2.090871
v -0.905083 0.275268 -1.744552
v -0.905083 0.275268 -1.943733
v -0.073112 0.306960 -1.676506
v -0.073112 0.306960 -1.943733
v 0.257532 0.401223 -1.676506
v 0.686491 0.399961 -1.747034
v 0.249752 0.398281 -2.090871
v 0.690553 0.398507 -2.090871
v 0.854713 0.224567 -1.744552
v 0.854713 0.224567 -1.943733
v 0.100905 0.241118 -1.676506
v 0.105191 0.243097 -1.943733
v 0.000000 0.235492 -1.676506
v 0.000000 0.235492 -1.943733
v -0.257532 0.401223 -1.676506
v -0.686491 0.399961 -1.747034
v -0.249752 0.398281 -2.090871
v -0.690553 0.398507 -2.090871
v -0.854713 0.224567 -1.744552
v -0.854713 0.224567 -1.943733
v -0.100905 0.241118 -1.676506
v -0.105191 0.243097 -1.943733
v 0.360243 0.265136 -1.444520
v 0.309066 0.378548 -1.444520
v 0.377650 0.292088 -2.010717
v 0.350797 0.351596 -2.010717
v 0.672495 0.265136 -1.433241
v 0.618095 0.378548 -1.433241
v 0.629675 0.292088 -1.999438
v 0.601131 0.351596 -1.999438
v 0.309066 0.378548 -2.010717
v 0.360243 0.265136 -2.010717
v 0.672495 0.265136 -1.999438
v 0.618095 0.378548 -1.999438
v 0.350797 0.351596 -1.526261
v 0.377650 0.292088 -1.526261
v 0.629675 0.292088 -1.514982
v 0.601131 0.351596 -1.514982
v -0.360243 0.265136 -1.444520
v -0.309066 0.378548 -1.444520
v -0.377650 0.292088 -2.010717
v -0.350797 0.351596 -2.010717
v -0.672495 0.265136 -1.433242
v -0.618095 0.378548 -1.433242
v -0.629675 0.292088 -1.999438
v -0.601131 0.351596 -1.999438
v -0.309066 0.378548 -2.010717
v -0.360243 0.265136 -2.010717
v -0.672495 0.265136 -1.999438
v -0.618095 0.378548 -1.999438
v -0.350797 0.351596 -1.526261
v -0.377650 0.292088 -1.526261
v -0.629675 0.292088 -1.514982
v -0.601131 0.351596 -1.514982
v -0.224034 0.499696 -2.004444
v -0.202809 0.482460 -2.004444
v -0.202809 0.653334 -2.004444
v -0.224034 0.636098 -2.004444
v -0.195206 0.505870 -2.048688
v -0.195206 0.629924 -2.048688
v 0.220863 0.482460 -2.004444
v 0.242087 0.499696 -2.004444
v 0.242087 0.636098 -2.004444
v 0.220863 0.653334 -2.004444
v 0.213259 0.505870 -2.048688
v 0.213259 0.629924 -2.048688
v -0.224034 0.499696 -2.048688
v -0.202809 0.482460 -2.048688
v -0.202809 0.653334 -2.048688
v -0.224034 0.636098 -2.048688
v 0.220863 0.482460 -2.048688
v 0.242087 0.499696 -2.048688
v 0.242087 0.636098 -2.048688
v 0.220863 0.653334 -2.048688
v 0.000000 0.812348 -2.009118
v 0.253798 0.812348 -2.013943
v 0.000000 0.691501 -2.009118
v 0.220837 0.691501 -2.013943
v 0.000000 0.812348 -2.134463
v 0.251120 0.812348 -2.139287
v 0.000000 0.691501 -2.087212
v 0.218159 0.691501 -2.092037
v -0.253798 0.812348 -2.013943
v -0.220837 0.691501 -2.013943
v -0.251120 0.812348 -2.139287
v -0.218159 0.691501 -2.092037
v 0.426548 0.747393 -2.032280
v 0.405821 0.781357 -2.032280
v 0.426548 0.747393 -2.126137
v 0.405821 0.781357 -2.155310
v 0.878022 0.731752 -1.902037
v 0.893457 0.781357 -1.897432
v 0.878022 0.731752 -2.006963
v 0.893457 0.781357 -2.036136
v 0.739088 0.604861 -1.955001
v 0.791424 0.604861 -1.927368
v 0.791424 0.604861 -1.996931
v 0.739088 0.604861 -2.010748
v 0.703063 0.700029 -2.050703
v 0.783037 0.700029 -2.029584
v 0.783037 0.781357 -2.063469
v 0.703063 0.781357 -2.085513
v 0.783037 0.700029 -1.927368
v 0.703063 0.700029 -1.955001
v 0.703063 0.781357 -1.955001
v 0.783037 0.781357 -1.927368
v -0.426548 0.747393 -2.032280
v -0.405821 0.781357 -2.032280
v -0.426548 0.747393 -2.126137
v -0.405821 0.781357 -2.155310
v -0.878022 0.731752 -1.902037
v -0.893457 0.781357 -1.897432
v -0.878022 0.731752 -2.006963
v -0.893457 0.781357 -2.036136
v -0.739088 0.604861 -1.955001
v -0.791424 0.604861 -1.927368
v -0.791424 0.604861 -1.996931
v -0.739088 0.604861 -2.010748
v -0.703064 0.700029 -2.050703
v -0.783037 0.700029 -2.029584
v -0.783037 0.781357 -2.063469
v -0.703064 0.781357 -2.085513
v -0.783037 0.700029 -1.927368
v -0.703064 0.700029 -1.955001
v -0.703064 0.781357 -1.955001
v -0.783037 0.781357 -1.927368
vn 0.1227 -0.1697 -0.9778
vn 0.1995 -0.3365 -0.9203
vn 0.1879 -0.1602 -0.9690
vn 0.9503 0.2950 0.0993
vn 0.9612 0.2732 0.0379
vn 0.9626 0.1776 0.2046
vn -0.4915 0.3822 -0.7825
vn -0.6857 0.3630 -0.6309
vn -0.4943 0.3821 -0.7808
vn 0.0533 -0.9986 -0.0000
vn -0.0000 -1.0000 -0.0000
vn 0.0528 -0.9986 -0.0000
vn -0.6137 0.1051 -0.7825
vn -0.6893 0.0452 -0.7230
vn -0.6697 0.0615 -0.7400
vn 0.9694 -0.2381 -0.0602
vn 0.8745 -0.4841 -0.0308
vn 0.9928 -0.0761 -0.0927
vn 0.9948 0.0242 -0.0989
vn 0.9962 0.0607 -0.0629
vn 0.9978 0.0394 -0.0534
vn 0.9972 0.0082 -0.0748
vn 0.1620 0.9868 -0.0063
vn 0.4535 0.8912 -0.0012
vn 0.6301 0.7765 -0.0056
vn 0.3161 0.9288 -0.1934
vn 0.3712 0.9115 -0.1772
vn 0.1856 0.9687 -0.1649
vn 0.3562 0.9307 -0.0830
vn 0.0608 -0.2464 -0.9672
vn -0.0233 -0.3436 -0.9388
vn -0.0000 -0.1776 -0.9841
vn 0.1195 -0.0681 -0.9905
vn 0.6108 0.7915 -0.0189
vn 0.2576 0.9657 0.0326
vn 0.0170 0.9884 -0.1506
vn -0.0000 0.9856 -0.1691
vn 0.0226 0.9922 -0.1227
vn 0.1302 0.9465 0.2954
vn 0.1650 0.9419 0.2926
vn -0.0000 0.9550 0.2966
vn -0.0000 0.9546 0.2980
vn 0.9845 0.1748 0.0164
vn 0.2041 0.9696 0.1352
vn 0.0369 0.9991 0.0220
vn 0.0912 0.9896 -0.1109
vn -0.0000 0.9942 -0.1074
vn -0.0000 0.9998 -0.0179
vn 0.1480 0.9878 -0.0484
vn -0.0457 0.9921 0.1169
vn 0.0111 0.9984 0.0557
vn -0.0000 -1.0000 -0.0028
vn -0.0019 -1.0000 -0.0028
vn 0.2528 0.0253 -0.9672
vn 0.5979 -0.7783 0.1916
vn 0.6070 -0.7945 -0.0200
vn 0.6071 -0.7945 -0.0106
vn 0.8398 0.5424 -0.0217
vn 0.8404 0.5414 0.0241
vn 0.6103 0.3599 0.7057
vn 0.5976 0.4011 0.6942
vn 0.5738 0.4782 0.6649
vn 0.6170 0.3676 0.6959
vn 0.6119 0.3616 0.7035
vn -0.0028 0.9703 0.2417
vn 0.0217 0.9443 0.3284
vn -0.0000 -0.2574 -0.9663
vn -0.0000 -0.4079 -0.9130
vn -0.0070 -0.4079 -0.9130
vn -0.0016 -0.1703 -0.9854
vn -0.0160 0.9901 -0.1394
vn -0.0148 0.9899 -0.1408
vn 0.3289 0.9376 -0.1131
vn -0.0000 0.9925 -0.1226
vn -0.0000 -0.1002 -0.9950
vn 0.1016 -0.0351 -0.9942
vn 0.4881 0.6449 0.5881
vn 0.9180 0.1504 0.3670
vn 0.9301 0.0752 0.3596
vn 0.9650 0.1814 0.1896
vn 0.9632 0.1878 0.1920
vn 0.9921 0.0899 -0.0874
vn 0.9871 0.1549 -0.0403
vn -1.0000 -0.0000 -0.0000
vn 0.9916 0.0500 0.1195
vn 0.9621 0.0739 0.2624
vn 0.9800 0.0617 0.1890
vn 0.1712 0.0104 -0.9852
vn 0.7384 -0.0371 -0.6734
vn 0.7144 0.0781 -0.6954
vn 0.7189 0.0597 -0.6925
vn -0.0000 -0.8076 -0.5898
vn 0.0207 -0.7940 -0.6076
vn 0.0214 -0.7935 -0.6082
vn 0.0431 -0.7785 -0.6261
vn 0.8759 -0.3493 -0.3330
vn 0.1345 0.9874 0.0831
vn 0.1296 0.9883 -0.0805
vn 0.3729 0.9264 0.0523
vn 0.6251 0.7803 -0.0201
vn 0.1083 -0.1769 0.9783
vn -0.0000 -0.2554 0.9668
vn 0.0630 -0.2194 0.9736
vn -0.0876 -0.4475 0.8900
vn -0.0000 -0.3970 0.9178
vn 0.0631 -0.5503 0.8326
vn -0.1774 -0.4778 0.8604
vn 0.0037 -0.5453 0.8383
vn -0.1725 -0.4548 0.8737
vn -0.0640 -0.4302 0.9005
vn -0.0628 -0.4299 0.9007
vn -0.0000 -0.4131 0.9107
vn -0.0000 -0.4878 0.8729
vn -0.0010 -0.5045 0.8634
vn -0.0016 -0.5608 0.8279
vn -0.0000 -0.5608 0.8279
vn -0.8457 -0.5337 -0.0000
vn -0.0000 0.9368 0.3498
vn 0.1272 0.9689 0.2122
vn 0.2124 0.9537 0.2128
vn 0.1893 0.9816 0.0258
vn -0.0000 0.9712 0.2381
vn 0.0375 0.9984 -0.0413
vn 0.0264 0.9960 -0.0858
vn -0.0000 0.9541 0.2995
vn 0.0894 0.9503 0.2983
vn -0.2608 0.3679 -0.8925
vn -0.2598 0.3669 -0.8933
vn 0.0151 0.9913 -0.1308
vn 0.4907 0.8712 -0.0168
vn 0.9995 -0.0321 -0.0023
vn 0.9988 -0.0453 -0.0209
vn 0.9988 -0.0454 -0.0210
vn 0.9423 0.0149 0.3343
vn -0.0418 0.9927 -0.1136
vn -0.0000 0.9960 -0.0898
vn -0.0315 0.9914 -0.1272
vn 0.9964 0.0666 0.0530
vn 0.9987 0.0500 0.0084
vn 0.9814 0.0509 0.1850
vn -0.0670 0.9721 0.2247
vn -0.0161 0.9669 0.2546
vn -0.0526 0.9583 0.2810
vn -0.0672 0.9598 0.2723
vn 0.0614 0.9719 0.2270
vn -0.1322 0.9635 0.2328
vn -0.9581 -0.0000 -0.2864
vn -0.8514 -0.0000 -0.5246
vn -0.8858 -0.0000 -0.4640
vn -0.0026 -0.0000 -1.0000
vn -0.0000 -0.0000 -1.0000
vn -0.5283 0.8399 0.1240
vn -0.5381 0.8315 0.1378
vn -0.5350 0.8342 0.1334
vn -0.5449 0.8254 0.1474
vn 0.0730 0.9531 0.2938
vn 0.2967 -0.0078 0.9549
vn 0.6235 0.3752 0.6859
vn 0.1663 -0.1208 0.9786
vn -0.8348 -0.5506 -0.0000
vn -0.1750 0.9845 0.0121
vn -0.1966 0.9801 0.0268
vn -0.1827 0.9830 0.0173
vn -0.1672 -0.4519 0.8763
vn 0.6129 0.3616 0.7025
vn 0.8593 0.5114 -0.0000
vn 0.1644 -0.9864 -0.0000
vn 0.1413 -0.9900 -0.0000
vn 0.2032 -0.9791 -0.0000
vn -0.0849 0.9964 -0.0000
vn -0.1572 0.9876 -0.0000
vn 0.1404 0.9235 0.3570
vn 0.2440 0.9090 0.3378
vn -0.0000 0.9198 0.3925
vn 0.2719 0.9049 0.3275
vn 0.1913 0.9223 0.3359
vn 0.1003 0.9353 0.3393
vn -0.0000 0.9506 0.3105
vn 0.0810 0.9347 0.3460
vn 0.1469 0.9278 0.3429
vn 0.1661 0.9250 0.3417
vn -0.0000 0.9378 0.3471
vn 0.2615 0.9057 0.3337
vn 0.0534 -0.3528 0.9342
vn -0.0000 -0.3512 0.9363
vn 0.0534 -0.3527 0.9342
vn -0.0000 0.3680 -0.9298
vn -0.9512 0.0690 0.3007
vn 0.0521 -0.3548 0.9335
vn 0.7426 0.6680 -0.0491
vn 0.7274 0.6824 -0.0721
vn 0.7782 0.6264 -0.0438
vn 0.8218 0.5698 0.0026
vn 0.8028 0.5943 -0.0486
vn 0.7823 0.6215 -0.0414
vn 0.7610 0.6488 -0.0006
vn 0.7687 0.6394 -0.0181
vn 0.7972 0.6037 -0.0107
vn -0.6071 0.7945 0.0151
vn 0.3892 -0.5248 -0.7571
vn -0.0624 0.1023 0.9928
vn 0.5899 -0.7764 -0.2217
vn 0.2808 -0.6197 0.7329
vn 0.6800 0.1927 -0.7075
vn -0.0799 0.3264 -0.9419
vn -0.0723 -0.3159 -0.9460
vn -0.0258 -0.8185 -0.5740
vn 0.0002 -1.0000 -0.0018
vn -0.0238 -0.8180 0.5748
vn -0.0927 -0.2811 0.9552
vn 1.0000 -0.0000 -0.0000
vn -0.0365 0.2355 -0.9712
vn -0.0000 -0.3090 -0.9511
vn -0.0000 -0.8090 -0.5878
vn -0.0000 -0.8090 0.5878
vn 1.0000 0.0006 -0.0000
vn 0.0218 -0.1590 0.9870
vn -0.0722 0.3200 0.9447
vn 0.0427 0.9152 0.4007
vn 0.0488 0.9120 0.4073
vn 0.0656 0.9028 0.4250
vn 0.9998 0.0114 -0.0156
vn 0.9990 -0.0329 -0.0302
vn 0.9976 -0.0574 -0.0380
vn 0.0719 0.8992 0.4317
vn -0.0000 0.9015 0.4328
vn -0.0660 -0.5002 -0.8634
vn -0.0000 -0.5013 -0.8653
vn 0.8761 0.2765 -0.3949
vn 0.9968 0.0680 -0.0413
vn -0.6921 0.0318 0.7211
vn 0.9662 0.0375 0.2552
vn 0.9402 0.1028 0.3247
vn -0.0145 0.9886 -0.1498
vn 0.1209 -0.0772 -0.9897
vn 0.2659 -0.0400 -0.9632
vn 0.1911 -0.0595 -0.9798
vn 0.1848 -0.1098 -0.9766
vn 0.2160 -0.0066 -0.9764
vn -0.0000 -0.1246 -0.9922
vn 0.2201 0.0077 -0.9755
vn 0.0383 -0.0972 -0.9945
vn 0.0142 -0.6042 -0.7967
vn -0.7533 -0.6576 -0.0000
vn -0.0117 -0.9999 -0.0000
vn -0.9782 0.2077 -0.0000
vn 0.9105 0.4134 -0.0000
vn -0.1227 -0.1697 -0.9778
vn -0.1879 -0.1602 -0.9690
vn -0.1995 -0.3365 -0.9203
vn -0.9503 0.2950 0.0993
vn -0.9626 0.1776 0.2046
vn -0.9612 0.2732 0.0379
vn 0.4915 0.3822 -0.7825
vn 0.4943 0.3821 -0.7808
vn 0.6857 0.3630 -0.6309
vn -0.0533 -0.9986 -0.0000
vn -0.0528 -0.9986 -0.0000
vn 0.6137 0.1051 -0.7825
vn 0.6697 0.0615 -0.7400
vn 0.6893 0.0452 -0.7230
vn -0.9694 -0.2381 -0.0602
vn -0.9928 -0.0761 -0.0927
vn -0.8745 -0.4841 -0.0308
vn -0.9948 0.0242 -0.0989
vn -0.9972 0.0082 -0.0748
vn -0.9978 0.0394 -0.0534
vn -0.9962 0.0607 -0.0629
vn -0.1620 0.9868 -0.0063
vn -0.6301 0.7765 -0.0056
vn -0.4535 0.8912 -0.0012
vn -0.3161 0.9288 -0.1934
vn -0.3562 0.9307 -0.0830
vn -0.1856 0.9687 -0.1649
vn -0.3712 0.9115 -0.1772
vn -0.0608 -0.2464 -0.9672
vn -0.1195 -0.0681 -0.9905
vn 0.0233 -0.3436 -0.9388
vn -0.6108 0.7915 -0.0189
vn -0.2576 0.9657 0.0326
vn -0.0170 0.9884 -0.1506
vn -0.0226 0.9922 -0.1227
vn -0.1302 0.9465 0.2954
vn -0.1650 0.9419 0.2926
vn -0.9845 0.1748 0.0164
vn -0.2041 0.9696 0.1352
vn -0.0369 0.9991 0.0220
vn -0.0912 0.9896 -0.1109
vn -0.1480 0.9878 -0.0484
vn -0.0111 0.9984 0.0557
vn 0.0457 0.9921 0.1169
vn 0.0019 -1.0000 -0.0028
vn -0.2528 0.0253 -0.9672
vn -0.5979 -0.7783 0.1916
vn -0.6071 -0.7945 -0.0106
vn -0.6070 -0.7945 -0.0200
vn -0.8404 0.5414 0.0241
vn -0.8398 0.5424 -0.0217
vn -0.6103 0.3599 0.7057
vn -0.6119 0.3616 0.7035
vn -0.6170 0.3676 0.6959
vn -0.5738 0.4782 0.6649
vn -0.5976 0.4011 0.6942
vn 0.0028 0.9703 0.2417
vn -0.0217 0.9443 0.3284
vn 0.0016 -0.1703 -0.9854
vn 0.0070 -0.4079 -0.9130
vn -0.3289 0.9376 -0.1131
vn 0.0148 0.9899 -0.1408
vn 0.0160 0.9901 -0.1394
vn -0.1016 -0.0351 -0.9942
vn -0.4881 0.6449 0.5881
vn -0.9180 0.1504 0.3670
vn -0.9632 0.1878 0.1920
vn -0.9650 0.1814 0.1896
vn -0.9301 0.0752 0.3596
vn -0.9921 0.0899 -0.0874
vn -0.9871 0.1549 -0.0403
vn -0.9916 0.0500 0.1195
vn -0.9800 0.0617 0.1890
vn -0.9621 0.0739 0.2624
vn -0.1712 0.0104 -0.9852
vn -0.7384 -0.0371 -0.6734
vn -0.7189 0.0597 -0.6925
vn -0.7144 0.0781 -0.6954
vn -0.0214 -0.7935 -0.6082
vn -0.0207 -0.7940 -0.6076
vn -0.0431 -0.7785 -0.6261
vn -0.8759 -0.3493 -0.3330
vn -0.1345 0.9874 0.0831
vn -0.3729 0.9264 0.0523
vn -0.1296 0.9883 -0.0805
vn -0.6251 0.7803 -0.0201
vn -0.1083 -0.1769 0.9783
vn -0.0630 -0.2194 0.9736
vn 0.0876 -0.4475 0.8900
vn -0.0631 -0.5503 0.8326
vn 0.1774 -0.4778 0.8604
vn -0.0037 -0.5453 0.8383
vn 0.1725 -0.4548 0.8737
vn 0.0628 -0.4299 0.9007
vn 0.0640 -0.4302 0.9005
vn 0.0010 -0.5045 0.8634
vn 0.0016 -0.5608 0.8279
vn 0.8457 -0.5337 -0.0000
vn -0.1272 0.9689 0.2122
vn -0.1893 0.9816 0.0258
vn -0.2124 0.9537 0.2128
vn -0.0375 0.9984 -0.0413
vn -0.0264 0.9960 -0.0858
vn -0.0894 0.9503 0.2983
vn 0.2608 0.3679 -0.8925
vn 0.2598 0.3669 -0.8933
vn -0.0151 0.9913 -0.1308
vn -0.4907 0.8712 -0.0168
vn -0.9995 -0.0321 -0.0023
vn -0.9988 -0.0454 -0.0210
vn -0.9988 -0.0453 -0.0209
vn -0.9423 0.0149 0.3343
vn 0.0418 0.9927 -0.1136
vn 0.0315 0.9914 -0.1272
vn -0.9964 0.0666 0.0530
vn -0.9814 0.0509 0.1850
vn -0.9987 0.0500 0.0084
vn 0.0670 0.9721 0.2247
vn 0.0672 0.9598 0.2723
vn 0.0526 0.9583 0.2810
vn 0.0161 0.9669 0.2546
vn -0.0614 0.9719 0.2270
vn 0.1322 0.9635 0.2328
vn 0.9581 -0.0000 -0.2864
vn 0.8858 -0.0000 -0.4640
vn 0.8514 -0.0000 -0.5246
vn 0.0026 -0.0000 -1.0000
vn 0.5283 0.8399 0.1240
vn 0.5350 0.8342 0.1334
vn 0.5381 0.8315 0.1378
vn 0.5449 0.8254 0.1474
vn -0.0730 0.9531 0.2938
vn -0.2967 -0.0078 0.9549
vn -0.6235 0.3752 0.6859
vn -0.1663 -0.1208 0.9786
vn 0.8348 -0.5506 -0.0000
vn 0.1750 0.9845 0.0121
vn 0.1827 0.9830 0.0173
vn 0.1966 0.9801 0.0268
vn 0.1672 -0.4519 0.8763
vn -0.6129 0.3616 0.7025
vn -0.8593 0.5114 -0.0000
vn -0.1413 -0.9900 -0.0000
vn -0.1644 -0.9864 -0.0000
vn -0.2032 -0.9791 -0.0000
vn 0.0849 0.9964 -0.0000
vn 0.1572 0.9876 -0.0000
vn -0.1404 0.9235 0.3570
vn -0.2440 0.9090 0.3378
vn -0.2719 0.9049 0.3275
vn -0.1913 0.9223 0.3359
vn -0.1003 0.9353 0.3393
vn -0.0810 0.9347 0.3460
vn -0.1661 0.9250 0.3417
vn -0.1469 0.9278 0.3429
vn -0.2615 0.9057 0.3337
vn -0.0534 -0.3528 0.9342
vn -0.0534 -0.3527 0.9342
vn 0.9512 0.0690 0.3007
vn -0.0521 -0.3548 0.9335
vn -0.7426 0.6680 -0.0491
vn -0.7782 0.6264 -0.0438
vn -0.7274 0.6824 -0.0721
vn -0.8218 0.5698 0.0026
vn -0.8028 0.5943 -0.0486
vn -0.7823 0.6215 -0.0414
vn -0.7610 0.6488 -0.0006
vn -0.7687 0.6394 -0.0181
vn -0.7972 0.6037 -0.0107
vn 0.6071 0.7945 0.0151
vn -0.3892 -0.5248 -0.7571
vn 0.0624 0.1023 0.9928
vn -0.5899 -0.7764 -0.2217
vn -0.2808 -0.6197 0.7329
vn -0.6800 0.1927 -0.7075
vn 0.0799 0.3264 -0.9419
vn 0.0723 -0.3159 -0.9460
vn 0.0258 -0.8185 -0.5740
vn -0.0002 -1.0000 -0.0018
vn 0.0238 -0.8180 0.5748
vn 0.0927 -0.2811 0.9552
vn 0.0365 0.2355 -0.9712
vn -1.0000 0.0006 -0.0000
vn -0.0218 -0.1590 0.9870
vn 0.0722 0.3200 0.9447
vn -0.0427 0.9152 0.4007
vn -0.0656 0.9028 0.4250
vn -0.0488 0.9120 0.4073
vn -0.9998 0.0114 -0.0156
vn -0.9990 -0.0329 -0.0302
vn -0.9976 -0.0574 -0.0380
vn -0.0719 0.8992 0.4317
vn 0.0660 -0.5002 -0.8634
vn -0.8761 0.2765 -0.3949
vn -0.9968 0.0680 -0.0413
vn 0.6921 0.0318 0.7211
vn -0.9662 0.0375 0.2552
vn -0.9402 0.1028 0.3247
vn 0.0145 0.9886 -0.1498
vn -0.1209 -0.0772 -0.9897
vn -0.1911 -0.0595 -0.9798
vn -0.2659 -0.0400 -0.9632
vn -0.1848 -0.1098 -0.9766
vn -0.2160 -0.0066 -0.9764
vn -0.2201 0.0077 -0.9755
vn -0.0383 -0.0972 -0.9945
vn -0.0142 -0.6042 -0.7967
vn 0.7533 -0.6576 -0.0000
vn 0.0117 -0.9999 -0.0000
vn 0.9782 0.2077 -0.0000
vn -0.9105 0.4134 -0.0000
vn -0.5493 0.7507 0.3671
vn -0.5652 0.0217 -0.8247
vn 0.5493 -0.7507 -0.3671
vn 0.5652 -0.0217 0.8247
vn -0.5907 -0.6606 0.4632
vn 0.5907 0.6606 -0.4632
vn 0.2468 0.9672 -0.0600
vn 0.9619 -0.2289 0.1495
vn -0.6854 0.0724 0.7246
vn 0.1926 -0.9044 0.3807
vn -0.3851 -0.1073 -0.9166
vn -0.3624 0.8653 0.3463
vn 0.3875 0.0918 0.9173
vn 0.5493 0.7507 0.3671
vn 0.5652 0.0217 -0.8247
vn -0.5493 -0.7507 -0.3671
vn -0.5652 -0.0217 0.8247
vn 0.5907 -0.6606 0.4632
vn -0.5907 0.6606 -0.4632
vn -0.2468 0.9672 -0.0600
vn -0.9619 -0.2289 0.1495
vn 0.6854 0.0724 0.7246
vn -0.1926 -0.9044 0.3807
vn 0.3851 -0.1073 -0.9166
vn 0.3624 0.8653 0.3463
vn -0.3875 0.0918 0.9173
vn -0.0000 1.0000 -0.0000
vn 0.7048 0.7094 -0.0000
vn -0.7165 0.6975 -0.0000
vn -0.7048 0.7094 -0.0000
vn 0.7165 0.6975 -0.0000
vn -0.0007 -1.0000 0.0058
vn -0.7237 -0.6901 -0.0036
vn 0.7225 -0.6914 -0.0027
vn 0.4184 -0.9083 -0.0032
vn 0.4813 -0.8766 -0.0031
vn -0.0000 -1.0000 -0.0032
vn 0.0007 -1.0000 0.0058
vn 0.7237 -0.6901 -0.0036
vn -0.7225 -0.6914 -0.0027
vn -0.4813 -0.8766 -0.0031
vn -0.4184 -0.9083 -0.0032
vn 0.0737 0.0044 0.9973
vn 0.0754 0.0017 0.9972
vn 0.0773 0.0018 0.9970
vn 0.0711 0.0045 0.9975
vn -0.2787 -0.1127 -0.9538
vn 0.2175 -0.1327 -0.9670
vn 0.2325 -0.1419 -0.9622
vn -0.2999 -0.1213 -0.9462
vn 0.7094 -0.7048 -0.0000
vn 0.4364 -0.2663 -0.8594
vn -0.0083 0.0054 1.0000
vn -0.0000 -0.0000 1.0000
vn -0.2770 -0.1121 -0.9543
vn -0.3034 -0.1228 -0.9449
vn -0.0754 0.0017 0.9972
vn -0.0737 0.0044 0.9973
vn -0.0711 0.0045 0.9975
vn -0.0773 0.0018 0.9970
vn -0.2175 -0.1327 -0.9670
vn 0.2787 -0.1127 -0.9538
vn 0.2999 -0.1213 -0.9462
vn -0.2325 -0.1419 -0.9622
vn -0.7094 -0.7048 -0.0000
vn -0.4364 -0.2663 -0.8594
vn 0.0083 0.0054 1.0000
vn 0.2770 -0.1121 -0.9543
vn 0.3034 -0.1228 -0.9449
vn -0.9115 -0.4113 -0.0000
vn -0.9016 -0.4325 -0.0000
vn 0.9016 0.4325 -0.0000
vn 0.0399 0.0188 -0.9990
vn 0.0403 0.0185 -0.9990
vn 0.0448 0.0209 -0.9988
vn 0.9115 0.4113 -0.0000
vn 0.9115 -0.4113 -0.0000
vn 0.9016 -0.4325 -0.0000
vn -0.9016 0.4325 -0.0000
vn -0.0399 0.0188 -0.9990
vn -0.0403 0.0185 -0.9990
vn -0.0448 0.0209 -0.9988
vn -0.9115 0.4113 -0.0000
vn -0.6304 -0.7763 -0.0000
vn -0.6304 0.7763 -0.0000
vn 0.6304 -0.7763 -0.0000
vn 0.6304 0.7763 -0.0000
vn 0.0203 -0.0028 0.9998
vn -0.0000 -0.0028 1.0000
vn -0.0192 -0.3618 -0.9321
vn -0.0000 -0.3619 -0.9322
vn 0.9632 -0.2677 -0.0254
vn -0.0203 -0.0028 0.9998
vn 0.0192 -0.3618 -0.9321
vn -0.9632 -0.2677 -0.0254
vn -0.8536 -0.5209 -0.0000
vn 0.9548 -0.2971 -0.0000
vn -0.1688 -0.9856 -0.0000
vn 0.2759 -0.4433 -0.8529
vn 0.3168 -0.9485 -0.0000
vn 0.2413 -0.3776 -0.8940
vn 0.1837 -0.4515 -0.8731
vn 0.2439 -0.2955 -0.9237
vn -0.9352 -0.3540 -0.0000
vn 0.9961 0.0878 -0.0000
vn 0.8536 -0.5209 -0.0000
vn -0.9548 -0.2971 -0.0000
vn 0.1688 -0.9856 -0.0000
vn -0.2759 -0.4433 -0.8529
vn -0.3168 -0.9485 -0.0000
vn -0.2413 -0.3776 -0.8940
vn -0.1837 -0.4515 -0.8731
vn -0.2439 -0.2955 -0.9237
vn 0.9352 -0.3540 -0.0000
vn -0.9961 0.0878 -0.0000
vt 0.978500 0.360959
vt 0.984311 0.360959
vt 0.984311 0.368059
vt 0.978500 0.368059
vt 0.663624 0.641053
vt 0.666075 0.640335
vt 0.666351 0.641559
vt 0.978396 0.360498
vt 0.972757 0.359170
vt 0.987338 0.356238
vt 0.987338 0.361103
vt 0.664613 0.643528
vt 0.659252 0.642623
vt 0.658079 0.633397
vt 0.659252 0.633211
vt 0.659252 0.635075
vt 0.654844 0.638488
vt 0.653767 0.635075
vt 0.665566 0.639016
vt 0.660077 0.639008
vt 0.661661 0.635075
vt 0.659252 0.631777
vt 0.659252 0.630342
vt 0.666351 0.630342
vt 0.662722 0.631777
vt 0.659252 0.637442
vt 0.659252 0.635755
vt 0.666351 0.637442
vt 0.661575 0.633802
vt 0.978252 0.353302
vt 0.985297 0.353045
vt 0.985351 0.353955
vt 0.978252 0.353955
vt 0.663623 0.641053
vt 0.662879 0.639808
vt 0.666351 0.639808
vt 0.666351 0.641053
vt 0.663564 0.639913
vt 0.660960 0.639288
vt 0.653357 0.638391
vt 0.655076 0.639492
vt 0.652327 0.639283
vt 0.985351 0.354948
vt 0.978252 0.354944
vt 0.656070 0.640497
vt 0.652214 0.640429
vt 0.976897 0.359231
vt 0.983996 0.359231
vt 0.986580 0.359231
vt 0.986606 0.360099
vt 0.991096 0.360188
vt 0.991096 0.360666
vt 0.991096 0.362530
vt 0.991096 0.366187
vt 0.987219 0.366187
vt 0.987241 0.369598
vt 0.991096 0.369752
vt 0.991096 0.371996
vt 0.983996 0.371996
vt 0.976897 0.371996
vt 0.655219 0.640275
vt 0.655219 0.633175
vt 0.662319 0.633175
vt 0.662319 0.640275
vt 0.983359 0.354667
vt 0.984387 0.355579
vt 0.980661 0.355909
vt 0.984566 0.356447
vt 0.984566 0.358435
vt 0.657446 0.634227
vt 0.663887 0.634805
vt 0.662978 0.637442
vt 0.655383 0.637442
vt 0.656387 0.630107
vt 0.660139 0.631253
vt 0.668300 0.631351
vt 0.669469 0.635228
vt 0.665275 0.637442
vt 0.667637 0.633345
vt 0.657914 0.631286
vt 0.652152 0.641559
vt 0.657002 0.641807
vt 0.975771 0.356633
vt 0.981582 0.356633
vt 0.981582 0.362046
vt 0.975771 0.361491
vt 0.652152 0.630342
vt 0.659204 0.631851
vt 0.652152 0.631777
vt 0.666351 0.631379
vt 0.977212 0.420355
vt 0.978500 0.420355
vt 0.978500 0.425213
vt 0.977212 0.427455
vt 0.652152 0.632733
vt 0.653768 0.632733
vt 0.653767 0.633211
vt 0.652152 0.633211
vt 0.652152 0.638732
vt 0.652152 0.635075
vt 0.654228 0.638546
vt 0.976105 0.355890
vt 0.977575 0.355942
vt 0.652152 0.642298
vt 0.655383 0.642197
vt 0.655383 0.643289
vt 0.652152 0.644541
vt 0.977212 0.360959
vt 0.977212 0.368059
vt 0.653441 0.630342
vt 0.653767 0.631777
vt 0.652152 0.631777
vt 0.976897 0.417293
vt 0.983996 0.417293
vt 0.983996 0.418728
vt 0.976897 0.418728
vt 0.983996 0.357797
vt 0.991096 0.357797
vt 0.990383 0.359231
vt 0.986790 0.358636
vt 0.659252 0.632733
vt 0.659252 0.632255
vt 0.661931 0.632733
vt 0.666351 0.631777
vt 0.664068 0.635719
vt 0.664859 0.634763
vt 0.668488 0.634763
vt 0.668488 0.635719
vt 0.666351 0.644541
vt 0.664834 0.643443
vt 0.664834 0.638579
vt 0.653600 0.638230
vt 0.653600 0.643753
vt 0.652152 0.637442
vt 0.655071 0.638282
vt 0.985483 0.355102
vt 0.987779 0.355102
vt 0.985097 0.356170
vt 0.977888 0.361413
vt 0.976105 0.361413
vt 0.985031 0.356168
vt 0.978252 0.356433
vt 0.970684 0.356655
vt 0.970677 0.355764
vt 0.985351 0.356415
vt 0.971152 0.353955
vt 0.666351 0.643529
vt 0.664965 0.643528
vt 0.981151 0.360502
vt 0.665566 0.637602
vt 0.971152 0.353567
vt 0.663673 0.636197
vt 0.661536 0.633211
vt 0.653767 0.631856
vt 0.978252 0.352673
vt 0.985209 0.352208
vt 0.978985 0.354088
vt 0.657714 0.632394
vt 0.659252 0.641053
vt 0.663039 0.641053
vt 0.664217 0.643461
vt 0.659252 0.639808
vt 0.662280 0.639808
vt 0.987065 0.358124
vt 0.986022 0.358124
vt 0.985423 0.358124
vt 0.984359 0.967942
vt 0.973739 0.967815
vt 0.968856 0.966324
vt 0.984148 0.969635
vt 0.985880 0.972988
vt 0.980418 0.348946
vt 0.990142 0.351004
vt 0.662526 0.638509
vt 0.986391 0.352465
vt 0.979951 0.351887
vt 0.978313 0.356577
vt 0.971421 0.356775
vt 0.984691 0.356550
vt 0.978252 0.360642
vt 0.972357 0.359224
vt 0.981280 0.360642
vt 0.982770 0.360505
vt 0.982922 0.360642
vt 0.982174 0.307757
vt 0.977733 0.307751
vt 0.977598 0.301429
vt 0.987882 0.301385
vt 0.984786 0.307762
vt 0.968641 0.305610
vt 0.966487 0.301747
vt 0.983645 0.354620
vt 0.980575 0.354635
vt 0.980536 0.354044
vt 0.985351 0.353955
vt 0.984697 0.355599
vt 0.980959 0.355868
vt 0.983720 0.355877
vt 0.983955 0.355909
vt 0.980917 0.354678
vt 0.985735 0.298349
vt 0.987391 0.299820
vt 0.986317 0.300299
vt 0.981865 0.300286
vt 0.981798 0.298367
vt 0.973821 0.359347
vt 0.990018 0.359347
vt 0.990018 0.375544
vt 0.973821 0.375544
vt 0.981920 0.375544
vt 0.987646 0.373172
vt 0.990018 0.367446
vt 0.987646 0.361719
vt 0.981920 0.359347
vt 0.976193 0.361719
vt 0.973821 0.367446
vt 0.976193 0.373172
vt 0.980830 0.366676
vt 0.985461 0.363311
vt 0.983692 0.357867
vt 0.977968 0.357867
vt 0.976199 0.363311
vt 0.664100 0.640809
vt 0.657079 0.643628
vt 0.659252 0.644541
vt 0.657843 0.632100
vt 0.655695 0.631877
vt 0.985351 0.353567
vt 0.657319 0.633574
vt 0.657634 0.633574
vt 0.656632 0.633418
vt 0.656122 0.632614
vt 0.656217 0.642234
vt 0.662448 0.641452
vt 0.654289 0.634763
vt 0.658919 0.635079
vt 0.657801 0.635711
vt 0.654289 0.635719
vt 0.977204 0.363796
vt 0.984351 0.363323
vt 0.981289 0.356553
vt 0.647252 0.636006
vt 0.653441 0.636483
vt 0.653441 0.637442
vt 0.974482 0.363733
vt 0.975771 0.362774
vt 0.975771 0.363733
vt 0.660927 0.637637
vt 0.660927 0.632224
vt 0.655116 0.638364
vt 0.663656 0.636550
vt 0.663656 0.643649
vt 0.660481 0.643649
vt 0.653768 0.632668
vt 0.971509 0.357357
vt 0.987432 0.357357
vt 0.987432 0.376570
vt 0.971509 0.376570
vt 0.984420 0.357357
vt 0.984420 0.376570
vt 0.981993 0.357357
vt 0.981993 0.376570
vt 0.987432 0.360991
vt 0.987432 0.373293
vt 0.987432 0.372935
vt 0.981993 0.376570
vt 0.967741 0.402874
vt 0.992200 0.402874
vt 0.992200 0.427334
vt 0.967741 0.427334
vt 0.972822 0.406965
vt 0.991526 0.406965
vt 0.991526 0.425669
vt 0.972822 0.425669
vt 0.991526 0.410875
vt 0.972822 0.410875
vt 0.967000 0.459722
vt 0.991000 0.459722
vt 0.991000 0.481944
vt 0.967000 0.481944
vt 0.992260 0.579590
vt 0.968260 0.579590
vt 0.977181 0.404592
vt 0.989369 0.404592
vt 0.989369 0.416780
vt 0.977181 0.416780
vt 0.012873 0.571287
vt 0.031839 0.571287
vt 0.031839 0.590253
vt 0.012873 0.590253
s 1
usemtl metallic
f 50/1/1 167/2/2 166/3/2 44/4/3
f 141/5/4 29/6/5 3/7/6
f 37/8/7 74/9/8 126/9/8 122/8/9
f 36/10/10 58/11/11 64/11/11 66/10/12
f 95/12/13 88/12/13 89/13/14 83/13/15
f 172/14/16 28/15/17 23/16/18
f 148/17/19 47/18/20 23/16/18 13/19/21 147/20/22
f 13/19/23 23/16/24 130/21/25
f 52/22/26 170/23/27 5/24/28 56/25/29
f 38/26/30 165/27/31 169/23/32 7/24/32 33/28/33
f 133/29/34 130/21/25 23/16/24 28/15/35
f 161/30/36 160/31/37 158/32/37 159/33/38
f 91/34/39 93/35/40 15/36/41 30/37/42
f 149/38/43 147/39/22 13/19/21 29/6/5
f 119/40/44 84/41/45 13/42/23
f 39/33/46 27/32/47 71/43/48 72/44/49
f 13/42/23 84/41/45 85/45/50 29/46/51
f 53/47/52 54/48/53 150/49/53 153/50/53 79/51/53 24/52/53 10/53/53 145/54/53 146/55/53 143/56/53 144/57/53 1/58/53 59/59/53 8/60/52
f 129/65/55 68/66/56 137/66/57 139/65/55
f 130/67/25 131/68/58 119/69/59
f 102/70/60 101/71/60 100/72/60 61/73/61 45/74/62 98/75/63 97/76/63 96/77/64 57/28/60 99/78/60 104/79/60 103/80/60
f 3/81/65 29/46/51 85/45/50 90/82/66
f 46/83/67 21/84/68 168/85/69 164/86/70
f 5/87/28 33/23/71 162/88/72 41/89/73
f 33/23/71 7/24/74 163/90/74 162/88/72
f 6/91/75 46/92/67 164/93/70 35/94/76
f 1/87/77 45/74/62 61/73/61
f 79/95/78 78/96/79 48/97/80 24/98/81
f 145/99/82 10/100/83 47/18/20 148/101/19
f 24/98/81 48/97/80 47/18/20 10/100/83
f 34/102/84 49/103/84 65/103/84 67/102/84
f 144/104/85 142/105/86 45/106/87 1/107/85
f 35/108/76 50/1/1 44/4/3 4/109/88
f 4/87/89 44/110/90 55/111/91 51/112/89
f 6/113/92 35/114/93 54/115/94 53/116/92
f 150/49/95 54/48/94 35/117/93 4/118/95 51/119/95 151/120/95
f 44/110/96 170/23/96 52/22/96
f 80/121/97 113/122/98 56/25/29 81/123/99
f 56/25/29 5/24/28 41/124/73
f 81/125/99 56/126/29 41/127/73 75/128/100
f 57/28/101 9/129/102 58/130/102 36/131/103
f 34/132/104 60/133/105 8/107/105 59/134/106
f 49/135/107 34/132/104 59/134/106 61/73/108
f 108/136/109 107/137/109 66/10/110 105/138/111
f 105/138/111 66/10/110 64/11/112 62/139/113 65/103/114
f 67/102/115 65/103/114 62/139/113 63/140/116
f 49/103/117 106/141/117 105/138/117 65/103/117
f 60/140/118 34/102/118 67/102/118 63/140/118
f 114/142/119 131/143/120 132/144/121 72/44/49
f 70/145/122 114/142/119 72/44/49 71/43/48
f 132/144/123 26/146/124 159/33/38
f 82/147/125 95/148/126 91/34/39 30/37/42
f 94/149/127 37/8/7 122/8/9 127/149/128
f 13/19/23 130/21/25 119/150/44
f 75/151/129 161/30/36 159/33/38 26/146/124
f 32/152/130 81/125/99 75/128/100
f 28/15/35 80/121/97 81/123/99 32/153/130
f 51/112/131 55/111/132 152/154/133
f 48/97/80 78/96/79 28/15/134
f 43/155/135 42/156/136 76/31/136 77/157/137
f 156/158/138 113/122/139 80/121/140
f 40/159/141 92/160/142 95/161/143 83/13/144
f 85/45/50 84/41/45 116/162/145 40/159/141
f 83/13/144 86/82/146 85/45/50 40/159/141
f 84/41/45 119/40/44 116/162/145
f 85/45/147 86/82/148 90/82/149
f 90/82/149 86/82/148 83/13/15 89/13/14
f 95/148/150 82/147/151 87/147/151 88/12/150
f 93/35/152 91/34/153 92/160/154 120/163/152
f 91/34/153 95/161/155 92/160/154
f 116/162/145 120/163/156 92/160/142 40/159/141
f 15/164/157 93/165/157 120/166/157
f 57/28/101 36/131/103 99/78/159
f 103/172/160 104/173/160 112/173/160 111/172/160
f 108/136/161 105/138/162 106/141/162 100/136/163
f 100/72/164 106/174/164 49/135/107 61/73/108
f 112/173/165 107/137/165 108/136/165 109/175/165 110/176/165 111/172/165
f 101/175/166 102/176/166 110/176/166 109/175/166
f 36/10/10 66/10/12 107/137/167 99/137/168
f 104/173/169 99/137/168 107/137/167 112/173/169
f 102/176/170 103/172/170 111/172/170 110/176/170
f 100/136/163 101/175/171 109/175/171 108/136/161
f 56/25/29 113/122/98 52/22/26
f 73/177/172 69/178/173 131/143/120 114/142/119
f 117/179/174 73/177/172 114/142/119 70/145/122
f 74/9/175 37/8/176 116/180/145 119/181/44
f 69/178/173 74/9/175 119/181/44 131/143/120
f 37/8/176 94/149/177 120/182/156 116/180/145
f 94/149/177 118/183/178 15/184/178 120/182/156
f 73/177/184 117/179/185 123/179/185 121/177/186
f 118/183/187 94/149/127 127/149/128 124/183/187
f 74/9/188 69/178/188 125/178/188 126/9/188
f 69/178/189 73/177/184 121/177/186 125/178/189
f 134/192/190 133/193/34 32/194/130 26/195/191 132/196/192
f 31/197/193 115/198/194 131/199/58 130/67/25
f 115/198/194 68/66/195 132/196/192 131/199/58
f 128/200/196 31/197/193 130/67/25 133/193/34
f 129/65/197 128/200/196 133/193/34 134/192/190
f 68/66/195 129/65/197 134/192/190 132/196/192
f 31/197/199 128/200/199 138/200/199 135/197/199
f 115/198/200 31/197/200 135/197/200 136/198/200
f 128/200/201 129/65/201 139/65/201 138/200/201
f 68/66/56 115/198/202 136/198/202 137/66/57
f 59/134/106 1/87/203 61/73/108
f 52/22/204 55/111/91 44/110/90
f 144/206/205 143/207/205 11/208/205 142/209/205
f 11/206/206 17/207/206 140/208/206 142/209/206
f 140/206/207 17/207/207 19/208/207 141/209/207
f 141/206/208 19/207/208 22/208/208 149/209/208
f 147/206/209 149/207/209 22/208/209 25/209/209
f 25/206/210 2/207/210 148/208/210 147/209/210
f 146/210/211 2/211/211 25/212/211 22/213/211 19/214/211 17/215/211 11/216/211 143/217/211
f 12/206/212 78/207/212 79/208/212 153/209/212
f 78/206/213 12/207/213 14/208/213 154/209/213
f 14/206/214 16/207/214 156/208/214 154/209/214
f 156/206/11 16/207/11 18/208/11 157/209/11
f 157/206/215 18/207/215 20/208/215 155/209/215
f 151/210/216 20/211/216 18/212/216 16/213/216 14/214/216 12/215/216 153/216/216 150/217/216
f 20/218/217 151/219/217 51/220/217 152/221/217 155/222/217
f 148/206/218 2/207/218 146/208/218 145/209/218
f 141/223/4 149/38/43 29/6/5
f 96/224/219 3/81/65 90/82/66 89/13/220 57/225/221
f 157/226/222 52/22/223 113/122/139
f 152/154/133 55/111/132 52/22/223 157/226/222 155/227/224
f 89/13/220 88/12/225 87/147/226 9/129/226 57/225/221
f 156/158/138 157/226/222 113/122/139
f 159/33/227 158/32/228 27/32/228 39/33/227
f 39/33/229 132/144/229 159/33/229
f 132/144/121 39/33/46 72/44/49
f 26/195/191 32/194/130 75/228/100
f 23/16/18 47/18/20 171/229/230 172/230/16
f 48/97/231 28/15/231 172/14/231 171/231/231
f 32/153/130 133/29/34 28/15/35
f 154/232/232 156/158/138 80/121/140
f 142/233/86 140/234/233 3/7/6 45/106/87
f 140/234/233 141/5/4 3/7/6
f 41/235/234 43/236/135 77/237/137 75/238/234
f 162/239/235 163/240/236 42/156/236 43/155/237
f 161/30/238 77/157/239 76/31/240 160/31/240
f 161/30/238 75/241/241 77/157/239
f 162/88/235 43/242/237 41/235/242
f 164/243/243 165/27/31 38/26/30 50/244/243
f 35/245/76 164/246/70 50/247/1
f 165/27/11 168/248/11 21/249/11 169/23/11
f 168/248/244 165/27/244 164/250/244
f 167/251/245 38/62/245 170/61/245 166/252/245
f 44/110/246 166/253/246 170/23/246
f 50/244/247 38/26/247 167/251/247
f 78/254/79 154/232/232 80/121/140 28/15/134
f 171/229/230 47/18/20 48/97/80
f 212/1/248 207/4/249 310/3/250 311/2/250
f 288/5/251 175/7/252 194/6/253
f 201/8/254 271/8/255 273/9/256 228/9/256
f 200/10/257 222/10/258 64/11/11 58/11/11
f 246/12/259 235/13/260 240/13/261 239/12/259
f 315/14/262 189/16/263 193/15/264
f 295/17/265 294/20/266 181/19/267 189/16/263 209/18/268
f 181/19/269 277/21/270 189/16/271
f 214/22/272 217/25/273 177/24/274 313/23/275
f 202/26/276 197/28/277 7/24/32 169/23/32 309/27/278
f 280/29/279 193/15/280 189/16/271 277/21/270
f 306/30/281 305/33/282 158/32/37 160/31/37
f 242/34/283 30/37/42 15/36/41 244/35/284
f 296/38/285 194/6/253 181/19/267 294/39/266
f 268/40/286 181/42/269 236/41/287
f 203/33/288 226/44/289 71/43/48 27/32/47
f 181/42/269 194/46/290 237/45/291 236/41/287
f 53/47/52 8/60/52 219/59/292 173/58/292 291/57/292 290/56/292 293/55/292 292/54/292 178/53/292 190/52/292 232/51/292 300/50/292 297/49/292 215/48/292
f 276/65/294 286/65/294 284/66/295 224/66/296
f 277/67/270 268/69/297 278/68/298
f 253/70/299 254/80/299 255/79/299 250/78/299 218/28/299 247/77/300 248/76/301 249/75/301 208/74/302 220/73/303 251/72/299 252/71/299
f 175/81/304 241/82/305 237/45/291 194/46/290
f 46/83/67 308/86/306 312/85/307 21/84/68
f 177/87/274 205/89/308 307/88/309 197/23/310
f 197/23/310 307/88/309 163/90/74 7/24/74
f 6/91/75 199/94/311 308/93/306 46/92/67
f 173/87/312 220/73/303 208/74/302
f 232/95/313 190/98/314 210/97/315 231/96/316
f 292/99/317 295/101/265 209/18/268 178/100/318
f 190/98/314 178/100/318 209/18/268 210/97/315
f 198/102/211 223/102/211 221/103/211 211/103/211
f 291/104/319 173/107/319 208/106/320 289/105/321
f 199/108/311 176/109/322 207/4/249 212/1/248
f 176/87/323 213/112/323 216/111/324 207/110/325
f 6/113/92 53/116/92 215/115/326 199/114/327
f 297/49/328 298/120/328 213/119/328 176/118/328 199/117/327 215/48/326
f 207/110/329 214/22/329 313/23/329
f 233/121/330 234/123/331 217/25/273 264/122/332
f 217/25/273 205/124/308 177/24/274
f 234/125/331 229/128/333 205/127/308 217/126/273
f 218/28/334 200/131/335 58/130/102 9/129/102
f 198/132/336 219/134/337 8/107/105 60/133/105
f 211/135/338 220/73/339 219/134/337 198/132/336
f 259/136/340 256/138/341 222/10/342 258/137/340
f 256/138/341 221/103/343 62/139/113 64/11/112 222/10/342
f 223/102/344 63/140/116 62/139/113 221/103/343
f 211/103/345 221/103/345 256/138/345 257/141/345
f 60/140/118 63/140/118 223/102/118 198/102/118
f 265/142/346 226/44/289 279/144/347 278/143/348
f 70/145/122 71/43/48 226/44/289 265/142/346
f 279/144/349 305/33/282 192/146/350
f 82/147/125 30/37/42 242/34/283 246/148/351
f 245/149/352 274/149/353 271/8/255 201/8/254
f 181/19/269 268/150/286 277/21/270
f 229/151/354 192/146/350 305/33/282 306/30/281
f 196/152/355 229/128/333 234/125/331
f 193/15/280 196/153/355 234/123/331 233/121/330
f 213/112/356 299/154/357 216/111/358
f 210/97/315 193/15/359 231/96/316
f 206/155/360 230/157/361 76/31/136 42/156/136
f 303/158/362 233/121/363 264/122/364
f 204/159/365 235/13/366 246/161/367 243/160/368
f 237/45/291 204/159/365 267/162/369 236/41/287
f 235/13/366 204/159/365 237/45/291 238/82/370
f 236/41/287 267/162/369 268/40/286
f 237/45/371 241/82/372 238/82/373
f 241/82/372 240/13/261 235/13/260 238/82/373
f 246/148/374 239/12/374 87/147/151 82/147/151
f 244/35/375 269/163/375 243/160/376 242/34/377
f 242/34/377 243/160/376 246/161/378
f 267/162/369 204/159/365 243/160/368 269/163/379
f 15/164/380 269/166/380 244/165/380
f 218/28/334 250/78/382 200/131/335
f 254/172/383 262/172/383 263/173/383 255/173/383
f 259/136/384 251/136/385 257/141/386 256/138/386
f 251/72/387 220/73/339 211/135/338 257/174/387
f 263/173/388 262/172/388 261/176/388 260/175/388 259/136/388 258/137/388
f 252/175/389 260/175/389 261/176/389 253/176/389
f 200/10/257 250/137/390 258/137/391 222/10/258
f 255/173/392 263/173/392 258/137/391 250/137/390
f 253/176/393 261/176/393 262/172/393 254/172/393
f 251/136/385 259/136/384 260/175/394 252/175/394
f 217/25/273 214/22/272 264/122/332
f 227/177/395 265/142/346 278/143/348 225/178/396
f 117/179/174 70/145/122 265/142/346 227/177/395
f 228/9/397 268/181/286 267/180/369 201/8/398
f 225/178/396 278/143/348 268/181/286 228/9/397
f 201/8/398 267/180/369 269/182/379 245/149/399
f 245/149/399 269/182/379 15/184/178 118/183/178
f 227/177/404 270/177/405 123/179/185 117/179/185
f 118/183/187 124/183/187 274/149/353 245/149/352
f 228/9/406 273/9/406 272/178/406 225/178/406
f 225/178/407 272/178/407 270/177/405 227/177/404
f 281/192/408 279/196/409 192/195/410 196/194/355 280/193/279
f 195/197/411 277/67/270 278/199/298 266/198/412
f 266/198/412 278/199/298 279/196/409 224/66/413
f 275/200/414 280/193/279 277/67/270 195/197/411
f 276/65/415 281/192/408 280/193/279 275/200/414
f 224/66/413 279/196/409 281/192/408 276/65/415
f 195/197/417 282/197/417 285/200/417 275/200/417
f 266/198/418 283/198/418 282/197/418 195/197/418
f 275/200/419 285/200/419 286/65/419 276/65/419
f 224/66/296 284/66/295 283/198/420 266/198/420
f 219/134/337 220/73/339 173/87/421
f 214/22/422 207/110/325 216/111/324
f 291/206/423 289/209/423 179/208/423 290/207/423
f 179/206/424 289/209/424 287/208/424 184/207/424
f 287/206/425 288/209/425 186/208/425 184/207/425
f 288/206/426 296/209/426 188/208/426 186/207/426
f 294/206/427 191/209/427 188/208/427 296/207/427
f 191/206/428 294/209/428 295/208/428 174/207/428
f 293/210/84 290/217/84 179/216/84 184/215/84 186/214/84 188/213/84 191/212/84 174/211/84
f 180/206/429 300/209/429 232/208/429 231/207/429
f 231/206/213 301/209/213 182/208/213 180/207/213
f 182/206/214 301/209/214 303/208/214 183/207/214
f 303/206/11 304/209/11 185/208/11 183/207/11
f 304/206/215 302/209/215 187/208/215 185/207/215
f 298/210/430 297/217/430 300/216/430 180/215/430 182/214/430 183/213/430 185/212/430 187/211/430
f 187/218/431 302/222/431 299/221/431 213/220/431 298/219/431
f 295/206/432 292/209/432 293/208/432 174/207/432
f 288/223/251 194/6/253 296/38/285
f 247/224/433 218/225/434 240/13/435 241/82/305 175/81/304
f 304/226/436 264/122/364 214/22/437
f 299/154/357 302/227/438 304/226/436 214/22/437 216/111/358
f 240/13/435 218/225/434 9/129/226 87/147/226 239/12/439
f 303/158/362 264/122/364 304/226/436
f 305/33/440 203/33/440 27/32/228 158/32/228
f 203/33/441 305/33/441 279/144/441
f 279/144/347 226/44/289 203/33/288
f 192/195/410 229/228/333 196/194/355
f 189/16/263 315/230/262 314/229/442 209/18/268
f 210/97/443 314/231/443 315/14/443 193/15/443
f 196/153/355 193/15/280 280/29/279
f 301/232/444 233/121/363 303/158/362
f 289/233/321 208/106/320 175/7/252 287/234/445
f 287/234/445 175/7/252 288/5/251
f 205/235/446 229/238/446 230/237/361 206/236/360
f 307/239/447 206/155/448 42/156/449 163/240/449
f 306/30/450 160/31/240 76/31/240 230/157/451
f 306/30/450 230/157/451 229/241/452
f 307/88/447 205/235/453 206/242/448
f 308/243/454 212/244/454 202/26/276 309/27/278
f 199/245/311 212/247/248 308/246/306
f 309/27/11 169/23/11 21/249/11 312/248/11
f 312/248/455 308/250/455 309/27/455
f 311/251/456 310/252/456 313/61/456 202/62/456
f 207/110/457 313/23/457 310/253/457
f 212/244/458 311/251/458 202/26/458
f 231/254/316 193/15/359 233/121/363 301/232/444
f 314/229/442 210/97/315 209/18/268
s 0
f 316/255/459 317/256/459 319/257/459 318/258/459
f 318/255/460 319/256/460 323/257/460 322/258/460
f 322/255/461 323/256/461 321/257/461 320/258/461
f 320/255/462 321/256/462 317/257/462 316/258/462
f 318/255/463 322/256/463 320/257/463 316/258/463
f 323/255/464 319/256/464 317/257/464 321/258/464
f 329/255/465 333/259/465 330/260/465 327/258/465
f 328/255/466 329/256/466 327/257/466 326/258/466
f 324/255/467 331/261/467 332/262/467 325/258/467
f 325/255/468 328/256/468 326/257/468 324/258/468
f 330/256/470 333/264/470 332/262/470 331/261/470
f 326/255/471 327/256/471 330/265/471 331/266/471 324/258/471
f 334/255/472 336/258/472 337/257/472 335/256/472
f 336/255/473 340/258/473 341/257/473 337/256/473
f 340/255/474 338/258/474 339/257/474 341/256/474
f 338/255/475 334/258/475 335/257/475 339/256/475
f 336/255/476 334/258/476 338/257/476 340/256/476
f 341/255/477 339/258/477 335/257/477 337/256/477
f 347/255/478 345/258/478 348/260/478 351/259/478
f 346/255/479 344/258/479 345/257/479 347/256/479
f 342/255/480 343/258/480 350/262/480 349/261/480
f 343/255/481 342/258/481 344/257/481 346/256/481
f 348/256/483 349/261/483 350/262/483 351/264/483
f 344/255/484 342/258/484 349/266/484 348/265/484 345/256/484
s 1
f 352/267/485 353/268/485 355/269/485 354/270/485
f 355/267/486 353/268/486 356/269/486 357/270/486
f 352/267/487 354/268/487 359/269/487 358/270/487
f 358/267/485 359/268/485 361/269/485 360/270/485
f 362/267/485 364/270/485 365/269/485 363/268/485
f 365/267/488 367/270/488 366/269/488 363/268/488
f 362/267/489 368/270/489 369/269/489 364/268/489
f 368/267/485 360/270/485 361/269/485 369/268/485
f 370/267/490 372/270/490 373/269/490 371/268/490
f 373/267/491 375/270/491 374/269/491 371/268/491
f 370/267/492 376/270/493 377/269/494 372/268/492
f 376/267/493 378/270/495 379/269/495 377/268/494
f 380/267/496 381/268/496 383/269/496 382/270/496
f 383/267/497 381/268/497 384/269/497 385/270/497
f 380/267/498 382/268/498 387/269/499 386/270/500
f 386/267/500 387/268/499 379/269/495 378/270/495
f 353/268/501 352/267/502 370/267/503 371/268/504
f 354/270/505 355/269/506 373/269/507 372/270/508
f 357/270/509 356/269/509 374/269/509 375/270/509
f 355/267/506 357/270/510 375/270/510 373/267/507
f 356/269/511 353/268/501 371/268/504 374/269/511
f 352/267/502 358/270/512 376/270/512 370/267/503
f 359/269/513 354/268/505 372/268/508 377/269/514
f 358/267/512 360/270/512 378/270/512 376/267/512
f 361/269/151 359/268/513 377/268/514 379/269/151
f 362/267/515 363/268/516 381/268/517 380/267/518
f 365/269/519 364/270/520 382/270/521 383/269/522
f 366/269/523 367/270/523 385/270/523 384/269/523
f 367/270/524 365/267/519 383/267/522 385/270/524
f 363/268/516 366/269/525 384/269/525 381/268/517
f 368/270/512 362/267/515 380/267/518 386/270/512
f 364/268/520 369/269/526 387/269/527 382/268/521
f 360/270/512 368/267/512 386/267/512 378/270/512
f 369/268/526 361/269/151 379/269/151 387/268/527
s 0
f 388/271/528 389/272/528 396/273/528 397/274/528
f 395/271/529 394/272/529 402/275/529 403/276/529
f 398/271/530 399/272/530 393/273/530 392/274/530
f 397/271/11 398/272/11 392/273/11 388/274/11
f 399/271/485 396/272/485 389/273/485 393/274/485
f 391/271/151 390/272/151 397/273/151 396/274/151
f 390/271/531 394/272/531 398/273/531 397/274/531
f 395/271/532 391/272/532 396/273/532 399/274/532
f 394/271/151 395/272/151 399/273/151 398/274/151
f 401/271/533 400/272/533 403/275/533 402/276/533
f 394/271/485 390/272/485 401/275/485 402/276/485
f 391/271/11 395/272/11 403/275/11 400/276/11
f 390/271/534 391/272/534 400/275/534 401/276/534
f 404/271/535 413/274/535 412/273/535 405/272/535
f 411/271/536 419/276/536 418/275/536 410/272/536
f 414/271/537 408/274/537 409/273/537 415/272/537
f 413/271/11 404/274/11 408/273/11 414/272/11
f 415/271/485 409/274/485 405/273/485 412/272/485
f 407/271/151 412/274/151 413/273/151 406/272/151
f 406/271/538 413/274/538 414/273/538 410/272/538
f 411/271/539 415/274/539 412/273/539 407/272/539
f 410/271/151 414/274/151 415/273/151 411/272/151
f 417/271/540 418/276/540 419/275/540 416/272/540
f 410/271/485 418/276/485 417/275/485 406/272/485
f 407/271/11 416/276/11 419/275/11 411/272/11
f 406/271/541 417/276/541 416/275/541 407/272/541
s 1
f 441/283/546 440/284/547 442/285/547 443/286/546
f 445/283/548 447/284/548 446/285/549 444/286/549
f 442/283/11 446/284/11 447/285/11 443/286/11
f 443/283/550 447/284/550 445/285/550 441/286/550
f 441/283/485 445/284/485 444/285/485 440/286/485
f 448/283/551 449/286/551 442/285/547 440/284/547
f 450/283/552 444/286/549 446/285/549 451/284/552
f 442/283/11 449/286/11 451/285/11 446/284/11
f 449/283/553 448/286/553 450/285/553 451/284/553
f 448/283/485 440/286/485 444/285/485 450/284/485
usemtl light
f 170/61/54 38/62/30 33/63/33 5/64/54
f 97/167/63 98/168/63 45/169/62 3/170/158 96/171/64
f 313/61/293 177/64/293 197/63/277 202/62/276
f 248/167/301 247/171/300 175/170/381 208/169/302 249/168/301
s 0
f 452/287/554 453/288/554 455/289/554 454/290/554
f 459/287/485 466/288/485 471/289/485 457/290/485
f 458/287/555 459/288/555 457/289/555 456/290/555
f 462/287/11 461/288/11 460/289/11 463/290/11
f 454/287/556 464/288/556 469/289/556 452/290/556
f 467/287/485 455/288/485 453/289/485 470/290/485
f 465/287/557 466/288/557 459/289/557 458/290/557
f 465/287/558 458/288/558 456/289/558 468/290/558
f 467/287/485 470/288/485 471/289/485 466/290/485
f 466/287/559 465/288/559 464/289/559 467/290/559
f 454/287/560 455/288/560 467/289/560 464/290/560
f 464/287/561 465/288/561 462/289/561 463/290/561
f 469/287/562 464/288/562 463/289/562 460/290/562
f 465/287/563 468/288/563 461/289/563 462/290/563
f 472/287/564 474/290/564 475/289/564 473/288/564
f 479/287/485 477/290/485 491/289/485 486/288/485
f 478/287/565 476/290/565 477/289/565 479/288/565
f 482/287/11 483/290/11 480/289/11 481/288/11
f 474/287/566 472/290/566 489/289/566 484/288/566
f 487/287/485 490/290/485 473/289/485 475/288/485
f 485/287/567 478/290/567 479/289/567 486/288/567
f 485/287/568 488/290/568 476/289/568 478/288/568
f 487/287/485 486/290/485 491/289/485 490/288/485
f 486/287/569 487/290/569 484/289/569 485/288/569
f 474/287/570 484/290/570 487/289/570 475/288/570
f 484/287/571 483/290/571 482/289/571 485/288/571
f 489/287/572 480/290/572 483/289/572 484/288/572
f 485/287/573 482/290/573 481/289/573 488/288/573
s 1
usemtl glass
f 127/185/179 122/186/180 121/187/181 123/188/182 124/189/182
f 122/186/180 126/190/183 125/191/183 121/187/181
f 139/201/198 137/202/198 136/203/198 135/204/198 138/205/198
f 274/185/400 124/189/182 123/188/182 270/187/401 271/186/402
f 271/186/402 270/187/401 272/191/403 273/190/403
f 286/201/416 285/205/416 282/204/416 283/203/416 284/202/416
s 0
f 325/255/469 332/261/469 333/263/469 329/257/469 328/258/469
f 343/255/482 346/258/482 347/257/482 351/263/482 350/261/482
usemtl texture
f 437/277/211 438/278/211 428/279/211 427/280/211
f 439/277/485 434/278/485 422/279/485 429/280/485
f 420/277/84 423/278/84 435/279/84 432/280/84
f 433/277/542 421/278/542 420/279/542 432/280/542
f 422/277/543 434/278/543 435/279/543 423/280/543
f 426/277/544 436/278/544 437/279/544 427/280/544
f 439/277/545 429/278/545 428/279/545 438/280/545
f 433/277/11 436/278/11 426/279/11 421/280/11
f 424/278/151 433/279/151 432/280/151
f 425/278/151 435/279/151 434/280/151
f 430/278/151 437/279/151 436/280/151
f 431/278/151 439/279/151 438/280/151
f 424/277/151 430/278/151 436/279/151 433/280/151
f 425/277/151 424/278/151 432/279/151 435/280/151
f 431/277/151 425/278/151 434/279/151 439/280/151
f 430/277/151 431/278/151 438/279/151 437/280/151
f 424/281/151 425/282/151 431/282/151 430/282/151
o wheels.020
v -0.895426 0.378095 1.168373
v -0.895426 0.141942 1.245104
v -0.895426 0.614249 1.245104
v -0.895426 -0.004010 1.445989
v -0.895426 -0.004010 1.694296
v -0.895426 0.141942 1.895180
v -0.895426 0.378095 1.971911
v -0.895426 0.614249 1.895180
v -0.895426 0.760200 1.694296
v -0.895426 0.760200 1.445989
v -1.021481 0.378095 1.287874
v -1.021481 0.212182 1.341782
v -1.021481 0.109642 1.482916
v -1.021481 0.109642 1.657368
v -1.021481 0.212182 1.798502
v -1.021481 0.378095 1.852411
v -1.021481 0.544009 1.798502
v -1.021481 0.646549 1.657368
v -1.021481 0.646549 1.482916
v -1.021481 0.544009 1.341782
v -1.021481 0.378095 1.206002
v -0.985693 0.378095 1.168373
v -0.985693 0.141942 1.245104
v -1.021481 0.164059 1.275547
v -0.985693 -0.004010 1.445989
v -1.021481 0.031778 1.457617
v -0.985693 -0.004010 1.694296
v -1.021481 0.031778 1.682668
v -0.985693 0.141942 1.895180
v -1.021481 0.164059 1.864738
v -0.985693 0.378095 1.971911
v -1.021481 0.378095 1.934282
v -0.985693 0.614249 1.895180
v -1.021481 0.592131 1.864738
v -0.985693 0.760200 1.694296
v -1.021481 0.724413 1.682668
v -0.985693 0.760200 1.445989
v -1.021481 0.724413 1.457617
v -0.985693 0.614249 1.245104
v -1.021481 0.592131 1.275547
v -0.769371 0.378095 1.287874
v -0.769371 0.212182 1.341782
v -0.769371 0.109642 1.482916
v -0.769371 0.109642 1.657368
v -0.769371 0.212182 1.798502
v -0.769371 0.378095 1.852411
v -0.769371 0.544009 1.798502
v -0.769371 0.646549 1.657368
v -0.769371 0.646549 1.482916
v -0.769371 0.544009 1.341782
v -0.769371 0.378095 1.206002
v -0.805158 0.378095 1.168373
v -0.805158 0.141942 1.245104
v -0.769371 0.164059 1.275547
v -0.805158 -0.004010 1.445989
v -0.769371 0.031778 1.457617
v -0.805158 -0.004010 1.694296
v -0.769371 0.031778 1.682668
v -0.805158 0.141942 1.895180
v -0.769371 0.164059 1.864738
v -0.805158 0.378095 1.971911
v -0.769371 0.378095 1.934282
v -0.805158 0.614249 1.895180
v -0.769371 0.592131 1.864738
v -0.805158 0.760200 1.694296
v -0.769371 0.724413 1.682668
v -0.805158 0.760200 1.445989
v -0.769371 0.724413 1.457617
v -0.805158 0.614249 1.245104
v -0.769371 0.592131 1.275547
v -0.798449 0.501164 1.739535
v -0.798449 0.577225 1.505443
v -0.798449 0.577225 1.634846
v -0.798449 0.378095 1.360767
v -0.798449 0.501164 1.400755
v -0.993270 0.562552 1.510213
v -0.993270 0.502094 1.427000
v -0.993270 0.562552 1.613071
v -0.992402 0.577225 1.505443
v -0.895425 0.539731 1.517629
v -0.895425 0.504503 1.469142
v -0.895425 0.539731 1.577561
v -0.797581 0.562552 1.510213
v -0.797581 0.502094 1.427000
v -0.797581 0.562552 1.613071
v -0.797581 0.378095 1.570147
v -0.797581 0.552637 1.643815
v -0.797581 0.492127 1.727099
v -0.797581 0.394221 1.592342
v -0.895425 0.513269 1.659142
v -0.895425 0.478011 1.707669
v -0.895425 0.420963 1.629150
v -0.993270 0.552637 1.643815
v -0.993270 0.492127 1.727099
v -0.993270 0.394221 1.592342
v -0.992402 0.577225 1.634846
v -0.992402 0.501164 1.739535
v -0.993270 0.378095 1.570147
v -0.992402 0.501164 1.400755
v -0.992402 0.255026 1.400755
v -0.992402 0.378095 1.779522
v -0.992402 0.178965 1.634846
v -0.993270 0.352003 1.561669
v -0.993270 0.404271 1.561642
v -0.993270 0.361918 1.592413
v -0.993270 0.378095 1.537544
v -0.993270 0.471087 1.409553
v -0.993270 0.285104 1.409553
v -0.895425 0.378095 1.494332
v -0.895425 0.432279 1.419754
v -0.895425 0.323911 1.419754
v -0.797581 0.378095 1.537544
v -0.797581 0.471087 1.409553
v -0.797581 0.285104 1.409553
v -0.797581 0.378095 1.379338
v -0.798449 0.255026 1.400755
v -0.798449 0.178965 1.505443
v -0.797581 0.254097 1.426913
v -0.797581 0.193587 1.510197
v -0.797581 0.352003 1.561669
v -0.895425 0.251686 1.469090
v -0.895425 0.216428 1.517618
v -0.895425 0.308733 1.547610
v -0.993270 0.254097 1.426913
v -0.993270 0.193587 1.510197
v -0.993270 0.193587 1.613142
v -0.992402 0.178965 1.505443
v -0.895425 0.216428 1.577602
v -0.797581 0.193587 1.613142
v -0.798449 0.178965 1.634846
v -0.798449 0.255026 1.739535
v -0.797581 0.203637 1.643842
v -0.895425 0.242972 1.659156
v -0.797581 0.264095 1.727055
v -0.797581 0.361918 1.592413
v -0.797581 0.361918 1.758840
v -0.895425 0.335199 1.629189
v -0.895425 0.335199 1.726162
v -0.895425 0.278199 1.707642
v -0.993270 0.361918 1.758840
v -0.993270 0.264095 1.727055
v -0.993270 0.203637 1.643842
v -0.992402 0.255026 1.739535
v -0.798449 0.378095 1.779522
v -0.797581 0.394221 1.758911
v -0.895425 0.420963 1.726205
v -0.993270 0.394221 1.758911
v -0.895425 0.378095 1.402148
v -0.993270 0.378095 1.379338
v -0.992402 0.378095 1.360767
v -0.895425 0.447504 1.547595
v -0.797581 0.404271 1.561642
vn -0.3686 0.5464 -0.7521
vn -0.0000 0.5878 -0.8090
vn -0.0000 -0.0000 -1.0000
vn -0.3686 -0.0000 -0.9296
vn -0.3686 0.8841 -0.2873
vn -0.0000 0.9511 -0.3090
vn -0.3686 -0.0000 0.9296
vn -0.0000 -0.0000 1.0000
vn -0.0000 0.5878 0.8090
vn -0.3686 0.5464 0.7521
vn -0.3686 -0.8841 -0.2873
vn -0.0000 -0.9511 -0.3090
vn -0.0000 -0.9511 0.3090
vn -0.3686 -0.8841 0.2873
vn -0.0000 -0.5878 0.8090
vn -0.3686 -0.5464 0.7521
vn -0.9022 0.4102 0.1333
vn -0.9884 -0.1444 -0.0469
vn -0.9884 -0.0892 -0.1228
vn -0.9022 0.2535 0.3490
vn -0.9022 -0.0000 -0.4314
vn -0.9884 -0.0000 0.1518
vn -0.9884 -0.0892 0.1228
vn -0.9022 0.2535 -0.3490
vn -0.9022 -0.4102 -0.1333
vn -0.9884 0.1444 0.0469
vn -0.9884 0.0892 0.1228
vn -0.9022 -0.2535 -0.3490
vn -0.9884 -0.1444 0.0469
vn -0.9022 0.4102 -0.1333
vn -0.3686 0.8841 0.2873
vn -0.0000 0.9511 0.3090
vn -0.9884 -0.0000 -0.1518
vn -0.9022 -0.0000 0.4314
vn -0.9884 0.0892 -0.1228
vn -0.9022 -0.2535 0.3490
vn -0.9884 0.1444 -0.0469
vn -0.9022 -0.4102 0.1333
vn -0.3686 -0.5464 -0.7521
vn -0.0000 -0.5878 -0.8090
vn -0.9767 0.1262 0.1733
vn -0.9785 -0.0000 0.2062
vn -0.9793 -0.1925 0.0626
vn -0.9769 -0.2031 -0.0660
vn -0.9769 -0.0000 -0.2136
vn -0.9793 0.1190 -0.1638
vn -0.9793 0.1925 0.0625
vn -0.9767 -0.1262 0.1733
vn -0.9793 -0.1190 -0.1637
vn -0.9769 0.2031 -0.0660
vn 0.3686 0.5464 -0.7521
vn 0.3686 -0.0000 -0.9296
vn 0.3686 0.8841 -0.2873
vn 0.3686 -0.0000 0.9296
vn 0.3686 0.5464 0.7521
vn 0.3686 -0.8841 -0.2873
vn 0.3686 -0.8841 0.2873
vn 0.3686 -0.5464 0.7521
vn 0.9022 0.4102 0.1333
vn 0.9022 0.2535 0.3490
vn 0.9884 -0.0892 -0.1228
vn 0.9884 -0.1444 -0.0469
vn 0.9022 -0.0000 -0.4314
vn 0.9022 0.2535 -0.3490
vn 0.9884 -0.0892 0.1228
vn 0.9884 -0.0000 0.1518
vn 0.9022 -0.4102 -0.1333
vn 0.9022 -0.2535 -0.3490
vn 0.9884 0.0892 0.1228
vn 0.9884 0.1444 0.0469
vn 0.9022 0.4102 -0.1333
vn 0.9884 -0.1444 0.0469
vn 0.3686 0.8841 0.2873
vn 0.9022 -0.0000 0.4314
vn 0.9884 -0.0000 -0.1518
vn 0.9022 -0.2535 0.3490
vn 0.9884 0.0892 -0.1228
vn 0.9022 -0.4102 0.1333
vn 0.9884 0.1444 -0.0469
vn 0.3686 -0.5464 -0.7521
vn 0.9785 -0.0000 0.2062
vn 0.9767 0.1262 0.1733
vn 0.9769 -0.2031 -0.0660
vn 0.9793 -0.1925 0.0626
vn 0.9793 0.1190 -0.1638
vn 0.9769 -0.0000 -0.2136
vn 0.9793 0.1925 0.0625
vn 0.9767 -0.1262 0.1733
vn 0.9793 -0.1190 -0.1637
vn 0.9769 0.2031 -0.0660
vn -0.9996 0.0141 -0.0263
vn -0.9984 0.0534 -0.0173
vn -0.2382 -0.9237 0.3001
vn -0.2271 -0.7879 0.5724
vn -0.0000 -0.8090 0.5878
vn -0.9996 0.0269 0.0130
vn -0.2271 -0.9739 -0.0000
vn -0.0000 -1.0000 -0.0000
vn 0.2382 -0.9237 0.3001
vn 0.2271 -0.7879 0.5724
vn 0.2271 -0.9739 -0.0000
vn 0.9996 0.0142 -0.0263
vn 0.9984 0.0534 -0.0173
vn 0.9996 0.0269 0.0130
vn 0.9996 0.0295 0.0054
vn 0.9984 0.0331 0.0456
vn 1.0000 -0.0000 -0.0005
vn 0.9999 -0.0133 0.0043
vn 0.9999 -0.0082 -0.0113
vn 0.2384 -0.5708 -0.7857
vn -0.0000 -0.8090 -0.5878
vn 0.2273 -0.7878 -0.5724
vn 0.2636 -0.2981 0.9174
vn -0.0000 -0.3090 0.9511
vn -0.2384 -0.5708 -0.7857
vn -0.2273 -0.7878 -0.5724
vn -0.2636 -0.2981 0.9174
vn -0.9996 0.0295 0.0054
vn -0.9984 0.0331 0.0456
vn -0.9999 -0.0082 -0.0113
vn -1.0000 -0.0000 -0.0005
vn -0.9999 -0.0133 0.0043
vn -0.9997 0.0174 -0.0180
vn -0.9999 -0.0000 0.0114
vn -0.9997 -0.0174 -0.0180
vn -0.9996 -0.0142 -0.0264
vn -0.9999 0.0133 0.0043
vn -0.9999 0.0082 -0.0113
vn -0.9996 0.0040 0.0296
vn -0.9996 -0.0040 0.0297
vn -0.9996 -0.0294 0.0053
vn -0.9996 -0.0270 0.0130
vn -0.2513 -0.7831 -0.5689
vn -0.2513 0.7831 -0.5689
vn -0.0000 0.8090 -0.5878
vn 0.2513 -0.7831 -0.5689
vn 0.2513 0.7831 -0.5689
vn 0.9997 0.0174 -0.0180
vn 0.9999 -0.0000 0.0115
vn 0.9997 -0.0174 -0.0180
vn 0.9989 -0.0000 -0.0467
vn 0.2270 -0.0000 0.9739
vn -0.0000 0.3090 0.9511
vn 0.2165 0.3017 0.9285
vn 0.9984 -0.0536 -0.0174
vn 0.9996 -0.0142 -0.0264
vn 0.9999 0.0133 0.0043
vn 0.2273 0.7878 0.5724
vn -0.0000 0.8090 0.5878
vn 0.2384 0.9236 0.3001
vn 0.2636 -0.7804 0.5670
vn -0.2273 0.7878 0.5724
vn -0.2384 0.9236 0.3001
vn -0.2636 -0.7804 0.5670
vn -0.9984 -0.0536 -0.0174
vn -0.2273 0.9738 -0.0000
vn -0.0000 1.0000 -0.0000
vn -0.2636 -0.2981 -0.9174
vn -0.0000 -0.3090 -0.9511
vn 0.2273 0.9738 -0.0000
vn 0.2636 -0.2981 -0.9174
vn 0.9996 -0.0270 0.0130
vn 0.9984 -0.0330 0.0454
vn 0.9996 -0.0294 0.0053
vn 0.9999 0.0082 -0.0113
vn 0.2634 0.2981 0.9175
vn 0.2271 0.7879 -0.5724
vn 0.2382 0.5709 -0.7857
vn 0.2634 -0.9647 -0.0000
vn 0.9996 0.0040 0.0296
vn -0.2634 -0.9647 -0.0000
vn -0.2634 0.2981 0.9175
vn -0.0000 0.3090 -0.9511
vn 0.2271 0.3009 -0.9262
vn -0.2382 0.5709 -0.7857
vn -0.2271 0.3009 -0.9262
vn -0.9984 -0.0330 0.0454
vn -0.2271 0.7879 -0.5724
vn 0.9996 -0.0040 0.0297
vn 0.2636 0.9646 -0.0000
vn 0.2273 -0.3009 -0.9262
vn -0.2636 0.9646 -0.0000
vn -0.2273 -0.3009 -0.9262
vn 0.2165 -0.3017 0.9285
vn -0.2270 -0.0000 0.9739
vn -0.2165 0.3017 0.9285
vn -0.2165 -0.3017 0.9285
vn -0.9989 -0.0000 -0.0467
vn -0.2634 0.7804 0.5670
vn -0.2634 0.2981 -0.9175
vn 0.2634 0.7804 0.5670
vn 0.2634 0.2981 -0.9175
vt 0.975777 0.347738
vt 0.992922 0.347738
vt 0.992922 0.375608
vt 0.975777 0.375608
vt 0.990697 0.350349
vt 0.985856 0.356028
vt 0.969168 0.356028
vt 0.969168 0.350349
vt 0.990697 0.350349
vt 0.990697 0.350349
vt 0.985856 0.356028
vt 0.969168 0.356028
vt 0.969168 0.350348
vt 0.990697 0.350349
vt 0.990697 0.350348
vt 0.969168 0.374303
vt 0.969168 0.349043
vt 0.969168 0.347738
vt 0.969168 0.374303
vt 0.988834 0.528250
vt 0.975668 0.528250
vt 0.992356 0.528250
vt 0.982334 0.356028
vt 0.991011 0.528250
vt 0.977845 0.528250
vt 0.992356 0.528250
vt 0.971345 0.356028
vt 0.984511 0.356028
vt 0.988845 0.528250
vt 0.975668 0.528250
vt 0.975668 0.528250
vt 0.982345 0.356028
vt 0.978247 0.528250
vt 0.988183 0.528250
vt 0.977838 0.528250
vt 0.988833 0.528250
vt 0.977838 0.528250
vt 0.969168 0.356028
vt 0.981683 0.356028
vt 0.991015 0.528250
vt 0.971338 0.356028
vt 0.984515 0.356028
vt 0.982345 0.356028
vt 0.991011 0.528250
vt 0.984511 0.356028
vt 0.982334 0.356028
vt 0.971338 0.356028
vt 0.990762 0.528250
vt 0.971747 0.356028
vt 0.984262 0.356028
s 1
usemtl texture
f 530/291/574 494/292/575 492/293/576 513/294/577
f 528/291/578 501/292/579 494/293/575 530/294/574
f 522/291/580 498/292/581 499/293/582 524/294/583
f 516/291/584 495/292/585 496/293/586 518/294/587
f 518/291/587 496/292/586 497/293/588 520/294/589
f 520/291/589 497/292/588 498/293/581 522/294/580
f 527/295/590 509/296/591 508/297/592 525/298/593
f 512/299/594 502/296/595 511/297/596 531/298/597
f 517/300/598 504/301/599 503/302/600 515/303/601
f 531/304/597 511/301/596 510/302/602 529/298/603
f 529/305/603 510/296/602 509/302/591 527/298/590
f 526/291/604 500/292/605 501/293/579 528/294/578
f 525/295/593 508/301/592 507/297/606 523/298/607
f 523/299/607 507/296/606 506/297/608 521/298/609
f 521/300/609 506/301/608 505/302/610 519/298/611
f 519/295/611 505/301/610 504/302/599 517/298/598
f 514/291/612 493/292/613 495/293/585 516/294/584
f 524/291/583 499/292/582 500/293/605 526/294/604
f 502/297/595 503/301/600 591/301/614 641/297/615
f 515/295/601 503/301/600 502/297/595 512/298/594
f 513/291/577 514/294/612 515/306/601 512/307/594
f 514/308/612 516/292/584 517/300/598 515/303/601
f 516/291/584 518/294/587 519/306/611 517/307/598
f 518/308/587 520/292/589 521/300/609 519/298/611
f 520/308/589 522/292/580 523/299/607 521/298/609
f 522/308/580 524/292/583 525/295/593 523/298/607
f 524/291/583 526/294/604 527/309/590 525/307/593
f 526/291/604 528/294/578 529/306/603 527/307/590
f 528/308/578 530/292/574 531/304/597 529/298/603
f 530/291/574 513/294/577 512/306/594 531/307/597
f 513/291/577 492/292/576 493/293/613 514/294/612
f 509/302/591 510/296/602 570/296/616 587/302/617
f 506/297/608 507/296/606 592/296/618 634/297/619
f 503/302/600 504/301/599 618/301/620 591/302/614
f 510/302/602 511/301/596 590/301/621 570/302/616
f 507/297/606 508/301/592 588/301/622 592/297/618
f 504/302/599 505/301/610 593/301/623 618/302/620
f 511/297/596 502/296/595 641/296/615 590/297/621
f 508/297/592 509/296/591 587/296/617 588/297/622
f 505/302/610 506/301/608 634/301/619 593/302/623
f 560/291/624 543/294/625 492/293/576 494/292/575
f 558/291/626 560/294/624 494/293/575 501/292/579
f 552/291/627 554/294/628 499/293/582 498/292/581
f 546/291/629 548/294/630 496/293/586 495/292/585
f 548/291/630 550/294/631 497/293/588 496/292/586
f 550/291/631 552/294/627 498/293/581 497/292/588
f 557/295/632 555/298/633 538/297/634 539/296/635
f 542/299/636 561/298/637 541/297/638 532/296/639
f 547/300/640 545/303/641 533/302/642 534/301/643
f 561/304/637 559/298/644 540/302/645 541/301/638
f 559/305/644 557/298/632 539/302/635 540/296/645
f 556/291/646 558/294/626 501/293/579 500/292/605
f 555/295/633 553/298/647 537/297/648 538/301/634
f 553/299/647 551/298/649 536/297/650 537/296/648
f 551/300/649 549/298/651 535/302/652 536/301/650
f 549/295/651 547/298/640 534/302/643 535/301/652
f 544/291/653 546/294/629 495/293/585 493/292/613
f 554/291/628 556/294/646 500/293/605 499/292/582
f 532/297/639 565/297/654 607/301/655 533/301/642
f 545/295/641 542/298/636 532/297/639 533/301/642
f 543/291/625 542/307/636 545/306/641 544/294/653
f 544/308/653 545/303/641 547/300/640 546/292/629
f 546/291/629 547/307/640 549/306/651 548/294/630
f 548/308/630 549/298/651 551/300/649 550/292/631
f 550/308/631 551/298/649 553/299/647 552/292/627
f 552/308/627 553/298/647 555/295/633 554/292/628
f 554/291/628 555/307/633 557/309/632 556/294/646
f 556/291/646 557/307/632 559/306/644 558/294/626
f 558/308/626 559/298/644 561/304/637 560/292/624
f 560/291/624 561/307/637 542/306/636 543/294/625
f 543/291/625 544/294/653 493/293/613 492/292/576
f 539/302/635 564/302/656 563/296/657 540/296/645
f 536/297/650 622/297/658 635/296/659 537/296/648
f 533/302/642 607/302/655 608/301/660 534/301/643
f 540/302/645 563/302/657 566/301/661 541/301/638
f 537/297/648 635/297/659 562/301/662 538/301/634
f 534/302/643 608/302/660 621/301/663 535/301/652
f 541/297/638 566/297/661 565/296/654 532/296/639
f 538/297/634 562/297/662 564/296/656 539/296/635
f 535/302/652 621/302/663 622/301/658 536/301/650
usemtl metallic
f 568/310/664 567/311/665 570/311/616 590/312/621
f 567/302/666 568/313/667 572/313/668 571/302/586
f 567/314/665 569/315/669 587/311/617 570/316/616
f 569/317/670 567/318/666 571/318/586 573/317/671
f 574/302/672 571/302/586 572/313/668 575/313/673
f 576/317/674 573/317/671 571/318/586 574/318/672
f 575/310/675 566/312/661 563/311/657 574/311/676
f 574/314/676 563/316/657 564/311/656 576/315/677
f 578/319/678 564/316/656 562/320/662 579/320/679
f 576/315/677 564/311/656 577/311/680 643/315/681
f 580/321/682 577/311/680 564/316/656 578/319/678
f 579/297/683 582/297/613 581/322/684 578/322/685
f 578/319/686 581/319/687 583/321/687 580/321/686
f 585/297/688 584/322/689 581/322/684 582/297/613
f 584/319/690 586/321/690 583/321/687 581/319/687
f 584/319/691 585/320/692 588/320/622 587/316/617
f 586/321/693 584/319/691 587/316/617 589/311/694
f 569/315/669 595/315/695 589/311/694 587/311/617
f 598/323/696 597/311/697 589/311/694 590/320/621
f 595/315/695 568/310/664 590/312/621 589/311/694
f 597/311/697 599/324/698 591/312/614 589/311/694
f 615/325/699 594/321/700 589/311/694 591/311/614
f 596/315/701 631/326/702 592/316/618 589/311/694
f 638/327/703 586/321/693 589/311/694 592/320/618
f 633/315/704 596/315/701 589/311/694 593/311/623
f 594/321/700 617/319/705 593/312/623 589/311/694
f 597/311/706 598/323/706 601/323/684 600/311/684
f 599/324/707 597/311/707 600/311/708 602/324/708
f 603/311/709 600/311/684 601/323/684 604/323/709
f 605/324/710 602/324/708 600/311/708 603/311/710
f 604/323/711 566/320/661 577/311/680 603/311/712
f 603/311/712 577/311/680 607/312/655 605/324/713
f 605/324/713 607/312/655 565/320/654 606/320/714
f 606/328/715 639/328/581 602/329/716 605/329/717
f 610/330/718 608/312/660 607/311/655 609/325/719
f 609/325/719 607/311/655 577/311/680 611/321/720
f 609/331/721 612/331/722 613/332/605 610/332/723
f 611/321/724 614/321/668 612/325/668 609/325/724
f 615/331/725 616/332/726 613/332/605 612/331/722
f 594/321/727 615/325/727 612/325/668 614/321/668
f 616/330/728 615/325/699 591/311/614 618/312/620
f 617/319/705 616/311/728 618/311/620 593/312/623
f 616/302/726 617/333/729 619/333/730 613/302/605
f 617/319/731 594/321/731 614/321/732 619/319/732
f 610/302/723 613/302/605 619/333/730 620/333/733
f 620/319/734 619/319/732 614/321/732 611/321/734
f 620/319/735 621/312/663 608/311/660 610/311/718
f 611/321/720 577/311/680 621/312/663 620/319/735
f 625/334/736 622/312/658 621/311/663 623/315/737
f 623/315/737 621/311/663 577/311/680 626/315/738
f 626/315/739 628/315/716 624/315/716 623/315/739
f 623/317/740 624/317/708 630/335/575 625/335/741
f 627/326/742 629/326/671 628/315/671 626/315/742
f 626/315/738 577/311/680 635/316/659 627/326/743
f 631/326/744 596/315/744 628/315/671 629/326/671
f 596/315/745 633/315/745 624/315/716 628/315/716
f 625/302/741 630/302/575 629/336/746 627/336/747
f 632/302/748 631/336/749 629/336/746 630/302/575
f 631/326/702 632/311/750 634/320/619 592/316/618
f 633/317/751 632/335/748 630/335/575 624/317/708
f 632/334/750 633/315/704 593/311/623 634/312/619
f 627/326/743 635/316/659 622/320/658 625/311/736
f 579/330/679 562/312/662 635/320/659 636/327/752
f 636/327/752 635/320/659 577/311/680 580/321/682
f 580/321/753 583/321/730 637/327/730 636/327/753
f 636/337/754 637/337/732 582/332/613 579/332/683
f 586/321/755 638/327/755 637/327/730 583/321/730
f 638/337/756 585/332/688 582/332/613 637/337/732
f 585/330/692 638/327/703 592/320/618 588/312/622
f 606/338/714 565/316/654 566/320/661 604/323/711
f 604/339/757 601/339/687 639/340/581 606/340/715
f 640/328/758 599/329/759 602/329/716 639/328/581
f 598/339/760 640/340/758 639/340/581 601/339/687
f 599/324/698 640/320/761 641/320/615 591/312/614
f 640/338/761 598/323/696 590/320/621 641/316/615
f 568/310/762 595/315/762 642/315/722 572/310/722
f 595/315/763 569/315/763 573/315/746 642/315/746
f 575/310/764 572/310/722 642/315/722 643/315/764
f 643/315/765 642/315/746 573/315/746 576/315/765
f 643/315/681 577/311/680 566/312/661 575/310/675
o wheels.021
v -0.895426 0.378095 -1.729965
v -0.895426 0.141942 -1.653234
v -0.895426 0.614249 -1.653234
v -0.985693 0.378095 -1.729965
v -0.805158 0.378095 -1.729965
v -0.769371 0.378095 -1.692336
v -0.805158 0.141942 -1.653234
v -0.805158 0.614249 -1.653234
v -0.805158 0.760200 -1.452349
v -0.769371 0.592131 -1.622791
v -0.769371 0.724413 -1.440721
v -0.769371 0.544009 -1.556556
v -0.769371 0.378095 -1.610464
v -0.769371 0.646549 -1.415422
v -0.798449 0.501164 -1.497583
v -0.798449 0.577225 -1.392895
v -0.798449 0.378095 -1.537571
v -0.797581 0.471087 -1.488785
v -0.797581 0.378095 -1.328191
v -0.797581 0.502094 -1.471338
v -0.797581 0.562552 -1.388124
v -0.797581 0.404271 -1.336696
v -0.895426 0.504503 -1.429196
v -0.895426 0.539731 -1.380710
v -0.895426 0.447504 -1.350743
v -0.993270 0.502094 -1.471338
v -0.993270 0.562552 -1.388124
v -0.993270 0.404271 -1.336696
v -0.992402 0.501164 -1.497583
v -0.993270 0.378095 -1.328191
v -0.992402 0.378095 -1.537571
v -0.993270 0.471087 -1.488785
v -0.992402 0.577225 -1.392895
v -1.021481 0.544009 -1.556556
v -1.021481 0.378095 -1.610464
v -1.021481 0.646549 -1.415422
v -1.021481 0.592131 -1.622791
v -0.985693 0.614249 -1.653234
v -1.021481 0.724413 -1.440721
v -1.021481 0.378095 -1.692336
v -1.021481 0.164059 -1.622791
v -0.985693 0.141942 -1.653234
v -1.021481 0.031778 -1.440721
v -1.021481 0.212182 -1.556556
v -0.992402 0.255026 -1.497583
v -1.021481 0.109642 -1.415422
v -1.021481 0.109642 -1.240970
v -0.992402 0.178965 -1.392895
v -0.993270 0.193587 -1.388141
v -0.992402 0.178965 -1.263492
v -0.993270 0.193587 -1.285196
v -0.992402 0.255026 -1.158803
v -0.993270 0.203637 -1.254496
v -0.993270 0.264095 -1.171283
v -0.895426 0.242972 -1.239182
v -0.993270 0.361918 -1.305925
v -0.895426 0.335199 -1.269149
v -0.993270 0.361918 -1.139498
v -0.895426 0.335199 -1.172175
v -0.992402 0.378095 -1.118815
v -0.993270 0.394221 -1.139427
v -0.992402 0.501164 -1.158803
v -1.021481 0.378095 -1.045927
v -1.021481 0.212182 -1.099836
v -1.021481 0.544009 -1.099836
v -1.021481 0.378095 -0.964056
v -0.985693 0.378095 -0.926427
v -1.021481 0.164059 -1.033600
v -1.021481 0.592131 -1.033600
v -0.985693 0.614249 -1.003158
v -1.021481 0.724413 -1.215670
v -0.985693 0.760200 -1.204042
v -1.021481 0.646549 -1.240970
v -0.992402 0.577225 -1.263492
v -0.993270 0.552637 -1.254523
v -0.993270 0.562552 -1.285267
v -0.895426 0.539731 -1.320777
v -0.797581 0.562552 -1.285267
v -0.798449 0.577225 -1.263492
v -0.769371 0.646549 -1.240970
v -0.798449 0.501164 -1.158803
v -0.797581 0.552637 -1.254523
v -0.797581 0.492127 -1.171239
v -0.797581 0.394221 -1.305996
v -0.895426 0.513269 -1.239196
v -0.895426 0.478011 -1.190669
v -0.895426 0.420963 -1.269188
v -0.895426 0.420963 -1.172132
v -0.993270 0.394221 -1.305996
v -0.797581 0.394221 -1.139427
v -0.798449 0.378095 -1.118815
v -0.797581 0.361918 -1.139498
v -0.798449 0.255026 -1.158803
v -0.769371 0.378095 -1.045927
v -0.769371 0.212182 -1.099836
v -0.769371 0.544009 -1.099836
v -0.769371 0.378095 -0.964056
v -0.805158 0.378095 -0.926427
v -0.769371 0.164059 -1.033600
v -0.769371 0.592131 -1.033600
v -0.805158 0.614249 -1.003158
v -0.769371 0.724413 -1.215670
v -0.805158 0.760200 -1.204042
v -0.895426 0.760200 -1.204042
v -0.895426 0.760200 -1.452349
v -0.895426 0.614249 -1.003158
v -0.895426 0.378095 -0.926427
v -0.895426 0.141942 -1.003158
v -0.895426 -0.004010 -1.204042
v -0.985693 0.141942 -1.003158
v -0.805158 0.141942 -1.003158
v -0.805158 -0.004010 -1.204042
v -0.805158 -0.004010 -1.452349
v -0.769371 0.031778 -1.215670
v -0.769371 0.031778 -1.440721
v -0.769371 0.109642 -1.240970
v -0.769371 0.109642 -1.415422
v -0.798449 0.178965 -1.263492
v -0.797581 0.193587 -1.285196
v -0.797581 0.203637 -1.254496
v -0.798449 0.178965 -1.392895
v -0.798449 0.255026 -1.497583
v -0.797581 0.193587 -1.388141
v -0.797581 0.254097 -1.471425
v -0.895426 0.216428 -1.380720
v -0.895426 0.251686 -1.429247
v -0.895426 0.216428 -1.320736
v -0.895426 0.308733 -1.350728
v -0.993270 0.352003 -1.336669
v -0.797581 0.352003 -1.336669
v -0.993270 0.254097 -1.471425
v -0.769371 0.212182 -1.556556
v -0.797581 0.285104 -1.488785
v -0.797581 0.378095 -1.360793
v -0.797581 0.378095 -1.519000
v -0.895426 0.323911 -1.478584
v -0.895426 0.378095 -1.404006
v -0.895426 0.378095 -1.496190
v -0.993270 0.285104 -1.488785
v -0.993270 0.378095 -1.360793
v -0.993270 0.378095 -1.519000
v -0.895426 0.432279 -1.478584
v -0.769371 0.164059 -1.622791
v -0.797581 0.264095 -1.171283
v -0.797581 0.361918 -1.305925
v -0.895426 0.278199 -1.190696
v -0.895426 -0.004010 -1.452349
v -0.985693 -0.004010 -1.452349
v -0.985693 -0.004010 -1.204042
v -1.021481 0.031778 -1.215670
v -0.985693 0.760200 -1.452349
v -0.993270 0.492127 -1.171239
vn 0.3686 -0.0000 -0.9296
vn 0.3686 -0.5464 -0.7521
vn -0.0000 -0.5878 -0.8090
vn -0.0000 -0.0000 -1.0000
vn -0.3686 -0.0000 -0.9296
vn -0.3686 -0.5464 -0.7521
vn 0.3686 0.5464 -0.7521
vn -0.0000 0.5878 -0.8090
vn -0.3686 0.5464 -0.7521
vn 0.9022 0.2535 -0.3490
vn 0.9022 -0.0000 -0.4314
vn 0.9022 -0.2535 -0.3490
vn 0.3686 0.8841 -0.2873
vn 0.9022 0.4102 -0.1333
vn -0.0000 0.9511 -0.3090
vn 0.9884 -0.1444 0.0469
vn 0.9884 -0.0892 0.1228
vn 0.9884 -0.0000 0.1518
vn 0.9767 -0.1262 0.1733
vn 0.9785 -0.0000 0.2062
vn 0.9793 -0.1925 0.0626
vn 0.9996 0.0141 -0.0263
vn 0.9984 0.0534 -0.0173
vn 0.9989 -0.0000 -0.0467
vn 0.9997 0.0174 -0.0180
vn 1.0000 -0.0000 -0.0005
vn 0.9999 -0.0000 0.0114
vn 0.9999 -0.0133 0.0043
vn 0.2382 -0.9237 0.3001
vn -0.0000 -0.9511 0.3090
vn -0.0000 -0.8090 0.5878
vn 0.2271 -0.7879 0.5724
vn 0.2634 0.7804 0.5670
vn -0.0000 0.8090 0.5878
vn -0.2382 -0.9237 0.3001
vn -0.2271 -0.7879 0.5724
vn -0.2634 0.7804 0.5670
vn -0.9996 0.0141 -0.0263
vn -0.9984 0.0534 -0.0173
vn -0.9793 -0.1925 0.0626
vn -0.9767 -0.1262 0.1733
vn -0.9999 -0.0133 0.0043
vn -1.0000 -0.0000 -0.0005
vn -0.9997 0.0174 -0.0180
vn -0.9999 -0.0000 0.0114
vn -0.9989 -0.0000 -0.0467
vn -0.9785 -0.0000 0.2062
vn -0.9884 -0.0892 0.1228
vn -0.9884 -0.0000 0.1518
vn -0.9884 -0.1444 0.0469
vn -0.9022 -0.0000 -0.4314
vn -0.9022 0.2535 -0.3490
vn -0.9022 0.4102 -0.1333
vn -0.3686 0.8841 -0.2873
vn -0.9022 -0.2535 -0.3490
vn -0.9884 0.0892 0.1228
vn -0.3686 -0.8841 -0.2873
vn -0.9022 -0.4102 -0.1333
vn -0.9884 0.1444 0.0469
vn -0.9793 0.1925 0.0625
vn -0.9767 0.1262 0.1733
vn -0.9884 0.1444 -0.0469
vn -0.9769 0.2031 -0.0660
vn -0.9022 -0.4102 0.1333
vn -0.9996 -0.0270 0.0130
vn -0.9984 -0.0536 -0.0174
vn -0.9996 -0.0142 -0.0264
vn -0.9999 0.0133 0.0043
vn -0.9996 -0.0294 0.0053
vn -0.9999 0.0082 -0.0113
vn -0.9984 -0.0330 0.0454
vn -0.9793 0.1190 -0.1638
vn -0.9884 0.0892 -0.1228
vn -0.2271 0.7879 -0.5724
vn -0.2382 0.5709 -0.7857
vn -0.0000 0.8090 -0.5878
vn -0.2634 0.2981 0.9175
vn -0.0000 0.3090 0.9511
vn -0.9996 0.0040 0.0296
vn -0.9769 -0.0000 -0.2136
vn -0.2634 -0.9647 -0.0000
vn -0.0000 -1.0000 -0.0000
vn -0.2271 0.3009 -0.9262
vn -0.0000 0.3090 -0.9511
vn -0.9996 -0.0040 0.0297
vn -0.9999 -0.0082 -0.0113
vn -0.9884 -0.0000 -0.1518
vn -0.9984 0.0331 0.0456
vn -0.9793 -0.1190 -0.1637
vn -0.9884 -0.0892 -0.1228
vn -0.9022 -0.0000 0.4314
vn -0.9022 -0.2535 0.3490
vn -0.9022 0.2535 0.3490
vn -0.3686 -0.0000 0.9296
vn -0.3686 0.5464 0.7521
vn -0.3686 -0.5464 0.7521
vn -0.3686 0.8841 0.2873
vn -0.9022 0.4102 0.1333
vn -0.9884 -0.1444 -0.0469
vn -0.9769 -0.2031 -0.0660
vn -0.9996 0.0295 0.0054
vn -0.9996 0.0269 0.0130
vn -0.2271 -0.9739 -0.0000
vn -0.2634 0.2981 -0.9175
vn 0.2271 -0.9739 -0.0000
vn 0.2634 0.2981 -0.9175
vn 0.9769 -0.2031 -0.0660
vn 0.9996 0.0269 0.0130
vn 0.9884 -0.0892 -0.1228
vn 0.9793 -0.1190 -0.1637
vn 0.9884 -0.1444 -0.0469
vn 0.9996 0.0295 0.0054
vn 0.9984 0.0331 0.0456
vn 0.9999 -0.0082 -0.0113
vn 0.2384 -0.5708 -0.7857
vn -0.0000 -0.8090 -0.5878
vn 0.2273 -0.7878 -0.5724
vn 0.2636 -0.2981 0.9174
vn -0.0000 -0.3090 0.9511
vn -0.2384 -0.5708 -0.7857
vn -0.2273 -0.7878 -0.5724
vn -0.2636 -0.2981 0.9174
vn -0.2636 0.9646 -0.0000
vn -0.0000 1.0000 -0.0000
vn 0.2636 0.9646 -0.0000
vn 0.2273 -0.3009 -0.9262
vn -0.0000 -0.3090 -0.9511
vn -0.2273 -0.3009 -0.9262
vn 0.9996 -0.0040 0.0297
vn 0.9769 -0.0000 -0.2136
vn 0.9996 0.0040 0.0296
vn 0.9793 0.1190 -0.1638
vn 0.9984 -0.0330 0.0454
vn 0.9999 0.0082 -0.0113
vn 0.9884 0.0892 -0.1228
vn 0.9884 -0.0000 -0.1518
vn 0.9022 -0.0000 0.4314
vn 0.9022 -0.2535 0.3490
vn 0.9022 0.2535 0.3490
vn 0.3686 -0.0000 0.9296
vn 0.3686 0.5464 0.7521
vn 0.3686 -0.5464 0.7521
vn 0.9022 0.4102 0.1333
vn 0.3686 0.8841 0.2873
vn -0.0000 0.9511 0.3090
vn -0.0000 0.5878 0.8090
vn -0.0000 -0.0000 1.0000
vn -0.0000 -0.5878 0.8090
vn 0.3686 -0.8841 0.2873
vn -0.3686 -0.8841 0.2873
vn 0.9022 -0.4102 0.1333
vn 0.3686 -0.8841 -0.2873
vn 0.9022 -0.4102 -0.1333
vn -0.0000 -0.9511 -0.3090
vn 0.9884 0.1444 0.0469
vn 0.9884 0.1444 -0.0469
vn 0.9793 0.1925 0.0625
vn 0.9769 0.2031 -0.0660
vn 0.9999 0.0133 0.0043
vn 0.9996 -0.0270 0.0130
vn 0.9984 -0.0536 -0.0174
vn 0.9996 -0.0294 0.0053
vn 0.9884 0.0892 0.1228
vn 0.9767 0.1262 0.1733
vn 0.9996 -0.0142 -0.0264
vn 0.2273 0.7878 0.5724
vn 0.2384 0.9236 0.3001
vn 0.2273 0.9738 -0.0000
vn -0.2273 0.7878 0.5724
vn -0.2384 0.9236 0.3001
vn -0.2273 0.9738 -0.0000
vn -0.2636 -0.2981 -0.9174
vn 0.2636 -0.2981 -0.9174
vn -0.2636 -0.7804 0.5670
vn 0.2636 -0.7804 0.5670
vn 0.9997 -0.0174 -0.0180
vn 0.2513 0.7831 -0.5689
vn 0.2270 -0.0000 0.9739
vn 0.2165 0.3017 0.9285
vn -0.2513 0.7831 -0.5689
vn -0.2270 -0.0000 0.9739
vn -0.2165 0.3017 0.9285
vn -0.9997 -0.0174 -0.0180
vn -0.2165 -0.3017 0.9285
vn -0.2513 -0.7831 -0.5689
vn 0.2165 -0.3017 0.9285
vn 0.2513 -0.7831 -0.5689
vn 0.2271 0.7879 -0.5724
vn 0.2382 0.5709 -0.7857
vn 0.2634 0.2981 0.9175
vn 0.2634 -0.9647 -0.0000
vn 0.2271 0.3009 -0.9262
vt 0.975777 0.347738
vt 0.975777 0.375608
vt 0.992922 0.375608
vt 0.992922 0.347738
vt 0.969168 0.349043
vt 0.969168 0.374303
vt 0.969168 0.347738
vt 0.969168 0.350349
vt 0.990697 0.350349
vt 0.969168 0.356028
vt 0.985856 0.356028
vt 0.990697 0.350349
vt 0.969168 0.356028
vt 0.985856 0.356028
vt 0.988834 0.528250
vt 0.992356 0.528250
vt 0.975668 0.528250
vt 0.990762 0.528250
vt 0.992356 0.528250
vt 0.975668 0.528250
vt 0.978247 0.528250
vt 0.977845 0.528250
vt 0.982334 0.356028
vt 0.990697 0.350349
vt 0.990697 0.350349
vt 0.969168 0.350348
vt 0.988845 0.528250
vt 0.991015 0.528250
vt 0.977838 0.528250
vt 0.975668 0.528250
vt 0.991011 0.528250
vt 0.971345 0.356028
vt 0.984511 0.356028
vt 0.988833 0.528250
vt 0.982334 0.356028
vt 0.977838 0.528250
vt 0.969168 0.374303
vt 0.990697 0.350348
vt 0.991011 0.528250
vt 0.984511 0.356028
vt 0.982345 0.356028
vt 0.971338 0.356028
vt 0.984515 0.356028
vt 0.971338 0.356028
vt 0.982345 0.356028
vt 0.988183 0.528250
vt 0.969168 0.356028
vt 0.981683 0.356028
vt 0.971747 0.356028
vt 0.984262 0.356028
s 1
usemtl texture
f 648/341/766 650/342/767 645/343/768 644/344/769
f 647/341/770 644/344/769 645/343/768 685/342/771
f 651/341/772 648/342/766 644/343/769 646/344/773
f 681/341/774 646/344/773 644/343/769 647/342/770
f 651/341/772 653/345/775 649/346/776 648/342/766
f 648/341/766 649/345/776 786/346/777 650/342/767
f 652/347/778 654/348/779 653/349/775 651/344/772
f 652/341/778 651/342/772 646/343/773 748/344/780
f 653/349/775 654/348/779 657/350/781 655/351/782
f 649/352/776 653/348/775 655/353/782 656/354/783
f 655/353/782 658/353/784 660/354/785 656/354/783
f 657/350/781 659/350/786 658/351/784 655/351/782
f 677/353/813 678/354/814 674/354/812 672/353/806
f 679/350/815 677/351/813 672/351/806 676/350/805
f 683/352/816 678/354/814 677/353/813 680/348/817
f 680/349/817 677/351/813 679/350/815 682/348/818
f 681/341/774 647/342/770 683/346/816 680/345/817
f 794/347/819 681/344/774 680/349/817 682/348/818
f 647/341/770 685/342/771 684/346/820 683/345/816
f 684/364/820 687/351/821 678/353/814 683/348/816
f 685/347/771 791/344/822 686/365/823 684/366/820
f 686/365/823 689/351/824 687/350/821 684/366/820
f 687/350/821 689/351/824 691/351/825 688/350/826
f 678/353/814 687/351/821 688/351/826 674/353/812
f 689/350/824 690/351/827 693/351/828 691/350/825
f 793/364/829 690/351/827 689/350/824 686/348/823
f 690/350/827 707/351/838 695/351/837 693/350/828
f 707/353/838 706/354/852 703/354/845 695/353/837
f 706/353/852 708/351/855 705/351/854 703/353/845
f 709/352/856 706/354/852 707/353/838 711/348/857
f 712/364/858 708/351/855 706/353/852 709/348/856
f 710/347/859 713/344/860 712/364/858 709/348/856
f 753/347/861 710/344/859 709/352/856 711/348/857
f 713/341/860 715/342/862 714/377/863 712/345/858
f 714/364/863 716/354/864 708/353/855 712/348/858
f 715/341/862 794/342/819 682/346/818 714/345/863
f 682/378/818 679/354/815 716/350/864 714/348/863
f 708/353/855 716/354/864 717/354/865 705/353/854
f 716/350/864 679/354/815 676/354/805 717/350/865
f 739/353/874 724/353/875 722/354/872 723/354/876
f 723/350/876 722/350/872 659/354/786 657/354/781
f 738/353/900 736/353/897 734/354/895 737/354/901
f 737/353/901 734/353/895 724/351/875 739/351/874
f 740/352/902 742/348/903 738/353/900 737/354/901
f 743/364/904 740/348/902 737/353/901 739/351/874
f 741/347/905 740/348/902 743/364/904 744/344/906
f 754/347/907 742/348/903 740/352/902 741/344/905
f 744/341/906 743/345/904 745/377/908 746/342/909
f 745/364/908 743/348/904 739/353/874 723/354/876
f 746/341/909 745/345/908 654/346/779 652/342/778
f 654/378/779 745/348/908 723/350/876 657/354/781
f 744/341/906 746/342/909 747/343/910 749/344/911
f 746/341/909 652/342/778 748/343/780 747/344/910
f 715/341/862 747/344/910 748/343/780 794/342/819
f 713/341/860 749/344/911 747/343/910 715/342/862
f 741/341/905 744/342/906 749/343/911 750/344/912
f 710/341/859 750/344/912 749/343/911 713/342/860
f 754/341/907 741/342/905 750/343/912 751/344/913
f 753/341/861 751/344/913 750/343/912 710/342/859
f 755/341/914 754/342/907 751/343/913 752/344/795
f 792/341/915 752/344/795 751/343/913 753/342/861
f 755/347/914 757/348/916 742/365/903 754/344/907
f 756/341/917 758/345/918 757/346/916 755/342/914
f 756/341/917 755/342/914 752/343/795 790/344/919
f 757/364/916 758/348/918 760/350/920 759/351/921
f 742/365/903 757/348/916 759/350/921 738/351/900
f 760/350/920 764/350/922 761/351/923 759/351/921
f 759/350/921 761/350/923 736/351/897 738/351/900
f 775/350/928 765/350/929 764/351/922 760/351/920
f 656/353/783 660/353/785 765/351/929 775/351/928
f 786/364/777 649/348/776 656/353/783 775/351/928
f 758/365/918 786/366/777 775/350/928 760/351/920
f 650/347/767 786/366/777 758/365/918 756/344/917
f 650/341/767 756/342/917 790/343/919 645/344/768
f 685/341/771 645/344/768 790/343/919 791/342/822
f 791/341/822 790/344/919 752/343/795 792/342/915
f 791/341/822 792/342/915 793/346/829 686/345/823
f 792/347/915 753/344/861 711/365/857 793/348/829
f 711/365/857 707/351/838 690/350/827 793/348/829
f 794/341/819 748/344/780 646/343/773 681/342/774
usemtl metallic
f 663/355/787 658/356/784 659/357/786 664/357/788
f 778/358/789 660/359/785 658/360/784 661/361/790
f 661/361/790 658/360/784 662/357/791 777/357/792
f 665/362/793 662/357/791 658/356/784 663/355/787
f 664/350/794 667/350/795 666/363/796 663/363/797
f 663/355/798 666/355/799 668/362/799 665/362/798
f 670/350/800 669/363/801 666/363/796 667/350/795
f 669/355/802 671/362/802 668/362/799 666/355/799
f 669/355/803 670/357/804 676/357/805 672/356/806
f 671/362/807 669/355/803 672/356/806 673/357/808
f 675/361/809 783/357/810 673/357/808 672/360/806
f 784/358/811 675/361/809 672/360/806 674/359/812
f 694/367/830 692/357/831 691/357/825 693/356/828
f 692/368/831 774/369/832 688/357/826 691/356/825
f 772/370/833 694/367/830 693/356/828 673/357/808
f 696/362/834 699/362/835 673/357/808 693/357/828
f 697/371/836 696/362/834 693/357/828 695/356/837
f 696/372/839 697/373/840 789/373/773 698/372/841
f 699/362/842 696/362/842 698/362/843 700/362/843
f 699/362/835 701/374/844 703/359/845 673/357/808
f 701/374/846 699/362/846 700/362/847 702/374/847
f 697/350/840 701/375/848 702/375/849 789/350/773
f 701/374/844 697/357/836 695/360/837 703/359/845
f 704/376/850 732/370/851 673/357/808 703/360/845
f 795/368/853 704/376/850 703/360/845 705/356/854
f 732/370/851 718/367/866 717/359/865 673/357/808
f 718/367/866 795/360/853 705/360/854 717/359/865
f 670/379/804 719/362/867 717/357/865 676/359/805
f 719/362/867 671/362/807 673/357/808 717/357/865
f 719/372/868 670/380/800 667/380/795 720/372/847
f 671/362/869 719/362/869 720/362/849 668/362/849
f 721/372/870 720/372/847 667/380/795 664/380/794
f 665/362/871 668/362/849 720/362/849 721/362/871
f 664/379/788 659/359/786 722/357/872 721/362/873
f 721/362/873 722/357/872 662/357/791 665/362/793
f 725/367/877 722/359/872 724/360/875 726/360/878
f 727/370/879 662/357/791 722/359/872 725/367/877
f 726/353/880 729/353/768 728/381/881 725/381/882
f 725/367/883 728/367/884 730/370/884 727/370/883
f 795/353/885 718/381/886 728/381/881 729/353/768
f 718/367/887 732/370/887 730/370/884 728/367/884
f 732/370/888 704/376/888 731/376/889 730/370/889
f 727/370/890 730/370/889 731/376/889 733/376/890
f 733/382/891 731/382/892 729/383/768 726/383/880
f 704/382/893 795/383/885 729/383/768 731/382/892
f 733/376/894 734/360/895 662/357/791 727/370/879
f 726/368/878 724/356/875 734/360/895 733/376/894
f 735/374/896 734/359/895 736/360/897 787/357/898
f 788/362/899 662/357/791 734/359/895 735/374/896
f 773/370/924 662/357/791 761/356/923 762/367/925
f 762/367/925 761/356/923 764/357/922 766/357/926
f 787/371/898 736/356/897 761/357/923 763/362/927
f 763/362/927 761/357/923 662/357/791 788/362/899
f 766/368/926 764/356/922 765/357/929 767/369/930
f 767/384/931 769/384/799 768/383/910 766/383/932
f 766/350/932 768/350/910 770/385/889 762/385/933
f 774/384/934 692/383/935 768/383/910 769/384/799
f 692/350/935 694/385/936 770/385/889 768/350/910
f 694/367/937 772/370/937 771/370/892 770/367/892
f 762/367/938 770/367/892 771/370/892 773/370/938
f 772/370/939 774/369/939 769/369/796 771/370/796
f 773/370/940 771/370/796 769/369/796 767/369/940
f 767/369/930 765/357/929 662/357/791 773/370/924
f 774/369/832 772/370/833 673/357/808 688/357/826
f 776/386/941 765/356/929 660/360/785 778/360/789
f 777/357/792 662/357/791 765/356/929 776/386/941
f 776/386/942 779/386/841 780/357/841 777/357/942
f 778/387/943 781/387/912 779/388/843 776/388/944
f 782/386/945 783/357/945 780/357/841 779/386/841
f 784/387/946 782/388/947 779/388/843 781/387/912
f 783/357/810 782/386/948 688/356/826 673/357/808
f 782/386/948 784/360/811 674/360/812 688/356/826
f 675/389/949 784/390/946 781/390/912 785/389/884
f 783/357/950 675/361/950 785/361/881 780/357/881
f 661/389/951 785/389/884 781/390/912 778/390/943
f 777/357/952 780/357/881 785/361/881 661/361/952
f 763/372/953 698/372/841 789/373/773 787/373/954
f 788/362/955 700/362/843 698/362/843 763/362/955
f 735/374/956 702/374/847 700/362/847 788/362/956
f 787/350/954 789/350/773 702/375/849 735/375/957
o wheels.038
v 0.895426 0.378095 1.168373
v 0.895426 0.141942 1.245104
v 0.895426 0.614249 1.245104
v 0.985693 0.378095 1.168373
v 0.805158 0.378095 1.168373
v 0.769371 0.378095 1.206002
v 0.805158 0.141942 1.245104
v 0.805158 0.614249 1.245104
v 0.805158 0.760200 1.445988
v 0.769371 0.592131 1.275547
v 0.769371 0.724413 1.457616
v 0.769371 0.544009 1.341782
v 0.769371 0.378095 1.287874
v 0.769371 0.646549 1.482916
v 0.798449 0.501164 1.400754
v 0.798449 0.577225 1.505443
v 0.798449 0.378095 1.360767
v 0.797581 0.471087 1.409552
v 0.797581 0.378095 1.570147
v 0.797581 0.502094 1.427000
v 0.797581 0.562552 1.510213
v 0.797581 0.404271 1.561642
v 0.895426 0.504503 1.469142
v 0.895426 0.539731 1.517628
v 0.895426 0.447504 1.547595
v 0.993270 0.502094 1.427000
v 0.993270 0.562552 1.510213
v 0.993270 0.404271 1.561642
v 0.992402 0.501164 1.400754
v 1.021481 0.544009 1.341782
v 0.992402 0.577225 1.505443
v 0.992402 0.378095 1.360767
v 0.993270 0.378095 1.570147
v 0.993270 0.471087 1.409552
v 0.993270 0.378095 1.537544
v 0.993270 0.378095 1.379338
v 0.895426 0.432279 1.419754
v 0.895426 0.378095 1.494331
v 0.895426 0.378095 1.402148
v 0.797581 0.378095 1.379338
v 0.895426 0.323911 1.419754
v 0.797581 0.285104 1.409552
v 0.993270 0.285104 1.409552
v 0.992402 0.255026 1.400754
v 1.021481 0.212182 1.341782
v 0.992402 0.178965 1.505443
v 0.993270 0.254097 1.426913
v 0.895426 0.251686 1.469090
v 0.993270 0.193587 1.510197
v 0.993270 0.352003 1.561669
v 0.993270 0.193587 1.613141
v 0.895426 0.308733 1.547610
v 0.895426 0.216428 1.577602
v 0.797581 0.352003 1.561669
v 0.797581 0.254097 1.426913
v 0.797581 0.193587 1.613141
v 0.797581 0.193587 1.510197
v 0.798449 0.178965 1.634846
v 0.798449 0.255026 1.739534
v 0.798449 0.178965 1.505443
v 0.797581 0.203637 1.643842
v 0.769371 0.109642 1.657368
v 0.769371 0.031778 1.682667
v 0.769371 0.212182 1.798502
v 0.769371 0.109642 1.482916
v 0.769371 0.031778 1.457616
v 0.769371 0.212182 1.341782
v 0.769371 0.164059 1.275547
v 0.798449 0.255026 1.400754
v 0.805158 -0.004010 1.445988
v 0.895426 -0.004010 1.445988
v 0.805158 -0.004010 1.694295
v 0.805158 0.141942 1.895180
v 0.895426 -0.004010 1.694295
v 0.895426 0.141942 1.895180
v 0.985693 -0.004010 1.694295
v 1.021481 0.031778 1.682667
v 0.985693 -0.004010 1.445988
v 0.985693 0.141942 1.895180
v 1.021481 0.164059 1.864737
v 0.985693 0.378095 1.971911
v 1.021481 0.378095 1.934282
v 0.895426 0.378095 1.971911
v 0.985693 0.614249 1.895180
v 0.985693 0.760200 1.694295
v 1.021481 0.592131 1.864737
v 0.895426 0.614249 1.895180
v 0.895426 0.760200 1.694295
v 0.805158 0.614249 1.895180
v 0.769371 0.592131 1.864737
v 0.805158 0.760200 1.694295
v 0.805158 0.378095 1.971911
v 0.769371 0.378095 1.934282
v 0.769371 0.378095 1.852410
v 0.769371 0.164059 1.864737
v 0.769371 0.544009 1.798502
v 0.798449 0.378095 1.779522
v 0.797581 0.361918 1.758840
v 0.798449 0.501164 1.739534
v 0.797581 0.394221 1.758910
v 0.895426 0.420963 1.726205
v 0.797581 0.492127 1.727099
v 0.797581 0.394221 1.592342
v 0.797581 0.552637 1.643815
v 0.895426 0.420963 1.629150
v 0.895426 0.513269 1.659142
v 0.993270 0.394221 1.592342
v 0.993270 0.552637 1.643815
v 0.993270 0.394221 1.758910
v 0.993270 0.492127 1.727099
v 0.992402 0.378095 1.779522
v 0.993270 0.361918 1.758840
v 0.992402 0.255026 1.739534
v 0.992402 0.501164 1.739534
v 1.021481 0.378095 1.852410
v 1.021481 0.212182 1.798502
v 1.021481 0.544009 1.798502
v 1.021481 0.646549 1.657368
v 0.992402 0.577225 1.634846
v 1.021481 0.646549 1.482916
v 1.021481 0.724413 1.682667
v 1.021481 0.724413 1.457616
v 0.985693 0.760200 1.445988
v 1.021481 0.592131 1.275547
v 0.985693 0.614249 1.245104
v 1.021481 0.378095 1.206002
v 1.021481 0.164059 1.275547
v 1.021481 0.378095 1.287874
v 1.021481 0.031778 1.457616
v 0.985693 0.141942 1.245104
v 1.021481 0.109642 1.482916
v 1.021481 0.109642 1.657368
v 0.992402 0.178965 1.634846
v 0.993270 0.203637 1.643842
v 0.993270 0.264095 1.727055
v 0.895426 0.242972 1.659155
v 0.993270 0.361918 1.592413
v 0.895426 0.335199 1.629189
v 0.797581 0.361918 1.592413
v 0.895426 0.335199 1.726162
v 0.895426 0.278199 1.707642
v 0.797581 0.264095 1.727055
v 0.895426 0.760200 1.445988
v 0.993270 0.562552 1.613071
v 0.895426 0.539731 1.577561
v 0.797581 0.562552 1.613071
v 0.798449 0.577225 1.634846
v 0.769371 0.646549 1.657368
v 0.769371 0.724413 1.682667
v 0.895426 0.478011 1.707669
v 0.895426 0.216428 1.517618
v 0.797581 0.378095 1.537544
vn 0.3686 -0.0000 -0.9296
vn 0.3686 -0.5464 -0.7521
vn -0.0000 -0.5878 -0.8090
vn -0.0000 -0.0000 -1.0000
vn -0.3686 -0.0000 -0.9296
vn -0.3686 -0.5464 -0.7521
vn 0.3686 0.5464 -0.7521
vn -0.0000 0.5878 -0.8090
vn -0.3686 0.5464 -0.7521
vn -0.9022 -0.2535 -0.3490
vn -0.9022 -0.0000 -0.4314
vn -0.9022 0.2535 -0.3490
vn -0.3686 0.8841 -0.2873
vn -0.0000 0.9511 -0.3090
vn -0.9022 0.4102 -0.1333
vn -0.9884 -0.0892 0.1228
vn -0.9884 -0.1444 0.0469
vn -0.9884 -0.0000 0.1518
vn -0.9785 -0.0000 0.2062
vn -0.9767 -0.1262 0.1733
vn -0.9793 -0.1925 0.0626
vn -0.9996 0.0142 -0.0263
vn -0.9984 0.0534 -0.0173
vn -0.9989 -0.0000 -0.0467
vn -0.9997 0.0174 -0.0180
vn -0.9999 -0.0000 0.0115
vn -1.0000 -0.0000 -0.0005
vn -0.9999 -0.0133 0.0043
vn -0.2382 -0.9237 0.3001
vn -0.2271 -0.7879 0.5724
vn -0.0000 -0.8090 0.5878
vn -0.0000 -0.9511 0.3090
vn -0.2634 0.7804 0.5670
vn -0.0000 0.8090 0.5878
vn 0.2382 -0.9237 0.3001
vn 0.2271 -0.7879 0.5724
vn 0.2634 0.7804 0.5670
vn 0.9996 0.0142 -0.0263
vn 0.9767 -0.1262 0.1733
vn 0.9793 -0.1925 0.0626
vn 0.9984 0.0534 -0.0173
vn 0.9999 -0.0133 0.0043
vn 1.0000 -0.0000 -0.0005
vn 0.9884 -0.1444 0.0469
vn 0.9884 -0.0892 0.1228
vn 0.9785 -0.0000 0.2062
vn 0.9884 -0.0000 0.1518
vn 0.9989 -0.0000 -0.0467
vn 0.9997 0.0174 -0.0180
vn 0.9999 -0.0000 0.0115
vn 0.2513 -0.7831 -0.5689
vn -0.0000 -0.8090 -0.5878
vn 0.2165 -0.3017 0.9285
vn -0.0000 -0.3090 0.9511
vn -0.0000 -0.0000 1.0000
vn 0.2270 -0.0000 0.9739
vn -0.2513 -0.7831 -0.5689
vn -0.2165 -0.3017 0.9285
vn -0.2270 -0.0000 0.9739
vn -0.2165 0.3017 0.9285
vn -0.0000 0.3090 0.9511
vn 0.2165 0.3017 0.9285
vn -0.2513 0.7831 -0.5689
vn -0.0000 0.8090 -0.5878
vn 0.2513 0.7831 -0.5689
vn 0.9767 0.1262 0.1733
vn 0.9997 -0.0174 -0.0180
vn 0.9884 0.0892 0.1228
vn 0.9793 0.1925 0.0625
vn 0.9884 0.1444 0.0469
vn 0.9984 -0.0536 -0.0174
vn 0.9996 -0.0142 -0.0264
vn 0.9999 0.0133 0.0043
vn 0.2636 -0.7804 0.5670
vn 0.2273 0.7878 0.5724
vn -0.0000 0.9511 0.3090
vn 0.2384 0.9236 0.3001
vn 0.9769 0.2031 -0.0660
vn 0.9996 -0.0270 0.0130
vn 0.2636 -0.2981 -0.9174
vn -0.0000 -0.3090 -0.9511
vn -0.2636 -0.7804 0.5670
vn -0.2636 -0.2981 -0.9174
vn -0.9996 -0.0142 -0.0264
vn -0.9999 0.0133 0.0043
vn -0.9767 0.1262 0.1733
vn -0.9996 -0.0270 0.0130
vn -0.9769 0.2031 -0.0660
vn -0.2384 0.9236 0.3001
vn -0.2273 0.9738 -0.0000
vn -0.0000 1.0000 -0.0000
vn -0.9984 -0.0536 -0.0174
vn -0.9793 0.1925 0.0625
vn -0.9984 -0.0330 0.0454
vn -0.9996 -0.0294 0.0053
vn -0.9793 0.1190 -0.1638
vn -0.9884 0.1444 -0.0469
vn -0.9884 0.0892 -0.1228
vn -0.9884 0.1444 0.0469
vn -0.9999 0.0082 -0.0113
vn -0.9022 -0.2535 0.3490
vn -0.9022 -0.4102 0.1333
vn -0.9022 -0.4102 -0.1333
vn -0.9884 0.0892 0.1228
vn -0.9997 -0.0174 -0.0180
vn -0.3686 -0.8841 -0.2873
vn -0.3686 -0.8841 0.2873
vn -0.0000 -0.9511 -0.3090
vn -0.3686 -0.5464 0.7521
vn -0.0000 -0.5878 0.8090
vn 0.3686 -0.8841 -0.2873
vn 0.3686 -0.8841 0.2873
vn 0.3686 -0.5464 0.7521
vn 0.9022 -0.4102 -0.1333
vn 0.9022 -0.4102 0.1333
vn 0.9022 -0.2535 0.3490
vn 0.9022 -0.0000 0.4314
vn 0.3686 -0.0000 0.9296
vn 0.9022 0.2535 0.3490
vn 0.3686 0.5464 0.7521
vn -0.0000 0.5878 0.8090
vn 0.9022 0.4102 0.1333
vn 0.3686 0.8841 0.2873
vn -0.3686 0.5464 0.7521
vn -0.3686 0.8841 0.2873
vn -0.3686 -0.0000 0.9296
vn -0.9022 0.4102 0.1333
vn -0.9022 0.2535 0.3490
vn -0.9022 -0.0000 0.4314
vn -0.9884 -0.0892 -0.1228
vn -0.9884 -0.0000 -0.1518
vn -0.9769 -0.0000 -0.2136
vn -0.9793 -0.1190 -0.1637
vn -0.9996 0.0040 0.0296
vn -0.9984 0.0331 0.0456
vn -0.9996 -0.0040 0.0297
vn -0.9999 -0.0082 -0.0113
vn -0.2273 -0.3009 -0.9262
vn -0.2384 -0.5708 -0.7857
vn -0.2636 0.9646 -0.0000
vn -0.2636 -0.2981 0.9174
vn -0.9996 0.0295 0.0054
vn -0.9769 -0.2031 -0.0660
vn 0.2636 -0.2981 0.9174
vn 0.2636 0.9646 -0.0000
vn 0.9999 -0.0082 -0.0113
vn 0.9769 -0.2031 -0.0660
vn 0.9996 0.0295 0.0054
vn 0.9995 -0.0040 0.0297
vn 0.9769 -0.0000 -0.2136
vn 0.2273 -0.3009 -0.9262
vn 0.2384 -0.5708 -0.7857
vn 0.9984 0.0331 0.0456
vn 0.9793 -0.1190 -0.1637
vn 0.9999 0.0082 -0.0113
vn 0.9996 0.0040 0.0296
vn 0.9793 0.1190 -0.1638
vn 0.9984 -0.0330 0.0454
vn 0.9884 0.0892 -0.1228
vn 0.9884 -0.0000 -0.1518
vn 0.9884 -0.0892 -0.1228
vn 0.9884 -0.1444 -0.0469
vn 0.9022 0.4102 -0.1333
vn 0.3686 0.8841 -0.2873
vn 0.9022 0.2535 -0.3490
vn 0.9022 -0.0000 -0.4314
vn 0.9022 -0.2535 -0.3490
vn 0.9884 0.1444 -0.0469
vn 0.9996 -0.0294 0.0053
vn 0.2271 0.7879 -0.5724
vn 0.2382 0.5709 -0.7857
vn 0.2634 0.2981 0.9175
vn 0.2634 -0.9647 -0.0000
vn -0.0000 -1.0000 -0.0000
vn -0.2634 -0.9647 -0.0000
vn -0.2634 0.2981 0.9175
vn -0.0000 0.3090 -0.9511
vn 0.2271 0.3009 -0.9262
vn -0.2382 0.5709 -0.7857
vn -0.2271 0.3009 -0.9262
vn -0.2271 0.7879 -0.5724
vn 0.9996 0.0269 0.0130
vn 0.2271 -0.9739 -0.0000
vn 0.2634 0.2981 -0.9175
vn -0.2271 -0.9739 -0.0000
vn -0.2634 0.2981 -0.9175
vn -0.9996 0.0269 0.0130
vn -0.9884 -0.1444 -0.0469
vn 0.2273 -0.7878 -0.5724
vn -0.2273 -0.7878 -0.5724
vn -0.2273 0.7878 0.5724
vn 0.2273 0.9738 -0.0000
vt 0.975777 0.347738
vt 0.975777 0.375608
vt 0.992922 0.375608
vt 0.992922 0.347738
vt 0.969168 0.374303
vt 0.969168 0.349043
vt 0.969168 0.347738
vt 0.990697 0.350349
vt 0.969168 0.350349
vt 0.985856 0.356028
vt 0.969168 0.356028
vt 0.990697 0.350349
vt 0.985856 0.356028
vt 0.969168 0.356028
vt 0.988834 0.528250
vt 0.975668 0.528250
vt 0.992356 0.528250
vt 0.990762 0.528250
vt 0.978247 0.528250
vt 0.975668 0.528250
vt 0.992356 0.528250
vt 0.977845 0.528250
vt 0.982334 0.356028
vt 0.971747 0.356028
vt 0.984262 0.356028
vt 0.969168 0.356028
vt 0.981683 0.356028
vt 0.988183 0.528250
vt 0.991015 0.528250
vt 0.977838 0.528250
vt 0.975668 0.528250
vt 0.971338 0.356028
vt 0.984515 0.356028
vt 0.988845 0.528250
vt 0.982345 0.356028
vt 0.991011 0.528250
vt 0.990697 0.350349
vt 0.990697 0.350349
vt 0.969168 0.350348
vt 0.969168 0.374303
vt 0.988833 0.528250
vt 0.977838 0.528250
vt 0.971338 0.356028
vt 0.990697 0.350348
vt 0.971345 0.356028
vt 0.984511 0.356028
vt 0.982334 0.356028
vt 0.991011 0.528250
vt 0.984511 0.356028
vt 0.982345 0.356028
s 1
usemtl texture
f 799/391/958 925/392/959 797/393/960 796/394/961
f 800/391/962 796/394/961 797/393/960 802/392/963
f 920/391/964 799/392/958 796/393/961 798/394/965
f 803/391/966 798/394/965 796/393/961 800/392/962
f 800/391/962 802/392/963 863/395/967 801/396/968
f 803/391/966 800/392/962 801/395/968 805/396/969
f 804/391/970 938/394/971 798/393/965 803/392/966
f 804/397/970 803/394/966 805/398/969 806/399/972
f 805/398/969 807/400/973 809/401/974 806/399/972
f 801/402/968 808/403/975 807/404/973 805/399/969
f 807/404/973 808/403/975 812/403/976 810/404/977
f 809/401/974 807/400/973 810/400/977 811/401/978
f 915/401/1001 826/401/997 824/400/996 825/400/1002
f 825/404/1002 824/404/996 827/403/1003 923/403/1004
f 923/404/1004 827/404/1003 839/400/1023 840/400/1025
f 840/401/1025 839/401/1023 841/400/1026 926/400/1027
f 857/401/1054 859/400/1055 854/400/1053 853/401/1045
f 860/401/1056 857/400/1054 853/400/1045 855/401/1050
f 890/427/1058 859/400/1055 857/401/1054 858/399/1059
f 858/428/1059 857/400/1054 860/401/1056 861/399/1060
f 861/427/1060 860/400/1056 862/401/1061 863/429/967
f 862/401/1061 860/400/1056 855/400/1050 864/401/1043
f 863/428/967 862/400/1061 808/404/975 801/399/968
f 808/404/975 862/400/1061 864/400/1043 812/404/976
f 802/397/963 865/394/1063 861/427/1060 863/429/967
f 865/391/1063 867/392/1064 858/395/1059 861/396/1060
f 865/391/1063 866/394/1065 869/393/989 867/392/1064
f 802/391/963 797/394/960 866/393/1065 865/392/1063
f 867/397/1064 868/394/1066 890/427/1058 858/399/1059
f 867/391/1064 869/394/989 870/393/1067 868/392/1066
f 873/391/1068 871/392/1069 869/393/989 866/394/1065
f 871/391/1069 874/392/1070 870/393/1067 869/394/989
f 873/391/1068 924/396/1071 872/395/1072 871/392/1069
f 871/397/1069 872/399/1072 875/427/1073 874/394/1070
f 874/397/1070 875/399/1073 877/402/1074 876/394/1075
f 874/391/1070 876/392/1075 878/393/1012 870/394/1067
f 876/397/1075 877/399/1074 881/428/1076 879/394/1077
f 876/391/1075 879/392/1077 882/393/1078 878/394/1012
f 879/391/1077 881/396/1076 916/430/1079 880/392/1080
f 879/391/1077 880/392/1080 883/393/1033 882/394/1078
f 884/391/1081 882/394/1078 883/393/1033 886/392/1082
f 887/391/1083 878/394/1012 882/393/1078 884/392/1081
f 884/391/1081 886/392/1082 944/430/1084 885/396/1085
f 887/397/1083 884/394/1081 885/428/1085 888/399/1086
f 868/397/1066 887/394/1083 888/402/1086 890/399/1058
f 868/391/1066 870/394/1067 878/393/1012 887/392/1083
f 885/428/1085 891/400/1087 889/404/1088 888/399/1086
f 888/402/1086 889/403/1088 859/404/1055 890/399/1058
f 859/404/1055 889/403/1088 892/403/1089 854/404/1053
f 889/404/1088 891/400/1087 894/400/1090 892/404/1089
f 911/404/1116 908/404/1114 906/403/1107 910/403/1117
f 910/404/1117 906/404/1107 909/400/1111 912/400/1118
f 877/402/1074 875/399/1073 911/404/1116 910/403/1117
f 881/428/1076 877/399/1074 910/404/1117 912/400/1118
f 916/428/1079 881/399/1076 912/404/1118 913/403/1119
f 912/404/1118 909/404/1111 914/403/1104 913/403/1119
f 913/401/1119 914/401/1104 826/403/997 915/403/1001
f 917/434/1120 916/399/1079 913/401/1119 915/403/1001
f 880/391/1080 916/396/1079 917/395/1120 918/392/1121
f 918/397/1121 917/399/1120 919/398/1122 920/394/964
f 919/398/1122 917/399/1120 915/401/1001 825/400/1002
f 920/391/964 919/396/1122 921/395/1123 799/392/958
f 921/402/1123 919/399/1122 825/404/1002 923/403/1004
f 922/428/1124 921/399/1123 923/404/1004 840/400/1025
f 799/391/958 921/396/1123 922/395/1124 925/392/959
f 924/427/1071 922/429/1124 840/401/1025 926/400/1027
f 925/397/959 922/429/1124 924/427/1071 873/394/1068
f 925/391/959 873/392/1068 866/393/1065 797/394/960
f 872/428/1072 924/399/1071 926/401/1027 927/400/1125
f 926/401/1027 841/401/1026 928/400/1035 927/400/1125
f 927/401/1125 928/401/1035 908/400/1114 911/400/1116
f 875/427/1073 872/399/1072 927/401/1125 911/400/1116
f 918/391/1121 920/392/964 798/393/965 938/394/971
f 880/391/1080 918/392/1121 938/393/971 883/394/1033
f 886/391/1082 883/394/1033 938/393/971 804/392/970
f 943/401/1145 809/403/974 811/403/978 942/401/1100
f 891/404/1087 943/403/1145 942/403/1100 894/404/1090
f 806/434/972 809/403/974 943/401/1145 944/399/1084
f 944/428/1084 943/403/1145 891/404/1087 885/399/1085
f 886/391/1082 804/392/970 806/395/972 944/396/1084
usemtl metallic
f 815/405/979 816/406/980 811/406/978 810/407/977
f 835/408/981 813/409/982 810/410/977 812/411/976
f 813/409/982 947/406/983 814/406/984 810/410/977
f 817/412/985 815/405/979 810/407/977 814/406/984
f 816/401/986 815/413/987 818/413/988 819/401/989
f 815/405/990 817/412/990 820/412/991 818/405/991
f 822/401/992 819/401/989 818/413/988 821/413/993
f 821/405/994 818/405/991 820/412/991 823/412/994
f 821/405/995 824/407/996 826/406/997 822/406/998
f 823/412/999 828/406/1000 824/407/996 821/405/995
f 831/408/1005 827/411/1003 824/410/996 829/409/1006
f 829/409/1006 824/410/996 828/406/1000 830/406/1007
f 830/406/1008 833/406/1009 832/409/1009 829/409/1008
f 829/414/1010 832/414/1011 834/415/1012 831/415/1013
f 947/406/1014 813/409/1014 832/409/1009 833/406/1009
f 813/414/1015 835/415/1016 834/415/1012 832/414/1011
f 835/416/1016 837/417/1017 836/417/1018 834/416/1012
f 831/416/1013 834/416/1012 836/417/1018 838/417/1019
f 837/418/1020 947/406/1020 833/406/1021 836/418/1021
f 838/418/1022 836/418/1021 833/406/1021 830/406/1022
f 830/406/1007 828/406/1000 839/407/1023 838/418/1024
f 838/418/1024 839/407/1023 827/410/1003 831/410/1005
f 844/419/1028 841/407/1026 839/406/1023 842/420/1029
f 842/420/1029 839/406/1023 828/406/1000 845/421/1030
f 845/421/1031 847/421/988 843/420/988 842/420/1031
f 842/422/1032 843/422/991 946/423/1033 844/423/1034
f 845/421/1030 828/406/1000 928/407/1035 846/424/1036
f 846/424/1037 848/424/1038 847/421/1038 845/421/1037
f 849/421/1039 850/420/1039 843/420/988 847/421/988
f 851/424/1040 849/421/1040 847/421/1038 848/424/1038
f 850/420/1041 849/421/1042 814/406/984 864/406/1043
f 849/421/1042 851/424/1044 853/407/1045 814/406/984
f 852/401/1046 851/425/1047 848/425/1048 946/401/1033
f 851/424/1044 852/406/1049 855/406/1050 853/407/1045
f 937/426/1051 856/412/1052 853/406/1045 854/407/1053
f 856/412/1052 934/412/1057 814/406/984 853/406/1045
f 837/418/1062 835/410/981 812/410/976 864/407/1043
f 947/406/983 837/418/1062 864/407/1043 814/406/984
f 852/419/1049 850/420/1041 864/406/1043 855/407/1050
f 893/431/1091 937/406/1051 854/410/1053 892/411/1089
f 934/412/1057 893/431/1091 892/411/1089 814/406/984
f 897/419/1092 895/432/1093 892/410/1089 894/407/1090
f 895/432/1093 898/421/1094 814/406/984 892/410/1089
f 895/433/1095 897/423/1096 945/423/960 896/433/1038
f 898/421/1097 895/432/1097 896/432/1048 900/421/1048
f 899/424/1098 898/421/1098 900/421/1011 901/424/1011
f 898/421/1094 899/424/1099 942/411/1100 814/406/984
f 903/424/1101 901/424/1011 900/421/1011 902/421/1101
f 902/421/1102 900/421/1048 896/432/1048 904/432/1102
f 902/421/1103 828/406/1000 914/411/1104 903/424/1105
f 904/432/1106 906/410/1107 828/406/1000 902/421/1103
f 904/433/1108 896/433/1038 945/423/960 905/423/1109
f 905/419/1110 909/407/1111 906/410/1107 904/432/1106
f 932/412/1112 828/406/1000 906/411/1107 907/431/1113
f 907/431/1113 906/411/1107 908/410/1114 930/406/1115
f 846/424/1036 928/407/1035 841/406/1026 844/406/1028
f 930/426/1115 908/407/1114 928/406/1035 929/412/1126
f 929/412/1126 928/406/1035 828/406/1000 932/412/1112
f 929/435/1127 931/435/1021 936/436/965 930/436/1128
f 932/412/1129 933/412/1018 931/412/1018 929/412/1129
f 907/431/1130 935/431/1131 933/412/1131 932/412/1130
f 893/431/1132 934/412/1132 933/412/1131 935/431/1131
f 934/412/1133 856/412/1133 931/412/1018 933/412/1018
f 930/401/1128 936/401/965 935/437/1134 907/437/1135
f 937/401/1136 893/437/1137 935/437/1134 936/401/965
f 856/435/1138 937/436/1136 936/436/965 931/435/1021
f 903/424/1105 914/411/1104 909/410/1111 905/410/1110
f 822/438/998 826/411/997 914/406/1104 939/412/1139
f 939/412/1139 914/406/1104 828/406/1000 823/412/999
f 939/435/1140 940/435/1131 819/439/989 822/439/992
f 823/412/1141 820/412/1134 940/412/1134 939/412/1141
f 941/435/1142 816/439/986 819/439/989 940/435/1131
f 817/412/1143 941/412/1143 940/412/1134 820/412/1134
f 816/438/980 941/412/1144 942/406/1100 811/411/978
f 941/412/1144 817/412/985 814/406/984 942/406/1100
f 899/424/1099 897/410/1092 894/410/1090 942/411/1100
f 905/404/1109 945/404/960 901/440/1009 903/440/1146
f 897/404/1096 899/440/1147 901/440/1009 945/404/960
f 850/422/1148 852/423/1046 946/423/1033 843/422/991
f 844/401/1034 946/401/1033 848/425/1048 846/425/1149
o wheels.039
v 0.895426 0.378095 -1.729965
v 0.895426 0.141942 -1.653234
v 0.895426 0.614249 -1.653234
v 0.985693 0.378095 -1.729965
v 0.805158 0.378095 -1.729965
v 0.769371 0.378095 -1.692336
v 0.805158 0.141942 -1.653234
v 0.805158 0.614249 -1.653234
v 0.805158 0.760200 -1.452350
v 0.769371 0.592131 -1.622791
v 0.769371 0.724413 -1.440722
v 0.769371 0.544009 -1.556556
v 0.769371 0.378095 -1.610465
v 0.769371 0.646549 -1.415422
v 0.798449 0.501164 -1.497584
v 0.798449 0.577225 -1.392895
v 0.798449 0.378095 -1.537571
v 0.797581 0.471087 -1.488786
v 0.797581 0.378095 -1.328191
v 0.797581 0.502094 -1.471338
v 0.797581 0.562552 -1.388124
v 0.797581 0.404271 -1.336696
v 0.895426 0.504503 -1.429196
v 0.895426 0.539731 -1.380710
v 0.895426 0.447504 -1.350743
v 0.993270 0.502094 -1.471338
v 0.993270 0.562552 -1.388124
v 0.993270 0.404271 -1.336696
v 0.992402 0.501164 -1.497584
v 1.021481 0.544009 -1.556556
v 0.992402 0.577225 -1.392895
v 0.992402 0.378095 -1.537571
v 0.993270 0.378095 -1.328191
v 0.993270 0.471087 -1.488786
v 0.993270 0.378095 -1.360794
v 0.993270 0.378095 -1.519000
v 0.895426 0.432279 -1.478584
v 0.895426 0.378095 -1.404007
v 0.895426 0.378095 -1.496190
v 0.797581 0.378095 -1.519000
v 0.895426 0.323911 -1.478584
v 0.797581 0.285104 -1.488786
v 0.993270 0.285104 -1.488786
v 0.992402 0.255026 -1.497584
v 0.993270 0.254097 -1.471425
v 1.021481 0.212182 -1.556556
v 0.992402 0.178965 -1.392895
v 1.021481 0.109642 -1.415422
v 0.992402 0.178965 -1.263492
v 0.993270 0.193587 -1.388141
v 0.993270 0.193587 -1.285196
v 0.895426 0.216428 -1.380720
v 0.895426 0.251686 -1.429248
v 0.895426 0.216428 -1.320737
v 0.797581 0.193587 -1.388141
v 0.797581 0.254097 -1.471425
v 0.797581 0.193587 -1.285196
v 0.798449 0.178965 -1.392895
v 0.798449 0.255026 -1.497584
v 0.798449 0.178965 -1.263492
v 0.769371 0.109642 -1.415422
v 0.769371 0.031778 -1.440722
v 0.769371 0.109642 -1.240970
v 0.769371 0.212182 -1.556556
v 0.769371 0.164059 -1.622791
v 0.769371 0.031778 -1.215671
v 0.769371 0.212182 -1.099836
v 0.769371 0.378095 -1.045928
v 0.769371 0.164059 -1.033601
v 0.798449 0.255026 -1.158803
v 0.798449 0.378095 -1.118816
v 0.797581 0.264095 -1.171283
v 0.797581 0.203637 -1.254496
v 0.895426 0.278199 -1.190696
v 0.797581 0.361918 -1.139498
v 0.797581 0.361918 -1.305925
v 0.895426 0.335199 -1.172176
v 0.895426 0.335199 -1.269149
v 0.993270 0.361918 -1.139498
v 0.993270 0.264095 -1.171283
v 0.993270 0.361918 -1.305925
v 0.992402 0.378095 -1.118816
v 0.992402 0.255026 -1.158803
v 0.992402 0.501164 -1.158803
v 1.021481 0.378095 -1.045928
v 0.993270 0.394221 -1.139428
v 0.895426 0.420963 -1.172133
v 0.993270 0.492127 -1.171239
v 0.993270 0.394221 -1.305996
v 0.993270 0.552637 -1.254524
v 0.895426 0.420963 -1.269188
v 0.895426 0.513269 -1.239196
v 0.797581 0.394221 -1.305996
v 0.797581 0.552637 -1.254524
v 0.797581 0.394221 -1.139428
v 0.797581 0.492127 -1.171239
v 0.895426 0.478011 -1.190669
v 0.798449 0.501164 -1.158803
v 0.798449 0.577225 -1.263492
v 0.769371 0.544009 -1.099836
v 0.769371 0.592131 -1.033601
v 0.769371 0.646549 -1.240970
v 0.769371 0.724413 -1.215671
v 0.805158 0.760200 -1.204043
v 0.805158 0.614249 -1.003158
v 0.895426 0.760200 -1.204043
v 0.895426 0.760200 -1.452350
v 0.895426 0.614249 -1.003158
v 0.985693 0.760200 -1.204043
v 0.985693 0.614249 -1.003158
v 1.021481 0.724413 -1.215671
v 0.985693 0.760200 -1.452350
v 1.021481 0.724413 -1.440722
v 0.985693 0.614249 -1.653234
v 1.021481 0.592131 -1.622791
v 1.021481 0.378095 -1.692336
v 1.021481 0.164059 -1.622791
v 1.021481 0.378095 -1.610465
v 1.021481 0.031778 -1.440722
v 0.985693 0.141942 -1.653234
v 0.985693 -0.004009 -1.452350
v 0.985693 -0.004009 -1.204043
v 0.895426 -0.004009 -1.452350
v 0.895426 -0.004009 -1.204043
v 0.805158 -0.004009 -1.452350
v 0.805158 -0.004009 -1.204043
v 0.805158 0.141942 -1.003158
v 0.805158 0.378095 -0.926427
v 0.895426 0.141942 -1.003158
v 0.895426 0.378095 -0.926427
v 0.985693 0.141942 -1.003158
v 1.021481 0.164059 -1.033601
v 0.985693 0.378095 -0.926427
v 1.021481 0.378095 -0.964056
v 1.021481 0.592131 -1.033601
v 1.021481 0.544009 -1.099836
v 1.021481 0.646549 -1.240970
v 1.021481 0.646549 -1.415422
v 0.992402 0.577225 -1.263492
v 0.993270 0.562552 -1.285267
v 0.895426 0.539731 -1.320777
v 0.797581 0.562552 -1.285267
v 1.021481 0.031778 -1.215671
v 1.021481 0.212182 -1.099836
v 1.021481 0.109642 -1.240970
v 0.769371 0.378095 -0.964056
v 0.993270 0.203637 -1.254496
v 0.895426 0.242972 -1.239182
v 0.797581 0.352003 -1.336669
v 0.895426 0.308733 -1.350728
v 0.993270 0.352003 -1.336669
v 0.797581 0.378095 -1.360794
vn 0.3686 -0.0000 -0.9296
vn 0.3686 -0.5464 -0.7521
vn -0.0000 -0.5878 -0.8090
vn -0.0000 -0.0000 -1.0000
vn -0.3686 -0.0000 -0.9296
vn -0.3686 -0.5464 -0.7521
vn 0.3686 0.5464 -0.7521
vn -0.0000 0.5878 -0.8090
vn -0.3686 0.5464 -0.7521
vn -0.9022 -0.2535 -0.3490
vn -0.9022 -0.0000 -0.4314
vn -0.9022 0.2535 -0.3490
vn -0.3686 0.8841 -0.2873
vn -0.0000 0.9511 -0.3090
vn -0.9022 0.4102 -0.1333
vn -0.9884 -0.0892 0.1228
vn -0.9884 -0.1444 0.0469
vn -0.9884 -0.0000 0.1518
vn -0.9785 -0.0000 0.2062
vn -0.9767 -0.1262 0.1733
vn -0.9793 -0.1925 0.0626
vn -0.9996 0.0142 -0.0263
vn -0.9984 0.0534 -0.0173
vn -0.9989 -0.0000 -0.0467
vn -0.9997 0.0174 -0.0180
vn -0.9999 -0.0000 0.0115
vn -1.0000 -0.0000 -0.0005
vn -0.9999 -0.0133 0.0043
vn -0.2382 -0.9237 0.3001
vn -0.2271 -0.7879 0.5724
vn -0.0000 -0.8090 0.5878
vn -0.0000 -0.9511 0.3090
vn -0.2634 0.7804 0.5670
vn -0.0000 0.8090 0.5878
vn 0.2382 -0.9237 0.3001
vn 0.2271 -0.7879 0.5724
vn 0.2634 0.7804 0.5670
vn 0.9996 0.0142 -0.0263
vn 0.9767 -0.1262 0.1733
vn 0.9793 -0.1925 0.0626
vn 0.9984 0.0534 -0.0173
vn 0.9999 -0.0133 0.0043
vn 1.0000 -0.0000 -0.0005
vn 0.9884 -0.1444 0.0469
vn 0.9884 -0.0892 0.1228
vn 0.9785 -0.0000 0.2062
vn 0.9884 -0.0000 0.1518
vn 0.9989 -0.0000 -0.0467
vn 0.9997 0.0174 -0.0180
vn 0.9999 -0.0000 0.0115
vn 0.2513 -0.7831 -0.5689
vn -0.0000 -0.8090 -0.5878
vn 0.2165 -0.3017 0.9285
vn -0.0000 -0.3090 0.9511
vn -0.0000 -0.0000 1.0000
vn 0.2270 -0.0000 0.9739
vn -0.2513 -0.7831 -0.5689
vn -0.2165 -0.3017 0.9285
vn -0.2270 -0.0000 0.9739
vn -0.2165 0.3017 0.9285
vn -0.0000 0.3090 0.9511
vn 0.2165 0.3017 0.9285
vn -0.2513 0.7831 -0.5689
vn -0.0000 0.8090 -0.5878
vn 0.2513 0.7831 -0.5689
vn 0.9767 0.1262 0.1733
vn 0.9997 -0.0174 -0.0180
vn 0.9996 -0.0142 -0.0264
vn 0.9999 0.0133 0.0043
vn 0.9984 -0.0536 -0.0174
vn 0.9793 0.1925 0.0625
vn 0.9884 0.0892 0.1228
vn 0.9884 0.1444 0.0469
vn 0.9769 0.2031 -0.0660
vn 0.9884 0.1444 -0.0469
vn 0.9996 -0.0270 0.0130
vn 0.2273 0.7878 0.5724
vn -0.0000 0.9511 0.3090
vn 0.2384 0.9236 0.3001
vn -0.0000 1.0000 -0.0000
vn 0.2273 0.9738 -0.0000
vn -0.2273 0.7878 0.5724
vn -0.2384 0.9236 0.3001
vn -0.2273 0.9738 -0.0000
vn -0.9984 -0.0536 -0.0174
vn -0.9996 -0.0142 -0.0264
vn -0.9767 0.1262 0.1733
vn -0.9793 0.1925 0.0625
vn -0.9996 -0.0270 0.0130
vn -0.9769 0.2031 -0.0660
vn -0.9884 0.0892 0.1228
vn -0.9884 0.1444 0.0469
vn -0.9884 0.1444 -0.0469
vn -0.9022 -0.4102 -0.1333
vn -0.9022 -0.4102 0.1333
vn -0.3686 -0.8841 -0.2873
vn -0.9022 -0.2535 0.3490
vn -0.9884 0.0892 -0.1228
vn -0.9793 0.1190 -0.1638
vn -0.9022 -0.0000 0.4314
vn -0.9884 -0.0000 -0.1518
vn -0.9769 -0.0000 -0.2136
vn -0.9984 -0.0330 0.0454
vn -0.9996 -0.0294 0.0053
vn -0.9996 0.0040 0.0296
vn -0.2271 0.7879 -0.5724
vn -0.2382 0.5709 -0.7857
vn -0.2271 0.3009 -0.9262
vn -0.0000 0.3090 -0.9511
vn -0.9999 0.0082 -0.0113
vn -0.2634 -0.9647 -0.0000
vn -0.0000 -1.0000 -0.0000
vn 0.2634 -0.9647 -0.0000
vn 0.2382 0.5709 -0.7857
vn 0.2271 0.3009 -0.9262
vn 0.9996 0.0040 0.0296
vn 0.9769 -0.0000 -0.2136
vn 0.9793 0.1190 -0.1638
vn 0.9984 -0.0330 0.0454
vn 0.9999 0.0082 -0.0113
vn 0.9884 0.0892 -0.1228
vn 0.9884 -0.0000 -0.1518
vn 0.9984 0.0331 0.0456
vn 0.9793 -0.1190 -0.1637
vn 0.9995 -0.0040 0.0297
vn 0.9884 -0.0892 -0.1228
vn 0.9999 -0.0082 -0.0113
vn 0.2273 -0.3009 -0.9262
vn -0.0000 -0.3090 -0.9511
vn 0.2384 -0.5708 -0.7857
vn 0.2636 0.9646 -0.0000
vn 0.9769 -0.2031 -0.0660
vn 0.9996 0.0295 0.0054
vn 0.2636 -0.2981 0.9174
vn -0.2636 -0.2981 0.9174
vn -0.2636 0.9646 -0.0000
vn -0.9999 -0.0082 -0.0113
vn -0.9996 0.0295 0.0054
vn -0.9769 -0.2031 -0.0660
vn -0.9996 -0.0040 0.0297
vn -0.9984 0.0331 0.0456
vn -0.9793 -0.1190 -0.1637
vn -0.2273 -0.3009 -0.9262
vn -0.2384 -0.5708 -0.7857
vn -0.2273 -0.7878 -0.5724
vn -0.9884 -0.0892 -0.1228
vn -0.9884 -0.1444 -0.0469
vn -0.9022 0.2535 0.3490
vn -0.9022 0.4102 0.1333
vn -0.3686 0.5464 0.7521
vn -0.3686 0.8841 0.2873
vn -0.0000 0.5878 0.8090
vn 0.3686 0.8841 0.2873
vn 0.3686 0.8841 -0.2873
vn 0.3686 0.5464 0.7521
vn 0.9022 0.2535 0.3490
vn 0.9022 0.4102 0.1333
vn 0.9022 0.4102 -0.1333
vn 0.9022 0.2535 -0.3490
vn 0.9022 -0.0000 -0.4314
vn 0.9022 -0.2535 -0.3490
vn 0.9022 -0.4102 -0.1333
vn 0.3686 -0.8841 -0.2873
vn -0.0000 -0.9511 -0.3090
vn 0.9022 -0.4102 0.1333
vn 0.3686 -0.8841 0.2873
vn -0.3686 -0.8841 0.2873
vn -0.3686 -0.5464 0.7521
vn -0.0000 -0.5878 0.8090
vn -0.3686 -0.0000 0.9296
vn 0.3686 -0.5464 0.7521
vn 0.3686 -0.0000 0.9296
vn 0.9022 -0.2535 0.3490
vn 0.9022 -0.0000 0.4314
vn 0.9884 -0.1444 -0.0469
vn 0.9996 0.0269 0.0130
vn 0.2271 -0.9739 -0.0000
vn 0.2634 0.2981 -0.9175
vn -0.2271 -0.9739 -0.0000
vn -0.2634 0.2981 -0.9175
vn -0.9996 0.0269 0.0130
vn 0.2273 -0.7878 -0.5724
vn 0.9996 -0.0294 0.0053
vn 0.2634 0.2981 0.9175
vn 0.2271 0.7879 -0.5724
vn -0.2634 0.2981 0.9175
vn -0.9999 0.0133 0.0043
vn -0.9997 -0.0174 -0.0180
vn -0.2636 -0.2981 -0.9174
vn -0.2636 -0.7804 0.5670
vn 0.2636 -0.7804 0.5670
vn 0.2636 -0.2981 -0.9174
vt 0.975777 0.347738
vt 0.975777 0.375608
vt 0.992922 0.375608
vt 0.992922 0.347738
vt 0.969168 0.374303
vt 0.969168 0.349043
vt 0.969168 0.347738
vt 0.990697 0.350349
vt 0.969168 0.350349
vt 0.985856 0.356028
vt 0.969168 0.356028
vt 0.990697 0.350349
vt 0.985856 0.356028
vt 0.969168 0.356028
vt 0.988834 0.528250
vt 0.975668 0.528250
vt 0.992356 0.528250
vt 0.990762 0.528250
vt 0.978247 0.528250
vt 0.975668 0.528250
vt 0.992356 0.528250
vt 0.977845 0.528250
vt 0.982334 0.356028
vt 0.971747 0.356028
vt 0.984262 0.356028
vt 0.969168 0.356028
vt 0.981683 0.356028
vt 0.988183 0.528250
vt 0.977838 0.528250
vt 0.975668 0.528250
vt 0.991015 0.528250
vt 0.988845 0.528250
vt 0.971338 0.356028
vt 0.984515 0.356028
vt 0.982345 0.356028
vt 0.990697 0.350349
vt 0.969168 0.350348
vt 0.990697 0.350349
vt 0.991011 0.528250
vt 0.988833 0.528250
vt 0.971345 0.356028
vt 0.984511 0.356028
vt 0.982334 0.356028
vt 0.977838 0.528250
vt 0.971338 0.356028
vt 0.982345 0.356028
vt 0.990697 0.350348
vt 0.969168 0.374303
vt 0.991011 0.528250
vt 0.984511 0.356028
s 1
usemtl texture
f 951/441/1150 1067/442/1151 949/443/1152 948/444/1153
f 952/441/1154 948/444/1153 949/443/1152 954/442/1155
f 1061/441/1156 951/442/1150 948/443/1153 950/444/1157
f 955/441/1158 950/444/1157 948/443/1153 952/442/1154
f 952/441/1154 954/442/1155 1012/445/1159 953/446/1160
f 955/441/1158 952/442/1154 953/445/1160 957/446/1161
f 956/441/1162 1054/444/1163 950/443/1157 955/442/1158
f 956/447/1162 955/444/1158 957/448/1161 958/449/1164
f 957/448/1161 959/450/1165 961/451/1166 958/449/1164
f 953/452/1160 960/453/1167 959/454/1165 957/449/1161
f 959/454/1165 960/453/1167 964/453/1168 962/454/1169
f 961/451/1166 959/450/1165 962/450/1169 963/451/1170
f 1085/451/1193 978/451/1189 976/450/1188 977/450/1194
f 977/454/1194 976/454/1188 979/453/1195 1065/453/1196
f 1065/454/1196 979/454/1195 991/450/1215 993/450/1221
f 993/451/1221 991/451/1215 994/450/1220 995/450/1222
f 995/451/1222 994/451/1220 996/450/1223 1092/450/1224
f 1011/451/1240 1008/450/1241 1005/450/1237 1006/451/1236
f 1008/451/1241 1010/450/1242 1007/450/1239 1005/451/1237
f 1009/476/1243 1008/450/1241 1011/451/1240 1012/477/1159
f 1013/478/1244 1010/450/1242 1008/451/1241 1009/449/1243
f 1012/478/1159 1011/450/1240 960/454/1167 953/449/1160
f 960/454/1167 1011/450/1240 1006/450/1236 964/454/1168
f 954/447/1155 1072/444/1245 1009/476/1243 1012/477/1159
f 1016/476/1246 1014/450/1247 1010/451/1242 1013/449/1244
f 1010/451/1242 1014/450/1247 1017/450/1248 1007/451/1239
f 1093/452/1249 1015/453/1250 1014/454/1247 1016/449/1246
f 1014/454/1247 1015/453/1250 1018/453/1251 1017/454/1248
f 1091/454/1270 1030/454/1267 1029/453/1266 1032/453/1271
f 1032/454/1271 1029/454/1266 1031/450/1273 1083/450/1275
f 1047/454/1295 1049/453/1296 1046/453/1288 1045/454/1291
f 1015/454/1250 1047/450/1295 1045/450/1291 1018/454/1251
f 1048/478/1297 1047/450/1295 1015/454/1250 1093/449/1249
f 1050/478/1298 1049/453/1296 1047/454/1295 1048/449/1297
f 958/487/1164 961/453/1166 1049/451/1296 1050/449/1298
f 1049/451/1296 961/453/1166 963/453/1170 1046/451/1288
f 1052/441/1299 1051/442/1300 1050/488/1298 1048/446/1297
f 1051/441/1300 956/442/1162 958/445/1164 1050/446/1298
f 1052/441/1299 1055/444/1301 1053/443/1227 1051/442/1300
f 1051/441/1300 1053/444/1227 1054/443/1163 956/442/1162
f 1056/441/1302 1059/442/1303 1054/443/1163 1053/444/1227
f 1057/441/1304 1056/442/1302 1053/443/1227 1055/444/1301
f 1057/441/1304 1082/446/1305 1058/488/1306 1056/442/1302
f 1056/441/1302 1058/446/1306 1060/445/1307 1059/442/1303
f 1059/447/1303 1060/449/1307 1062/448/1308 1061/444/1156
f 1059/441/1303 1061/442/1156 950/443/1157 1054/444/1163
f 1061/441/1156 1062/446/1308 1063/445/1309 951/442/1150
f 1062/448/1308 1060/449/1307 1085/451/1193 977/450/1194
f 1063/452/1309 1062/449/1308 977/454/1194 1065/453/1196
f 1064/478/1310 1063/449/1309 1065/454/1196 993/450/1221
f 951/441/1150 1063/446/1309 1064/445/1310 1067/442/1151
f 1066/476/1311 1064/477/1310 993/451/1221 995/450/1222
f 1067/447/1151 1064/477/1310 1066/476/1311 1068/444/1312
f 1067/441/1151 1068/442/1312 1070/443/1313 949/444/1152
f 1068/441/1312 1066/446/1311 1090/445/1314 1069/442/1315
f 1068/441/1312 1069/442/1315 1071/443/1181 1070/444/1313
f 954/441/1155 949/444/1152 1070/443/1313 1072/442/1245
f 1072/441/1245 1070/444/1313 1071/443/1181 1073/442/1316
f 1072/441/1245 1073/442/1316 1013/445/1244 1009/446/1243
f 1073/447/1316 1074/444/1317 1016/476/1246 1013/449/1244
f 1073/441/1316 1071/444/1181 1076/443/1318 1074/442/1317
f 1074/447/1317 1075/444/1319 1093/452/1249 1016/449/1246
f 1074/441/1317 1076/444/1318 1077/443/1204 1075/442/1319
f 1078/441/1320 1080/442/1321 1077/443/1204 1076/444/1318
f 1069/441/1315 1078/442/1320 1076/443/1318 1071/444/1181
f 1069/447/1315 1090/449/1314 1079/476/1322 1078/444/1320
f 1078/447/1320 1079/449/1322 1081/452/1323 1080/444/1321
f 1080/447/1321 1081/449/1323 1082/478/1305 1057/444/1304
f 1080/441/1321 1057/442/1304 1055/443/1301 1077/444/1204
f 1082/478/1305 1081/449/1323 1032/454/1271 1083/450/1275
f 1081/452/1323 1079/449/1322 1091/454/1270 1032/453/1271
f 1058/478/1306 1082/449/1305 1083/454/1275 1084/453/1324
f 1083/454/1275 1031/454/1273 1086/453/1281 1084/453/1324
f 1060/487/1307 1058/449/1306 1084/451/1324 1085/453/1193
f 1084/451/1324 1086/451/1281 978/453/1189 1085/453/1193
f 1079/476/1322 1090/449/1314 1092/451/1224 1091/450/1270
f 1092/451/1224 996/451/1223 1030/450/1267 1091/450/1270
f 1090/478/1314 1066/449/1311 995/451/1222 1092/450/1224
f 1075/441/1319 1077/444/1204 1055/443/1301 1052/442/1299
f 1075/447/1319 1052/444/1299 1048/478/1297 1093/449/1249
usemtl metallic
f 967/455/1171 968/456/1172 963/456/1170 962/457/1169
f 987/458/1173 965/459/1174 962/460/1169 964/461/1168
f 965/459/1174 1099/456/1175 966/456/1176 962/460/1169
f 969/462/1177 967/455/1171 962/457/1169 966/456/1176
f 968/451/1178 967/463/1179 970/463/1180 971/451/1181
f 967/455/1182 969/462/1182 972/462/1183 970/455/1183
f 974/451/1184 971/451/1181 970/463/1180 973/463/1185
f 973/455/1186 970/455/1183 972/462/1183 975/462/1186
f 973/455/1187 976/457/1188 978/456/1189 974/456/1190
f 975/462/1191 980/456/1192 976/457/1188 973/455/1187
f 983/458/1197 979/461/1195 976/460/1188 981/459/1198
f 981/459/1198 976/460/1188 980/456/1192 982/456/1199
f 982/456/1200 985/456/1201 984/459/1201 981/459/1200
f 981/464/1202 984/464/1203 986/465/1204 983/465/1205
f 1099/456/1206 965/459/1206 984/459/1201 985/456/1201
f 965/464/1207 987/465/1208 986/465/1204 984/464/1203
f 987/466/1208 989/467/1209 988/467/1210 986/466/1204
f 983/466/1205 986/466/1204 988/467/1210 990/467/1211
f 989/468/1212 1099/456/1212 985/456/1213 988/468/1213
f 990/468/1214 988/468/1213 985/456/1213 982/456/1214
f 982/456/1199 980/456/1192 991/457/1215 990/468/1216
f 990/468/1216 991/457/1215 979/460/1195 983/460/1197
f 992/469/1217 991/456/1215 980/456/1192 1098/470/1218
f 997/471/1219 994/457/1220 991/456/1215 992/469/1217
f 998/472/1225 996/457/1223 994/456/1220 997/456/1219
f 992/473/1226 1000/473/1183 999/474/1227 997/474/1228
f 997/451/1228 999/451/1227 1001/475/1229 998/475/1230
f 1003/473/1231 1002/474/1232 999/474/1227 1000/473/1183
f 1002/451/1232 1004/475/1233 1001/475/1229 999/451/1227
f 1002/471/1234 1003/469/1235 1006/456/1236 1005/457/1237
f 1004/472/1238 1002/456/1234 1005/456/1237 1007/457/1239
f 1019/479/1252 1020/462/1253 1007/456/1239 1017/457/1248
f 1022/480/1254 1019/456/1252 1017/460/1248 1018/461/1251
f 1020/481/1255 1019/482/1256 1021/482/1157 1095/481/1213
f 1019/451/1256 1022/483/1257 1024/483/1258 1021/451/1157
f 1023/462/1259 1022/480/1254 1018/461/1251 966/456/1176
f 1022/480/1260 1023/462/1260 1025/462/1261 1024/480/1261
f 1026/480/1262 1024/480/1261 1025/462/1261 1028/462/1262
f 1027/451/1263 1021/451/1157 1024/483/1258 1026/483/1264
f 1026/480/1265 1029/461/1266 1030/460/1267 1027/456/1268
f 1028/462/1269 980/456/1192 1029/461/1266 1026/480/1265
f 1035/471/1272 1031/457/1273 1029/460/1266 1033/484/1274
f 1033/484/1274 1029/460/1266 980/456/1192 1036/470/1276
f 1033/485/1277 1034/485/1278 1044/474/1152 1035/474/1279
f 1036/470/1280 1038/470/1229 1034/484/1229 1033/484/1280
f 1036/470/1276 980/456/1192 1086/461/1281 1037/472/1282
f 1037/472/1283 1039/472/1203 1038/470/1203 1036/470/1283
f 1041/472/1284 1040/470/1284 1038/470/1203 1039/472/1203
f 1040/470/1285 1042/484/1285 1034/484/1229 1038/470/1229
f 1040/470/1286 1041/472/1287 1046/461/1288 966/456/1176
f 1042/484/1289 1040/470/1286 966/456/1176 1018/460/1251
f 1043/471/1290 1042/484/1289 1018/460/1251 1045/457/1291
f 1042/485/1292 1043/474/1293 1044/474/1152 1034/485/1278
f 1043/454/1293 1041/486/1294 1039/486/1201 1044/454/1152
f 1041/472/1287 1043/460/1290 1045/460/1291 1046/461/1288
f 1037/472/1282 1086/461/1281 1031/460/1273 1035/460/1272
f 1087/462/1325 1086/456/1281 980/456/1192 975/462/1191
f 974/489/1190 978/461/1189 1086/456/1281 1087/462/1325
f 1087/481/1326 1088/481/1261 971/490/1181 974/490/1184
f 975/462/1327 972/462/1258 1088/462/1258 1087/462/1327
f 1089/481/1328 968/490/1178 971/490/1181 1088/481/1261
f 969/462/1329 1089/462/1329 1088/462/1258 972/462/1258
f 968/489/1172 1089/462/1330 1046/456/1288 963/461/1170
f 1089/462/1330 969/462/1177 966/456/1176 1046/456/1288
f 1035/454/1279 1044/454/1152 1039/486/1201 1037/486/1331
f 1027/479/1268 1030/457/1267 996/456/1223 1094/462/1332
f 1094/462/1332 996/456/1223 980/456/1192 1028/462/1269
f 1028/462/1333 1025/462/1210 1095/462/1210 1094/462/1333
f 1094/481/1334 1095/481/1213 1021/482/1157 1027/482/1263
f 1023/462/1335 1020/462/1335 1095/462/1210 1025/462/1210
f 1020/462/1253 1023/462/1259 966/456/1176 1007/456/1239
f 1096/470/1336 1004/472/1238 1007/457/1239 966/456/1176
f 989/468/1337 987/460/1173 964/460/1168 1006/457/1236
f 1099/456/1175 989/468/1337 1006/457/1236 966/456/1176
f 1003/469/1235 1096/470/1336 966/456/1176 1006/456/1236
f 1004/472/1338 1096/470/1338 1097/470/1278 1001/472/1278
f 1096/470/1339 1003/469/1339 1000/469/1180 1097/470/1180
f 1098/470/1340 1097/470/1180 1000/469/1180 992/469/1340
f 998/472/1341 1001/472/1278 1097/470/1278 1098/470/1341
f 1098/470/1218 980/456/1192 996/457/1223 998/472/1225
