# Blender 5.1.2
# www.blender.org
mtllib ghini.mtl
o ghini
v 0.549777 0.386015 -1.755842
v 0.911800 0.188142 2.055237
v 0.541606 0.398336 1.075366
v 0.836696 0.833789 1.859020
v 0.853015 0.265802 -2.029065
v 0.760424 0.855373 -1.997157
v 0.000000 0.211147 -2.241253
v 0.000000 0.877840 -2.121412
v 0.000000 0.184926 2.351728
v 0.000000 0.569754 2.424981
v 0.548804 0.389284 -0.883720
v 0.898088 0.191983 -0.868830
v 0.800984 0.975783 -0.568427
v 0.536076 0.644081 -0.974994
v 0.557194 0.384159 2.033148
v 0.000000 1.273626 -0.751794
v 0.529217 0.642021 1.945032
v 0.548476 0.800278 -1.206425
v 0.542076 0.797873 -1.486427
v 0.535771 0.801365 1.704551
v 0.527833 0.639848 -1.692939
v 0.000000 0.871162 1.116576
v 0.893596 0.202258 0.870764
v 0.523267 0.811290 1.408867
v 0.745505 0.969228 -1.472076
v 0.509499 0.658777 1.171242
v 0.000000 0.951104 -1.593558
v 0.457369 0.610356 2.313084
v 0.396026 0.865200 -2.095122
v 0.439502 0.183916 2.345024
v 0.443722 0.212297 -2.198363
v 0.312017 0.568966 2.330615
v 0.281739 1.265296 -0.753965
v 0.337523 0.916797 1.026505
v 0.410793 0.966288 -1.574192
v 0.709745 0.185603 2.183467
v 0.741491 1.103027 -0.850718
v 0.000000 1.364685 0.348274
v 0.000000 1.388132 -0.101042
v 0.225208 1.370917 -0.083937
v 0.217115 1.332544 0.392659
v 0.679185 1.074217 -1.230986
v 0.581138 1.236557 -0.744303
v 0.822662 0.901082 -0.876879
v 0.710913 0.979607 0.865006
v 0.588530 1.316508 -0.052972
v 0.530208 1.328306 0.394625
v 0.348087 0.896671 1.056999
v 0.732576 0.992886 0.787302
v 0.215106 1.359156 0.356121
v 0.000000 0.893089 1.079681
v 0.568083 1.323132 0.345132
v 0.000000 1.337551 0.385884
v 0.336346 0.900035 1.013952
v 0.000000 0.876368 1.067050
v 0.709526 0.962746 0.852705
v 0.862767 0.407599 -2.047541
v 0.000000 0.407094 2.262446
v 0.000000 0.357924 -2.274997
v 0.815070 0.346995 -0.857037
v 0.805959 0.359830 0.860572
v 0.453674 0.281804 2.264146
v 0.362832 0.358872 -2.220593
v 0.828969 0.325026 2.037841
v 0.636602 0.284363 2.143559
v 0.817907 0.947640 -0.580959
v 0.761705 0.963022 0.881041
v 0.574081 1.350507 -0.056836
v 0.555639 1.352161 0.360107
v 0.719919 1.103804 -0.919033
v 0.783823 0.967949 -0.568389
v 0.714586 0.985147 0.787710
v 0.571475 1.308724 -0.052954
v 0.550857 1.315308 0.345285
v 0.724254 1.094540 -0.849786
v 0.000000 0.744331 1.793671
v 0.563591 0.874405 1.617604
v 0.288144 0.753885 1.724153
v 0.864358 0.958951 1.531919
v 0.657280 1.243813 -0.565554
v 0.668778 1.215587 -0.535516
v 0.652126 1.206501 -0.535286
v 0.497629 0.596301 2.087456
v 0.590752 0.287353 2.084442
v 0.543472 0.446925 2.232008
v 0.000000 0.404134 2.346930
v 0.838758 0.637238 0.871221
v 0.383566 0.425806 2.300609
v 0.881497 0.553501 2.021569
v 0.551976 0.446230 2.092020
v 0.877760 0.608688 -0.866902
v 0.872269 0.805223 1.391390
v 0.868479 0.661149 1.156770
v 0.566636 0.186042 1.955747
v 0.562361 0.197536 1.141674
v 0.910796 0.189053 1.929908
v 0.902232 0.199265 1.129524
v 0.825833 0.400048 1.065661
v 0.863019 0.792539 1.682024
v 0.861693 0.640832 1.915920
v 0.877911 0.565527 1.943126
v 0.828482 0.326182 1.989210
v 0.903641 0.190340 -0.948452
v 0.567316 0.191212 -0.946613
v 0.881451 0.643658 -0.977240
v 0.828801 0.388787 -0.886328
v 0.905446 0.637596 -1.695389
v 0.893180 0.378858 -1.757968
v 0.891977 0.217905 -1.689906
v 0.540171 0.177996 -1.683718
v 0.897862 0.796802 -1.486473
v 0.877394 0.799856 -1.206943
v 0.740320 0.642553 2.082998
v 0.000000 0.584294 -2.239129
v 0.388835 0.593033 -2.222791
v 0.373235 1.083084 -1.299404
v 0.000000 1.080564 -1.297164
v 0.231673 0.393142 2.212087
v 0.156401 0.404301 2.329131
v 0.000000 0.281565 2.327614
v 0.236290 0.281690 2.294558
v -0.549777 0.386015 -1.755842
v -0.911800 0.188142 2.055237
v -0.541606 0.398336 1.075366
v -0.836696 0.833789 1.859020
v -0.853015 0.265802 -2.029065
v -0.760424 0.855373 -1.997157
v -0.548804 0.389284 -0.883720
v -0.898088 0.191983 -0.868830
v -0.800984 0.975783 -0.568427
v -0.536076 0.644081 -0.974994
v -0.557194 0.384159 2.033148
v -0.529217 0.642021 1.945032
v -0.548476 0.800278 -1.206425
v -0.542076 0.797873 -1.486427
v -0.535771 0.801365 1.704551
v -0.527833 0.639848 -1.692939
v -0.893596 0.202258 0.870764
v -0.523268 0.811290 1.408867
v -0.745505 0.969228 -1.472076
v -0.509499 0.658777 1.171242
v -0.457369 0.610356 2.313084
v -0.396026 0.865200 -2.095122
v -0.439501 0.183916 2.345024
v -0.443722 0.212297 -2.198363
v -0.312017 0.568966 2.330615
v -0.281739 1.265296 -0.753965
v -0.337523 0.916797 1.026505
v -0.410793 0.966288 -1.574192
v -0.709745 0.185603 2.183467
v -0.741491 1.103027 -0.850718
v -0.225208 1.370917 -0.083937
v -0.217115 1.332544 0.392659
v -0.679185 1.074217 -1.230986
v -0.581138 1.236557 -0.744303
v -0.822662 0.901082 -0.876879
v -0.710913 0.979607 0.865006
v -0.588530 1.316508 -0.052972
v -0.530208 1.328306 0.394625
v -0.348087 0.896671 1.056999
v -0.732576 0.992886 0.787302
v -0.215106 1.359156 0.356121
v -0.568083 1.323132 0.345132
v -0.336346 0.900035 1.013952
v -0.709526 0.962746 0.852705
v -0.862767 0.407599 -2.047541
v -0.815070 0.346995 -0.857037
v -0.805959 0.359830 0.860572
v -0.453674 0.281804 2.264146
v -0.362832 0.358872 -2.220593
v -0.828969 0.325026 2.037841
v -0.636602 0.284363 2.143559
v -0.817907 0.947640 -0.580959
v -0.761705 0.963022 0.881041
v -0.574081 1.350507 -0.056836
v -0.555639 1.352161 0.360107
v -0.719919 1.103804 -0.919033
v -0.783823 0.967949 -0.568389
v -0.714586 0.985147 0.787710
v -0.571475 1.308724 -0.052954
v -0.550857 1.315308 0.345285
v -0.724254 1.094540 -0.849786
v -0.563591 0.874405 1.617604
v -0.288144 0.753885 1.724153
v -0.864358 0.958951 1.531919
v -0.657280 1.243813 -0.565554
v -0.668778 1.215587 -0.535516
v -0.652126 1.206501 -0.535286
v -0.497629 0.596301 2.087456
v -0.590752 0.287353 2.084442
v -0.543472 0.446925 2.232008
v -0.838758 0.637238 0.871221
v -0.383566 0.425806 2.300609
v -0.881497 0.553501 2.021569
v -0.551976 0.446230 2.092020
v -0.877760 0.608688 -0.866902
v -0.872269 0.805223 1.391390
v -0.868479 0.661149 1.156770
v -0.566636 0.186042 1.955747
v -0.562361 0.197536 1.141674
v -0.910796 0.189053 1.929908
v -0.902232 0.199265 1.129524
v -0.825834 0.400048 1.065661
v -0.863019 0.792539 1.682024
v -0.861693 0.640832 1.915920
v -0.877911 0.565527 1.943126
v -0.828482 0.326182 1.989210
v -0.903641 0.190340 -0.948452
v -0.567316 0.191212 -0.946613
v -0.881451 0.643658 -0.977240
v -0.828801 0.388787 -0.886328
v -0.905446 0.637596 -1.695389
v -0.893180 0.378858 -1.757968
v -0.891978 0.217905 -1.689906
v -0.540171 0.177996 -1.683718
v -0.897862 0.796802 -1.486473
v -0.877394 0.799856 -1.206943
v -0.740321 0.642553 2.082998
v -0.388835 0.593033 -2.222791
v -0.373235 1.083084 -1.299404
v -0.231673 0.393142 2.212087
v -0.156401 0.404301 2.329131
v -0.236290 0.281690 2.294558
v 0.738672 0.953391 0.853999
v 0.832890 1.062529 0.789343
v 0.722531 0.951986 0.832082
v 0.816715 1.061062 0.767451
v 0.759995 0.927121 0.839043
v 0.844755 1.029406 0.779861
v 0.743819 0.925654 0.817151
v 0.828614 1.028000 0.757944
v 0.832210 1.004246 0.803238
v 0.799608 0.993938 0.762649
v 0.978941 1.025713 0.730342
v 0.982885 1.090339 0.735673
v 0.974221 1.016743 0.676289
v 0.978165 1.097289 0.681620
v 0.877784 1.110102 0.780899
v 0.832210 1.074164 0.803238
v 0.799608 1.077165 0.762649
v 0.850456 1.119429 0.737763
v -0.738672 0.953391 0.853999
v -0.832890 1.062529 0.789343
v -0.722531 0.951986 0.832082
v -0.816715 1.061062 0.767451
v -0.759995 0.927121 0.839043
v -0.844755 1.029406 0.779861
v -0.743819 0.925654 0.817151
v -0.828614 1.028000 0.757944
v -0.832210 1.004246 0.803238
v -0.799608 0.993938 0.762649
v -0.978941 1.025713 0.730342
v -0.982885 1.090339 0.735673
v -0.974221 1.016743 0.676289
v -0.978165 1.097289 0.681620
v -0.877784 1.110102 0.780899
v -0.832210 1.074164 0.803238
v -0.799608 1.077165 0.762649
v -0.850456 1.119429 0.737763
v 0.258128 0.803576 -1.919073
v 0.258128 1.070041 -1.919073
v 0.274971 0.803576 -2.029175
v 0.274971 1.070041 -2.029175
v 0.341202 0.803576 -1.919073
v 0.341202 1.070041 -1.919073
v 0.324360 0.803576 -2.029175
v 0.324360 1.070041 -2.029175
v -0.258128 0.803576 -1.919073
v -0.258128 1.070041 -1.919073
v -0.274971 0.803576 -2.029175
v -0.274971 1.070041 -2.029175
v -0.341202 0.803576 -1.919073
v -0.341202 1.070041 -1.919073
v -0.324360 0.803576 -2.029175
v -0.324360 1.070041 -2.029175
v 0.847553 1.044747 -1.836797
v 0.847553 1.100320 -1.841443
v 0.847553 1.043817 -2.020373
v 0.847553 1.070756 -2.022625
v 0.013595 1.037275 -2.086396
v 0.013595 1.064214 -2.088648
v 0.013595 1.038204 -1.902820
v 0.013595 1.093778 -1.907466
v 0.299738 1.064633 -2.083641
v 0.585882 1.066110 -2.065975
v 0.299738 1.038623 -1.897813
v 0.585882 1.040100 -1.880147
v 0.585882 1.039171 -2.063723
v 0.299738 1.037694 -2.081388
v 0.585882 1.095673 -1.884793
v 0.299738 1.094196 -1.902458
v -0.789773 1.044747 -1.836797
v -0.789773 1.100320 -1.841443
v -0.789773 1.043817 -2.020373
v -0.789773 1.070756 -2.022625
v 0.044185 1.037275 -2.086396
v 0.044185 1.064214 -2.088648
v 0.044185 1.038204 -1.902820
v 0.044185 1.093778 -1.907466
v -0.241959 1.064633 -2.083641
v -0.528102 1.066110 -2.065975
v -0.241959 1.038623 -1.897813
v -0.528102 1.040100 -1.880147
v -0.528102 1.039171 -2.063723
v -0.241959 1.037694 -2.081388
v -0.528102 1.095673 -1.884793
v -0.241959 1.094196 -1.902458
v 0.000000 0.369537 -2.364851
v 0.000000 0.409191 -1.886439
v 0.076793 0.325201 -2.364851
v 0.076793 0.364855 -1.886439
v 0.076793 0.236528 -2.364851
v 0.076793 0.276182 -1.886439
v 0.000000 0.192192 -2.364851
v 0.000000 0.231846 -1.886439
v -0.076793 0.236528 -2.364851
v -0.076793 0.276182 -1.886439
v -0.076793 0.325201 -2.364851
v -0.076793 0.364855 -1.886439
v 0.000000 0.345144 -2.364851
v 0.055668 0.313004 -2.364851
v 0.055668 0.248725 -2.364851
v 0.000000 0.216585 -2.364851
v -0.055668 0.248725 -2.364851
v -0.055668 0.313004 -2.364851
v 0.000000 0.384798 -1.907624
v 0.055668 0.352658 -1.907624
v 0.055668 0.288379 -1.907624
v 0.000000 0.256239 -1.907624
v -0.055668 0.288379 -1.907624
v -0.055668 0.352658 -1.907624
v 0.196356 0.346101 -2.341414
v 0.196356 0.346101 -1.989447
v 0.252853 0.313483 -2.341414
v 0.252853 0.313483 -1.989447
v 0.252853 0.248246 -2.341414
v 0.252853 0.248246 -1.989447
v 0.196356 0.215628 -2.341414
v 0.196356 0.215628 -1.989447
v 0.139860 0.248246 -2.341414
v 0.139860 0.248246 -1.989447
v 0.139860 0.313483 -2.341414
v 0.139860 0.313483 -1.989447
v 0.196356 0.328155 -2.341414
v 0.237311 0.304510 -2.341414
v 0.237311 0.257220 -2.341414
v 0.196356 0.233574 -2.341414
v 0.155402 0.257220 -2.341414
v 0.155402 0.304510 -2.341414
v 0.196356 0.328155 -2.005032
v 0.237311 0.304510 -2.005032
v 0.237311 0.257220 -2.005032
v 0.196356 0.233574 -2.005032
v 0.155402 0.257220 -2.005032
v 0.155402 0.304510 -2.005032
v -0.196356 0.346101 -2.341414
v -0.196356 0.346101 -1.989446
v -0.252853 0.313483 -2.341414
v -0.252853 0.313483 -1.989446
v -0.252853 0.248246 -2.341414
v -0.252853 0.248246 -1.989446
v -0.196356 0.215628 -2.341414
v -0.196356 0.215628 -1.989446
v -0.139860 0.248246 -2.341414
v -0.139860 0.248246 -1.989446
v -0.139860 0.313483 -2.341414
v -0.139860 0.313483 -1.989446
v -0.196356 0.328155 -2.341414
v -0.237311 0.304510 -2.341414
v -0.237311 0.257220 -2.341414
v -0.196356 0.233574 -2.341414
v -0.155402 0.257220 -2.341414
v -0.155402 0.304510 -2.341414
v -0.196356 0.328155 -2.005032
v -0.237311 0.304510 -2.005032
v -0.237311 0.257220 -2.005032
v -0.196356 0.233574 -2.005032
v -0.155402 0.257220 -2.005032
v -0.155402 0.304510 -2.005032
v 0.383699 0.728557 -2.095713
v 0.341213 0.764521 -2.095713
v 0.383699 0.728557 -2.204857
v 0.341213 0.764521 -2.200091
v 0.690499 0.728557 -1.998440
v 0.678547 0.764521 -1.998440
v 0.690499 0.728557 -2.102487
v 0.678547 0.764521 -2.092315
v 0.713371 0.764521 -2.079065
v 0.725323 0.728557 -2.089237
v 0.725323 0.728557 -1.998440
v 0.713371 0.764521 -1.998440
v 0.658058 0.830568 -2.069157
v 0.658058 0.830568 -1.998440
v 0.692882 0.830568 -2.055907
v 0.692882 0.830568 -1.998440
v 0.712852 0.666180 -1.998440
v 0.712852 0.666180 -2.119204
v 0.747676 0.666180 -1.998440
v 0.747676 0.666180 -2.105953
v -0.383699 0.728558 -2.095714
v -0.341213 0.764521 -2.095714
v -0.383699 0.728558 -2.204858
v -0.341213 0.764521 -2.200092
v -0.690499 0.728558 -1.998440
v -0.678547 0.764521 -1.998440
v -0.690499 0.728558 -2.102488
v -0.678547 0.764521 -2.092315
v -0.713371 0.764521 -2.079065
v -0.725323 0.728558 -2.089237
v -0.725323 0.728558 -1.998440
v -0.713371 0.764521 -1.998440
v -0.658058 0.830568 -2.069157
v -0.658058 0.830568 -1.998440
v -0.692881 0.830568 -2.055907
v -0.692881 0.830568 -1.998440
v -0.712852 0.666180 -1.998440
v -0.712852 0.666180 -2.119204
v -0.747676 0.666180 -1.998440
v -0.747676 0.666180 -2.105954
v 0.184550 0.514415 -2.078106
v 0.184550 0.611862 -2.078106
v 0.184550 0.514415 -2.264608
v 0.184550 0.611862 -2.264608
v 0.000000 0.514973 -2.259389
v 0.000000 0.611304 -2.259389
v 0.000000 0.514973 -2.079077
v 0.000000 0.611304 -2.079077
v 0.390458 0.617886 -2.243223
v 0.390458 0.508390 -2.243223
v 0.390458 0.508390 -2.067627
v 0.390458 0.617886 -2.067627
v 0.641226 0.631350 -2.184644
v 0.643390 0.494927 -2.184644
v 0.639061 0.494927 -2.044208
v 0.639061 0.631350 -2.044208
v 0.797677 0.653147 -2.123992
v 0.799588 0.473129 -2.121868
v 0.857500 0.467548 -2.046717
v 0.842816 0.652190 -2.053138
v -0.184550 0.514415 -2.078106
v -0.184550 0.611862 -2.078106
v -0.184550 0.514415 -2.264608
v -0.184550 0.611862 -2.264608
v -0.390458 0.617886 -2.243223
v -0.390458 0.508390 -2.243223
v -0.390458 0.508390 -2.067627
v -0.390458 0.617886 -2.067627
v -0.641226 0.631350 -2.184644
v -0.643390 0.494927 -2.184644
v -0.639062 0.494927 -2.044208
v -0.639062 0.631350 -2.044208
v -0.797677 0.653147 -2.123992
v -0.799588 0.473129 -2.121868
v -0.857500 0.467548 -2.046717
v -0.842816 0.652190 -2.053138
v 0.000000 0.453241 -2.141551
v 0.312918 0.453241 -2.141551
v 0.000000 0.453241 -2.284547
v 0.312918 0.453241 -2.284547
v 0.000000 0.404072 -2.141551
v 0.268661 0.404072 -2.141551
v 0.000000 0.404072 -2.284547
v 0.268661 0.404072 -2.284547
v 0.472777 0.292144 -2.141551
v 0.472777 0.292144 -2.238279
v 0.473024 0.220128 -2.238279
v 0.473024 0.220128 -2.141551
v 0.861209 0.344808 -1.924676
v 0.861209 0.344808 -2.067672
v 0.852543 0.264095 -2.074406
v 0.852543 0.264095 -1.931410
v -0.312918 0.453241 -2.141551
v -0.312918 0.453241 -2.284547
v -0.268661 0.404072 -2.141551
v -0.268661 0.404072 -2.284547
v -0.472776 0.292144 -2.141551
v -0.472776 0.292144 -2.238279
v -0.473024 0.220128 -2.238279
v -0.473024 0.220128 -2.141551
v -0.861208 0.344808 -1.924676
v -0.861208 0.344808 -2.067672
v -0.852543 0.264095 -2.074406
v -0.852543 0.264095 -1.931410
v 0.043484 0.859776 -2.122452
v 0.062330 0.906255 -2.044863
v 0.028890 0.859776 -2.122452
v 0.028890 0.916502 -2.045766
v 0.028890 1.038266 -1.255627
v 0.028890 1.094856 -1.285088
v 0.048324 0.921708 -1.712262
v 0.043064 0.968206 -1.502560
v 0.052339 0.951043 -1.716001
v 0.042878 1.005859 -1.513915
v 0.028890 1.012123 -1.516978
v 0.028890 0.959742 -1.725327
v 0.014295 0.859776 -2.122452
v -0.004551 0.906255 -2.044863
v 0.009455 0.921708 -1.712262
v 0.014716 0.968206 -1.502560
v 0.005441 0.951043 -1.716001
v 0.014902 1.005859 -1.513915
v 0.815508 0.726540 0.125084
v 0.815508 0.784061 0.125084
v 0.815508 0.726540 -0.034383
v 0.815508 0.784061 -0.034383
v 0.848981 0.739952 0.103998
v 0.848981 0.770649 0.103998
v 0.848981 0.739952 0.007064
v 0.848981 0.770649 0.007064
v -0.815508 0.726540 0.125084
v -0.815508 0.784061 0.125084
v -0.815508 0.726540 -0.034383
v -0.815508 0.784061 -0.034383
v -0.848981 0.739952 0.103998
v -0.848981 0.770649 0.103998
v -0.848981 0.739952 0.007064
v -0.848981 0.770649 0.007064
v -0.218067 0.503655 -2.250091
v -0.197435 0.487452 -2.250091
v -0.197435 0.648092 -2.250091
v -0.218067 0.631889 -2.250091
v -0.190044 0.509460 -2.280561
v -0.190044 0.626084 -2.280561
v 0.214408 0.487452 -2.250091
v 0.235040 0.503655 -2.250091
v 0.235040 0.631889 -2.250091
v 0.214408 0.648092 -2.250091
v 0.207017 0.509460 -2.280561
v 0.207017 0.626084 -2.280561
v -0.218067 0.503655 -2.280561
v -0.197435 0.487452 -2.280561
v -0.197435 0.648092 -2.280561
v -0.218067 0.631889 -2.280561
v 0.214408 0.487452 -2.280561
v 0.235040 0.503655 -2.280561
v 0.235040 0.631889 -2.280561
v 0.214408 0.648092 -2.280561
vn 0.3111 0.1786 -0.9334
vn 0.1953 0.2010 -0.9599
vn 0.1643 0.3923 -0.9050
vn 0.2660 0.3837 -0.8843
vn 0.9860 0.1114 -0.1243
vn 0.9987 0.0234 -0.0463
vn 0.9628 0.2643 -0.0567
vn 0.9914 0.1307 -0.0016
vn 0.9785 0.1837 -0.0934
vn -0.1112 0.9654 0.2361
vn -0.0000 0.9700 0.2433
vn -0.0000 0.9606 0.2778
vn -0.0825 0.9532 0.2909
vn 0.1603 -0.2161 0.9631
vn 0.1963 -0.2716 0.9422
vn -0.0000 -0.2770 0.9609
vn 0.1813 -0.2485 0.9515
vn 0.0434 0.9591 -0.2798
vn -0.0000 0.9605 -0.2783
vn -0.0000 0.9326 -0.3609
vn 0.0502 0.9348 -0.3516
vn -0.0000 0.6049 -0.7963
vn -0.2864 0.5846 -0.7591
vn -0.2898 0.5842 -0.7581
vn 0.8805 0.4715 -0.0493
vn 0.8772 0.4761 -0.0618
vn 0.9471 0.3200 -0.0260
vn 0.9993 -0.0247 0.0293
vn 0.9826 -0.1856 0.0123
vn 0.9761 -0.2175 0.0022
vn 0.9933 0.0873 0.0763
vn 0.8988 0.4110 0.1527
vn 0.8993 0.4060 0.1627
vn 0.8969 0.4399 -0.0443
vn 0.8976 0.4385 -0.0459
vn 0.9881 -0.1513 -0.0293
vn 0.9914 -0.0135 -0.1304
vn 0.9528 0.2613 -0.1543
vn 0.9303 0.3314 -0.1570
vn 0.9915 -0.0240 -0.1281
vn 0.0329 0.9831 -0.1803
vn -0.0000 0.9864 -0.1641
vn -0.2420 0.9205 0.3069
vn -0.1564 0.9297 0.3334
vn -0.2194 0.9617 0.1644
vn -0.2115 0.9550 0.2081
vn 0.9195 0.3931 -0.0037
vn 0.8246 0.5611 -0.0718
vn 0.8296 0.5559 -0.0531
vn 0.0585 0.9697 -0.2373
vn -0.0000 0.9699 -0.2436
vn -0.0000 0.9978 -0.0659
vn 0.0568 0.9962 -0.0662
vn 0.0671 0.9773 -0.2008
vn 0.0901 0.9505 -0.2975
vn 0.0457 0.8127 0.5809
vn 0.0224 0.8157 0.5780
vn 0.0404 0.8190 0.5723
vn 0.0658 0.8110 0.5814
vn 0.1524 0.9333 -0.3251
vn 0.2913 0.9320 -0.2158
vn -0.0000 -0.0439 -0.9990
vn -0.0000 0.2327 -0.9725
vn 0.2058 -0.0459 -0.9775
vn 0.0128 0.9991 0.0406
vn 0.5736 0.0876 0.8144
vn 0.5579 0.3440 0.7553
vn 0.5492 0.3765 0.7460
vn 0.5724 0.2812 0.7703
vn 0.5725 0.0812 0.8159
vn 0.0442 0.9987 0.0266
vn 0.0391 0.9991 0.0131
vn 0.0710 0.9948 -0.0731
vn -0.0000 0.9992 0.0401
vn 0.3022 -0.7067 -0.6397
vn 0.6030 0.7910 -0.1040
vn 0.0783 0.8254 0.5591
vn 0.0597 0.8443 0.5326
vn -0.0477 0.9407 0.3360
vn 0.0781 0.8252 0.5594
vn -0.0000 0.8502 0.5265
vn -0.0000 0.9376 0.3477
vn 0.0331 0.8135 0.5807
vn 0.0041 0.8117 0.5841
vn -0.0000 0.8174 0.5761
vn -0.0000 0.8097 0.5869
vn -0.9535 -0.1225 0.2755
vn -0.4059 0.5631 -0.7199
vn 0.4137 0.4643 0.7832
vn 0.4258 0.5220 0.7391
vn 0.4223 0.5043 0.7532
vn 0.2930 0.5364 0.7915
vn 0.2201 0.5178 0.8267
vn -0.0000 -0.1555 -0.9878
vn 0.2753 -0.0833 -0.9578
vn 0.9906 -0.0695 -0.1178
vn -0.4013 0.8900 0.2163
vn -0.4017 0.8914 0.2100
vn -0.4052 0.9137 -0.0321
vn 0.8961 0.3408 0.2843
vn 0.1020 0.4890 0.8663
vn -0.0000 0.5003 0.8659
vn -0.0000 0.4710 0.8821
vn 0.9125 0.3995 -0.0881
vn 0.3479 -0.0312 -0.9370
vn 0.3564 -0.0438 -0.9333
vn 0.9373 0.3453 -0.0462
vn 0.9150 0.4001 0.0519
vn 0.9153 0.3995 0.0514
vn 0.9390 0.3388 -0.0594
vn 0.8947 0.4327 -0.1105
vn 0.8041 0.5699 -0.1691
vn 0.8694 0.4939 0.0123
vn 0.8743 0.4838 0.0385
vn -0.3735 0.8137 0.4453
vn 0.4273 -0.8916 0.1499
vn 0.4143 -0.9094 0.0364
vn 0.4266 -0.8931 0.1427
vn 0.4355 -0.8395 0.3248
vn 0.4355 -0.8411 0.3207
vn -0.2281 0.9688 0.0967
vn 0.9937 0.0948 0.0590
vn 0.9931 -0.1158 -0.0164
vn 0.9996 -0.0236 0.0168
vn 0.0106 -0.9990 -0.0430
vn -0.0170 -0.9999 0.0013
vn -0.0000 -0.9996 -0.0292
vn 0.8564 0.5163 -0.0012
vn 0.4344 -0.8121 0.3895
vn 0.7535 0.2361 0.6136
vn 0.7569 0.2235 0.6142
vn 0.7447 0.2667 0.6118
vn -0.9141 -0.4043 0.0310
vn -0.8947 -0.4159 0.1630
vn -0.9168 -0.3991 -0.0119
vn 0.2845 -0.9523 0.1101
vn -0.9168 -0.3847 -0.1068
vn 0.7661 0.1860 0.6152
vn 0.9741 -0.2195 -0.0540
vn 0.5299 -0.1004 0.8421
vn 0.1379 -0.1818 0.9736
vn 0.9889 -0.1227 -0.0839
vn 0.8583 0.4875 -0.1601
vn 0.8363 0.5394 -0.0980
vn 0.8563 0.5161 0.0215
vn 0.0315 0.3151 0.9485
vn -0.0734 0.3593 -0.9303
vn -0.1199 -0.2680 -0.9559
vn -0.0556 -0.8345 -0.5481
vn -0.0243 -0.9990 -0.0384
vn 0.0196 -0.8470 0.5312
vn 0.0375 -0.3379 0.9404
vn 0.9974 0.0701 -0.0176
vn -0.0056 0.3553 0.9347
vn -0.0062 0.2994 -0.9541
vn -0.0078 -0.3360 -0.9418
vn -0.0033 -0.8279 -0.5609
vn -0.0022 -1.0000 0.0097
vn -0.0015 -0.7948 0.6069
vn 0.0031 -0.2377 0.9713
vn 0.9997 0.0237 -0.0108
vn -0.0000 0.3974 -0.9177
vn -0.0000 0.8254 0.5646
vn 0.1645 0.5239 0.8358
vn -0.0000 0.5311 0.8473
vn -0.0303 -0.9991 0.0293
vn -0.0000 -0.9996 0.0293
vn -0.7931 -0.3832 -0.4735
vn 0.0124 -0.9999 -0.0010
vn 0.0047 -0.9999 -0.0117
vn 0.0199 -0.9998 -0.0006
vn -0.0014 -1.0000 -0.0096
vn 0.0082 -0.9999 -0.0073
vn 0.0082 -0.9999 -0.0072
vn -0.0006 -0.9999 0.0123
vn 0.0059 -1.0000 -0.0056
vn -0.0025 -0.9998 0.0205
vn -0.0007 -1.0000 -0.0057
vn -0.0000 -1.0000 -0.0072
vn 0.0655 -0.9948 -0.0786
vn 0.1441 -0.9824 -0.1193
vn 0.1088 -0.9825 -0.1512
vn -0.3111 0.1786 -0.9334
vn -0.2660 0.3837 -0.8843
vn -0.1643 0.3923 -0.9050
vn -0.1953 0.2010 -0.9599
vn -0.9860 0.1114 -0.1243
vn -0.9785 0.1837 -0.0934
vn -0.9914 0.1307 -0.0016
vn -0.9628 0.2643 -0.0567
vn -0.9987 0.0234 -0.0463
vn 0.1112 0.9654 0.2361
vn 0.0825 0.9532 0.2909
vn -0.1603 -0.2161 0.9631
vn -0.1813 -0.2485 0.9515
vn -0.1963 -0.2716 0.9422
vn -0.0434 0.9591 -0.2798
vn -0.0502 0.9348 -0.3516
vn 0.2898 0.5842 -0.7581
vn 0.2864 0.5847 -0.7591
vn -0.8805 0.4715 -0.0493
vn -0.9471 0.3200 -0.0260
vn -0.8772 0.4761 -0.0618
vn -0.9993 -0.0247 0.0293
vn -0.9933 0.0873 0.0763
vn -0.9761 -0.2175 0.0022
vn -0.9826 -0.1856 0.0123
vn -0.8988 0.4110 0.1527
vn -0.8976 0.4385 -0.0459
vn -0.8969 0.4399 -0.0443
vn -0.8993 0.4060 0.1627
vn -0.9881 -0.1513 -0.0293
vn -0.9914 -0.0135 -0.1304
vn -0.9915 -0.0240 -0.1281
vn -0.9303 0.3314 -0.1570
vn -0.9528 0.2613 -0.1543
vn -0.0329 0.9831 -0.1803
vn 0.2420 0.9205 0.3069
vn 0.2115 0.9550 0.2081
vn 0.2194 0.9617 0.1644
vn 0.1564 0.9297 0.3334
vn -0.9195 0.3931 -0.0037
vn -0.8296 0.5559 -0.0531
vn -0.8246 0.5611 -0.0718
vn -0.0585 0.9697 -0.2373
vn -0.0568 0.9962 -0.0662
vn -0.0671 0.9773 -0.2008
vn -0.0901 0.9505 -0.2975
vn -0.0457 0.8127 0.5809
vn -0.0658 0.8110 0.5814
vn -0.0404 0.8190 0.5723
vn -0.0224 0.8157 0.5780
vn -0.1524 0.9333 -0.3251
vn -0.2913 0.9320 -0.2158
vn -0.2058 -0.0459 -0.9775
vn -0.0128 0.9991 0.0406
vn -0.5736 0.0876 0.8144
vn -0.5725 0.0812 0.8159
vn -0.5724 0.2812 0.7703
vn -0.5492 0.3765 0.7460
vn -0.5579 0.3440 0.7553
vn -0.0442 0.9987 0.0266
vn -0.0710 0.9948 -0.0731
vn -0.0391 0.9991 0.0131
vn -0.3022 -0.7067 -0.6397
vn -0.6030 0.7910 -0.1040
vn -0.0783 0.8254 0.5591
vn -0.0781 0.8252 0.5594
vn 0.0477 0.9407 0.3360
vn -0.0597 0.8443 0.5326
vn -0.0041 0.8117 0.5841
vn -0.0331 0.8135 0.5807
vn 0.9535 -0.1225 0.2755
vn 0.4059 0.5631 -0.7199
vn -0.4137 0.4643 0.7832
vn -0.4223 0.5043 0.7532
vn -0.4258 0.5220 0.7391
vn -0.2201 0.5178 0.8267
vn -0.2930 0.5364 0.7915
vn -0.2753 -0.0833 -0.9578
vn -0.9906 -0.0695 -0.1178
vn 0.4013 0.8900 0.2163
vn 0.4052 0.9137 -0.0321
vn 0.4017 0.8914 0.2100
vn -0.8961 0.3408 0.2843
vn -0.1020 0.4890 0.8663
vn -0.9125 0.3995 -0.0881
vn -0.3564 -0.0438 -0.9333
vn -0.3479 -0.0312 -0.9370
vn -0.9373 0.3453 -0.0462
vn -0.9390 0.3388 -0.0594
vn -0.9153 0.3995 0.0514
vn -0.9150 0.4001 0.0519
vn -0.8947 0.4327 -0.1105
vn -0.8041 0.5699 -0.1691
vn -0.8694 0.4939 0.0123
vn -0.8743 0.4838 0.0385
vn 0.3735 0.8137 0.4453
vn -0.4273 -0.8916 0.1499
vn -0.4266 -0.8931 0.1427
vn -0.4143 -0.9094 0.0364
vn -0.4355 -0.8395 0.3249
vn -0.4355 -0.8411 0.3207
vn 0.2281 0.9688 0.0967
vn -0.9937 0.0948 0.0590
vn -0.9996 -0.0236 0.0168
vn -0.9931 -0.1158 -0.0164
vn -0.0106 -0.9990 -0.0430
vn 0.0170 -0.9999 0.0013
vn -0.8564 0.5163 -0.0012
vn -0.4344 -0.8121 0.3895
vn -0.7535 0.2361 0.6136
vn -0.7447 0.2667 0.6118
vn -0.7569 0.2235 0.6142
vn 0.9141 -0.4043 0.0310
vn 0.9168 -0.3991 -0.0119
vn 0.8947 -0.4159 0.1630
vn -0.2845 -0.9523 0.1101
vn 0.9168 -0.3847 -0.1068
vn -0.7661 0.1860 0.6152
vn -0.9741 -0.2195 -0.0540
vn -0.5299 -0.1004 0.8421
vn -0.1379 -0.1818 0.9736
vn -0.9889 -0.1227 -0.0839
vn -0.8363 0.5394 -0.0980
vn -0.8583 0.4875 -0.1601
vn -0.8563 0.5161 0.0215
vn -0.0315 0.3151 0.9485
vn 0.0734 0.3593 -0.9303
vn 0.1199 -0.2680 -0.9559
vn 0.0556 -0.8345 -0.5481
vn 0.0243 -0.9990 -0.0384
vn -0.0196 -0.8470 0.5312
vn -0.0375 -0.3379 0.9404
vn -0.9974 0.0701 -0.0176
vn 0.0056 0.3553 0.9347
vn 0.0062 0.2994 -0.9541
vn 0.0078 -0.3360 -0.9418
vn 0.0033 -0.8279 -0.5609
vn 0.0022 -1.0000 0.0097
vn 0.0015 -0.7948 0.6069
vn -0.0031 -0.2377 0.9713
vn -0.9997 0.0237 -0.0108
vn -0.1645 0.5239 0.8358
vn 0.0303 -0.9991 0.0293
vn 0.7931 -0.3832 -0.4735
vn -0.0124 -0.9999 -0.0010
vn -0.0199 -0.9998 -0.0006
vn -0.0047 -0.9999 -0.0117
vn 0.0014 -1.0000 -0.0096
vn -0.0082 -0.9999 -0.0072
vn -0.0082 -0.9999 -0.0073
vn 0.0006 -0.9999 0.0123
vn -0.0059 -1.0000 -0.0056
vn 0.0025 -0.9998 0.0205
vn 0.0007 -1.0000 -0.0057
vn -0.0655 -0.9948 -0.0786
vn -0.1441 -0.9824 -0.1193
vn -0.1088 -0.9825 -0.1512
vn -0.5777 0.7231 0.3787
vn -0.5787 0.0122 -0.8155
vn 0.5876 -0.7107 -0.3868
vn 0.5787 -0.0122 0.8155
vn -0.5501 -0.7023 0.4518
vn 0.7179 0.4176 -0.5570
vn 0.2150 0.9723 0.0919
vn 0.9951 -0.0478 -0.0860
vn -0.7796 -0.0000 0.6262
vn 0.1944 -0.9734 0.1216
vn -0.4279 0.0242 -0.9035
vn -0.4339 0.7931 0.4274
vn 0.4267 -0.0288 0.9040
vn 0.5777 0.7231 0.3787
vn 0.5787 0.0122 -0.8155
vn -0.5876 -0.7107 -0.3868
vn -0.5787 -0.0122 0.8155
vn 0.5501 -0.7023 0.4518
vn -0.7179 0.4176 -0.5570
vn -0.2150 0.9723 0.0919
vn -0.9951 -0.0478 -0.0860
vn 0.7796 -0.0000 0.6262
vn -0.1944 -0.9734 0.1216
vn 0.4279 0.0242 -0.9035
vn 0.4339 0.7931 0.4274
vn -0.4267 -0.0288 0.9040
vn -0.9885 -0.0000 -0.1512
vn -0.0000 -0.0000 -1.0000
vn 0.9885 -0.0000 -0.1512
vn -0.0000 -0.0000 1.0000
vn -0.0000 -1.0000 -0.0000
vn -0.0000 1.0000 -0.0000
vn 0.1132 -0.0828 -0.9901
vn 0.1133 -0.0828 -0.9901
vn 0.1643 -0.0822 -0.9830
vn 1.0000 -0.0000 -0.0000
vn 0.0104 -0.9999 0.0051
vn 0.0169 -0.9998 0.0051
vn 0.0113 -0.9999 0.0051
vn 0.0031 0.9869 -0.1610
vn 0.0014 0.9869 -0.1610
vn 0.0032 0.9869 -0.1610
vn -0.0397 0.0832 0.9957
vn -0.0176 0.0833 0.9964
vn -0.1643 0.0822 0.9830
vn -0.1133 0.0828 0.9901
vn -0.1132 0.0828 0.9901
vn 0.0092 0.9869 -0.1610
vn 0.0068 0.9869 -0.1610
vn 0.0072 0.9869 -0.1610
vn 0.0014 -1.0000 0.0051
vn 0.0031 -1.0000 0.0051
vn 0.0032 -1.0000 0.0051
vn 0.0176 -0.0833 -0.9964
vn 0.0397 -0.0832 -0.9957
vn -0.1132 -0.0828 -0.9901
vn -0.1643 -0.0822 -0.9830
vn -0.1133 -0.0828 -0.9901
vn -1.0000 -0.0000 -0.0000
vn -0.0104 -0.9999 0.0051
vn -0.0113 -0.9999 0.0051
vn -0.0169 -0.9998 0.0051
vn -0.0031 0.9869 -0.1610
vn -0.0032 0.9869 -0.1610
vn -0.0014 0.9869 -0.1610
vn 0.0397 0.0832 0.9957
vn 0.0176 0.0833 0.9964
vn 0.1643 0.0822 0.9830
vn 0.1132 0.0828 0.9901
vn 0.1133 0.0828 0.9901
vn -0.0092 0.9869 -0.1610
vn -0.0072 0.9869 -0.1610
vn -0.0068 0.9869 -0.1610
vn -0.0014 -1.0000 0.0051
vn -0.0032 -1.0000 0.0051
vn -0.0031 -1.0000 0.0051
vn -0.0176 -0.0833 -0.9964
vn -0.0397 -0.0832 -0.9957
vn 0.4987 0.8638 -0.0716
vn 0.4987 -0.8638 0.0716
vn -0.4987 -0.8638 0.0716
vn -0.4987 0.8638 -0.0716
vn -0.4986 0.8636 -0.0749
vn -0.4986 -0.8636 0.0749
vn 0.4986 -0.8636 0.0749
vn 0.4986 0.8636 -0.0749
vn 0.5000 0.8660 -0.0000
vn 0.5000 -0.8660 -0.0000
vn -0.5000 -0.8660 -0.0000
vn -0.5000 0.8660 -0.0000
vn -0.6461 -0.7633 -0.0000
vn 0.2847 0.3967 -0.8727
vn 0.9490 0.3154 -0.0000
vn 0.9414 0.3373 -0.0000
vn 0.9551 0.2963 -0.0000
vn 0.3321 0.3573 -0.8729
vn -0.9551 -0.2963 -0.0000
vn 0.3257 0.4012 -0.8561
vn -0.9414 -0.3374 -0.0000
vn 0.3327 0.3535 -0.8743
vn 0.6461 -0.7633 -0.0000
vn -0.2847 0.3967 -0.8727
vn -0.9490 0.3154 -0.0000
vn -0.9414 0.3374 -0.0000
vn -0.9551 0.2963 -0.0000
vn -0.3321 0.3573 -0.8729
vn 0.9551 -0.2963 -0.0000
vn -0.3257 0.4012 -0.8561
vn 0.9414 -0.3373 -0.0000
vn -0.3327 0.3535 -0.8743
vn 0.0383 -0.0000 -0.9993
vn -0.0158 -0.9999 -0.0000
vn -0.0164 -0.9999 -0.0000
vn -0.0158 0.9999 -0.0000
vn -0.0164 0.9999 -0.0000
vn -0.0400 -0.9992 -0.0003
vn -0.0419 -0.9991 -0.0004
vn -0.0421 0.9991 -0.0002
vn -0.0402 0.9992 -0.0002
vn 0.1668 0.0010 -0.9860
vn -0.0927 -0.9957 0.0031
vn -0.0853 -0.9963 0.0024
vn -0.1312 -0.9913 0.0070
vn -0.0880 0.9960 0.0145
vn -0.0814 0.9966 0.0117
vn 0.3010 0.0002 -0.9536
vn 0.3023 0.0001 -0.9532
vn 0.6347 0.0125 -0.7727
vn 0.6250 0.0120 -0.7805
vn 0.8173 0.0237 -0.5758
vn -0.1216 0.9921 0.0292
vn -0.0383 -0.0000 -0.9993
vn 0.0164 -0.9999 -0.0000
vn 0.0158 -0.9999 -0.0000
vn 0.0158 0.9999 -0.0000
vn 0.0164 0.9999 -0.0000
vn 0.0419 -0.9991 -0.0004
vn 0.0400 -0.9992 -0.0003
vn 0.0402 0.9992 -0.0002
vn 0.0421 0.9991 -0.0002
vn -0.1668 0.0010 -0.9860
vn 0.0927 -0.9957 0.0031
vn 0.1312 -0.9913 0.0070
vn 0.0853 -0.9963 0.0024
vn 0.0814 0.9966 0.0117
vn 0.0880 0.9960 0.0145
vn -0.3023 0.0001 -0.9532
vn -0.3010 0.0002 -0.9536
vn -0.6347 0.0125 -0.7727
vn -0.8173 0.0237 -0.5758
vn -0.6250 0.0120 -0.7805
vn 0.1216 0.9921 0.0292
vn -0.6690 -0.7433 -0.0000
vn -0.1344 0.9909 -0.0000
vn 0.7098 0.7044 -0.0000
vn 0.1853 -0.0673 -0.9804
vn 0.9943 -0.1067 -0.0000
vn -0.4848 -0.0118 0.8745
vn 0.3973 0.0186 -0.9175
vn 0.1151 -0.9934 -0.0000
vn 0.6690 -0.7433 -0.0000
vn 0.1344 0.9909 -0.0000
vn -0.7098 0.7044 -0.0000
vn -0.1853 -0.0673 -0.9804
vn -0.9943 -0.1067 -0.0000
vn 0.4848 -0.0118 0.8745
vn -0.3973 0.0186 -0.9175
vn -0.1151 -0.9934 -0.0000
vn -0.0000 0.8205 -0.5716
vn -0.0000 0.9358 -0.3526
vn 0.2665 0.8980 -0.3502
vn 0.1826 0.8067 -0.5620
vn 0.9987 -0.0106 0.0491
vn 0.9984 0.0241 0.0511
vn 0.9987 -0.0101 0.0492
vn 0.4344 0.8620 -0.2611
vn 0.4339 0.8630 -0.2589
vn 0.4439 0.8440 -0.3011
vn -0.6737 -0.7260 0.1381
vn 0.3714 0.9142 -0.1623
vn 0.3868 0.9046 -0.1790
vn 0.9786 -0.1993 0.0519
vn 0.9808 -0.1879 0.0516
vn 0.9398 -0.3372 0.0552
vn -0.1826 0.8067 -0.5620
vn -0.2665 0.8980 -0.3502
vn -0.9987 -0.0106 0.0491
vn -0.9987 -0.0101 0.0492
vn -0.9984 0.0241 0.0511
vn -0.4344 0.8620 -0.2611
vn -0.4439 0.8440 -0.3011
vn -0.4339 0.8630 -0.2589
vn 0.6737 -0.7260 0.1381
vn -0.3868 0.9046 -0.1790
vn -0.3714 0.9142 -0.1623
vn -0.9808 -0.1879 0.0516
vn -0.9786 -0.1993 0.0519
vn -0.9398 -0.3372 0.0552
vn 0.7780 -0.0000 -0.6283
vn 0.5330 -0.0000 0.8461
vn 0.3719 -0.9283 -0.0000
vn 0.3719 0.9283 -0.0000
vn -0.7780 -0.0000 -0.6283
vn -0.5330 -0.0000 0.8461
vn -0.3719 -0.9283 -0.0000
vn -0.3719 0.9283 -0.0000
vn -0.6176 -0.7865 -0.0000
vn -0.6176 0.7865 -0.0000
vn 0.6176 -0.7865 -0.0000
vn 0.6176 0.7865 -0.0000
vt 0.981354 0.482280
vt 0.982012 0.470833
vt 0.990446 0.470833
vt 0.990446 0.482280
vt 0.981354 0.475871
vt 0.981354 0.474076
vt 0.990446 0.474076
vt 0.990446 0.478570
vt 0.986149 0.477512
vt 0.981727 0.478652
vt 0.990446 0.478827
vt 0.982987 0.482100
vt 0.980842 0.472845
vt 0.990003 0.474798
vt 0.981152 0.478559
vt 0.979000 0.462943
vt 0.990446 0.462943
vt 0.990446 0.464242
vt 0.979000 0.464181
vt 0.993129 0.419562
vt 0.982871 0.419247
vt 0.977323 0.415650
vt 0.983120 0.421403
vt 0.983700 0.421714
vt 0.976800 0.415555
vt 0.977426 0.466500
vt 0.970922 0.466500
vt 0.972216 0.465941
vt 0.978436 0.465585
vt 0.979553 0.409555
vt 0.982922 0.409555
vt 0.984262 0.417132
vt 0.979553 0.417132
vt 0.972262 0.474076
vt 0.972262 0.459387
vt 0.981354 0.459387
vt 0.981354 0.461644
vt 0.972263 0.461586
vt 0.979000 0.459387
vt 0.990446 0.459387
vt 0.978047 0.482280
vt 0.967553 0.482280
vt 0.967553 0.478570
vt 0.972800 0.478178
vt 0.983930 0.466500
vt 0.990446 0.464413
vt 0.978725 0.410726
vt 0.990524 0.410716
vt 0.990446 0.414724
vt 0.979000 0.414724
vt 0.967553 0.459387
vt 0.967553 0.462943
vt 0.975685 0.309738
vt 0.978979 0.309769
vt 0.983501 0.296242
vt 0.976097 0.296242
vt 0.972593 0.413667
vt 0.983969 0.413432
vt 0.984040 0.415578
vt 0.972593 0.415650
vt 0.972263 0.459387
vt 0.981353 0.459387
vt 0.972262 0.470833
vt 0.970422 0.413712
vt 0.972898 0.415560
vt 0.970769 0.419547
vt 0.981397 0.459308
vt 0.985947 0.462320
vt 0.990446 0.469880
vt 0.981379 0.467607
vt 0.979037 0.416839
vt 0.967553 0.416742
vt 0.967553 0.414724
vt 0.990446 0.416867
vt 0.967418 0.410824
vt 0.988727 0.414482
vt 0.988505 0.415790
vt 0.990308 0.410900
vt 0.988891 0.412849
vt 0.971975 0.418381
vt 0.982778 0.419354
vt 0.971125 0.418407
vt 0.994018 0.419706
vt 0.979092 0.416984
vt 0.968548 0.416873
vt 0.989092 0.417016
vt 0.970685 0.414669
vt 0.970514 0.416029
vt 0.969802 0.416051
vt 0.969802 0.414560
vt 0.970514 0.416029
vt 0.971975 0.418381
vt 0.979661 0.402244
vt 0.984348 0.402285
vt 0.984312 0.408390
vt 0.979615 0.407212
vt 0.984597 0.413954
vt 0.979553 0.413889
vt 0.979553 0.402442
vt 0.984263 0.402442
vt 0.984262 0.413889
vt 0.979553 0.413889
vt 0.979553 0.404999
vt 0.984262 0.402442
vt 0.984263 0.404641
vt 0.983162 0.408920
vt 0.979553 0.408741
vt 0.984437 0.419408
vt 0.984262 0.425335
vt 0.979553 0.425335
vt 0.984262 0.418453
vt 0.979553 0.418593
vt 0.984263 0.425335
vt 0.983547 0.467917
vt 0.990131 0.416649
vt 0.990097 0.414738
vt 0.990446 0.416742
vt 0.988992 0.414560
vt 0.988992 0.416051
vt 0.980726 0.414673
vt 0.980997 0.414384
vt 0.993692 0.417753
vt 0.992512 0.416288
vt 0.992783 0.415999
vt 0.993998 0.417588
vt 0.979443 0.308331
vt 0.984301 0.305991
vt 0.982139 0.296517
vt 0.976746 0.296517
vt 0.973723 0.300308
vt 0.974584 0.305991
vt 0.988652 0.412989
vt 0.988684 0.412984
vt 0.967553 0.474076
vt 0.979207 0.475023
vt 0.990446 0.475375
vt 0.985990 0.478349
vt 0.981354 0.481673
vt 0.981354 0.481127
vt 0.983701 0.481096
vt 0.987021 0.479583
vt 0.981801 0.349326
vt 0.973425 0.352795
vt 0.993647 0.373018
vt 0.979553 0.423080
vt 0.984263 0.423824
vt 0.984263 0.424122
vt 0.979553 0.423808
vt 0.993692 0.417753
vt 0.995486 0.413667
vt 0.995486 0.415650
vt 0.979432 0.421547
vt 0.979255 0.417109
vt 0.985611 0.418657
vt 0.988094 0.423547
vt 0.979489 0.415985
vt 0.988557 0.418259
vt 0.972263 0.481066
vt 0.974646 0.481063
vt 0.972348 0.459229
vt 0.972312 0.465334
vt 0.971643 0.470941
vt 0.971940 0.476374
vt 0.972262 0.475397
vt 0.985469 0.462943
vt 0.984072 0.464426
vt 0.969955 0.349326
vt 0.993647 0.349326
vt 0.969955 0.373018
vt 0.972452 0.349552
vt 0.994682 0.349552
vt 0.994682 0.371783
vt 0.972452 0.371783
vt 0.983567 0.371783
vt 0.994138 0.364102
vt 0.990101 0.351675
vt 0.977034 0.351675
vt 0.972996 0.364102
vt 0.981801 0.373018
vt 0.990178 0.369548
vt 0.993647 0.361172
vt 0.990178 0.352795
vt 0.969955 0.361172
vt 0.973425 0.369548
vt 0.979335 0.976967
vt 0.974835 0.969407
vt 0.979335 0.966473
vt 0.972263 0.482280
vt 0.982184 0.309778
vt 0.983508 0.296245
vt 0.976091 0.296245
vt 0.995762 0.413489
vt 0.995486 0.415578
vt 0.967553 0.464413
vt 0.977991 0.414452
vt 0.984890 0.410949
vt 0.982187 0.413281
vt 0.979114 0.465542
vt 0.983643 0.460746
vt 0.972262 0.482280
vt 0.983469 0.466674
vt 0.977750 0.350040
vt 0.971542 0.355249
vt 0.970135 0.363229
vt 0.974187 0.370246
vt 0.989416 0.370246
vt 0.993467 0.363229
vt 0.974658 0.414228
vt 0.990582 0.414228
vt 0.990582 0.433441
vt 0.974658 0.433441
vt 0.987570 0.414228
vt 0.987570 0.433441
vt 0.985143 0.414228
vt 0.985143 0.433441
vt 0.972277 0.967614
vt 0.982762 0.967614
vt 0.988201 0.971248
vt 0.988201 0.986827
vt 0.972277 0.986827
vt 0.990582 0.430165
vt 0.990582 0.429807
vt 0.985143 0.433441
vt 0.969341 0.406494
vt 0.989025 0.406494
vt 0.989025 0.426178
vt 0.969341 0.426178
vt 0.968710 0.363620
vt 0.988394 0.363620
vt 0.988395 0.370182
vt 0.968710 0.370182
vt 0.968710 0.350497
vt 0.988395 0.350497
vt 0.981833 0.350497
vt 0.981833 0.370182
vt 0.981833 0.350497
vt 0.968710 0.363620
vt 0.988394 0.363620
vt 0.988394 0.357059
vt 0.968710 0.357059
vt 0.975272 0.350497
vt 0.975272 0.370182
vt 0.966459 0.402567
vt 0.994648 0.402567
vt 0.994648 0.430756
vt 0.966459 0.430756
vt 0.980553 0.430756
vt 0.992760 0.423708
vt 0.992760 0.409614
vt 0.980553 0.402567
vt 0.968347 0.409614
vt 0.968347 0.423708
vt 0.010063 0.588492
vt 0.026909 0.588492
vt 0.972640 0.520262
vt 0.987940 0.520262
vt 0.987940 0.535562
vt 0.972640 0.535562
vt 0.969755 0.351194
vt 0.991955 0.351194
vt 0.991955 0.373393
vt 0.969755 0.373393
vt 0.976059 0.415385
vt 0.991837 0.415385
vt 0.991837 0.431163
vt 0.976059 0.431163
vt 0.981118 0.415385
vt 0.980976 0.431163
vt 0.981118 0.420444
vt 0.991838 0.420442
vt 0.991837 0.428122
vt 0.986921 0.431163
vt 0.991837 0.427440
vt 0.976059 0.427653
vt 0.976059 0.424218
vt 0.983374 0.431163
vt 0.988327 0.415385
vt 0.988797 0.431163
vt 0.970349 0.528915
vt 0.987167 0.528915
vt 0.987167 0.545733
vt 0.970349 0.545733
vt 0.967000 0.459722
vt 0.991000 0.459722
vt 0.991000 0.481944
vt 0.967000 0.481944
vt 0.992260 0.579590
vt 0.968260 0.579590
s 1
usemtl metallic
f 439/1/1 115/2/2 29/3/3 6/4/4
f 93/5/5 87/6/6 67/7/7 79/8/8 92/9/9
f 78/10/10 76/11/11 10/4/12 32/12/13
f 88/13/14 32/14/15 10/4/16 86/1/16 119/15/17
f 35/16/18 27/17/19 117/18/20 116/19/21
f 51/20/22 34/21/23 54/21/24 55/20/22
f 13/22/25 49/23/26 67/24/7 66/25/27
f 91/26/28 60/27/29 106/28/30 105/29/31
f 12/30/32 60/31/33 61/32/34 23/33/35
f 87/6/6 61/34/36 60/27/29 91/26/28
f 57/35/37 439/36/38 107/37/39 108/38/40
f 29/39/41 8/40/42 27/17/19 35/16/18
f 28/41/43 4/42/44 79/43/45 77/44/46
f 44/45/47 25/17/48 42/46/49
f 33/47/50 16/48/51 39/49/52 40/50/53
f 6/51/54 29/39/41 35/16/18 25/52/55
f 42/57/60 116/58/21 33/59/50 43/60/61
f 77/44/46 78/10/10 32/12/13 28/41/43
f 59/61/62 114/62/63 115/2/2 63/63/64
f 65/64/65 84/65/65 62/66/65
f 89/67/66 4/40/67 113/68/68 28/69/69 85/70/70
f 50/71/71 69/72/72 68/73/73 40/50/53
f 38/74/74 50/71/71 40/50/53 39/49/52
f 43/75/61 33/47/50 40/50/53 68/73/73
f 52/76/75 49/77/75 72/77/75 74/76/75
f 43/78/61 68/49/73 80/79/76
f 45/80/77 34/21/78 48/81/79 67/82/80
f 34/21/78 51/20/81 22/83/82 48/81/79
f 41/84/57 47/85/56 69/72/83 50/71/84
f 53/86/85 41/84/57 50/71/84 38/74/86
f 47/87/56 45/88/77 67/89/80 69/90/83
f 45/88/87 47/87/87 56/91/87
f 34/21/23 45/80/88 56/92/88 54/21/24
f 2/93/89 64/94/89 65/95/90 36/96/91
f 36/96/91 65/95/90 62/97/92 30/98/93
f 7/99/94 59/100/62 63/101/64 31/102/95
f 109/103/96 5/99/96 57/104/37 108/105/40
f 13/22/97 71/22/98 72/23/99 49/23/99
f 106/106/100 60/31/33 12/30/32 103/107/100
f 30/98/93 62/97/92 121/108/101 120/109/102 9/110/103
f 98/111/104 97/112/104 23/33/35 61/32/34
f 31/102/95 63/101/64 57/113/105 5/110/106
f 87/6/6 91/26/28 44/45/47 66/114/27 67/7/7
f 52/115/107 46/116/108 68/49/109 69/117/110
f 49/77/26 52/76/107 69/118/110 67/119/7
f 37/120/111 13/22/25 66/25/27 70/121/112
f 81/122/113 37/123/111 70/124/112 80/125/76
f 13/22/97 37/120/115 75/120/115 71/22/98
f 46/116/116 52/115/117 74/115/117 73/116/118
f 81/132/119 46/116/116 73/116/118 82/133/120
f 67/134/121 48/135/79 78/10/10 77/44/46
f 48/135/79 22/136/82 76/11/11 78/10/10
f 77/44/46 79/43/45 67/134/121
f 92/137/9 79/8/8 4/4/122 89/138/123 101/139/124 100/140/122 99/141/122
f 110/142/125 104/143/126 7/144/127
f 96/145/128 102/146/128 64/147/128 2/148/128
f 37/123/129 81/122/119 82/149/120 75/123/129
f 46/116/108 81/132/113 80/79/76 68/49/109
f 42/150/60 43/151/61 80/125/76 70/124/112
f 44/45/47 42/46/49 66/114/27
f 88/152/130 90/153/131 83/154/132 32/155/132
f 90/153/133 84/65/134 65/64/134 85/156/135
f 32/155/136 83/154/136 28/157/136
f 83/154/137 90/153/133 85/156/135 28/157/137
f 62/66/138 84/65/138 90/153/131 88/152/130
f 101/139/124 89/138/123 64/158/139 102/159/139
f 64/160/140 89/67/66 85/70/70 65/161/140
f 62/162/141 88/13/14 119/15/17 121/163/141
f 98/164/142 61/34/36 87/6/6 93/5/5
f 439/36/38 6/40/143 25/17/48 111/165/144 107/37/39
f 111/165/144 25/17/48 44/45/47 112/166/145
f 98/167/146 3/168/146 95/144/146 97/169/146
f 96/170/147 94/171/147 15/172/147 102/173/147
f 102/174/148 15/175/148 17/176/148 100/177/148 101/178/148
f 100/167/149 17/168/149 20/144/149 99/169/149
f 92/167/150 99/168/150 20/144/150 24/169/150
f 24/167/151 26/168/151 93/144/151 92/169/151
f 93/167/152 26/168/152 3/144/152 98/169/152
f 24/179/153 20/180/153 17/181/153 15/182/153 94/142/153 95/143/153 3/183/153 26/184/153
f 1/167/154 110/168/154 109/144/154 108/169/154
f 103/167/155 104/168/155 11/144/155 106/169/155
f 106/167/156 11/168/156 14/144/156 105/169/156
f 105/167/157 14/168/157 18/144/157 112/169/157
f 112/167/158 18/168/158 19/144/158 111/169/158
f 111/167/159 19/168/159 21/144/159 107/169/159
f 21/167/160 1/168/160 108/144/160 107/169/160
f 110/179/161 1/180/161 21/181/161 19/182/161 18/142/161 14/143/161 11/183/161 104/184/161
f 115/2/2 114/62/63 8/40/162 29/3/3
f 115/2/2 439/1/1 57/188/105 63/63/64
f 116/58/21 117/192/20 16/193/51 33/59/50
f 116/19/21 42/194/60 25/52/55 35/16/18
f 66/195/27 42/196/49 70/197/112
f 112/166/145 44/45/47 105/198/31
f 44/45/47 91/26/28 105/198/31
f 121/199/101 118/163/164 58/200/165 120/201/102
f 118/163/166 119/15/166 86/1/167 58/200/167
f 119/15/168 118/163/168 121/199/168
f 23/202/169 97/203/170 95/204/171
f 94/205/172 96/179/173 2/206/174
f 12/168/175 23/202/169 104/143/126
f 23/202/169 95/204/171 104/143/126
f 94/205/172 2/206/174 36/207/176
f 103/183/177 12/168/175 104/143/126
f 94/205/172 36/207/176 30/144/178
f 95/204/171 94/205/172 9/169/179
f 94/205/172 30/144/178 9/169/179
f 9/169/179 7/144/127 104/143/126
f 95/204/171 9/169/179 104/143/126
f 7/144/127 31/180/180 110/142/125
f 31/180/180 5/181/181 110/142/125
f 5/181/181 109/182/182 110/142/125
f 455/1/183 127/4/184 143/3/185 219/2/186
f 198/5/187 197/9/188 185/8/189 174/7/190 192/6/191
f 184/10/192 146/12/193 10/4/12 76/11/11
f 193/13/194 222/15/195 86/1/16 10/4/16 146/14/196
f 149/16/197 220/19/198 117/18/20 27/17/19
f 51/20/22 55/20/22 164/21/199 148/21/200
f 130/22/201 173/25/202 174/24/190 161/23/203
f 196/26/204 210/29/205 211/28/206 167/27/207
f 129/30/208 138/33/209 168/32/210 167/31/211
f 192/6/191 196/26/204 167/27/207 168/34/212
f 166/35/213 213/38/214 212/37/215 455/36/216
f 143/39/217 149/16/197 27/17/19 8/40/42
f 142/41/218 183/44/219 185/43/220 125/42/221
f 156/45/222 154/46/223 140/17/224
f 147/47/225 152/50/226 39/49/52 16/48/51
f 127/51/227 140/52/228 149/16/197 143/39/217
f 154/57/233 155/60/234 147/59/225 220/58/198
f 183/44/219 142/41/218 146/12/193 184/10/192
f 59/61/62 170/63/235 219/2/186 114/62/63
f 172/64/236 169/66/236 190/65/236
f 194/67/237 191/70/238 142/69/239 218/68/240 125/40/241
f 162/71/242 152/50/226 175/73/243 176/72/244
f 38/74/74 39/49/52 152/50/226 162/71/242
f 155/75/234 175/73/243 152/50/226 147/47/225
f 163/76/245 181/76/245 179/77/245 161/77/245
f 155/78/234 186/79/246 175/49/243
f 157/80/247 174/82/248 160/81/249 148/21/250
f 148/21/250 160/81/249 22/83/82 51/20/81
f 153/84/232 162/71/251 176/72/252 159/85/229
f 53/86/85 38/74/86 162/71/251 153/84/232
f 159/87/229 176/90/252 174/89/248 157/88/247
f 157/88/253 165/91/253 159/87/253
f 148/21/200 164/21/199 165/92/254 157/80/254
f 123/93/255 150/96/256 172/95/257 171/94/255
f 150/96/256 144/98/258 169/97/259 172/95/257
f 7/99/94 145/102/260 170/101/235 59/100/62
f 214/103/261 213/105/214 166/104/213 126/99/261
f 130/22/262 161/23/263 179/23/263 178/22/264
f 211/106/265 208/107/265 129/30/208 167/31/211
f 144/98/258 9/110/103 120/109/102 223/108/266 169/97/259
f 203/111/267 168/32/210 138/33/209 202/112/267
f 145/102/260 126/110/268 166/113/269 170/101/235
f 192/6/191 174/7/190 173/114/202 156/45/222 196/26/204
f 163/115/270 176/117/271 175/49/272 158/116/273
f 161/77/203 174/119/190 176/118/271 163/76/270
f 151/120/274 177/121/275 173/25/202 130/22/201
f 187/122/276 186/125/246 177/124/275 151/123/274
f 130/22/262 178/22/264 182/120/278 151/120/278
f 158/116/279 180/116/280 181/115/281 163/115/281
f 187/132/282 188/133/283 180/116/280 158/116/279
f 174/134/284 183/44/219 184/10/192 160/135/249
f 160/135/249 184/10/192 76/11/11 22/136/82
f 183/44/219 174/134/284 185/43/220
f 197/137/188 204/141/285 205/140/285 206/139/286 194/138/287 125/4/285 185/8/189
f 215/142/288 7/144/127 209/143/289
f 201/145/290 123/148/290 171/147/290 207/146/290
f 151/123/291 182/123/291 188/149/283 187/122/282
f 158/116/273 175/49/272 186/79/246 187/132/276
f 154/150/233 177/124/275 186/125/246 155/151/234
f 156/45/222 173/114/202 154/46/223
f 193/152/292 146/155/293 189/154/293 195/153/294
f 195/153/295 191/156/296 172/64/297 190/65/297
f 146/155/298 142/157/298 189/154/298
f 189/154/299 142/157/299 191/156/296 195/153/295
f 169/66/300 193/152/292 195/153/294 190/65/300
f 206/139/286 207/159/301 171/158/301 194/138/287
f 171/160/302 172/161/302 191/70/238 194/67/237
f 169/162/303 223/163/303 222/15/195 193/13/194
f 203/164/304 198/5/187 192/6/191 168/34/212
f 455/36/216 212/37/215 216/165/305 140/17/224 127/40/306
f 216/165/305 217/166/307 156/45/222 140/17/224
f 203/167/308 202/169/308 200/144/308 124/168/308
f 201/170/309 207/173/309 132/172/309 199/171/309
f 207/174/310 206/178/310 205/177/310 133/176/310 132/175/310
f 205/167/311 204/169/311 136/144/311 133/168/311
f 197/167/312 139/169/312 136/144/312 204/168/312
f 139/167/313 197/169/313 198/144/313 141/168/313
f 198/167/314 203/169/314 124/144/314 141/168/314
f 139/179/315 141/184/315 124/183/315 200/143/315 199/142/315 132/182/315 133/181/315 136/180/315
f 122/167/316 213/169/316 214/144/316 215/168/316
f 208/167/317 211/169/317 128/144/317 209/168/317
f 211/167/318 210/169/318 131/144/318 128/168/318
f 210/167/319 217/169/319 134/144/319 131/168/319
f 217/167/320 216/169/320 135/144/320 134/168/320
f 216/167/321 212/169/321 137/144/321 135/168/321
f 137/167/322 212/169/322 213/144/322 122/168/322
f 215/179/323 209/184/323 128/183/323 131/143/323 134/142/323 135/182/323 137/181/323 122/180/323
f 219/2/186 143/3/185 8/40/162 114/62/63
f 219/2/186 170/63/235 166/188/269 455/1/183
f 220/58/198 147/59/225 16/193/51 117/192/20
f 220/19/198 149/16/197 140/52/228 154/194/233
f 173/195/202 177/197/275 154/196/223
f 217/166/307 210/198/205 156/45/222
f 156/45/222 210/198/205 196/26/204
f 223/199/266 120/201/102 58/200/165 221/163/324
f 221/163/325 58/200/167 86/1/167 222/15/325
f 222/15/326 223/199/326 221/163/326
f 138/202/327 200/204/328 202/203/329
f 199/205/330 123/206/331 201/179/332
f 129/168/333 209/143/289 138/202/327
f 138/202/327 209/143/289 200/204/328
f 199/205/330 150/207/334 123/206/331
f 208/183/335 209/143/289 129/168/333
f 199/205/330 144/144/336 150/207/334
f 200/204/328 9/169/179 199/205/330
f 199/205/330 9/169/179 144/144/336
f 9/169/179 209/143/289 7/144/127
f 200/204/328 209/143/289 9/169/179
f 7/144/127 215/142/288 145/180/337
f 145/180/337 215/142/288 126/181/338
f 126/181/338 215/142/288 214/182/339
s 0
f 224/208/340 225/209/340 227/210/340 226/211/340
f 226/208/341 227/209/341 231/210/341 230/211/341
f 230/208/342 231/209/342 229/210/342 228/211/342
f 228/208/343 229/209/343 225/210/343 224/211/343
f 226/208/344 230/209/344 228/210/344 224/211/344
f 231/208/345 227/209/345 225/210/345 229/211/345
f 237/208/346 241/212/346 238/213/346 235/211/346
f 236/208/347 237/209/347 235/210/347 234/211/347
f 232/208/348 239/214/348 240/215/348 233/211/348
f 233/208/349 236/209/349 234/210/349 232/211/349
f 238/209/351 241/221/351 240/215/351 239/214/351
f 234/208/352 235/209/352 238/222/352 239/223/352 232/211/352
f 242/208/353 244/211/353 245/210/353 243/209/353
f 244/208/354 248/211/354 249/210/354 245/209/354
f 248/208/355 246/211/355 247/210/355 249/209/355
f 246/208/356 242/211/356 243/210/356 247/209/356
f 244/208/357 242/211/357 246/210/357 248/209/357
f 249/208/358 247/211/358 243/210/358 245/209/358
f 255/208/359 253/211/359 256/213/359 259/212/359
f 254/208/360 252/211/360 253/210/360 255/209/360
f 250/208/361 251/211/361 258/215/361 257/214/361
f 251/208/362 250/211/362 252/210/362 254/209/362
f 256/209/364 257/214/364 258/215/364 259/221/364
f 252/208/365 250/211/365 257/223/365 256/222/365 253/209/365
f 260/224/366 261/225/366 263/226/366 262/227/366
f 262/224/367 263/225/367 267/226/367 266/227/367
f 266/224/368 267/225/368 265/226/368 264/227/368
f 264/224/369 265/225/369 261/226/369 260/227/369
f 262/224/370 266/225/370 264/226/370 260/227/370
f 267/224/371 263/225/371 261/226/371 265/227/371
f 268/224/368 270/227/368 271/226/368 269/225/368
f 270/224/367 274/227/367 275/226/367 271/225/367
f 274/224/366 272/227/366 273/226/366 275/225/366
f 272/224/369 268/227/369 269/226/369 273/225/369
f 270/224/370 268/227/370 272/226/370 274/225/370
f 275/224/371 273/227/371 269/226/371 271/225/371
s 1
f 288/228/372 285/229/373 279/230/374 278/231/374
f 278/232/375 279/233/375 277/230/375 276/231/375
f 288/234/376 278/233/377 276/230/377 287/235/378
f 284/236/379 281/233/380 283/230/380 291/235/381
f 286/237/382 291/238/382 283/230/383 282/231/383
f 276/232/384 277/233/384 290/239/385 287/240/386
f 287/240/386 290/239/385 291/238/382 286/237/382
f 279/232/387 285/241/388 290/242/389 277/231/387
f 285/241/388 284/236/379 291/235/381 290/242/389
f 280/232/390 289/241/391 286/242/392 282/231/390
f 289/241/391 288/234/376 287/235/378 286/242/392
f 280/232/393 281/233/393 284/239/394 289/240/394
f 289/240/394 284/239/394 285/229/373 288/228/372
f 304/228/395 294/231/396 295/230/396 301/229/397
f 294/232/398 292/231/398 293/230/398 295/233/398
f 304/234/399 303/235/400 292/230/401 294/233/401
f 300/236/402 307/235/403 299/230/404 297/233/404
f 302/237/405 298/231/406 299/230/406 307/238/405
f 292/232/407 303/240/408 306/239/409 293/233/407
f 303/240/408 302/237/405 307/238/405 306/239/409
f 295/232/410 293/231/410 306/242/411 301/241/412
f 301/241/412 306/242/411 307/235/403 300/236/402
f 296/232/413 298/231/413 302/242/414 305/241/415
f 305/241/415 302/242/414 303/235/400 304/234/399
f 296/232/416 305/240/417 300/239/417 297/233/416
f 305/240/417 304/228/395 301/229/397 300/239/417
s 0
f 308/243/418 309/244/418 311/245/418 310/246/418
f 310/243/375 311/244/375 313/245/375 312/246/375
f 312/243/419 313/244/419 315/245/419 314/246/419
f 314/243/420 315/244/420 317/245/420 316/246/420
f 316/243/398 317/244/398 319/245/398 318/246/398
f 318/243/421 319/244/421 309/245/421 308/246/421
f 310/243/367 312/244/367 322/245/367 321/246/367
f 321/243/398 322/244/398 328/245/398 327/246/398
f 316/243/367 318/244/367 325/245/367 324/246/367
f 308/243/367 310/244/367 321/245/367 320/246/367
f 312/243/367 314/244/367 323/245/367 322/246/367
f 318/243/367 308/244/367 320/245/367 325/246/367
f 314/243/367 316/244/367 324/245/367 323/246/367
f 324/243/375 325/244/375 331/245/375 330/246/375
f 322/243/422 323/244/422 329/245/422 328/246/422
f 320/243/423 321/244/423 327/245/423 326/246/423
f 325/243/424 320/244/424 326/245/424 331/246/424
f 323/243/425 324/244/425 330/245/425 329/246/425
s 1
f 332/243/426 333/244/426 335/245/426 334/246/426
f 334/243/375 335/244/375 337/245/375 336/246/375
f 336/243/427 337/244/427 339/245/427 338/246/427
f 338/243/428 339/244/428 341/245/428 340/246/428
f 335/247/369 333/248/369 343/249/369 341/250/369 339/251/369 337/252/369
f 340/243/398 341/244/398 343/245/398 342/246/398
f 342/243/429 343/244/429 333/245/429 332/246/429
f 334/243/367 336/244/367 346/245/367 345/246/367
f 345/243/398 346/244/398 352/245/398 351/246/398
f 340/243/367 342/244/367 349/245/367 348/246/367
f 332/243/367 334/244/367 345/245/367 344/246/367
f 336/243/367 338/244/367 347/245/367 346/246/367
f 342/243/367 332/244/367 344/245/367 349/246/367
f 338/243/367 340/244/367 348/245/367 347/246/367
f 350/247/367 351/248/367 352/249/367 353/250/367 354/251/367 355/252/367
f 348/243/375 349/244/375 355/245/375 354/246/375
f 346/243/429 347/244/429 353/245/429 352/246/429
f 344/243/428 345/244/428 351/245/428 350/246/428
f 349/243/427 344/244/427 350/245/427 355/246/427
f 347/243/426 348/244/426 354/245/426 353/246/426
f 356/243/429 358/246/429 359/245/429 357/244/429
f 358/243/398 360/246/398 361/245/398 359/244/398
f 360/243/428 362/246/428 363/245/428 361/244/428
f 362/243/427 364/246/427 365/245/427 363/244/427
f 359/247/369 361/252/369 363/251/369 365/250/369 367/249/369 357/248/369
f 364/243/375 366/246/375 367/245/375 365/244/375
f 366/243/426 356/246/426 357/245/426 367/244/426
f 358/243/367 369/246/367 370/245/367 360/244/367
f 369/243/375 375/246/375 376/245/375 370/244/375
f 364/243/367 372/246/367 373/245/367 366/244/367
f 356/243/367 368/246/367 369/245/367 358/244/367
f 360/243/367 370/246/367 371/245/367 362/244/367
f 366/243/367 373/246/367 368/245/367 356/244/367
f 362/243/367 371/246/367 372/245/367 364/244/367
f 374/247/367 379/252/367 378/251/367 377/250/367 376/249/367 375/248/367
f 372/243/398 378/246/398 379/245/398 373/244/398
f 370/243/426 376/246/426 377/245/426 371/244/426
f 368/243/427 374/246/427 375/245/427 369/244/427
f 373/243/428 379/246/428 374/245/428 368/244/428
f 371/243/429 377/246/429 378/245/429 372/244/429
f 424/255/367 425/256/367 423/257/450 422/258/450
f 424/255/370 422/256/451 420/257/452 426/258/370
f 423/255/453 425/256/371 427/257/371 421/258/454
f 420/255/452 422/256/451 429/257/455 430/258/456
f 423/255/453 421/256/454 431/257/457 428/258/458
f 422/255/450 423/256/450 428/257/459 429/258/459
f 434/255/460 433/256/461 437/257/462 438/258/462
f 430/255/456 429/256/455 433/257/461 434/258/460
f 428/255/458 431/256/457 435/257/463 432/258/464
f 429/255/459 428/256/459 432/257/465 433/258/466
f 437/255/467 436/256/468 439/257/469 438/258/469
f 432/255/464 435/256/463 439/257/470 436/258/470
f 433/255/466 432/256/465 436/257/468 437/258/467
f 424/255/367 442/258/471 443/257/471 425/256/367
f 424/255/370 426/258/370 440/257/472 442/256/473
f 443/255/474 441/258/475 427/257/371 425/256/371
f 440/255/472 446/258/476 445/257/477 442/256/473
f 443/255/474 444/258/478 447/257/479 441/256/475
f 442/255/471 445/258/480 444/257/480 443/256/471
f 450/255/481 454/258/482 453/257/482 449/256/483
f 446/255/476 450/258/481 449/257/483 445/256/477
f 444/255/478 448/258/484 451/257/485 447/256/479
f 445/255/480 449/258/486 448/257/487 444/256/480
f 453/255/488 454/258/489 455/257/489 452/256/490
f 448/255/484 452/258/491 455/257/491 451/256/485
f 449/255/486 453/258/488 452/257/490 448/256/487
s 0
f 456/259/371 457/260/371 459/261/371 458/262/371
f 458/259/367 459/260/367 463/261/367 462/262/367
f 462/259/370 463/260/370 461/261/370 460/262/370
f 461/259/492 463/260/492 466/261/492 467/262/492
f 465/259/493 464/260/493 468/261/493 469/262/493
f 459/259/494 457/260/494 464/261/494 465/262/494
f 463/259/495 459/260/495 465/261/495 466/262/495
f 470/259/496 469/260/496 468/261/496 471/262/496
f 464/259/497 467/260/497 471/261/497 468/262/497
f 466/259/498 465/260/498 469/261/498 470/262/498
f 467/259/499 466/260/499 470/261/499 471/262/499
f 456/259/371 458/262/371 473/261/371 472/260/371
f 458/259/367 462/262/367 475/261/367 473/260/367
f 462/259/370 460/262/370 474/261/370 475/260/370
f 474/259/500 479/262/500 478/261/500 475/260/500
f 477/259/501 481/262/501 480/261/501 476/260/501
f 473/259/502 477/262/502 476/261/502 472/260/502
f 475/259/503 478/262/503 477/261/503 473/260/503
f 482/259/504 483/262/504 480/261/504 481/260/504
f 476/259/505 480/262/505 483/261/505 479/260/505
f 478/259/506 482/262/506 481/261/506 477/260/506
f 479/259/507 483/262/507 482/261/507 478/260/507
s 1
f 486/263/508 487/264/509 485/265/510 484/266/511
f 493/267/512 489/264/513 488/265/513 491/268/514
f 493/269/515 494/270/516 489/265/517
f 486/263/518 484/264/518 490/271/518 491/272/518 488/266/518
f 485/263/510 487/264/509 495/273/519 492/274/520
f 493/267/512 491/268/514 490/275/521 492/263/522
f 492/274/520 495/273/519 494/265/516 493/276/515
f 485/263/523 492/277/522 490/278/521 484/266/523
f 486/263/508 496/266/524 497/265/525 487/264/509
f 501/267/526 499/268/527 488/265/528 489/264/528
f 501/269/529 489/265/530 494/270/531
f 486/263/532 488/266/532 499/272/532 498/271/532 496/264/532
f 497/263/525 500/274/533 495/273/534 487/264/509
f 501/267/526 500/263/535 498/275/536 499/268/527
f 500/274/533 501/276/529 494/265/531 495/273/534
f 497/263/537 496/266/537 498/278/536 500/277/535
s 0
f 502/279/398 503/280/398 505/281/398 504/282/398
f 504/279/538 505/280/538 509/281/538 508/282/538
f 508/279/375 509/280/375 507/281/375 506/282/375
f 506/279/539 507/280/539 503/281/539 502/282/539
f 504/279/540 508/280/540 506/281/540 502/282/540
f 509/279/541 505/280/541 503/281/541 507/282/541
f 510/279/375 512/282/375 513/281/375 511/280/375
f 512/279/542 516/282/542 517/281/542 513/280/542
f 516/279/398 514/282/398 515/281/398 517/280/398
f 514/279/543 510/282/543 511/281/543 515/280/543
f 512/279/544 510/282/544 514/281/544 516/280/544
f 517/279/545 515/282/545 511/281/545 513/280/545
f 535/283/375 536/284/375 526/285/375 525/286/375
f 537/283/371 532/284/371 520/285/371 527/286/371
f 518/283/398 521/284/398 533/285/398 530/286/398
f 531/283/546 519/284/546 518/285/546 530/286/546
f 520/283/547 532/284/547 533/285/547 521/286/547
f 524/283/548 534/284/548 535/285/548 525/286/548
f 537/283/549 527/284/549 526/285/549 536/286/549
f 531/283/370 534/284/370 524/285/370 519/286/370
f 522/284/367 531/285/367 530/286/367
f 523/284/367 533/285/367 532/286/367
f 528/284/367 535/285/367 534/286/367
f 529/284/367 537/285/367 536/286/367
f 522/283/367 528/284/367 534/285/367 531/286/367
f 523/283/367 522/284/367 530/285/367 533/286/367
f 529/283/367 523/284/367 532/285/367 537/286/367
f 528/283/367 529/284/367 536/285/367 535/286/367
f 522/287/367 523/288/367 529/288/367 528/288/367
f 519/286/369 524/285/369 525/286/369 526/285/369 527/284/369 520/285/369 521/286/369 518/283/369
s 1
usemtl light
f 28/185/69 113/186/68 4/187/67
f 142/185/239 125/187/241 218/186/240
s 0
f 380/253/430 381/254/430 383/253/430 382/254/430
f 382/253/431 383/254/431 387/253/431 386/254/431
f 382/253/370 386/254/370 384/253/370 380/254/370
f 387/253/371 383/254/371 381/253/371 385/254/371
f 389/253/432 388/254/432 391/253/432 390/254/432
f 389/253/433 390/254/433 398/253/433 399/254/433
f 391/253/434 388/254/434 394/253/434 395/254/434
f 386/253/435 387/254/435 388/253/435 389/254/435
f 392/253/371 393/254/371 395/253/371 394/254/371
f 387/253/436 385/254/436 393/253/436 392/254/436
f 388/253/437 387/254/437 392/253/437 394/254/437
f 396/253/370 397/254/370 399/253/370 398/254/370
f 384/253/438 386/254/438 397/253/438 396/254/438
f 386/253/439 389/254/439 399/253/439 397/254/439
f 400/253/440 402/254/440 403/253/440 401/254/440
f 402/253/441 406/254/441 407/253/441 403/254/441
f 402/253/370 400/254/370 404/253/370 406/254/370
f 407/253/371 405/254/371 401/253/371 403/254/371
f 409/253/442 410/254/442 411/253/442 408/254/442
f 409/253/443 419/254/443 418/253/443 410/254/443
f 411/253/444 415/254/444 414/253/444 408/254/444
f 406/253/445 409/254/445 408/253/445 407/254/445
f 412/253/371 414/254/371 415/253/371 413/254/371
f 407/253/446 412/254/446 413/253/446 405/254/446
f 408/253/447 414/254/447 412/253/447 407/254/447
f 416/253/370 418/254/370 419/253/370 417/254/370
f 404/253/448 416/254/448 417/253/448 406/254/448
f 406/253/449 417/254/449 419/253/449 409/254/449
s 1
usemtl glass
f 47/53/56 41/54/57 54/55/58 56/56/59
f 74/126/114 72/127/114 71/128/114 75/129/114 82/130/114 73/131/114
f 53/189/85 55/190/163 54/191/58 41/54/57
f 159/53/229 165/56/230 164/55/231 153/54/232
f 181/126/277 180/131/277 188/130/277 182/129/277 178/128/277 179/127/277
f 53/189/85 153/54/232 164/191/231 55/190/163
s 0
f 233/216/350 240/217/350 241/218/350 237/219/350 236/220/350
f 251/216/363 254/220/363 255/219/363 259/218/363 258/217/363
o wheels.008
v -0.846074 0.604707 1.465078
v -0.846074 0.593498 1.616129
v -0.846074 0.525085 1.710290
v -0.846074 0.414391 1.746257
v -0.846074 0.267269 1.710241
v -0.846074 0.187553 1.581449
v -0.846074 0.187553 1.465059
v -0.846074 0.255966 1.370897
v -0.846074 0.396159 1.317109
v -0.846074 0.536353 1.370996
v -0.793629 0.396159 1.124908
v -0.793629 0.156383 1.202816
v -0.793629 0.635936 1.202816
v -0.793629 0.008193 1.406782
v -0.793629 0.008193 1.658897
v -0.793629 0.156383 1.862863
v -0.793629 0.396159 1.940771
v -0.793629 0.635936 1.862863
v -0.793629 0.784125 1.658897
v -0.793629 0.784125 1.406782
v -0.921617 0.396159 1.246241
v -0.921617 0.227701 1.300977
v -0.921617 0.123588 1.444276
v -0.921617 0.123588 1.621403
v -0.921617 0.227701 1.764702
v -0.921617 0.396159 1.819438
v -0.921617 0.564618 1.764702
v -0.921617 0.668730 1.621403
v -0.921617 0.668730 1.444276
v -0.921617 0.564618 1.300977
v -0.921617 0.396159 1.163114
v -0.885281 0.396159 1.124908
v -0.885281 0.156383 1.202816
v -0.921617 0.178840 1.233725
v -0.885281 0.008193 1.406782
v -0.921617 0.044529 1.418588
v -0.885281 0.008193 1.658897
v -0.921617 0.044529 1.647091
v -0.885281 0.156383 1.862863
v -0.921617 0.178840 1.831954
v -0.885281 0.396159 1.940771
v -0.921617 0.396159 1.902565
v -0.885281 0.635936 1.862863
v -0.921617 0.613479 1.831954
v -0.885281 0.784125 1.658897
v -0.921617 0.747789 1.647091
v -0.885281 0.784125 1.406782
v -0.921617 0.747789 1.418588
v -0.885281 0.635936 1.202816
v -0.921617 0.613479 1.233725
v -0.846074 0.377869 1.558014
v -0.846074 0.536353 1.725800
v -0.846074 0.604707 1.581369
v -0.846074 0.377869 1.746177
v -0.846074 0.169321 1.459135
v -0.846074 0.198915 1.616159
v -0.846074 0.291022 1.351270
v -0.846074 0.414391 1.557934
v -0.846074 0.366659 1.523254
v -0.846074 0.169321 1.606544
v -0.846074 0.255966 1.725800
v -0.846074 0.622998 1.459135
v -0.846074 0.501296 1.351270
v -0.846074 0.622998 1.606544
v -0.846074 0.396159 1.771351
v -0.846074 0.425753 1.523224
v -0.846074 0.396159 1.495978
v -0.846074 0.396159 1.294327
v -0.846074 0.255966 1.339879
v -0.846074 0.536353 1.339879
v -0.846074 0.396159 1.532839
v -0.793629 0.509125 1.688323
v -0.793629 0.444626 1.599549
v -0.793629 0.474633 1.507342
v -0.793629 0.578906 1.473462
v -0.793629 0.396159 1.342898
v -0.793629 0.396159 1.447122
v -0.793629 0.213377 1.473450
v -0.793629 0.317738 1.507359
v -0.793629 0.347660 1.599593
v -0.793629 0.283216 1.688293
v -0.793629 0.548988 1.633458
v -0.793629 0.444626 1.709280
v -0.793629 0.213377 1.541268
v -0.793629 0.253239 1.418584
v -0.793629 0.243387 1.633473
v -0.793629 0.539077 1.418642
v -0.793629 0.578906 1.541222
v -0.793629 0.347660 1.709232
v -0.793629 0.334898 1.362803
v -0.793629 0.457420 1.362803
v -0.741183 0.604707 1.465078
v -0.741183 0.593498 1.616129
v -0.741183 0.525085 1.710290
v -0.741183 0.414391 1.746257
v -0.741183 0.267269 1.710241
v -0.741183 0.187553 1.581449
v -0.741183 0.187553 1.465059
v -0.741183 0.255966 1.370897
v -0.741183 0.396159 1.317109
v -0.741183 0.536353 1.370996
v -0.665640 0.396159 1.246241
v -0.665640 0.227701 1.300977
v -0.665640 0.123588 1.444276
v -0.665640 0.123588 1.621403
v -0.665640 0.227701 1.764702
v -0.665640 0.396159 1.819438
v -0.665640 0.564618 1.764702
v -0.665640 0.668730 1.621403
v -0.665640 0.668730 1.444276
v -0.665640 0.564618 1.300977
v -0.665640 0.396159 1.163114
v -0.701976 0.396159 1.124908
v -0.701976 0.156383 1.202816
v -0.665640 0.178840 1.233725
v -0.701976 0.008193 1.406782
v -0.665640 0.044529 1.418588
v -0.701976 0.008193 1.658897
v -0.665640 0.044529 1.647091
v -0.701976 0.156383 1.862863
v -0.665640 0.178840 1.831954
v -0.701976 0.396159 1.940771
v -0.665640 0.396159 1.902565
v -0.701976 0.635936 1.862863
v -0.665640 0.613479 1.831954
v -0.701976 0.784125 1.658897
v -0.665640 0.747789 1.647091
v -0.701976 0.784125 1.406782
v -0.665640 0.747789 1.418588
v -0.701976 0.635936 1.202816
v -0.665640 0.613479 1.233725
v -0.741183 0.377869 1.558014
v -0.741183 0.536353 1.725800
v -0.741183 0.604707 1.581369
v -0.741183 0.377869 1.746177
v -0.741183 0.169321 1.459135
v -0.741183 0.198915 1.616159
v -0.741183 0.291022 1.351270
v -0.741183 0.414391 1.557934
v -0.741183 0.366659 1.523254
v -0.741183 0.169321 1.606544
v -0.741183 0.255966 1.725800
v -0.741183 0.622998 1.459135
v -0.741183 0.501296 1.351270
v -0.741183 0.622998 1.606544
v -0.741183 0.396159 1.771351
v -0.741183 0.425753 1.523224
v -0.741183 0.396159 1.495978
v -0.741183 0.396159 1.294327
v -0.741183 0.255966 1.339879
v -0.741183 0.536353 1.339879
v -0.741183 0.396159 1.532839
vn -0.3686 0.5464 -0.7521
vn -0.0000 0.5878 -0.8090
vn -0.0000 -0.0000 -1.0000
vn -0.3686 -0.0000 -0.9296
vn -0.3686 0.8841 -0.2873
vn -0.0000 0.9511 -0.3090
vn -0.4595 0.5221 -0.7186
vn -0.4414 0.2773 -0.8534
vn -0.3686 -0.0000 0.9296
vn -0.0000 -0.0000 1.0000
vn -0.0000 0.5878 0.8090
vn -0.3686 0.5464 0.7521
vn -0.3686 -0.8841 -0.2873
vn -0.0000 -0.9511 -0.3090
vn -0.0000 -0.9511 0.3090
vn -0.3686 -0.8841 0.2873
vn -0.0000 -0.5878 0.8090
vn -0.3686 -0.5464 0.7521
vn -0.9022 0.4102 0.1333
vn -1.0000 -0.0000 -0.0000
vn -0.9022 0.2535 0.3490
vn -0.9022 -0.0000 -0.4314
vn -0.9022 0.2535 -0.3490
vn -0.9022 -0.4102 -0.1333
vn -0.9022 -0.2535 -0.3490
vn -0.9022 0.4102 -0.1333
vn -0.3686 0.8841 0.2873
vn -0.0000 0.9511 0.3090
vn -0.9022 -0.0000 0.4314
vn -0.9022 -0.2535 0.3490
vn -0.9022 -0.4102 0.1333
vn -0.3686 -0.5464 -0.7521
vn -0.0000 -0.5878 -0.8090
vn -0.5370 -0.0000 0.8436
vn -0.5370 0.4959 0.6825
vn -0.5370 -0.8023 -0.2607
vn -0.5370 -0.8023 0.2607
vn -0.5370 0.4959 -0.6825
vn -0.5370 -0.0000 -0.8436
vn -0.5370 0.8023 0.2607
vn -0.5370 -0.4959 0.6825
vn -0.5370 -0.4959 -0.6825
vn -0.5370 0.8023 -0.2607
vn -0.4995 -0.7009 0.5092
vn -0.4236 -0.2799 0.8615
vn -0.4413 -0.0000 0.8974
vn -0.4414 -0.8973 -0.0000
vn -0.4595 -0.8447 0.2745
vn -0.4417 0.7258 0.5273
vn -0.4598 0.8446 0.2744
vn -0.4236 0.2799 0.8615
vn -0.4414 -0.7259 0.5274
vn -0.4417 0.8971 -0.0000
vn -0.4414 0.7259 -0.5274
vn -0.4417 -0.2772 -0.8532
vn -0.4598 -0.5220 -0.7184
vn -0.4803 -0.7096 -0.5156
vn -0.4995 0.8663 -0.0000
vn -0.4991 0.7010 0.5093
vn -0.4803 0.7096 -0.5156
vn -0.4995 -0.2677 0.8239
vn -0.4991 -0.8665 -0.0000
vn -0.4995 -0.2677 -0.8239
vn -0.4991 0.2678 -0.8241
vn -0.4417 -0.7258 -0.5273
vn -0.4991 0.2678 0.8241
vn 0.3686 0.5464 -0.7521
vn 0.3686 -0.0000 -0.9296
vn 0.3686 0.8841 -0.2873
vn 0.4595 0.5221 -0.7186
vn 0.4414 0.2773 -0.8534
vn 0.3686 -0.0000 0.9296
vn 0.3686 0.5464 0.7521
vn 0.3686 -0.8841 -0.2873
vn 0.3686 -0.8841 0.2873
vn 0.3686 -0.5464 0.7521
vn 0.9022 0.4102 0.1333
vn 0.9022 0.2535 0.3490
vn 1.0000 -0.0000 -0.0000
vn 0.9022 -0.0000 -0.4314
vn 0.9022 0.2535 -0.3490
vn 0.9022 -0.4102 -0.1333
vn 0.9022 -0.2535 -0.3490
vn 0.9022 0.4102 -0.1333
vn 0.3686 0.8841 0.2873
vn 0.9022 -0.0000 0.4314
vn 0.9022 -0.2535 0.3490
vn 0.9022 -0.4102 0.1333
vn 0.3686 -0.5464 -0.7521
vn 0.5370 -0.0000 0.8436
vn 0.5370 0.4959 0.6825
vn 0.5370 -0.8023 -0.2607
vn 0.5370 -0.8023 0.2607
vn 0.5370 0.4959 -0.6825
vn 0.5370 -0.0000 -0.8436
vn 0.5370 0.8023 0.2607
vn 0.5370 -0.4959 0.6825
vn 0.5370 -0.4959 -0.6825
vn 0.5370 0.8023 -0.2607
vn 0.4995 -0.7009 0.5092
vn 0.4236 -0.2799 0.8615
vn 0.4413 -0.0000 0.8974
vn 0.4414 -0.8973 -0.0000
vn 0.4595 -0.8447 0.2745
vn 0.4417 0.7258 0.5273
vn 0.4598 0.8446 0.2744
vn 0.4236 0.2799 0.8615
vn 0.4414 -0.7259 0.5274
vn 0.4417 0.8971 -0.0000
vn 0.4414 0.7259 -0.5274
vn 0.4417 -0.2772 -0.8532
vn 0.4598 -0.5220 -0.7184
vn 0.4803 -0.7096 -0.5156
vn 0.4995 0.8663 -0.0000
vn 0.4991 0.7010 0.5093
vn 0.4803 0.7096 -0.5156
vn 0.4995 -0.2677 0.8239
vn 0.4991 -0.8665 -0.0000
vn 0.4995 -0.2677 -0.8239
vn 0.4991 0.2678 -0.8241
vn 0.4417 -0.7258 -0.5273
vn 0.4991 0.2678 0.8241
vt 0.975777 0.347738
vt 0.992922 0.347738
vt 0.992922 0.375608
vt 0.975777 0.375608
vt 0.969168 0.356028
vt 0.982334 0.356028
vt 0.990697 0.350349
vt 0.985856 0.356028
vt 0.969168 0.356028
vt 0.969168 0.350349
vt 0.990697 0.350349
vt 0.990697 0.350349
vt 0.985856 0.356028
vt 0.969168 0.350348
vt 0.990697 0.350349
vt 0.990697 0.350348
vt 0.969168 0.374303
vt 0.969168 0.349043
vt 0.969168 0.347738
vt 0.969168 0.374303
vt 0.975668 0.528250
vt 0.977838 0.528250
vt 0.971747 0.356028
vt 0.984262 0.356028
vt 0.971345 0.356028
vt 0.984511 0.356028
vt 0.971338 0.356028
vt 0.984515 0.356028
vt 0.969168 0.356028
vt 0.981683 0.356028
vt 0.982334 0.356028
vt 0.982345 0.356028
vt 0.984511 0.356028
vt 0.971338 0.356028
vt 0.988845 0.528250
vt 0.975668 0.528250
vt 0.992356 0.528250
vt 0.991015 0.528250
vt 0.977838 0.528250
vt 0.992356 0.528250
vt 0.975668 0.528250
vt 0.991011 0.528250
vt 0.977845 0.528250
vt 0.988834 0.528250
vt 0.991011 0.528250
vt 0.988833 0.528250
vt 0.988183 0.528250
vt 0.990762 0.528250
vt 0.978247 0.528250
vt 0.982345 0.356028
s 1
usemtl metallic
f 542/293/556 591/294/557 626/294/557 618/293/556
f 596/309/593 545/310/593 622/310/593 616/309/593
f 600/311/594 546/312/595 613/312/595 628/311/594
f 590/313/596 538/314/597 612/314/597 625/313/596
f 545/315/598 544/316/599 615/316/599 622/315/598
f 546/317/595 594/318/600 627/318/600 613/317/595
f 538/293/597 547/319/601 624/319/601 612/293/597
f 544/293/599 543/320/602 621/320/602 615/293/599
f 593/313/603 542/321/556 618/321/556 623/313/603
f 541/322/604 540/316/605 609/316/605 620/322/604
f 539/323/569 540/324/569 589/324/569 601/325/569
f 540/326/569 541/327/569 602/324/569 589/328/569
f 543/323/569 544/329/569 592/329/569 597/328/569
f 544/326/569 545/310/569 606/329/569 592/328/569
f 545/310/569 596/309/569 608/329/569 606/329/569
f 541/327/569 595/309/569 608/329/569 602/324/569
f 595/309/569 539/323/569 601/325/569 608/329/569
f 596/309/569 543/323/569 597/328/569 608/329/569
f 542/330/569 593/331/569 597/329/569 598/328/569
f 547/332/569 538/329/569 599/329/569 607/328/569
f 538/333/569 590/331/569 601/329/569 599/325/569
f 591/334/569 542/329/569 598/324/569 602/325/569
f 603/331/569 547/332/569 607/328/569 608/329/569
f 588/331/569 591/334/569 602/325/569 608/329/569
f 590/331/569 603/331/569 608/329/569 601/329/569
f 593/331/569 588/331/569 608/329/569 597/329/569
f 594/335/569 546/324/569 605/324/569 606/328/569
f 546/336/569 600/337/569 607/324/569 605/325/569
f 600/337/569 604/329/569 608/329/569 607/324/569
f 604/329/569 594/335/569 606/328/569 608/329/569
f 604/329/606 600/337/606 628/337/606 614/329/606
f 595/309/607 541/327/607 620/327/607 610/309/607
f 547/332/608 603/331/608 611/331/608 624/332/608
f 594/335/609 604/329/609 614/329/609 627/335/609
f 539/323/610 595/309/610 610/309/610 619/323/610
f 591/334/611 588/331/611 617/331/611 626/334/611
f 543/323/612 596/309/612 616/309/612 621/323/612
f 603/331/613 590/331/613 625/331/613 611/331/613
f 540/297/605 539/338/614 619/338/614 609/297/605
f 588/331/615 593/331/615 623/331/615 617/331/615
f 633/293/619 618/293/619 626/294/620 672/294/620
f 677/309/649 616/309/649 622/310/649 636/310/649
f 681/311/650 628/311/650 613/312/651 637/312/651
f 671/313/652 625/313/652 612/314/653 629/314/653
f 636/315/654 622/315/654 615/316/655 635/316/655
f 637/317/651 613/317/651 627/318/656 675/318/656
f 629/293/653 612/293/653 624/319/657 638/319/657
f 635/293/655 615/293/655 621/320/658 634/320/658
f 674/313/659 623/313/659 618/321/619 633/321/619
f 632/322/660 620/322/660 609/316/661 631/316/661
f 630/323/628 682/325/628 670/324/628 631/324/628
f 631/326/628 670/328/628 683/324/628 632/327/628
f 634/323/628 678/328/628 673/329/628 635/329/628
f 635/326/628 673/328/628 687/329/628 636/310/628
f 636/310/628 687/329/628 689/329/628 677/309/628
f 632/327/628 683/324/628 689/329/628 676/309/628
f 676/309/628 689/329/628 682/325/628 630/323/628
f 677/309/628 689/329/628 678/328/628 634/323/628
f 633/330/628 679/328/628 678/329/628 674/331/628
f 638/332/628 688/328/628 680/329/628 629/329/628
f 629/333/628 680/325/628 682/329/628 671/331/628
f 672/334/628 683/325/628 679/324/628 633/329/628
f 684/331/628 689/329/628 688/328/628 638/332/628
f 669/331/628 689/329/628 683/325/628 672/334/628
f 671/331/628 682/329/628 689/329/628 684/331/628
f 674/331/628 678/329/628 689/329/628 669/331/628
f 675/335/628 687/328/628 686/324/628 637/324/628
f 637/336/628 686/325/628 688/324/628 681/337/628
f 681/337/628 688/324/628 689/329/628 685/329/628
f 685/329/628 689/329/628 687/328/628 675/335/628
f 685/329/662 614/329/662 628/337/662 681/337/662
f 676/309/663 610/309/663 620/327/663 632/327/663
f 638/332/664 624/332/664 611/331/664 684/331/664
f 675/335/665 627/335/665 614/329/665 685/329/665
f 630/323/666 619/323/666 610/309/666 676/309/666
f 672/334/667 626/334/667 617/331/667 669/331/667
f 634/323/668 621/323/668 616/309/668 677/309/668
f 684/331/669 611/331/669 625/331/669 671/331/669
f 631/297/661 609/297/661 619/338/670 630/338/670
f 669/331/671 617/331/671 623/331/671 674/331/671
usemtl texture
f 586/289/550 550/290/551 548/291/552 569/292/553
f 584/289/554 557/290/555 550/291/551 586/292/550
f 578/289/558 554/290/559 555/291/560 580/292/561
f 572/289/562 551/290/563 552/291/564 574/292/565
f 574/289/565 552/290/564 553/291/566 576/292/567
f 576/289/567 553/290/566 554/291/559 578/292/558
f 583/295/568 565/296/569 564/297/569 581/298/570
f 568/299/571 558/296/569 567/297/569 587/298/572
f 573/300/573 560/301/569 559/293/569 571/302/574
f 587/303/572 567/301/569 566/293/569 585/298/575
f 585/304/575 566/296/569 565/293/569 583/298/568
f 582/289/576 556/290/577 557/291/555 584/292/554
f 581/295/570 564/301/569 563/297/569 579/298/578
f 579/299/578 563/296/569 562/297/569 577/298/579
f 577/300/579 562/301/569 561/293/569 575/298/580
f 575/295/580 561/301/569 560/293/569 573/298/573
f 570/289/581 549/290/582 551/291/563 572/292/562
f 580/289/561 555/290/560 556/291/577 582/292/576
f 558/297/583 559/301/584 606/301/584 605/297/583
f 571/295/574 559/301/569 558/297/569 568/298/571
f 569/289/553 570/292/581 571/305/574 568/306/571
f 570/307/581 572/290/562 573/300/573 571/302/574
f 572/289/562 574/292/565 575/305/580 573/306/573
f 574/307/565 576/290/567 577/300/579 575/298/580
f 576/307/567 578/290/558 579/299/578 577/298/579
f 578/307/558 580/290/561 581/295/570 579/298/578
f 580/289/561 582/292/576 583/308/568 581/306/570
f 582/289/576 584/292/554 585/305/575 583/306/568
f 584/307/554 586/290/550 587/303/572 585/298/575
f 586/289/550 569/292/553 568/305/571 587/306/572
f 569/289/553 548/290/552 549/291/582 570/292/581
f 565/293/585 566/296/586 599/296/586 601/293/585
f 562/297/587 563/296/588 602/296/588 598/297/587
f 559/293/584 560/301/589 592/301/589 606/293/584
f 566/293/586 567/301/590 607/301/590 599/293/586
f 563/297/588 564/301/591 589/301/591 602/297/588
f 560/293/589 561/301/592 597/301/592 592/293/589
f 567/297/590 558/296/583 605/296/583 607/297/590
f 564/297/591 565/296/585 601/296/585 589/297/591
f 561/293/592 562/301/587 598/301/587 597/293/592
f 667/289/616 650/292/617 548/291/552 550/290/551
f 665/289/618 667/292/616 550/291/551 557/290/555
f 659/289/621 661/292/622 555/291/560 554/290/559
f 653/289/623 655/292/624 552/291/564 551/290/563
f 655/289/624 657/292/625 553/291/566 552/290/564
f 657/289/625 659/292/621 554/291/559 553/290/566
f 664/295/626 662/298/627 645/297/628 646/296/628
f 649/299/629 668/298/630 648/297/628 639/296/628
f 654/300/631 652/302/632 640/293/628 641/301/628
f 668/303/630 666/298/633 647/293/628 648/301/628
f 666/304/633 664/298/626 646/293/628 647/296/628
f 663/289/634 665/292/618 557/291/555 556/290/577
f 662/295/627 660/298/635 644/297/628 645/301/628
f 660/299/635 658/298/636 643/297/628 644/296/628
f 658/300/636 656/298/637 642/293/628 643/301/628
f 656/295/637 654/298/631 641/293/628 642/301/628
f 651/289/638 653/292/623 551/291/563 549/290/582
f 661/289/622 663/292/634 556/291/577 555/290/560
f 639/297/639 686/297/639 687/301/640 640/301/640
f 652/295/632 649/298/629 639/297/628 640/301/628
f 650/289/617 649/306/629 652/305/632 651/292/638
f 651/307/638 652/302/632 654/300/631 653/290/623
f 653/289/623 654/306/631 656/305/637 655/292/624
f 655/307/624 656/298/637 658/300/636 657/290/625
f 657/307/625 658/298/636 660/299/635 659/290/621
f 659/307/621 660/298/635 662/295/627 661/290/622
f 661/289/622 662/306/627 664/308/626 663/292/634
f 663/289/634 664/306/626 666/305/633 665/292/618
f 665/307/618 666/298/633 668/303/630 667/290/616
f 667/289/616 668/306/630 649/305/629 650/292/617
f 650/289/617 651/292/638 549/291/582 548/290/552
f 646/293/641 682/293/641 680/296/642 647/296/642
f 643/297/643 679/297/643 683/296/644 644/296/644
f 640/293/640 687/293/640 673/301/645 641/301/645
f 647/293/642 680/293/642 688/301/646 648/301/646
f 644/297/644 683/297/644 670/301/647 645/301/647
f 641/293/645 673/293/645 678/301/648 642/301/648
f 648/297/646 688/297/646 686/296/639 639/296/639
f 645/297/647 670/297/647 682/296/641 646/296/641
f 642/293/648 678/293/648 679/301/643 643/301/643
o wheels.009
v -0.850488 0.604707 -1.409512
v -0.850488 0.593498 -1.258461
v -0.850488 0.525085 -1.164300
v -0.850488 0.414391 -1.128333
v -0.850488 0.267269 -1.164349
v -0.850488 0.187553 -1.293141
v -0.850488 0.187553 -1.409531
v -0.850488 0.255966 -1.503693
v -0.850488 0.396159 -1.557481
v -0.850488 0.536353 -1.503594
v -0.798043 0.396159 -1.749682
v -0.798043 0.156383 -1.671774
v -0.798043 0.635936 -1.671774
v -0.798043 0.008193 -1.467808
v -0.798043 0.008193 -1.215693
v -0.798043 0.156383 -1.011727
v -0.798043 0.396159 -0.933819
v -0.798043 0.635936 -1.011727
v -0.798043 0.784125 -1.215693
v -0.798043 0.784125 -1.467808
v -0.926031 0.396159 -1.628349
v -0.926031 0.227701 -1.573614
v -0.926031 0.123588 -1.430314
v -0.926031 0.123588 -1.253187
v -0.926031 0.227701 -1.109888
v -0.926031 0.396159 -1.055152
v -0.926031 0.564618 -1.109888
v -0.926031 0.668730 -1.253187
v -0.926031 0.668730 -1.430314
v -0.926031 0.564618 -1.573614
v -0.926031 0.396159 -1.711476
v -0.889695 0.396159 -1.749682
v -0.889695 0.156383 -1.671774
v -0.926031 0.178840 -1.640865
v -0.889695 0.008193 -1.467808
v -0.926031 0.044529 -1.456002
v -0.889695 0.008193 -1.215693
v -0.926031 0.044529 -1.227499
v -0.889695 0.156383 -1.011727
v -0.926031 0.178840 -1.042636
v -0.889695 0.396159 -0.933819
v -0.926031 0.396159 -0.972025
v -0.889695 0.635936 -1.011727
v -0.926031 0.613479 -1.042636
v -0.889695 0.784125 -1.215693
v -0.926031 0.747789 -1.227499
v -0.889695 0.784125 -1.467808
v -0.926031 0.747789 -1.456002
v -0.889695 0.635936 -1.671774
v -0.926031 0.613479 -1.640865
v -0.850488 0.377869 -1.316576
v -0.850488 0.536353 -1.148790
v -0.850488 0.604707 -1.293221
v -0.850488 0.377869 -1.128413
v -0.850488 0.169321 -1.415455
v -0.850488 0.198915 -1.258431
v -0.850488 0.291022 -1.523320
v -0.850488 0.414391 -1.316656
v -0.850488 0.366659 -1.351336
v -0.850488 0.169321 -1.268046
v -0.850488 0.255966 -1.148790
v -0.850488 0.622998 -1.415455
v -0.850488 0.501296 -1.523320
v -0.850488 0.622998 -1.268046
v -0.850488 0.396159 -1.103239
v -0.850488 0.425753 -1.351366
v -0.850488 0.396159 -1.378612
v -0.850488 0.396159 -1.580263
v -0.850488 0.255966 -1.534711
v -0.850488 0.536353 -1.534711
v -0.850488 0.396159 -1.341751
v -0.798043 0.509125 -1.186267
v -0.798043 0.444626 -1.275041
v -0.798043 0.474633 -1.367248
v -0.798043 0.578906 -1.401129
v -0.798043 0.396159 -1.531692
v -0.798043 0.396159 -1.427468
v -0.798043 0.213377 -1.401140
v -0.798043 0.317738 -1.367231
v -0.798043 0.347660 -1.274997
v -0.798043 0.283216 -1.186297
v -0.798043 0.548988 -1.241132
v -0.798043 0.444626 -1.165310
v -0.798043 0.213377 -1.333322
v -0.798043 0.253239 -1.456006
v -0.798043 0.243387 -1.241117
v -0.798043 0.539077 -1.455948
v -0.798043 0.578906 -1.333368
v -0.798043 0.347660 -1.165358
v -0.798043 0.334898 -1.511787
v -0.798043 0.457420 -1.511787
v -0.745598 0.604707 -1.409512
v -0.745598 0.593498 -1.258461
v -0.745598 0.525085 -1.164300
v -0.745598 0.414391 -1.128333
v -0.745598 0.267269 -1.164349
v -0.745598 0.187553 -1.293141
v -0.745598 0.187553 -1.409531
v -0.745598 0.255966 -1.503693
v -0.745598 0.396159 -1.557481
v -0.745598 0.536353 -1.503594
v -0.670054 0.396159 -1.628349
v -0.670054 0.227701 -1.573614
v -0.670054 0.123588 -1.430314
v -0.670054 0.123588 -1.253187
v -0.670054 0.227701 -1.109888
v -0.670054 0.396159 -1.055152
v -0.670054 0.564618 -1.109888
v -0.670054 0.668730 -1.253187
v -0.670054 0.668730 -1.430314
v -0.670054 0.564618 -1.573614
v -0.670054 0.396159 -1.711476
v -0.706391 0.396159 -1.749682
v -0.706391 0.156383 -1.671774
v -0.670054 0.178840 -1.640865
v -0.706391 0.008193 -1.467808
v -0.670054 0.044529 -1.456002
v -0.706391 0.008193 -1.215693
v -0.670054 0.044529 -1.227499
v -0.706391 0.156383 -1.011727
v -0.670054 0.178840 -1.042636
v -0.706391 0.396159 -0.933819
v -0.670054 0.396159 -0.972025
v -0.706391 0.635936 -1.011727
v -0.670054 0.613479 -1.042636
v -0.706391 0.784125 -1.215693
v -0.670054 0.747789 -1.227499
v -0.706391 0.784125 -1.467808
v -0.670054 0.747789 -1.456002
v -0.706391 0.635936 -1.671774
v -0.670054 0.613479 -1.640865
v -0.745598 0.377869 -1.316576
v -0.745598 0.536353 -1.148790
v -0.745598 0.604707 -1.293221
v -0.745598 0.377869 -1.128413
v -0.745598 0.169321 -1.415455
v -0.745598 0.198915 -1.258431
v -0.745598 0.291022 -1.523320
v -0.745598 0.414391 -1.316656
v -0.745598 0.366659 -1.351336
v -0.745598 0.169321 -1.268046
v -0.745598 0.255966 -1.148790
v -0.745598 0.622998 -1.415455
v -0.745598 0.501296 -1.523320
v -0.745598 0.622998 -1.268046
v -0.745598 0.396159 -1.103239
v -0.745598 0.425753 -1.351366
v -0.745598 0.396159 -1.378612
v -0.745598 0.396159 -1.580263
v -0.745598 0.255966 -1.534711
v -0.745598 0.536353 -1.534711
v -0.745598 0.396159 -1.341751
vn -0.3686 0.5464 -0.7521
vn -0.0000 0.5878 -0.8090
vn -0.0000 -0.0000 -1.0000
vn -0.3686 -0.0000 -0.9296
vn -0.3686 0.8841 -0.2873
vn -0.0000 0.9511 -0.3090
vn -0.4595 0.5221 -0.7186
vn -0.4414 0.2773 -0.8534
vn -0.3686 -0.0000 0.9296
vn -0.0000 -0.0000 1.0000
vn -0.0000 0.5878 0.8090
vn -0.3686 0.5464 0.7521
vn -0.3686 -0.8841 -0.2873
vn -0.0000 -0.9511 -0.3090
vn -0.0000 -0.9511 0.3090
vn -0.3686 -0.8841 0.2873
vn -0.0000 -0.5878 0.8090
vn -0.3686 -0.5464 0.7521
vn -0.9022 0.4102 0.1333
vn -1.0000 -0.0000 -0.0000
vn -0.9022 0.2535 0.3490
vn -0.9022 -0.0000 -0.4314
vn -0.9022 0.2535 -0.3490
vn -0.9022 -0.4102 -0.1333
vn -0.9022 -0.2535 -0.3490
vn -0.9022 0.4102 -0.1333
vn -0.3686 0.8841 0.2873
vn -0.0000 0.9511 0.3090
vn -0.9022 -0.0000 0.4314
vn -0.9022 -0.2535 0.3490
vn -0.9022 -0.4102 0.1333
vn -0.3686 -0.5464 -0.7521
vn -0.0000 -0.5878 -0.8090
vn -0.5370 -0.0000 0.8436
vn -0.5370 0.4959 0.6825
vn -0.5370 -0.8023 -0.2607
vn -0.5370 -0.8023 0.2607
vn -0.5370 0.4959 -0.6825
vn -0.5370 -0.0000 -0.8436
vn -0.5370 0.8023 0.2607
vn -0.5370 -0.4959 0.6825
vn -0.5370 -0.4959 -0.6825
vn -0.5370 0.8023 -0.2607
vn -0.4995 -0.7009 0.5092
vn -0.4236 -0.2799 0.8615
vn -0.4413 -0.0000 0.8974
vn -0.4414 -0.8973 -0.0000
vn -0.4595 -0.8447 0.2745
vn -0.4417 0.7258 0.5273
vn -0.4598 0.8446 0.2744
vn -0.4236 0.2799 0.8615
vn -0.4414 -0.7259 0.5274
vn -0.4417 0.8971 -0.0000
vn -0.4414 0.7259 -0.5274
vn -0.4417 -0.2772 -0.8532
vn -0.4598 -0.5220 -0.7184
vn -0.4803 -0.7096 -0.5156
vn -0.4995 0.8663 -0.0000
vn -0.4991 0.7010 0.5093
vn -0.4803 0.7096 -0.5156
vn -0.4995 -0.2677 0.8239
vn -0.4991 -0.8665 -0.0000
vn -0.4995 -0.2677 -0.8239
vn -0.4991 0.2678 -0.8241
vn -0.4417 -0.7258 -0.5273
vn -0.4991 0.2678 0.8241
vn 0.3686 0.5464 -0.7521
vn 0.3686 -0.0000 -0.9296
vn 0.3686 0.8841 -0.2873
vn 0.4595 0.5221 -0.7186
vn 0.4414 0.2773 -0.8534
vn 0.3686 -0.0000 0.9296
vn 0.3686 0.5464 0.7521
vn 0.3686 -0.8841 -0.2873
vn 0.3686 -0.8841 0.2873
vn 0.3686 -0.5464 0.7521
vn 0.9022 0.4102 0.1333
vn 0.9022 0.2535 0.3490
vn 1.0000 -0.0000 -0.0000
vn 0.9022 -0.0000 -0.4314
vn 0.9022 0.2535 -0.3490
vn 0.9022 -0.4102 -0.1333
vn 0.9022 -0.2535 -0.3490
vn 0.9022 0.4102 -0.1333
vn 0.3686 0.8841 0.2873
vn 0.9022 -0.0000 0.4314
vn 0.9022 -0.2535 0.3490
vn 0.9022 -0.4102 0.1333
vn 0.3686 -0.5464 -0.7521
vn 0.5370 -0.0000 0.8436
vn 0.5370 0.4959 0.6825
vn 0.5370 -0.8023 -0.2607
vn 0.5370 -0.8023 0.2607
vn 0.5370 0.4959 -0.6825
vn 0.5370 -0.0000 -0.8436
vn 0.5370 0.8023 0.2607
vn 0.5370 -0.4959 0.6825
vn 0.5370 -0.4959 -0.6825
vn 0.5370 0.8023 -0.2607
vn 0.4995 -0.7009 0.5092
vn 0.4236 -0.2799 0.8615
vn 0.4413 -0.0000 0.8974
vn 0.4414 -0.8973 -0.0000
vn 0.4595 -0.8447 0.2745
vn 0.4417 0.7258 0.5273
vn 0.4598 0.8446 0.2744
vn 0.4236 0.2799 0.8615
vn 0.4414 -0.7259 0.5274
vn 0.4417 0.8971 -0.0000
vn 0.4414 0.7259 -0.5274
vn 0.4417 -0.2772 -0.8532
vn 0.4598 -0.5220 -0.7184
vn 0.4803 -0.7096 -0.5156
vn 0.4995 0.8663 -0.0000
vn 0.4991 0.7010 0.5093
vn 0.4803 0.7096 -0.5156
vn 0.4995 -0.2677 0.8239
vn 0.4991 -0.8665 -0.0000
vn 0.4995 -0.2677 -0.8239
vn 0.4991 0.2678 -0.8241
vn 0.4417 -0.7258 -0.5273
vn 0.4991 0.2678 0.8241
vt 0.975777 0.347738
vt 0.992922 0.347738
vt 0.992922 0.375608
vt 0.975777 0.375608
vt 0.969168 0.356028
vt 0.982334 0.356028
vt 0.990697 0.350349
vt 0.985856 0.356028
vt 0.969168 0.356028
vt 0.969168 0.350349
vt 0.990697 0.350349
vt 0.990697 0.350349
vt 0.985856 0.356028
vt 0.969168 0.350348
vt 0.990697 0.350349
vt 0.990697 0.350348
vt 0.969168 0.374303
vt 0.969168 0.349043
vt 0.969168 0.347738
vt 0.969168 0.374303
vt 0.975668 0.528250
vt 0.977838 0.528250
vt 0.971747 0.356028
vt 0.984262 0.356028
vt 0.971345 0.356028
vt 0.984511 0.356028
vt 0.971338 0.356028
vt 0.984515 0.356028
vt 0.969168 0.356028
vt 0.981683 0.356028
vt 0.982334 0.356028
vt 0.982345 0.356028
vt 0.984511 0.356028
vt 0.971338 0.356028
vt 0.988845 0.528250
vt 0.975668 0.528250
vt 0.992356 0.528250
vt 0.991015 0.528250
vt 0.977838 0.528250
vt 0.992356 0.528250
vt 0.975668 0.528250
vt 0.991011 0.528250
vt 0.977845 0.528250
vt 0.988834 0.528250
vt 0.991011 0.528250
vt 0.988833 0.528250
vt 0.988183 0.528250
vt 0.990762 0.528250
vt 0.978247 0.528250
vt 0.982345 0.356028
s 1
usemtl metallic
f 694/343/678 743/344/679 778/344/679 770/343/678
f 748/359/715 697/360/715 774/360/715 768/359/715
f 752/361/716 698/362/717 765/362/717 780/361/716
f 742/363/718 690/364/719 764/364/719 777/363/718
f 697/365/720 696/366/721 767/366/721 774/365/720
f 698/367/717 746/368/722 779/368/722 765/367/717
f 690/343/719 699/369/723 776/369/723 764/343/719
f 696/343/721 695/370/724 773/370/724 767/343/721
f 745/363/725 694/371/678 770/371/678 775/363/725
f 693/372/726 692/366/727 761/366/727 772/372/726
f 691/373/691 692/374/691 741/374/691 753/375/691
f 692/376/691 693/377/691 754/374/691 741/378/691
f 695/373/691 696/379/691 744/379/691 749/378/691
f 696/376/691 697/360/691 758/379/691 744/378/691
f 697/360/691 748/359/691 760/379/691 758/379/691
f 693/377/691 747/359/691 760/379/691 754/374/691
f 747/359/691 691/373/691 753/375/691 760/379/691
f 748/359/691 695/373/691 749/378/691 760/379/691
f 694/380/691 745/381/691 749/379/691 750/378/691
f 699/382/691 690/379/691 751/379/691 759/378/691
f 690/383/691 742/381/691 753/379/691 751/375/691
f 743/384/691 694/379/691 750/374/691 754/375/691
f 755/381/691 699/382/691 759/378/691 760/379/691
f 740/381/691 743/384/691 754/375/691 760/379/691
f 742/381/691 755/381/691 760/379/691 753/379/691
f 745/381/691 740/381/691 760/379/691 749/379/691
f 746/385/691 698/374/691 757/374/691 758/378/691
f 698/386/691 752/387/691 759/374/691 757/375/691
f 752/387/691 756/379/691 760/379/691 759/374/691
f 756/379/691 746/385/691 758/378/691 760/379/691
f 756/379/728 752/387/728 780/387/728 766/379/728
f 747/359/729 693/377/729 772/377/729 762/359/729
f 699/382/730 755/381/730 763/381/730 776/382/730
f 746/385/731 756/379/731 766/379/731 779/385/731
f 691/373/732 747/359/732 762/359/732 771/373/732
f 743/384/733 740/381/733 769/381/733 778/384/733
f 695/373/734 748/359/734 768/359/734 773/373/734
f 755/381/735 742/381/735 777/381/735 763/381/735
f 692/347/727 691/388/736 771/388/736 761/347/727
f 740/381/737 745/381/737 775/381/737 769/381/737
f 785/343/741 770/343/741 778/344/742 824/344/742
f 829/359/771 768/359/771 774/360/771 788/360/771
f 833/361/772 780/361/772 765/362/773 789/362/773
f 823/363/774 777/363/774 764/364/775 781/364/775
f 788/365/776 774/365/776 767/366/777 787/366/777
f 789/367/773 765/367/773 779/368/778 827/368/778
f 781/343/775 764/343/775 776/369/779 790/369/779
f 787/343/777 767/343/777 773/370/780 786/370/780
f 826/363/781 775/363/781 770/371/741 785/371/741
f 784/372/782 772/372/782 761/366/783 783/366/783
f 782/373/750 834/375/750 822/374/750 783/374/750
f 783/376/750 822/378/750 835/374/750 784/377/750
f 786/373/750 830/378/750 825/379/750 787/379/750
f 787/376/750 825/378/750 839/379/750 788/360/750
f 788/360/750 839/379/750 841/379/750 829/359/750
f 784/377/750 835/374/750 841/379/750 828/359/750
f 828/359/750 841/379/750 834/375/750 782/373/750
f 829/359/750 841/379/750 830/378/750 786/373/750
f 785/380/750 831/378/750 830/379/750 826/381/750
f 790/382/750 840/378/750 832/379/750 781/379/750
f 781/383/750 832/375/750 834/379/750 823/381/750
f 824/384/750 835/375/750 831/374/750 785/379/750
f 836/381/750 841/379/750 840/378/750 790/382/750
f 821/381/750 841/379/750 835/375/750 824/384/750
f 823/381/750 834/379/750 841/379/750 836/381/750
f 826/381/750 830/379/750 841/379/750 821/381/750
f 827/385/750 839/378/750 838/374/750 789/374/750
f 789/386/750 838/375/750 840/374/750 833/387/750
f 833/387/750 840/374/750 841/379/750 837/379/750
f 837/379/750 841/379/750 839/378/750 827/385/750
f 837/379/784 766/379/784 780/387/784 833/387/784
f 828/359/785 762/359/785 772/377/785 784/377/785
f 790/382/786 776/382/786 763/381/786 836/381/786
f 827/385/787 779/385/787 766/379/787 837/379/787
f 782/373/788 771/373/788 762/359/788 828/359/788
f 824/384/789 778/384/789 769/381/789 821/381/789
f 786/373/790 773/373/790 768/359/790 829/359/790
f 836/381/791 763/381/791 777/381/791 823/381/791
f 783/347/783 761/347/783 771/388/792 782/388/792
f 821/381/793 769/381/793 775/381/793 826/381/793
usemtl texture
f 738/339/672 702/340/673 700/341/674 721/342/675
f 736/339/676 709/340/677 702/341/673 738/342/672
f 730/339/680 706/340/681 707/341/682 732/342/683
f 724/339/684 703/340/685 704/341/686 726/342/687
f 726/339/687 704/340/686 705/341/688 728/342/689
f 728/339/689 705/340/688 706/341/681 730/342/680
f 735/345/690 717/346/691 716/347/691 733/348/692
f 720/349/693 710/346/691 719/347/691 739/348/694
f 725/350/695 712/351/691 711/343/691 723/352/696
f 739/353/694 719/351/691 718/343/691 737/348/697
f 737/354/697 718/346/691 717/343/691 735/348/690
f 734/339/698 708/340/699 709/341/677 736/342/676
f 733/345/692 716/351/691 715/347/691 731/348/700
f 731/349/700 715/346/691 714/347/691 729/348/701
f 729/350/701 714/351/691 713/343/691 727/348/702
f 727/345/702 713/351/691 712/343/691 725/348/695
f 722/339/703 701/340/704 703/341/685 724/342/684
f 732/339/683 707/340/682 708/341/699 734/342/698
f 710/347/705 711/351/706 758/351/706 757/347/705
f 723/345/696 711/351/691 710/347/691 720/348/693
f 721/339/675 722/342/703 723/355/696 720/356/693
f 722/357/703 724/340/684 725/350/695 723/352/696
f 724/339/684 726/342/687 727/355/702 725/356/695
f 726/357/687 728/340/689 729/350/701 727/348/702
f 728/357/689 730/340/680 731/349/700 729/348/701
f 730/357/680 732/340/683 733/345/692 731/348/700
f 732/339/683 734/342/698 735/358/690 733/356/692
f 734/339/698 736/342/676 737/355/697 735/356/690
f 736/357/676 738/340/672 739/353/694 737/348/697
f 738/339/672 721/342/675 720/355/693 739/356/694
f 721/339/675 700/340/674 701/341/704 722/342/703
f 717/343/707 718/346/708 751/346/708 753/343/707
f 714/347/709 715/346/710 754/346/710 750/347/709
f 711/343/706 712/351/711 744/351/711 758/343/706
f 718/343/708 719/351/712 759/351/712 751/343/708
f 715/347/710 716/351/713 741/351/713 754/347/710
f 712/343/711 713/351/714 749/351/714 744/343/711
f 719/347/712 710/346/705 757/346/705 759/347/712
f 716/347/713 717/346/707 753/346/707 741/347/713
f 713/343/714 714/351/709 750/351/709 749/343/714
f 819/339/738 802/342/739 700/341/674 702/340/673
f 817/339/740 819/342/738 702/341/673 709/340/677
f 811/339/743 813/342/744 707/341/682 706/340/681
f 805/339/745 807/342/746 704/341/686 703/340/685
f 807/339/746 809/342/747 705/341/688 704/340/686
f 809/339/747 811/342/743 706/341/681 705/340/688
f 816/345/748 814/348/749 797/347/750 798/346/750
f 801/349/751 820/348/752 800/347/750 791/346/750
f 806/350/753 804/352/754 792/343/750 793/351/750
f 820/353/752 818/348/755 799/343/750 800/351/750
f 818/354/755 816/348/748 798/343/750 799/346/750
f 815/339/756 817/342/740 709/341/677 708/340/699
f 814/345/749 812/348/757 796/347/750 797/351/750
f 812/349/757 810/348/758 795/347/750 796/346/750
f 810/350/758 808/348/759 794/343/750 795/351/750
f 808/345/759 806/348/753 793/343/750 794/351/750
f 803/339/760 805/342/745 703/341/685 701/340/704
f 813/339/744 815/342/756 708/341/699 707/340/682
f 791/347/761 838/347/761 839/351/762 792/351/762
f 804/345/754 801/348/751 791/347/750 792/351/750
f 802/339/739 801/356/751 804/355/754 803/342/760
f 803/357/760 804/352/754 806/350/753 805/340/745
f 805/339/745 806/356/753 808/355/759 807/342/746
f 807/357/746 808/348/759 810/350/758 809/340/747
f 809/357/747 810/348/758 812/349/757 811/340/743
f 811/357/743 812/348/757 814/345/749 813/340/744
f 813/339/744 814/356/749 816/358/748 815/342/756
f 815/339/756 816/356/748 818/355/755 817/342/740
f 817/357/740 818/348/755 820/353/752 819/340/738
f 819/339/738 820/356/752 801/355/751 802/342/739
f 802/339/739 803/342/760 701/341/704 700/340/674
f 798/343/763 834/343/763 832/346/764 799/346/764
f 795/347/765 831/347/765 835/346/766 796/346/766
f 792/343/762 839/343/762 825/351/767 793/351/767
f 799/343/764 832/343/764 840/351/768 800/351/768
f 796/347/766 835/347/766 822/351/769 797/351/769
f 793/343/767 825/343/767 830/351/770 794/351/770
f 800/347/768 840/347/768 838/346/761 791/346/761
f 797/347/769 822/347/769 834/346/763 798/346/763
f 794/343/770 830/343/770 831/351/765 795/351/765
o wheels.050
v 0.850488 0.604707 -1.409512
v 0.850488 0.536353 -1.503594
v 0.850488 0.604707 -1.293221
v 0.850488 0.622998 -1.415455
v 0.798043 0.578906 -1.401129
v 0.798043 0.539077 -1.455948
v 0.798043 0.578906 -1.333368
v 0.745598 0.604707 -1.409512
v 0.745598 0.536353 -1.503594
v 0.745598 0.604707 -1.293221
v 0.745598 0.622998 -1.415455
v 0.670054 0.668730 -1.430314
v 0.745598 0.536353 -1.534711
v 0.745598 0.622998 -1.268046
v 0.670054 0.668730 -1.253187
v 0.745598 0.536353 -1.148790
v 0.745598 0.396159 -1.341751
v 0.745598 0.593498 -1.258461
v 0.745598 0.525085 -1.164300
v 0.745598 0.414391 -1.316656
v 0.798043 0.548988 -1.241132
v 0.798043 0.509125 -1.186267
v 0.798043 0.444626 -1.275041
v 0.850488 0.593498 -1.258461
v 0.850488 0.525085 -1.164300
v 0.850488 0.414391 -1.316656
v 0.850488 0.622998 -1.268046
v 0.926031 0.668730 -1.253187
v 0.850488 0.536353 -1.148790
v 0.850488 0.396159 -1.341751
v 0.850488 0.536353 -1.534711
v 0.850488 0.255966 -1.534711
v 0.850488 0.396159 -1.103239
v 0.850488 0.169321 -1.268046
v 0.850488 0.366659 -1.351336
v 0.850488 0.425753 -1.351366
v 0.850488 0.377869 -1.316576
v 0.850488 0.396159 -1.378612
v 0.850488 0.501296 -1.523320
v 0.850488 0.291022 -1.523320
v 0.798043 0.396159 -1.427468
v 0.798043 0.457420 -1.511787
v 0.798043 0.334898 -1.511787
v 0.745598 0.396159 -1.378612
v 0.745598 0.501296 -1.523320
v 0.745598 0.291022 -1.523320
v 0.745598 0.396159 -1.557481
v 0.745598 0.255966 -1.534711
v 0.670054 0.227701 -1.573614
v 0.745598 0.396159 -1.580263
v 0.745598 0.169321 -1.415455
v 0.745598 0.255966 -1.503693
v 0.745598 0.187553 -1.409531
v 0.745598 0.366659 -1.351336
v 0.798043 0.253239 -1.456006
v 0.798043 0.213377 -1.401140
v 0.798043 0.317738 -1.367231
v 0.850488 0.255966 -1.503693
v 0.850488 0.187553 -1.409531
v 0.850488 0.187553 -1.293141
v 0.850488 0.169321 -1.415455
v 0.926031 0.123588 -1.430314
v 0.926031 0.227701 -1.573614
v 0.926031 0.123588 -1.253187
v 0.926031 0.044529 -1.456002
v 0.889695 0.008193 -1.467808
v 0.926031 0.178840 -1.640865
v 0.926031 0.044529 -1.227499
v 0.889695 0.008193 -1.215693
v 0.926031 0.178840 -1.042636
v 0.889695 0.156383 -1.011727
v 0.926031 0.396159 -0.972025
v 0.926031 0.227701 -1.109888
v 0.850488 0.255966 -1.148790
v 0.926031 0.396159 -1.055152
v 0.926031 0.564617 -1.109888
v 0.926031 0.613479 -1.042636
v 0.889695 0.635936 -1.011727
v 0.926031 0.747789 -1.227499
v 0.889695 0.784125 -1.215693
v 0.926031 0.747789 -1.456002
v 0.889695 0.784125 -1.467808
v 0.926031 0.613479 -1.640865
v 0.926031 0.668730 -1.430314
v 0.926031 0.564617 -1.573614
v 0.926031 0.396159 -1.628349
v 0.850488 0.396159 -1.580263
v 0.926031 0.396159 -1.711476
v 0.889695 0.396159 -1.749682
v 0.889695 0.156383 -1.671774
v 0.889695 0.635936 -1.671774
v 0.798043 0.396159 -1.749682
v 0.798043 0.156383 -1.671774
v 0.798043 0.635936 -1.671774
v 0.706391 0.396159 -1.749682
v 0.670054 0.396159 -1.711476
v 0.706391 0.156383 -1.671774
v 0.706391 0.635936 -1.671774
v 0.706391 0.784125 -1.467808
v 0.670054 0.613479 -1.640865
v 0.670054 0.747789 -1.456002
v 0.670054 0.564617 -1.573614
v 0.670054 0.396159 -1.628349
v 0.670054 0.747789 -1.227499
v 0.706391 0.784125 -1.215693
v 0.670054 0.613479 -1.042636
v 0.706391 0.635936 -1.011727
v 0.670054 0.396159 -0.972025
v 0.670054 0.564617 -1.109888
v 0.670054 0.396159 -1.055152
v 0.670054 0.227701 -1.109888
v 0.745598 0.396159 -1.103239
v 0.745598 0.255966 -1.148790
v 0.745598 0.414391 -1.128333
v 0.745598 0.377869 -1.128413
v 0.745598 0.267269 -1.164349
v 0.745598 0.377869 -1.316576
v 0.798043 0.347660 -1.165358
v 0.798043 0.283216 -1.186297
v 0.798043 0.347660 -1.274997
v 0.850488 0.377869 -1.128413
v 0.850488 0.267269 -1.164349
v 0.850488 0.198915 -1.258431
v 0.798043 0.243387 -1.241117
v 0.745598 0.198915 -1.258431
v 0.745598 0.169321 -1.268046
v 0.670054 0.123588 -1.253187
v 0.745598 0.187553 -1.293141
v 0.798043 0.213377 -1.333322
v 0.670054 0.123588 -1.430314
v 0.670054 0.044529 -1.227499
v 0.706391 0.008193 -1.215693
v 0.670054 0.044529 -1.456002
v 0.670054 0.178840 -1.042636
v 0.706391 0.156383 -1.011727
v 0.706391 0.396159 -0.933819
v 0.798043 0.156383 -1.011727
v 0.798043 0.396159 -0.933819
v 0.798043 0.008193 -1.215693
v 0.798043 0.008193 -1.467808
v 0.706391 0.008193 -1.467808
v 0.798043 0.635936 -1.011727
v 0.889695 0.396159 -0.933819
v 0.798043 0.784125 -1.215693
v 0.798043 0.784125 -1.467808
v 0.670054 0.178840 -1.640865
v 0.798043 0.444626 -1.165310
v 0.850488 0.414391 -1.128333
v 0.850488 0.396159 -1.557481
v 0.798043 0.396159 -1.531692
v 0.798043 0.474633 -1.367248
v 0.745598 0.425753 -1.351366
vn 1.0000 -0.0000 -0.0000
vn 0.4595 -0.8447 0.2745
vn 0.4414 -0.7259 0.5274
vn 0.4414 -0.8973 -0.0000
vn -0.4595 -0.8447 0.2745
vn -0.4414 -0.7259 0.5274
vn -0.4414 -0.8973 -0.0000
vn -1.0000 -0.0000 -0.0000
vn -0.5370 -0.8023 0.2607
vn -0.5370 -0.4959 0.6825
vn -0.5370 -0.8023 -0.2607
vn -0.5370 -0.4959 -0.6825
vn -0.4598 -0.5220 -0.7184
vn -0.4417 -0.7258 -0.5273
vn -0.4995 -0.2677 0.8239
vn 0.4598 -0.5220 -0.7184
vn 0.4417 -0.7258 -0.5273
vn 0.4995 -0.2677 0.8239
vn 0.5370 -0.4959 -0.6825
vn 0.5370 -0.8023 -0.2607
vn 0.5370 -0.8023 0.2607
vn 0.4803 -0.7096 -0.5156
vn 0.4803 0.7096 -0.5156
vn -0.4803 -0.7096 -0.5156
vn -0.4803 0.7096 -0.5156
vn -0.4413 -0.0000 0.8974
vn -0.4236 0.2799 0.8615
vn -0.5370 0.4959 0.6825
vn -0.5370 0.8023 0.2607
vn -0.5370 -0.0000 0.8436
vn -0.4417 0.7258 0.5273
vn -0.4598 0.8446 0.2744
vn -0.4995 -0.7009 0.5092
vn 0.4417 0.7258 0.5273
vn 0.4598 0.8446 0.2744
vn 0.4995 -0.7009 0.5092
vn 0.4417 0.8971 -0.0000
vn 0.5370 0.8023 0.2607
vn 0.5370 0.8023 -0.2607
vn 0.5370 0.4959 0.6825
vn 0.9022 -0.4102 -0.1333
vn 0.9022 -0.2535 -0.3490
vn 0.9022 -0.4102 0.1333
vn 0.3686 -0.8841 -0.2873
vn 0.3686 -0.8841 0.2873
vn 0.3686 -0.5464 -0.7521
vn 0.9022 -0.2535 0.3490
vn 0.3686 -0.5464 0.7521
vn 0.9022 -0.0000 0.4314
vn 0.3686 -0.0000 0.9296
vn 0.5370 0.4959 -0.6825
vn 0.5370 -0.0000 -0.8436
vn 0.9022 0.2535 0.3490
vn 0.9022 0.4102 0.1333
vn 0.3686 0.5464 0.7521
vn 0.3686 0.8841 0.2873
vn 0.9022 0.4102 -0.1333
vn 0.3686 0.8841 -0.2873
vn 0.9022 0.2535 -0.3490
vn 0.3686 0.5464 -0.7521
vn 0.5370 -0.4959 0.6825
vn 0.5370 -0.0000 0.8436
vn 0.9022 -0.0000 -0.4314
vn 0.3686 -0.0000 -0.9296
vn -0.0000 -0.5878 -0.8090
vn -0.0000 -0.0000 -1.0000
vn -0.0000 0.5878 -0.8090
vn -0.3686 -0.0000 -0.9296
vn -0.3686 -0.5464 -0.7521
vn -0.3686 0.5464 -0.7521
vn -0.9022 -0.0000 -0.4314
vn -0.9022 0.2535 -0.3490
vn -0.9022 -0.2535 -0.3490
vn -0.3686 0.8841 -0.2873
vn -0.9022 0.4102 -0.1333
vn -0.0000 0.9511 -0.3090
vn -0.3686 0.8841 0.2873
vn -0.9022 0.4102 0.1333
vn -0.3686 0.5464 0.7521
vn -0.9022 0.2535 0.3490
vn -0.3686 -0.0000 0.9296
vn -0.9022 -0.0000 0.4314
vn -0.5370 -0.0000 -0.8436
vn -0.5370 0.4959 -0.6825
vn -0.9022 -0.2535 0.3490
vn -0.4595 0.5221 -0.7186
vn -0.4414 0.2773 -0.8534
vn -0.4991 -0.8665 -0.0000
vn 0.4595 0.5221 -0.7186
vn 0.4414 0.2773 -0.8534
vn 0.4991 -0.8665 -0.0000
vn 0.4414 0.7259 -0.5274
vn 0.4991 0.2678 0.8241
vn -0.4414 0.7259 -0.5274
vn -0.4991 0.2678 0.8241
vn -0.5370 0.8023 -0.2607
vn -0.4995 -0.2677 -0.8239
vn -0.4417 0.8971 -0.0000
vn 0.4995 -0.2677 -0.8239
vn -0.9022 -0.4102 0.1333
vn -0.9022 -0.4102 -0.1333
vn -0.3686 -0.8841 0.2873
vn -0.3686 -0.5464 0.7521
vn -0.3686 -0.8841 -0.2873
vn -0.0000 -0.9511 0.3090
vn -0.0000 -0.5878 0.8090
vn -0.0000 -0.0000 1.0000
vn -0.0000 -0.9511 -0.3090
vn -0.0000 0.5878 0.8090
vn -0.0000 0.9511 0.3090
vn -0.4995 0.8663 -0.0000
vn -0.4417 -0.2772 -0.8532
vn 0.4995 0.8663 -0.0000
vn 0.4417 -0.2772 -0.8532
vn 0.4413 -0.0000 0.8974
vn 0.4236 0.2799 0.8615
vn 0.4236 -0.2799 0.8615
vn -0.4236 -0.2799 0.8615
vn 0.4991 0.7010 0.5093
vn 0.4991 0.2678 -0.8241
vn -0.4991 0.7010 0.5093
vn -0.4991 0.2678 -0.8241
vt 0.988834 0.528250
vt 0.992356 0.528250
vt 0.975668 0.528250
vt 0.969168 0.356028
vt 0.982334 0.356028
vt 0.991011 0.528250
vt 0.992356 0.528250
vt 0.977845 0.528250
vt 0.971345 0.356028
vt 0.984511 0.356028
vt 0.985856 0.356028
vt 0.985856 0.356028
vt 0.969168 0.356028
vt 0.988845 0.528250
vt 0.975668 0.528250
vt 0.975668 0.528250
vt 0.982345 0.356028
vt 0.978247 0.528250
vt 0.988183 0.528250
vt 0.977838 0.528250
vt 0.988833 0.528250
vt 0.977838 0.528250
vt 0.969168 0.356028
vt 0.981683 0.356028
vt 0.991015 0.528250
vt 0.971338 0.356028
vt 0.984515 0.356028
vt 0.982345 0.356028
vt 0.990697 0.350349
vt 0.969168 0.350348
vt 0.990697 0.350349
vt 0.969168 0.350349
vt 0.975777 0.347738
vt 0.969168 0.349043
vt 0.969168 0.374303
vt 0.975777 0.375608
vt 0.969168 0.347738
vt 0.992922 0.347738
vt 0.990697 0.350349
vt 0.969168 0.374303
vt 0.990697 0.350348
vt 0.990697 0.350349
vt 0.992922 0.375608
vt 0.982334 0.356028
vt 0.984511 0.356028
vt 0.991011 0.528250
vt 0.971338 0.356028
vt 0.990762 0.528250
vt 0.971747 0.356028
vt 0.984262 0.356028
s 1
usemtl metallic
f 843/389/794 872/390/794 845/391/794 842/391/794
f 842/392/795 846/392/795 847/393/796 843/393/796
f 842/394/794 845/395/794 868/391/794 844/396/794
f 844/397/797 848/397/797 846/398/795 842/398/795
f 849/392/798 850/393/799 847/393/799 846/392/798
f 851/397/800 849/398/798 846/398/798 848/397/800
f 850/389/801 849/391/801 852/391/801 854/390/801
f 849/394/801 851/396/801 855/391/801 852/395/801
f 859/402/801 860/403/801 857/403/801 855/395/801
f 851/396/801 993/396/801 858/391/801 855/391/801
f 861/404/801 859/402/801 855/395/801 858/391/801
f 860/401/806 859/405/807 862/405/807 863/401/806
f 859/402/808 861/404/808 864/404/808 862/402/808
f 866/401/809 863/401/809 862/405/810 865/405/810
f 865/402/811 862/402/811 864/404/811 867/404/811
f 865/402/794 868/395/794 870/403/794 866/403/794
f 867/404/794 871/391/794 868/395/794 865/402/794
f 844/396/794 868/391/794 871/391/794 877/396/794
f 880/406/794 872/403/794 871/391/794 879/391/794
f 877/396/794 871/391/794 872/390/794 843/389/794
f 879/391/794 871/391/794 873/390/794 881/407/794
f 899/408/794 873/391/794 871/391/794 876/404/794
f 878/396/794 871/391/794 874/395/794 962/409/794
f 989/410/794 874/403/794 871/391/794 867/404/794
f 964/396/794 875/391/794 871/391/794 878/396/794
f 876/404/794 871/391/794 875/390/794 901/402/794
f 879/391/815 882/391/815 883/406/815 880/406/815
f 881/407/816 884/407/816 882/391/816 879/391/816
f 885/391/817 886/406/817 883/406/817 882/391/817
f 887/407/818 885/391/818 882/391/818 884/407/818
f 886/406/801 885/391/801 858/391/801 854/403/801
f 885/391/801 887/407/801 889/390/801 858/391/801
f 887/407/801 888/403/801 891/403/801 889/390/801
f 888/411/819 887/412/820 884/412/820 991/411/819
f 894/413/801 893/408/801 889/391/801 892/390/801
f 893/408/801 895/404/801 858/391/801 889/391/801
f 893/414/824 894/415/825 897/415/825 896/414/824
f 895/404/826 893/408/826 896/408/826 898/404/826
f 899/414/827 896/414/827 897/415/828 900/415/828
f 876/404/829 898/404/829 896/408/829 899/408/829
f 900/413/794 902/390/794 873/391/794 899/408/794
f 901/402/794 875/390/794 902/391/794 900/391/794
f 900/392/828 897/392/828 970/416/830 901/416/830
f 860/413/801 955/410/801 953/403/801 857/390/801
f 956/409/801 957/391/801 954/403/801 953/395/801
f 958/396/801 956/409/801 953/395/801 858/391/801
f 955/410/801 861/404/801 858/391/801 953/403/801
f 957/392/879 956/432/880 959/432/880 960/392/879
f 956/409/881 958/396/881 961/396/881 959/409/881
f 963/392/882 960/392/882 959/432/883 962/432/883
f 962/409/884 959/409/884 961/396/884 878/396/884
f 962/409/794 874/395/794 915/403/794 963/391/794
f 964/397/885 965/397/885 960/433/882 963/433/882
f 963/434/794 915/390/794 875/391/794 964/396/794
f 878/396/886 961/396/886 965/396/886 964/396/886
f 966/397/887 957/433/879 960/433/879 965/397/887
f 958/396/888 966/396/888 965/396/888 961/396/888
f 957/434/801 966/396/801 967/391/801 954/390/801
f 966/396/801 958/396/801 858/391/801 967/391/801
f 969/402/801 894/391/801 892/391/801 967/390/801
f 895/404/801 969/402/801 967/390/801 858/391/801
f 969/402/890 895/404/890 898/404/890 970/402/890
f 894/392/825 969/416/891 970/416/891 897/392/825
f 901/402/892 970/402/892 898/404/892 876/404/892
f 861/404/904 955/410/904 988/410/904 864/404/904
f 955/435/905 860/415/806 863/415/806 988/435/905
f 867/404/906 864/404/906 988/410/906 989/410/906
f 989/435/907 988/435/907 863/415/809 866/415/809
f 866/413/794 870/390/794 874/403/794 989/410/794
f 881/407/794 873/390/794 928/403/794 990/403/794
f 990/436/794 928/395/794 872/403/794 880/406/794
f 990/411/908 991/411/908 884/412/909 881/412/909
f 880/437/910 883/437/910 991/438/908 990/438/908
f 886/437/911 888/438/819 991/438/819 883/437/911
f 888/436/801 886/406/801 854/403/801 891/395/801
f 843/389/912 847/389/912 992/396/912 877/396/912
f 877/396/913 992/396/913 848/396/913 844/396/913
f 850/389/914 993/396/914 992/396/914 847/389/914
f 993/396/915 851/396/915 848/396/915 992/396/915
f 993/396/801 850/389/801 854/390/801 858/391/801
usemtl texture
f 853/392/802 943/399/803 854/399/803 852/392/802
f 856/392/804 853/400/802 852/400/802 855/392/804
f 950/401/805 856/400/804 855/400/804 857/401/805
f 917/401/812 870/401/812 868/400/813 869/400/813
f 869/392/813 868/392/813 845/400/814 925/400/814
f 890/392/821 971/399/822 892/399/822 889/392/821
f 944/401/823 890/399/821 889/399/821 891/401/823
f 903/392/831 902/392/831 875/399/832 905/399/832
f 904/392/833 873/392/833 902/399/831 903/399/831
f 906/417/834 908/418/835 904/392/794 903/399/794
f 909/419/836 906/420/834 903/392/794 905/399/794
f 907/421/837 906/422/834 909/423/836 910/424/838
f 931/425/839 908/418/835 906/417/834 907/426/837
f 910/425/838 909/420/836 911/417/840 912/426/841
f 911/417/840 909/420/836 905/392/794 914/399/794
f 912/425/841 911/420/840 913/427/842 984/426/843
f 913/427/842 911/420/840 914/401/794 916/400/794
f 905/392/832 875/392/832 915/399/844 914/399/844
f 914/401/844 915/401/844 874/400/845 916/400/845
f 916/401/845 874/401/845 870/399/812 917/399/812
f 918/419/846 913/420/842 916/401/794 917/399/794
f 920/419/847 918/420/846 917/401/794 869/400/794
f 919/421/848 918/422/846 920/428/847 921/424/849
f 984/425/843 913/420/842 918/419/846 919/426/848
f 921/421/849 920/422/847 922/423/850 923/424/851
f 922/429/850 920/420/847 869/392/794 925/400/794
f 923/425/851 922/420/850 924/430/852 932/426/853
f 924/430/852 922/420/850 925/392/794 926/399/794
f 925/392/814 845/392/814 872/399/854 926/399/854
f 926/401/854 872/401/854 928/400/855 927/400/855
f 929/427/856 924/420/852 926/401/794 927/400/794
f 908/419/835 929/420/856 927/401/794 904/399/794
f 927/401/855 928/401/855 873/399/833 904/399/833
f 932/421/853 924/422/852 929/423/856 930/424/857
f 930/421/857 929/422/856 908/423/835 931/424/839
f 930/421/857 931/424/839 934/431/858 933/426/859
f 932/421/853 930/424/857 933/431/859 935/426/860
f 936/421/861 933/426/859 934/431/858 938/424/862
f 939/421/863 935/426/860 933/431/859 936/424/861
f 939/421/863 936/424/861 937/423/864 941/422/865
f 936/421/861 938/424/862 987/423/866 937/422/864
f 940/425/867 939/426/863 941/430/865 942/420/868
f 940/421/867 986/426/869 935/431/860 939/424/863
f 941/430/865 943/399/801 853/392/801 942/420/868
f 937/427/864 944/400/801 943/401/801 941/420/865
f 943/401/803 944/400/823 891/400/823 854/401/803
f 987/419/866 890/399/801 944/401/801 937/420/864
f 946/421/870 940/424/867 942/423/868 945/422/871
f 942/429/868 853/400/801 856/392/801 945/420/871
f 948/421/872 946/424/870 945/428/871 947/422/873
f 945/419/871 856/400/801 950/401/801 947/420/873
f 977/425/874 948/426/872 947/419/873 949/420/875
f 947/419/873 950/399/801 951/401/801 949/420/875
f 951/401/876 950/399/805 857/399/805 953/401/876
f 952/401/877 951/400/876 953/400/876 954/401/877
f 949/427/875 951/400/801 952/401/801 975/420/878
f 968/392/889 952/399/877 954/399/877 967/392/889
f 971/392/822 968/399/889 967/399/889 892/392/822
f 972/419/893 968/399/801 971/392/801 974/420/894
f 975/417/878 952/399/801 968/392/801 972/420/893
f 973/425/895 976/426/896 975/417/878 972/420/893
f 982/421/897 973/424/895 972/423/893 974/422/894
f 976/425/896 977/426/874 949/427/875 975/420/878
f 973/421/895 980/426/898 978/431/899 976/424/896
f 976/421/896 978/426/899 979/431/900 977/424/874
f 912/421/841 984/424/843 979/431/900 978/426/899
f 910/421/838 912/424/841 978/431/899 980/426/898
f 982/421/897 981/426/901 980/431/898 973/424/895
f 907/421/837 910/424/838 980/431/898 981/426/901
f 938/421/862 934/426/858 981/431/901 982/424/897
f 931/421/839 907/424/837 981/431/901 934/426/858
f 938/425/862 982/426/897 974/417/894 987/418/866
f 977/421/874 979/426/900 983/431/902 948/424/872
f 984/421/843 919/424/848 983/431/902 979/426/900
f 948/421/872 983/426/902 985/431/903 946/424/870
f 919/421/848 921/424/849 985/431/903 983/426/902
f 946/421/870 985/426/903 986/431/869 940/424/867
f 921/421/849 923/424/851 986/431/869 985/426/903
f 923/421/851 932/424/853 935/431/860 986/426/869
f 974/417/894 971/399/801 890/392/801 987/418/866
o wheels.051
v 0.846074 0.604707 1.465078
v 0.846074 0.536353 1.370996
v 0.846074 0.604707 1.581370
v 0.846074 0.622998 1.459135
v 0.793629 0.578906 1.473462
v 0.793629 0.539077 1.418642
v 0.793629 0.578906 1.541222
v 0.741183 0.604707 1.465078
v 0.741183 0.536353 1.370996
v 0.741183 0.604707 1.581370
v 0.741183 0.622998 1.459135
v 0.665640 0.668730 1.444276
v 0.741183 0.536353 1.339879
v 0.741183 0.622998 1.606544
v 0.665640 0.668730 1.621403
v 0.741183 0.536353 1.725800
v 0.741183 0.396159 1.532840
v 0.741183 0.593498 1.616129
v 0.741183 0.525085 1.710291
v 0.741183 0.414391 1.557934
v 0.793629 0.548988 1.633458
v 0.793629 0.509125 1.688323
v 0.793629 0.444626 1.599549
v 0.846074 0.593498 1.616129
v 0.846074 0.525085 1.710291
v 0.846074 0.414391 1.557934
v 0.846074 0.622998 1.606544
v 0.921617 0.668730 1.621403
v 0.846074 0.536353 1.725800
v 0.846074 0.396159 1.532840
v 0.846074 0.536353 1.339879
v 0.846074 0.255966 1.339879
v 0.846074 0.396159 1.771351
v 0.846074 0.169321 1.606544
v 0.846074 0.366659 1.523254
v 0.846074 0.425753 1.523224
v 0.846074 0.377869 1.558014
v 0.846074 0.396159 1.495978
v 0.846074 0.501296 1.351270
v 0.846074 0.291022 1.351270
v 0.793629 0.396159 1.447122
v 0.793629 0.457420 1.362803
v 0.793629 0.334898 1.362803
v 0.741183 0.396159 1.495978
v 0.741183 0.501296 1.351270
v 0.741183 0.291022 1.351270
v 0.741183 0.396159 1.317109
v 0.741183 0.255966 1.339879
v 0.665640 0.227701 1.300977
v 0.741183 0.396159 1.294328
v 0.741183 0.169321 1.459135
v 0.741183 0.255966 1.370897
v 0.741183 0.187553 1.465059
v 0.741183 0.366659 1.523254
v 0.793629 0.253239 1.418584
v 0.793629 0.213377 1.473450
v 0.793629 0.317738 1.507359
v 0.846074 0.255966 1.370897
v 0.846074 0.187553 1.465059
v 0.846074 0.187553 1.581450
v 0.846074 0.169321 1.459135
v 0.921617 0.123588 1.444276
v 0.921617 0.227701 1.300977
v 0.921617 0.123588 1.621403
v 0.921617 0.044529 1.418588
v 0.885281 0.008193 1.406782
v 0.921617 0.178840 1.233725
v 0.921617 0.044529 1.647091
v 0.885281 0.008193 1.658897
v 0.921617 0.178840 1.831954
v 0.885281 0.156383 1.862863
v 0.921617 0.396159 1.902565
v 0.921617 0.227701 1.764702
v 0.846074 0.255966 1.725800
v 0.921617 0.396159 1.819438
v 0.921617 0.564617 1.764702
v 0.921617 0.613479 1.831954
v 0.885281 0.635936 1.862863
v 0.921617 0.747789 1.647091
v 0.885281 0.784125 1.658897
v 0.921617 0.747789 1.418588
v 0.885281 0.784125 1.406782
v 0.921617 0.613479 1.233725
v 0.921617 0.668730 1.444276
v 0.921617 0.564617 1.300977
v 0.921617 0.396159 1.246241
v 0.846074 0.396159 1.294328
v 0.921617 0.396159 1.163114
v 0.885281 0.396159 1.124908
v 0.885281 0.156383 1.202816
v 0.885281 0.635936 1.202816
v 0.793629 0.396159 1.124908
v 0.793629 0.156383 1.202816
v 0.793629 0.635936 1.202816
v 0.701976 0.396159 1.124908
v 0.665640 0.396159 1.163114
v 0.701976 0.156383 1.202816
v 0.701976 0.635936 1.202816
v 0.701976 0.784125 1.406782
v 0.665640 0.613479 1.233725
v 0.665640 0.747789 1.418588
v 0.665640 0.564617 1.300977
v 0.665640 0.396159 1.246241
v 0.665640 0.747789 1.647091
v 0.701976 0.784125 1.658897
v 0.665640 0.613479 1.831954
v 0.701976 0.635936 1.862863
v 0.665640 0.396159 1.902565
v 0.665640 0.564617 1.764702
v 0.665640 0.396159 1.819438
v 0.665640 0.227701 1.764702
v 0.741183 0.396159 1.771351
v 0.741183 0.255966 1.725800
v 0.741183 0.414391 1.746257
v 0.741183 0.377869 1.746177
v 0.741183 0.267269 1.710241
v 0.741183 0.377869 1.558014
v 0.793629 0.347660 1.709232
v 0.793629 0.283216 1.688293
v 0.793629 0.347660 1.599593
v 0.846074 0.377869 1.746177
v 0.846074 0.267269 1.710241
v 0.846074 0.198915 1.616159
v 0.793629 0.243387 1.633473
v 0.741183 0.198915 1.616159
v 0.741183 0.169321 1.606544
v 0.665640 0.123588 1.621403
v 0.741183 0.187553 1.581450
v 0.793629 0.213377 1.541268
v 0.665640 0.123588 1.444276
v 0.665640 0.044529 1.647091
v 0.701976 0.008193 1.658897
v 0.665640 0.044529 1.418588
v 0.665640 0.178840 1.831954
v 0.701976 0.156383 1.862863
v 0.701976 0.396159 1.940771
v 0.793629 0.156383 1.862863
v 0.793629 0.396159 1.940771
v 0.793629 0.008193 1.658897
v 0.793629 0.008193 1.406782
v 0.701976 0.008193 1.406782
v 0.793629 0.635936 1.862863
v 0.885281 0.396159 1.940771
v 0.793629 0.784125 1.658897
v 0.793629 0.784125 1.406782
v 0.665640 0.178840 1.233725
v 0.793629 0.444626 1.709280
v 0.846074 0.414391 1.746257
v 0.846074 0.396159 1.317109
v 0.793629 0.396159 1.342899
v 0.793629 0.474633 1.507342
v 0.741183 0.425753 1.523224
vn 1.0000 -0.0000 -0.0000
vn 0.4595 -0.8447 0.2745
vn 0.4414 -0.7259 0.5274
vn 0.4414 -0.8973 -0.0000
vn -0.4595 -0.8447 0.2745
vn -0.4414 -0.7259 0.5274
vn -0.4414 -0.8973 -0.0000
vn -1.0000 -0.0000 -0.0000
vn -0.5370 -0.8023 0.2607
vn -0.5370 -0.4959 0.6825
vn -0.5370 -0.8023 -0.2607
vn -0.5370 -0.4959 -0.6825
vn -0.4598 -0.5220 -0.7184
vn -0.4417 -0.7258 -0.5273
vn -0.4995 -0.2677 0.8239
vn 0.4598 -0.5220 -0.7184
vn 0.4417 -0.7258 -0.5273
vn 0.4995 -0.2677 0.8239
vn 0.5370 -0.4959 -0.6825
vn 0.5370 -0.8023 -0.2607
vn 0.5370 -0.8023 0.2607
vn 0.4803 -0.7096 -0.5156
vn 0.4803 0.7096 -0.5156
vn -0.4803 -0.7096 -0.5156
vn -0.4803 0.7096 -0.5156
vn -0.4413 -0.0000 0.8974
vn -0.4236 0.2799 0.8615
vn -0.5370 0.4959 0.6825
vn -0.5370 0.8023 0.2607
vn -0.5370 -0.0000 0.8436
vn -0.4417 0.7258 0.5273
vn -0.4598 0.8446 0.2744
vn -0.4995 -0.7009 0.5092
vn 0.4417 0.7258 0.5273
vn 0.4598 0.8446 0.2744
vn 0.4995 -0.7009 0.5092
vn 0.4417 0.8971 -0.0000
vn 0.5370 0.8023 0.2607
vn 0.5370 0.8023 -0.2607
vn 0.5370 0.4959 0.6825
vn 0.9022 -0.4102 -0.1333
vn 0.9022 -0.2535 -0.3490
vn 0.9022 -0.4102 0.1333
vn 0.3686 -0.8841 -0.2873
vn 0.3686 -0.8841 0.2873
vn 0.3686 -0.5464 -0.7521
vn 0.9022 -0.2535 0.3490
vn 0.3686 -0.5464 0.7521
vn 0.9022 -0.0000 0.4314
vn 0.3686 -0.0000 0.9296
vn 0.5370 0.4959 -0.6825
vn 0.5370 -0.0000 -0.8436
vn 0.9022 0.2535 0.3490
vn 0.9022 0.4102 0.1333
vn 0.3686 0.5464 0.7521
vn 0.3686 0.8841 0.2873
vn 0.9022 0.4102 -0.1333
vn 0.3686 0.8841 -0.2873
vn 0.9022 0.2535 -0.3490
vn 0.3686 0.5464 -0.7521
vn 0.5370 -0.4959 0.6825
vn 0.5370 -0.0000 0.8436
vn 0.9022 -0.0000 -0.4314
vn 0.3686 -0.0000 -0.9296
vn -0.0000 -0.5878 -0.8090
vn -0.0000 -0.0000 -1.0000
vn -0.0000 0.5878 -0.8090
vn -0.3686 -0.0000 -0.9296
vn -0.3686 -0.5464 -0.7521
vn -0.3686 0.5464 -0.7521
vn -0.9022 -0.0000 -0.4314
vn -0.9022 0.2535 -0.3490
vn -0.9022 -0.2535 -0.3490
vn -0.3686 0.8841 -0.2873
vn -0.9022 0.4102 -0.1333
vn -0.0000 0.9511 -0.3090
vn -0.3686 0.8841 0.2873
vn -0.9022 0.4102 0.1333
vn -0.3686 0.5464 0.7521
vn -0.9022 0.2535 0.3490
vn -0.3686 -0.0000 0.9296
vn -0.9022 -0.0000 0.4314
vn -0.5370 -0.0000 -0.8436
vn -0.5370 0.4959 -0.6825
vn -0.9022 -0.2535 0.3490
vn -0.4595 0.5221 -0.7186
vn -0.4414 0.2773 -0.8534
vn -0.4991 -0.8665 -0.0000
vn 0.4595 0.5221 -0.7186
vn 0.4414 0.2773 -0.8534
vn 0.4991 -0.8665 -0.0000
vn 0.4414 0.7259 -0.5274
vn 0.4991 0.2678 0.8241
vn -0.4414 0.7259 -0.5274
vn -0.4991 0.2678 0.8241
vn -0.5370 0.8023 -0.2607
vn -0.4995 -0.2677 -0.8239
vn -0.4417 0.8971 -0.0000
vn 0.4995 -0.2677 -0.8239
vn -0.9022 -0.4102 0.1333
vn -0.9022 -0.4102 -0.1333
vn -0.3686 -0.8841 0.2873
vn -0.3686 -0.5464 0.7521
vn -0.3686 -0.8841 -0.2873
vn -0.0000 -0.9511 0.3090
vn -0.0000 -0.5878 0.8090
vn -0.0000 -0.0000 1.0000
vn -0.0000 -0.9511 -0.3090
vn -0.0000 0.5878 0.8090
vn -0.0000 0.9511 0.3090
vn -0.4995 0.8663 -0.0000
vn -0.4417 -0.2772 -0.8532
vn 0.4995 0.8663 -0.0000
vn 0.4417 -0.2772 -0.8532
vn 0.4413 -0.0000 0.8974
vn 0.4236 0.2799 0.8615
vn 0.4236 -0.2799 0.8615
vn -0.4236 -0.2799 0.8615
vn 0.4991 0.7010 0.5093
vn 0.4991 0.2678 -0.8241
vn -0.4991 0.7010 0.5093
vn -0.4991 0.2678 -0.8241
vt 0.988834 0.528250
vt 0.992356 0.528250
vt 0.975668 0.528250
vt 0.969168 0.356028
vt 0.982334 0.356028
vt 0.991011 0.528250
vt 0.992356 0.528250
vt 0.977845 0.528250
vt 0.971345 0.356028
vt 0.984511 0.356028
vt 0.985856 0.356028
vt 0.985856 0.356028
vt 0.969168 0.356028
vt 0.988845 0.528250
vt 0.975668 0.528250
vt 0.975668 0.528250
vt 0.982345 0.356028
vt 0.978247 0.528250
vt 0.988183 0.528250
vt 0.977838 0.528250
vt 0.988833 0.528250
vt 0.977838 0.528250
vt 0.969168 0.356028
vt 0.981683 0.356028
vt 0.991015 0.528250
vt 0.971338 0.356028
vt 0.984515 0.356028
vt 0.982345 0.356028
vt 0.990697 0.350349
vt 0.969168 0.350348
vt 0.990697 0.350349
vt 0.969168 0.350349
vt 0.975777 0.347738
vt 0.969168 0.349043
vt 0.969168 0.374303
vt 0.975777 0.375608
vt 0.969168 0.347738
vt 0.992922 0.347738
vt 0.990697 0.350349
vt 0.969168 0.374303
vt 0.990697 0.350348
vt 0.990697 0.350349
vt 0.992922 0.375608
vt 0.982334 0.356028
vt 0.984511 0.356028
vt 0.991011 0.528250
vt 0.971338 0.356028
vt 0.990762 0.528250
vt 0.971747 0.356028
vt 0.984262 0.356028
s 1
usemtl metallic
f 995/439/916 1024/440/916 997/441/916 994/441/916
f 994/442/917 998/442/917 999/443/918 995/443/918
f 994/444/916 997/445/916 1020/441/916 996/446/916
f 996/447/919 1000/447/919 998/448/917 994/448/917
f 1001/442/920 1002/443/921 999/443/921 998/442/920
f 1003/447/922 1001/448/920 998/448/920 1000/447/922
f 1002/439/923 1001/441/923 1004/441/923 1006/440/923
f 1001/444/923 1003/446/923 1007/441/923 1004/445/923
f 1011/452/923 1012/453/923 1009/453/923 1007/445/923
f 1003/446/923 1145/446/923 1010/441/923 1007/441/923
f 1013/454/923 1011/452/923 1007/445/923 1010/441/923
f 1012/451/928 1011/455/929 1014/455/929 1015/451/928
f 1011/452/930 1013/454/930 1016/454/930 1014/452/930
f 1018/451/931 1015/451/931 1014/455/932 1017/455/932
f 1017/452/933 1014/452/933 1016/454/933 1019/454/933
f 1017/452/916 1020/445/916 1022/453/916 1018/453/916
f 1019/454/916 1023/441/916 1020/445/916 1017/452/916
f 996/446/916 1020/441/916 1023/441/916 1029/446/916
f 1032/456/916 1024/453/916 1023/441/916 1031/441/916
f 1029/446/916 1023/441/916 1024/440/916 995/439/916
f 1031/441/916 1023/441/916 1025/440/916 1033/457/916
f 1051/458/916 1025/441/916 1023/441/916 1028/454/916
f 1030/446/916 1023/441/916 1026/445/916 1114/459/916
f 1141/460/916 1026/453/916 1023/441/916 1019/454/916
f 1116/446/916 1027/441/916 1023/441/916 1030/446/916
f 1028/454/916 1023/441/916 1027/440/916 1053/452/916
f 1031/441/937 1034/441/937 1035/456/937 1032/456/937
f 1033/457/938 1036/457/938 1034/441/938 1031/441/938
f 1037/441/939 1038/456/939 1035/456/939 1034/441/939
f 1039/457/940 1037/441/940 1034/441/940 1036/457/940
f 1038/456/923 1037/441/923 1010/441/923 1006/453/923
f 1037/441/923 1039/457/923 1041/440/923 1010/441/923
f 1039/457/923 1040/453/923 1043/453/923 1041/440/923
f 1040/461/941 1039/462/942 1036/462/942 1143/461/941
f 1046/463/923 1045/458/923 1041/441/923 1044/440/923
f 1045/458/923 1047/454/923 1010/441/923 1041/441/923
f 1045/464/946 1046/465/947 1049/465/947 1048/464/946
f 1047/454/948 1045/458/948 1048/458/948 1050/454/948
f 1051/464/949 1048/464/949 1049/465/950 1052/465/950
f 1028/454/951 1050/454/951 1048/458/951 1051/458/951
f 1052/463/916 1054/440/916 1025/441/916 1051/458/916
f 1053/452/916 1027/440/916 1054/441/916 1052/441/916
f 1052/442/950 1049/442/950 1122/466/952 1053/466/952
f 1012/463/923 1107/460/923 1105/453/923 1009/440/923
f 1108/459/923 1109/441/923 1106/453/923 1105/445/923
f 1110/446/923 1108/459/923 1105/445/923 1010/441/923
f 1107/460/923 1013/454/923 1010/441/923 1105/453/923
f 1109/442/1001 1108/482/1002 1111/482/1002 1112/442/1001
f 1108/459/1003 1110/446/1003 1113/446/1003 1111/459/1003
f 1115/442/1004 1112/442/1004 1111/482/1005 1114/482/1005
f 1114/459/1006 1111/459/1006 1113/446/1006 1030/446/1006
f 1114/459/916 1026/445/916 1067/453/916 1115/441/916
f 1116/447/1007 1117/447/1007 1112/483/1004 1115/483/1004
f 1115/484/916 1067/440/916 1027/441/916 1116/446/916
f 1030/446/1008 1113/446/1008 1117/446/1008 1116/446/1008
f 1118/447/1009 1109/483/1001 1112/483/1001 1117/447/1009
f 1110/446/1010 1118/446/1010 1117/446/1010 1113/446/1010
f 1109/484/923 1118/446/923 1119/441/923 1106/440/923
f 1118/446/923 1110/446/923 1010/441/923 1119/441/923
f 1121/452/923 1046/441/923 1044/441/923 1119/440/923
f 1047/454/923 1121/452/923 1119/440/923 1010/441/923
f 1121/452/1012 1047/454/1012 1050/454/1012 1122/452/1012
f 1046/442/947 1121/466/1013 1122/466/1013 1049/442/947
f 1053/452/1014 1122/452/1014 1050/454/1014 1028/454/1014
f 1013/454/1026 1107/460/1026 1140/460/1026 1016/454/1026
f 1107/485/1027 1012/465/928 1015/465/928 1140/485/1027
f 1019/454/1028 1016/454/1028 1140/460/1028 1141/460/1028
f 1141/485/1029 1140/485/1029 1015/465/931 1018/465/931
f 1018/463/916 1022/440/916 1026/453/916 1141/460/916
f 1033/457/916 1025/440/916 1080/453/916 1142/453/916
f 1142/486/916 1080/445/916 1024/453/916 1032/456/916
f 1142/461/1030 1143/461/1030 1036/462/1031 1033/462/1031
f 1032/487/1032 1035/487/1032 1143/488/1030 1142/488/1030
f 1038/487/1033 1040/488/941 1143/488/941 1035/487/1033
f 1040/486/923 1038/456/923 1006/453/923 1043/445/923
f 995/439/1034 999/439/1034 1144/446/1034 1029/446/1034
f 1029/446/1035 1144/446/1035 1000/446/1035 996/446/1035
f 1002/439/1036 1145/446/1036 1144/446/1036 999/439/1036
f 1145/446/1037 1003/446/1037 1000/446/1037 1144/446/1037
f 1145/446/923 1002/439/923 1006/440/923 1010/441/923
usemtl texture
f 1005/442/924 1095/449/925 1006/449/925 1004/442/924
f 1008/442/926 1005/450/924 1004/450/924 1007/442/926
f 1102/451/927 1008/450/926 1007/450/926 1009/451/927
f 1069/451/934 1022/451/934 1020/450/935 1021/450/935
f 1021/442/935 1020/442/935 997/450/936 1077/450/936
f 1042/442/943 1123/449/944 1044/449/944 1041/442/943
f 1096/451/945 1042/449/943 1041/449/943 1043/451/945
f 1055/442/953 1054/442/953 1027/449/954 1057/449/954
f 1056/442/955 1025/442/955 1054/449/953 1055/449/953
f 1058/467/956 1060/468/957 1056/442/916 1055/449/916
f 1061/469/958 1058/470/956 1055/442/916 1057/449/916
f 1059/471/959 1058/472/956 1061/473/958 1062/474/960
f 1083/475/961 1060/468/957 1058/467/956 1059/476/959
f 1062/475/960 1061/470/958 1063/467/962 1064/476/963
f 1063/467/962 1061/470/958 1057/442/916 1066/449/916
f 1064/475/963 1063/470/962 1065/477/964 1136/476/965
f 1065/477/964 1063/470/962 1066/451/916 1068/450/916
f 1057/442/954 1027/442/954 1067/449/966 1066/449/966
f 1066/451/966 1067/451/966 1026/450/967 1068/450/967
f 1068/451/967 1026/451/967 1022/449/934 1069/449/934
f 1070/469/968 1065/470/964 1068/451/916 1069/449/916
f 1072/469/969 1070/470/968 1069/451/916 1021/450/916
f 1071/471/970 1070/472/968 1072/478/969 1073/474/971
f 1136/475/965 1065/470/964 1070/469/968 1071/476/970
f 1073/471/971 1072/472/969 1074/473/972 1075/474/973
f 1074/479/972 1072/470/969 1021/442/916 1077/450/916
f 1075/475/973 1074/470/972 1076/480/974 1084/476/975
f 1076/480/974 1074/470/972 1077/442/916 1078/449/916
f 1077/442/936 997/442/936 1024/449/976 1078/449/976
f 1078/451/976 1024/451/976 1080/450/977 1079/450/977
f 1081/477/978 1076/470/974 1078/451/916 1079/450/916
f 1060/469/957 1081/470/978 1079/451/916 1056/449/916
f 1079/451/977 1080/451/977 1025/449/955 1056/449/955
f 1084/471/975 1076/472/974 1081/473/978 1082/474/979
f 1082/471/979 1081/472/978 1060/473/957 1083/474/961
f 1082/471/979 1083/474/961 1086/481/980 1085/476/981
f 1084/471/975 1082/474/979 1085/481/981 1087/476/982
f 1088/471/983 1085/476/981 1086/481/980 1090/474/984
f 1091/471/985 1087/476/982 1085/481/981 1088/474/983
f 1091/471/985 1088/474/983 1089/473/986 1093/472/987
f 1088/471/983 1090/474/984 1139/473/988 1089/472/986
f 1092/475/989 1091/476/985 1093/480/987 1094/470/990
f 1092/471/989 1138/476/991 1087/481/982 1091/474/985
f 1093/480/987 1095/449/923 1005/442/923 1094/470/990
f 1089/477/986 1096/450/923 1095/451/923 1093/470/987
f 1095/451/925 1096/450/945 1043/450/945 1006/451/925
f 1139/469/988 1042/449/923 1096/451/923 1089/470/986
f 1098/471/992 1092/474/989 1094/473/990 1097/472/993
f 1094/479/990 1005/450/923 1008/442/923 1097/470/993
f 1100/471/994 1098/474/992 1097/478/993 1099/472/995
f 1097/469/993 1008/450/923 1102/451/923 1099/470/995
f 1129/475/996 1100/476/994 1099/469/995 1101/470/997
f 1099/469/995 1102/449/923 1103/451/923 1101/470/997
f 1103/451/998 1102/449/927 1009/449/927 1105/451/998
f 1104/451/999 1103/450/998 1105/450/998 1106/451/999
f 1101/477/997 1103/450/923 1104/451/923 1127/470/1000
f 1120/442/1011 1104/449/999 1106/449/999 1119/442/1011
f 1123/442/944 1120/449/1011 1119/449/1011 1044/442/944
f 1124/469/1015 1120/449/923 1123/442/923 1126/470/1016
f 1127/467/1000 1104/449/923 1120/442/923 1124/470/1015
f 1125/475/1017 1128/476/1018 1127/467/1000 1124/470/1015
f 1134/471/1019 1125/474/1017 1124/473/1015 1126/472/1016
f 1128/475/1018 1129/476/996 1101/477/997 1127/470/1000
f 1125/471/1017 1132/476/1020 1130/481/1021 1128/474/1018
f 1128/471/1018 1130/476/1021 1131/481/1022 1129/474/996
f 1064/471/963 1136/474/965 1131/481/1022 1130/476/1021
f 1062/471/960 1064/474/963 1130/481/1021 1132/476/1020
f 1134/471/1019 1133/476/1023 1132/481/1020 1125/474/1017
f 1059/471/959 1062/474/960 1132/481/1020 1133/476/1023
f 1090/471/984 1086/476/980 1133/481/1023 1134/474/1019
f 1083/471/961 1059/474/959 1133/481/1023 1086/476/980
f 1090/475/984 1134/476/1019 1126/467/1016 1139/468/988
f 1129/471/996 1131/476/1022 1135/481/1024 1100/474/994
f 1136/471/965 1071/474/970 1135/481/1024 1131/476/1022
f 1100/471/994 1135/476/1024 1137/481/1025 1098/474/992
f 1071/471/970 1073/474/971 1137/481/1025 1135/476/1024
f 1098/471/992 1137/476/1025 1138/481/991 1092/474/989
f 1073/471/971 1075/474/973 1138/481/991 1137/476/1025
f 1075/471/973 1084/474/975 1087/481/982 1138/476/991
f 1126/467/1016 1123/449/923 1042/442/923 1139/468/988
