# Blender 5.1.2
# www.blender.org
mtllib italia.mtl
o italia
v 0.758998 0.300412 -1.851369
v 0.359942 0.582443 -2.198603
v 0.948245 0.109801 2.580179
v 0.758998 0.235521 1.201523
v 0.000000 0.179576 2.908923
v 0.923086 0.994141 -2.029467
v 0.000000 0.987844 -2.201269
v 0.000000 0.109801 2.894815
v 0.000000 0.582443 -2.198603
v 0.000000 0.371444 2.947718
v 1.076760 0.109801 0.627455
v 0.758998 0.339895 2.139362
v 0.758442 0.277932 -0.898098
v 0.758998 0.615519 -1.003086
v 1.015186 0.904014 1.477599
v 0.758998 0.615519 2.049806
v 0.758998 0.785864 -1.237546
v 0.000000 1.337175 0.685421
v 0.000000 0.893519 1.761873
v 0.758998 0.785864 1.815346
v 0.758998 0.785864 -1.527354
v 0.758998 0.615519 -1.761813
v 1.043261 0.909753 -2.016158
v 0.758998 0.785864 1.525538
v 0.000000 0.868893 -2.193731
v 0.758998 0.615519 1.291079
v 1.002969 0.780538 0.669990
v 1.076760 0.109801 -0.654153
v 0.827489 1.080574 -0.657153
v 0.000000 1.259006 -0.419260
v 1.035308 0.841368 -0.624799
v 0.498731 0.871163 1.548585
v 0.555835 1.259006 -0.425057
v 0.000000 1.010911 -1.897300
v 0.630327 1.150317 -1.080542
v 0.308189 0.995764 -1.902318
v 0.000000 0.987303 -1.463814
v 0.000000 1.167167 -0.626274
v 0.294573 0.997100 -1.463814
v 0.420152 1.038525 -1.208962
v 0.387192 1.173284 -0.629967
v 0.965703 0.691662 2.424220
v 0.934714 0.486536 2.588730
v 0.000000 0.467253 2.967090
v 0.000000 0.616851 2.757985
v 0.797746 0.187941 2.698167
v 0.872163 0.375883 2.680021
v 0.797746 0.187941 2.643688
v 0.000000 0.179576 2.854444
v 0.874706 0.375883 2.632931
v 0.000000 0.371444 2.893238
v 0.490363 0.626166 2.694921
v 0.480815 0.475618 2.902625
v 0.393854 0.183758 2.867956
v 0.437055 0.373664 2.892835
v 0.393854 0.183758 2.813477
v 0.437055 0.373664 2.838356
v 0.383055 0.987844 -2.163123
v 0.400344 0.109801 2.851639
v 0.439551 0.869919 -2.155586
v 0.599352 0.777104 1.953639
v 1.003308 0.887836 1.847989
v 1.014281 0.462147 -2.030299
v 0.000000 0.519086 -2.268493
v 1.036799 0.242523 0.628030
v 1.037698 0.243245 -0.654153
v 0.372674 0.474794 -2.230348
v 0.000000 1.307311 0.733090
v 0.361205 1.314916 0.663163
v 0.901761 0.935153 1.065223
v 0.568673 0.893519 1.628887
v 0.818861 1.100081 -0.905374
v 0.664465 1.242710 0.570435
v 0.929404 0.902031 1.243098
v 0.946413 0.876704 0.627455
v 0.000000 0.876991 1.644159
v 0.691052 1.180172 0.540365
v 0.900451 0.906699 0.629774
v 0.366686 1.273133 0.702851
v 0.619940 1.216715 0.627320
v 0.838247 0.918416 1.213042
v 0.000000 1.192063 -0.629908
v 0.000000 1.214918 -0.467709
v 0.514932 1.214918 -0.473042
v 0.583454 1.110576 -1.075998
v 0.287131 0.968422 -1.831919
v 0.000000 0.967902 -1.835613
v 0.000000 1.012200 -1.467448
v 0.386560 1.198181 -0.633601
v 0.419521 1.063421 -1.212597
v 0.293942 1.021996 -1.467448
v 0.758998 0.109801 2.139362
v 0.758998 0.109801 1.201523
v 1.065143 0.109801 2.105628
v 1.081241 0.766388 1.795164
v 1.107080 0.776111 1.537391
v 1.085614 0.619326 2.015289
v 1.092604 0.109801 1.238283
v 1.055260 0.239256 1.234168
v 1.093148 0.619532 1.320867
v 1.033763 0.360990 2.109086
v 1.070387 0.777139 -1.248148
v 1.060714 0.619142 -1.734917
v 1.037649 0.300921 -1.825478
v 1.070387 0.777139 -1.516751
v 1.037143 0.271482 -0.928807
v 1.060714 0.619142 -1.029982
v 0.758998 0.109801 -1.817925
v 1.076760 0.109801 -0.948544
v 1.004060 0.144905 -1.800375
v 0.758998 0.109801 -0.913531
v 0.986431 0.774811 2.191107
v 0.791348 0.719356 2.471209
v 0.685577 0.674619 2.574662
v 0.939086 0.587980 2.547975
v 0.675342 0.545480 2.709082
v 0.913498 0.831776 2.145590
v 0.969561 0.469394 -1.988337
v 0.380139 0.469394 -2.185712
v 0.935924 0.235030 -1.967517
v 0.380139 0.199926 -2.147428
v 0.000000 0.199926 -2.185574
v 0.000000 0.369203 -2.233151
v 0.467478 1.329474 0.047318
v 0.000000 1.339579 0.060588
v 1.076760 0.109801 -0.072332
v 1.037290 0.242918 -0.072071
v 1.022948 0.793144 -0.041871
v 0.906928 0.921144 -0.066577
v 0.748769 1.223443 -0.069937
v 0.861497 0.950786 -0.060093
v 0.765549 1.180307 -0.066167
v 0.983086 0.904258 -2.033495
v 0.907911 0.945048 -2.044791
v 0.498981 0.926156 -2.139532
v 1.004844 0.802377 -2.032370
v 0.940982 0.711877 -2.048404
v 0.541338 0.757616 -2.157253
v 0.898924 0.930887 -2.010170
v 0.975759 0.893481 -1.998874
v 0.465996 0.862353 -2.120964
v 0.509217 0.913569 -2.104911
v 0.998085 0.797278 -1.997748
v 0.933443 0.714166 -2.013783
v 0.548319 0.766758 -2.122631
v 0.000000 0.183348 -1.817925
v 0.303225 0.348806 -2.173312
v 0.278393 0.373712 -2.209708
v 0.000000 0.347885 -2.186954
v 1.056831 0.525009 2.373029
v 1.073330 0.089106 2.349484
v 1.052549 0.723876 2.180516
v 1.012538 0.691368 1.167343
v 1.025024 0.931759 -1.198458
v 1.023276 0.942706 -1.539552
v 0.882719 1.035172 -1.594101
v 0.600860 1.191512 0.622941
v 0.813477 0.900987 1.193399
v 0.354205 1.246460 0.696504
v 0.670118 1.155922 0.538252
v 0.874060 0.889576 0.625331
v 0.875336 0.917288 1.049431
v 0.482809 0.854965 1.520198
v 0.000000 0.860641 1.613280
v 0.802999 1.058919 -0.628059
v 0.836121 0.932514 -0.046558
v 0.000000 1.279747 0.725955
v 0.742674 1.156053 -0.052474
v 0.000000 0.582443 -2.254694
v 0.359942 0.582443 -2.213768
v 0.331731 0.692931 -2.198603
v -0.758998 0.300412 -1.851369
v -0.359942 0.582443 -2.198603
v -0.948245 0.109801 2.580179
v -0.758998 0.235521 1.201523
v -0.923086 0.994141 -2.029467
v -1.076760 0.109801 0.627455
v -0.758998 0.339895 2.139362
v -0.758442 0.277932 -0.898098
v -0.758998 0.615519 -1.003086
v -1.015186 0.904014 1.477599
v -0.758998 0.615519 2.049806
v -0.758998 0.785864 -1.237546
v -0.758998 0.785864 1.815346
v -0.758998 0.785864 -1.527354
v -0.758998 0.615519 -1.761813
v -1.043261 0.909753 -2.016158
v -0.758998 0.785864 1.525538
v -0.758998 0.615519 1.291079
v -1.002968 0.780538 0.669990
v -1.076760 0.109801 -0.654153
v -0.827489 1.080574 -0.657153
v -1.035308 0.841368 -0.624799
v -0.498731 0.871163 1.548585
v -0.555835 1.259006 -0.425057
v -0.630327 1.150317 -1.080542
v -0.308189 0.995764 -1.902318
v -0.294573 0.997100 -1.463814
v -0.420152 1.038525 -1.208962
v -0.387192 1.173284 -0.629967
v -0.965703 0.691662 2.424220
v -0.934714 0.486536 2.588730
v -0.797746 0.187941 2.698167
v -0.872163 0.375883 2.680021
v -0.797746 0.187941 2.643688
v -0.874706 0.375883 2.632931
v -0.490363 0.626166 2.694921
v -0.480815 0.475618 2.902625
v -0.393854 0.183758 2.867956
v -0.437055 0.373664 2.892835
v -0.393854 0.183758 2.813477
v -0.437055 0.373664 2.838356
v -0.383055 0.987844 -2.163123
v -0.400344 0.109801 2.851639
v -0.439551 0.869919 -2.155586
v -0.599352 0.777104 1.953639
v -1.003308 0.887836 1.847989
v -1.014281 0.462147 -2.030299
v -1.036799 0.242523 0.628030
v -1.037698 0.243245 -0.654153
v -0.372674 0.474794 -2.230348
v -0.361205 1.314916 0.663163
v -0.901761 0.935153 1.065223
v -0.568673 0.893519 1.628887
v -0.818861 1.100081 -0.905374
v -0.664465 1.242710 0.570435
v -0.929404 0.902031 1.243098
v -0.946413 0.876704 0.627455
v -0.691052 1.180172 0.540365
v -0.900451 0.906699 0.629774
v -0.366686 1.273133 0.702851
v -0.619940 1.216715 0.627320
v -0.838247 0.918416 1.213042
v -0.514932 1.214918 -0.473042
v -0.583454 1.110576 -1.075998
v -0.287131 0.968422 -1.831919
v -0.386560 1.198181 -0.633601
v -0.419521 1.063421 -1.212597
v -0.293942 1.021996 -1.467448
v -0.758998 0.109801 2.139362
v -0.758998 0.109801 1.201523
v -1.065143 0.109801 2.105628
v -1.081241 0.766388 1.795164
v -1.107080 0.776111 1.537391
v -1.085614 0.619326 2.015289
v -1.092604 0.109801 1.238283
v -1.055260 0.239256 1.234168
v -1.093148 0.619532 1.320867
v -1.033763 0.360990 2.109086
v -1.070387 0.777139 -1.248148
v -1.060713 0.619142 -1.734917
v -1.037649 0.300921 -1.825478
v -1.070387 0.777139 -1.516751
v -1.037143 0.271482 -0.928807
v -1.060713 0.619142 -1.029982
v -0.758998 0.109801 -1.817925
v -1.076760 0.109801 -0.948544
v -1.004060 0.144905 -1.800375
v -0.758998 0.109801 -0.913531
v -0.986431 0.774811 2.191107
v -0.791348 0.719356 2.471209
v -0.685577 0.674619 2.574662
v -0.939086 0.587980 2.547975
v -0.675342 0.545480 2.709082
v -0.913498 0.831776 2.145590
v -0.969561 0.469394 -1.988337
v -0.380139 0.469394 -2.185712
v -0.935924 0.235030 -1.967517
v -0.380139 0.199926 -2.147428
v -0.467478 1.329474 0.047318
v -1.076760 0.109801 -0.072332
v -1.037290 0.242918 -0.072071
v -1.022948 0.793144 -0.041871
v -0.906928 0.921144 -0.066577
v -0.748769 1.223443 -0.069937
v -0.861496 0.950786 -0.060093
v -0.765549 1.180307 -0.066167
v -0.983086 0.904258 -2.033495
v -0.907911 0.945048 -2.044791
v -0.498981 0.926156 -2.139532
v -1.004844 0.802377 -2.032370
v -0.940982 0.711877 -2.048404
v -0.541338 0.757616 -2.157253
v -0.898924 0.930887 -2.010170
v -0.975759 0.893481 -1.998874
v -0.465996 0.862353 -2.120964
v -0.509217 0.913569 -2.104911
v -0.998085 0.797278 -1.997748
v -0.933443 0.714166 -2.013783
v -0.548319 0.766758 -2.122631
v -0.303225 0.348806 -2.173312
v -0.278393 0.373712 -2.209708
v -1.056831 0.525009 2.373029
v -1.073330 0.089106 2.349484
v -1.052549 0.723876 2.180516
v -1.012537 0.691368 1.167343
v -1.025024 0.931759 -1.198458
v -1.023276 0.942706 -1.539552
v -0.882719 1.035172 -1.594101
v -0.600859 1.191512 0.622941
v -0.813477 0.900987 1.193399
v -0.354205 1.246460 0.696504
v -0.670118 1.155922 0.538252
v -0.874060 0.889576 0.625331
v -0.875336 0.917288 1.049431
v -0.482809 0.854965 1.520198
v -0.802999 1.058919 -0.628059
v -0.836121 0.932514 -0.046558
v -0.742674 1.156053 -0.052474
v -0.359942 0.582443 -2.213768
v -0.331731 0.692931 -2.198603
v 0.945961 0.831448 1.034415
v 1.079236 0.966630 0.960055
v 0.926372 0.830216 1.002575
v 1.048838 0.958803 0.933552
v 0.973991 0.795697 1.017546
v 1.107266 0.930880 0.943186
v 0.954402 0.794465 0.985706
v 1.076868 0.923053 0.916682
v 1.087717 0.896229 0.973880
v 1.031410 0.871505 0.923804
v 1.239959 0.903745 0.889384
v 1.238727 0.971247 0.895127
v 1.250957 0.882187 0.809629
v 1.249536 0.986863 0.815476
v 1.120081 1.006643 0.956958
v 1.087717 0.971066 0.973881
v 1.031409 0.977866 0.923804
v 1.076617 1.028427 0.901344
v -0.945961 0.831448 1.034415
v -1.079236 0.966630 0.960055
v -0.926372 0.830216 1.002575
v -1.048838 0.958803 0.933552
v -0.973991 0.795697 1.017546
v -1.107266 0.930880 0.943186
v -0.954402 0.794465 0.985706
v -1.076868 0.923053 0.916682
v -1.087717 0.896229 0.973880
v -1.031410 0.871505 0.923804
v -1.239959 0.903745 0.889384
v -1.238727 0.971247 0.895127
v -1.250956 0.882187 0.809629
v -1.249536 0.986863 0.815476
v -1.120081 1.006643 0.956958
v -1.087717 0.971066 0.973881
v -1.031409 0.977866 0.923804
v -1.076617 1.028427 0.901344
v -0.241438 0.622934 -2.172236
v -0.218595 0.604994 -2.172236
v -0.218595 0.782850 -2.172236
v -0.241438 0.764910 -2.172236
v -0.210412 0.629360 -2.218288
v -0.210412 0.758483 -2.218288
v 0.237386 0.604994 -2.172236
v 0.260230 0.622934 -2.172236
v 0.260230 0.764910 -2.172236
v 0.237386 0.782850 -2.172236
v 0.229203 0.629360 -2.218288
v 0.229203 0.758483 -2.218288
v -0.241438 0.622934 -2.218288
v -0.218595 0.604994 -2.218288
v -0.218595 0.782850 -2.218288
v -0.241438 0.764910 -2.218288
v 0.237386 0.604994 -2.218288
v 0.260230 0.622934 -2.218288
v 0.260230 0.764910 -2.218288
v 0.237386 0.782850 -2.218288
v 0.431527 0.464069 -2.218757
v 0.431527 0.464068 -2.081957
v 0.479893 0.444035 -2.218757
v 0.479893 0.444035 -2.081957
v 0.499927 0.395668 -2.218757
v 0.499927 0.395668 -2.081957
v 0.479893 0.347302 -2.218757
v 0.479893 0.347302 -2.081957
v 0.431527 0.327268 -2.218757
v 0.431527 0.327268 -2.081957
v 0.383161 0.347302 -2.218757
v 0.383161 0.347302 -2.081957
v 0.363127 0.395668 -2.218757
v 0.363127 0.395668 -2.081957
v 0.383161 0.444035 -2.218757
v 0.383161 0.444035 -2.081957
v 0.431527 0.439969 -2.218757
v 0.462853 0.426994 -2.218757
v 0.475828 0.395668 -2.218757
v 0.462853 0.364343 -2.218757
v 0.431527 0.351367 -2.218757
v 0.400202 0.364343 -2.218757
v 0.387226 0.395668 -2.218757
v 0.400202 0.426994 -2.218757
v 0.431527 0.439969 -2.183223
v 0.462853 0.426994 -2.183223
v 0.475828 0.395668 -2.183223
v 0.462853 0.364343 -2.183223
v 0.431527 0.351367 -2.183223
v 0.400202 0.364343 -2.183223
v 0.387226 0.395668 -2.183223
v 0.400202 0.426994 -2.183223
v -0.431527 0.464069 -2.218757
v -0.431527 0.464068 -2.081957
v -0.479893 0.444035 -2.218757
v -0.479893 0.444035 -2.081957
v -0.499927 0.395668 -2.218757
v -0.499927 0.395668 -2.081957
v -0.479893 0.347302 -2.218757
v -0.479893 0.347302 -2.081957
v -0.431527 0.327268 -2.218757
v -0.431527 0.327268 -2.081957
v -0.383161 0.347302 -2.218757
v -0.383161 0.347302 -2.081957
v -0.363127 0.395668 -2.218757
v -0.363127 0.395668 -2.081957
v -0.383161 0.444035 -2.218757
v -0.383161 0.444035 -2.081957
v -0.431527 0.439969 -2.218757
v -0.462853 0.426994 -2.218757
v -0.475828 0.395668 -2.218757
v -0.462853 0.364343 -2.218757
v -0.431527 0.351367 -2.218757
v -0.400202 0.364343 -2.218757
v -0.387226 0.395668 -2.218757
v -0.400202 0.426994 -2.218757
v -0.431527 0.439969 -2.183223
v -0.462853 0.426994 -2.183223
v -0.475828 0.395668 -2.183223
v -0.462853 0.364343 -2.183223
v -0.431527 0.351367 -2.183223
v -0.400202 0.364343 -2.183223
v -0.387226 0.395668 -2.183223
v -0.400202 0.426994 -2.183223
v 0.861335 0.222694 -2.030159
v 0.380139 0.168989 -2.195629
v 0.000000 0.168989 -2.233774
v 0.861335 0.287851 -2.062261
v 0.380139 0.308814 -2.227731
v 0.000000 0.308814 -2.265876
v 0.861335 0.309284 -1.995918
v 0.369753 0.338784 -2.166445
v 0.000000 0.340997 -2.199532
v 0.861335 0.163336 -1.937692
v 0.380139 0.119306 -2.103162
v 0.000000 0.119306 -2.141307
v 0.662384 0.168989 -2.120641
v 0.662384 0.308814 -2.152742
v 0.662384 0.340997 -2.086399
v 0.662384 0.119306 -2.028173
v 0.861335 0.187571 -1.883165
v 0.380139 0.143541 -2.048635
v 0.000000 0.143541 -2.086780
v 0.662384 0.143541 -1.973646
v -0.861335 0.222694 -2.030159
v -0.380139 0.168989 -2.195629
v -0.861335 0.287851 -2.062261
v -0.380139 0.308814 -2.227731
v -0.861335 0.309284 -1.995918
v -0.369753 0.338784 -2.166445
v -0.861335 0.163336 -1.937692
v -0.380139 0.119306 -2.103162
v -0.662383 0.168989 -2.120641
v -0.662383 0.308814 -2.152742
v -0.662383 0.340997 -2.086399
v -0.662383 0.119306 -2.028173
v -0.861335 0.187571 -1.883165
v -0.380139 0.143541 -2.048635
v -0.662383 0.143541 -1.973646
v 0.885053 0.886028 -2.076954
v 0.856470 0.914426 -1.881788
v 0.930000 0.864152 -2.070371
v 0.923386 0.881858 -1.871988
v 0.941102 0.814996 -2.068745
v 0.939913 0.808677 -1.869568
v 0.909997 0.775576 -2.073301
v 0.893606 0.749990 -1.876350
v 0.860109 0.775576 -2.080607
v 0.819335 0.749990 -1.887227
v 0.829004 0.814996 -2.085162
v 0.773028 0.808677 -1.894009
v 0.840105 0.864152 -2.083536
v 0.789555 0.881858 -1.891588
v 0.881540 0.914426 -2.052965
v 0.948455 0.881858 -2.043165
v 0.964982 0.808677 -2.040745
v 0.918675 0.749990 -2.047527
v 0.844404 0.749990 -2.058404
v 0.798097 0.808677 -2.065186
v 0.814624 0.881858 -2.062765
v -0.885053 0.886028 -2.076953
v -0.856470 0.914426 -1.881788
v -0.930000 0.864152 -2.070371
v -0.923386 0.881858 -1.871988
v -0.941101 0.814996 -2.068745
v -0.939912 0.808677 -1.869568
v -0.909997 0.775576 -2.073300
v -0.893606 0.749990 -1.876349
v -0.860109 0.775576 -2.080607
v -0.819335 0.749990 -1.887227
v -0.829004 0.814996 -2.085162
v -0.773028 0.808677 -1.894009
v -0.840105 0.864152 -2.083536
v -0.789554 0.881858 -1.891588
v -0.881539 0.914426 -2.052965
v -0.948455 0.881858 -2.043165
v -0.964982 0.808677 -2.040745
v -0.918675 0.749990 -2.047526
v -0.844404 0.749990 -2.058403
v -0.798097 0.808677 -2.065185
v -0.814624 0.881858 -2.062765
v -0.011263 0.130164 -2.146703
v -0.017047 0.313801 -2.257181
v 0.011263 0.130164 -2.146703
v 0.017047 0.313801 -2.257181
v -0.012119 0.137883 -2.266922
v -0.011263 0.115464 -2.225214
v 0.011263 0.115464 -2.225214
v 0.012119 0.137883 -2.266922
v 0.343346 0.135791 -2.118366
v 0.337966 0.306576 -2.221111
v 0.364295 0.135791 -2.118366
v 0.369674 0.306576 -2.221111
v 0.342550 0.142971 -2.230170
v 0.343346 0.122120 -2.191381
v 0.364295 0.122120 -2.191381
v 0.365091 0.142971 -2.230170
v -0.343346 0.135791 -2.118366
v -0.337967 0.306576 -2.221111
v -0.364295 0.135791 -2.118366
v -0.369674 0.306576 -2.221111
v -0.342550 0.142971 -2.230170
v -0.343346 0.122120 -2.191381
v -0.364295 0.122120 -2.191381
v -0.365091 0.142971 -2.230170
v 0.652971 0.139276 -2.036618
v 0.647843 0.302101 -2.134576
v 0.672944 0.139276 -2.036618
v 0.678073 0.302101 -2.134576
v 0.652213 0.146121 -2.143212
v 0.652971 0.126242 -2.106231
v 0.672944 0.126242 -2.106231
v 0.673703 0.146121 -2.143212
v -0.652971 0.139276 -2.036618
v -0.647843 0.302101 -2.134576
v -0.672944 0.139276 -2.036618
v -0.678073 0.302101 -2.134576
v -0.652213 0.146121 -2.143213
v -0.652971 0.126242 -2.106231
v -0.672944 0.126242 -2.106231
v -0.673703 0.146121 -2.143213
vn 0.2715 0.0571 -0.9607
vn 0.2617 0.1565 -0.9524
vn 0.2667 0.1096 -0.9575
vn 0.1634 0.0346 -0.9860
vn 0.1655 0.0881 -0.9823
vn 0.2440 -0.1716 0.9545
vn 0.4029 -0.1618 0.9008
vn 0.2784 -0.1699 0.9453
vn 0.8477 0.5150 0.1267
vn 0.8495 0.4735 0.2329
vn 0.9742 0.2141 0.0712
vn 0.8797 0.4669 0.0900
vn 0.5430 -0.0787 0.8360
vn 0.6972 0.1678 0.6970
vn 0.3018 0.3982 0.8663
vn 0.2834 -0.0784 0.9558
vn 0.1707 0.9844 -0.0423
vn -0.0000 0.9977 -0.0681
vn -0.0000 0.9999 0.0171
vn 0.1429 0.9894 0.0272
vn 0.9875 0.1576 0.0068
vn 0.9995 0.0287 0.0132
vn 0.9990 0.0451 0.0009
vn 0.9855 0.1688 -0.0177
vn 0.8948 0.4291 -0.1235
vn 0.9872 0.1227 -0.1022
vn 0.6499 0.7561 -0.0769
vn 0.7102 0.7028 -0.0408
vn 0.6847 0.7287 -0.0119
vn 0.6752 0.7340 -0.0731
vn 0.7142 0.6971 0.0636
vn 0.6535 0.7558 0.0410
vn 0.5789 0.8154 -0.0024
vn 0.7065 0.7060 0.0487
vn 0.0655 0.1149 -0.9912
vn -0.0000 0.0131 -0.9999
vn 0.6501 0.7580 0.0520
vn 0.7060 0.7065 0.0494
vn 0.8284 0.5579 0.0496
vn 0.9963 0.0301 -0.0806
vn 0.9964 0.0424 -0.0729
vn 0.9806 0.1958 -0.0090
vn 0.9806 0.1956 -0.0097
vn 0.3865 0.9095 -0.1532
vn 0.4886 0.8229 -0.2899
vn 0.2090 0.9513 -0.2267
vn -0.6236 0.7560 -0.1989
vn -0.6370 0.7683 -0.0620
vn -0.6383 0.7690 -0.0348
vn 0.0079 0.9981 0.0616
vn -0.0000 0.9757 0.2192
vn -0.0000 0.8811 0.4729
vn 0.0227 0.8809 0.4728
vn 0.1032 0.8801 0.4634
vn -0.0000 0.8972 0.4416
vn -0.0000 0.8108 0.5853
vn 0.0051 -1.0000 0.0001
vn -0.0000 -1.0000 -0.0000
vn -0.0105 0.9999 -0.0000
vn -0.0104 0.9999 -0.0000
vn -0.9280 0.3719 -0.0232
vn 0.6043 0.4892 0.6288
vn 0.3690 0.6219 0.6908
vn -0.0000 1.0000 -0.0000
vn 0.3247 -0.2118 0.9218
vn 0.3645 -0.2125 0.9066
vn 0.7496 -0.0959 0.6549
vn 0.5625 -0.2100 0.7997
vn -0.0000 -0.1771 0.9842
vn -0.0000 -0.1740 0.9847
vn 0.2275 0.1214 -0.9662
vn 0.1417 0.0173 -0.9898
vn 0.2420 0.1688 -0.9555
vn 0.2406 0.1641 -0.9566
vn -0.0000 -0.2026 0.9793
vn -0.0410 -0.9991 -0.0067
vn -0.0000 -1.0000 -0.0067
vn -0.0000 -0.9922 -0.1245
vn -0.0010 -0.9873 -0.1590
vn 0.1186 0.1711 -0.9781
vn -0.0000 -0.0156 -0.9999
vn -0.0000 0.1834 -0.9830
vn 0.9492 0.1364 0.2836
vn 0.9760 -0.0003 0.2179
vn 0.9989 -0.0128 -0.0453
vn -0.0595 0.9780 0.2001
vn -0.2490 0.9666 0.0608
vn -0.0337 0.9876 0.1536
vn 0.0125 0.9945 0.1038
vn 0.0019 0.9788 0.2046
vn -0.0151 -0.9998 0.0148
vn 0.9899 0.1385 0.0286
vn 0.9880 0.1534 0.0163
vn 0.9629 0.2698 0.0061
vn 0.9664 0.2568 0.0118
vn 0.9816 0.1748 -0.0769
vn 0.9589 0.2824 -0.0263
vn 0.9586 0.2844 -0.0129
vn 0.9587 0.2844 0.0004
vn 0.6586 -0.5801 -0.4794
vn 0.5333 0.7685 -0.3536
vn 0.3347 0.9411 -0.0489
vn 0.3054 0.9513 0.0428
vn 0.2358 0.7373 0.6331
vn 0.1963 0.8105 0.5519
vn 0.1798 0.8205 0.5426
vn 0.2239 0.7411 0.6330
vn -0.1150 0.9857 0.1232
vn -0.1297 0.9685 -0.2126
vn -0.0000 0.9507 -0.3102
vn -0.0000 0.9975 0.0713
vn -0.0000 0.7764 0.6302
vn 0.9171 0.3936 0.0635
vn 0.9177 0.3917 0.0659
vn 0.7730 0.6322 -0.0532
vn 0.8998 0.4356 0.0263
vn 0.8899 0.4561 0.0035
vn 0.6208 0.7840 -0.0025
vn -0.5166 0.8401 0.1655
vn -0.4944 0.8432 0.2114
vn -0.5328 0.8362 0.1299
vn 0.7602 -0.6319 0.1507
vn 0.7498 -0.6553 0.0919
vn 0.7564 -0.6417 0.1270
vn -0.7274 0.4627 0.5067
vn 0.7648 -0.6173 0.1843
vn -0.0362 0.9886 -0.1464
vn -0.0000 0.9892 -0.1465
vn -0.0000 0.9028 -0.4301
vn -0.0208 0.8881 -0.4592
vn -0.9812 0.0033 0.1930
vn -0.8989 0.0409 0.4363
vn -0.9783 0.0054 0.2071
vn -0.0000 0.9022 -0.4313
vn -0.6370 0.7636 0.1061
vn -0.0054 0.9780 -0.2087
vn -0.0000 0.9780 -0.2087
vn -0.0000 -0.1445 -0.9895
vn -0.0072 -0.1445 -0.9895
vn -0.0048 0.1444 0.9895
vn -0.0000 0.1444 0.9895
vn -0.9983 -0.0325 -0.0493
vn -0.0997 -0.1712 -0.9802
vn -0.1095 -0.0000 -0.9940
vn -0.1010 -0.1506 -0.9834
vn -0.0887 -0.3158 -0.9447
vn -0.0679 -0.8183 -0.5707
vn -0.0587 -0.9470 -0.3157
vn -0.0577 -0.9539 -0.2944
vn -0.0438 -0.9988 -0.0198
vn -0.0426 -0.8083 0.5873
vn -0.0934 -0.2204 0.9709
vn -0.1022 -0.1091 0.9888
vn -0.1024 -0.1066 0.9890
vn 1.0000 -0.0000 -0.0000
vn -0.0911 -0.0706 0.9933
vn -0.0916 -0.0478 0.9947
vn -0.0932 0.1746 0.9802
vn -0.1081 0.0924 -0.9898
vn -0.1039 -0.0989 -0.9897
vn -0.1043 -0.0864 -0.9908
vn -0.0961 -0.2837 -0.9541
vn -0.0426 -0.8083 -0.5873
vn -0.0280 -0.9996 -0.0000
vn -0.0853 -0.2697 0.9592
vn 1.0000 -0.0000 0.0003
vn -0.1095 -0.0000 0.9940
vn 0.4886 0.8087 0.3275
vn 0.5914 0.6523 0.4740
vn 0.3402 0.6813 0.6481
vn 0.0807 0.8965 0.4355
vn 0.0978 0.9605 0.2607
vn 0.0765 -0.2444 -0.9667
vn -0.0000 -0.2451 -0.9695
vn 0.8382 -0.2038 -0.5058
vn 0.1949 -0.1082 -0.9748
vn 0.2502 -0.1191 -0.9608
vn 0.3138 -0.1313 -0.9404
vn -0.5556 -0.6829 -0.4742
vn -0.2376 0.8943 -0.3792
vn -0.0000 0.8853 -0.4650
vn 0.7637 0.6444 0.0391
vn 0.9992 0.0280 0.0274
vn 0.2424 0.1020 -0.9648
vn -0.9466 -0.2134 -0.2415
vn 0.1661 0.9732 -0.1593
vn 0.6917 -0.5072 -0.5141
vn 0.6981 0.6239 -0.3512
vn -0.7839 0.6056 -0.1373
vn 0.1272 -0.9245 -0.3594
vn -0.1237 -0.9134 -0.3878
vn -0.1310 -0.9122 -0.3882
vn -0.3744 -0.8408 -0.3910
vn 0.0207 -0.9705 -0.2401
vn -0.0000 -0.9707 -0.2401
vn 0.0730 -0.0835 -0.9938
vn -0.0000 -0.0837 -0.9965
vn -0.0000 -0.8675 -0.4975
vn 0.0398 -0.8668 -0.4971
vn 0.8586 0.5004 -0.1115
vn -0.2143 0.9572 0.1947
vn 0.9374 0.2613 -0.2301
vn 0.0047 0.9980 -0.0626
vn -0.0153 0.9961 -0.0868
vn -0.0123 0.9973 -0.0722
vn 0.9904 -0.0496 -0.1293
vn 0.9892 0.1446 0.0247
vn 0.9865 0.1626 0.0211
vn 0.9983 0.0408 0.0420
vn 0.5528 0.8333 0.0022
vn 0.5663 0.8237 -0.0293
vn -0.0171 0.9953 -0.0954
vn 0.2697 0.8894 0.3691
vn 0.1854 0.8992 0.3964
vn 0.1666 0.9004 0.4019
vn 0.8848 0.4646 0.0370
vn 0.9219 0.3862 0.0314
vn 0.8866 0.4610 0.0367
vn 0.7998 0.5988 -0.0415
vn 0.8221 0.5693 -0.0076
vn 0.8365 0.5478 0.0160
vn -0.0000 0.9067 0.4217
vn -0.3960 0.8754 -0.2774
vn 0.1431 -0.2908 0.9460
vn -0.0000 -0.2535 0.9673
vn 0.1210 -0.2814 0.9519
vn -0.5372 0.8418 -0.0534
vn -0.5453 0.8382 0.0082
vn -0.5469 0.8369 0.0228
vn 0.6695 -0.5328 -0.5175
vn 0.2056 -0.3166 0.9260
vn -0.9689 -0.2474 -0.0000
vn -0.0000 0.9987 -0.0516
vn -0.0000 -0.0415 -0.9991
vn -0.0040 0.0120 -0.9999
vn -0.0000 0.0120 -0.9999
vn -0.2715 0.0571 -0.9607
vn -0.1655 0.0881 -0.9823
vn -0.1634 0.0346 -0.9860
vn -0.2667 0.1096 -0.9575
vn -0.2617 0.1565 -0.9524
vn -0.2440 -0.1716 0.9545
vn -0.2784 -0.1699 0.9453
vn -0.4029 -0.1618 0.9008
vn -0.8477 0.5150 0.1267
vn -0.8797 0.4669 0.0900
vn -0.9742 0.2141 0.0712
vn -0.8495 0.4735 0.2329
vn -0.5430 -0.0787 0.8360
vn -0.2834 -0.0784 0.9558
vn -0.3018 0.3982 0.8663
vn -0.6972 0.1678 0.6970
vn -0.1707 0.9844 -0.0423
vn -0.1429 0.9894 0.0272
vn -0.9875 0.1576 0.0068
vn -0.9855 0.1688 -0.0177
vn -0.9990 0.0451 0.0009
vn -0.9995 0.0287 0.0132
vn -0.9872 0.1227 -0.1022
vn -0.8948 0.4291 -0.1235
vn -0.6499 0.7561 -0.0769
vn -0.6752 0.7340 -0.0731
vn -0.6847 0.7287 -0.0119
vn -0.7102 0.7028 -0.0408
vn -0.7142 0.6971 0.0636
vn -0.7065 0.7060 0.0487
vn -0.5789 0.8154 -0.0024
vn -0.6535 0.7558 0.0410
vn -0.0655 0.1149 -0.9912
vn -0.6501 0.7580 0.0520
vn -0.8284 0.5579 0.0496
vn -0.7060 0.7065 0.0494
vn -0.9963 0.0301 -0.0806
vn -0.9806 0.1956 -0.0097
vn -0.9806 0.1958 -0.0090
vn -0.9964 0.0424 -0.0729
vn -0.3865 0.9095 -0.1532
vn -0.2090 0.9513 -0.2267
vn -0.4886 0.8229 -0.2899
vn 0.6236 0.7560 -0.1989
vn 0.6383 0.7690 -0.0348
vn 0.6370 0.7683 -0.0620
vn -0.0079 0.9981 0.0616
vn -0.0227 0.8809 0.4728
vn -0.1032 0.8801 0.4634
vn -0.0051 -1.0000 0.0001
vn 0.0105 0.9999 -0.0000
vn 0.0104 0.9999 -0.0000
vn 0.9280 0.3719 -0.0232
vn -0.3690 0.6219 0.6908
vn -0.6043 0.4892 0.6288
vn -0.3247 -0.2118 0.9218
vn -0.5625 -0.2100 0.7997
vn -0.7496 -0.0959 0.6549
vn -0.3645 -0.2125 0.9066
vn -0.2275 0.1214 -0.9662
vn -0.2406 0.1641 -0.9566
vn -0.2420 0.1688 -0.9555
vn -0.1417 0.0173 -0.9898
vn 0.0410 -0.9991 -0.0067
vn 0.0010 -0.9873 -0.1590
vn -0.1186 0.1711 -0.9781
vn -0.9492 0.1364 0.2836
vn -0.9989 -0.0128 -0.0453
vn -0.9760 -0.0003 0.2179
vn 0.0595 0.9780 0.2001
vn 0.0337 0.9876 0.1536
vn 0.2490 0.9666 0.0608
vn -0.0125 0.9945 0.1038
vn -0.0019 0.9788 0.2046
vn 0.0151 -0.9998 0.0148
vn -0.9899 0.1385 0.0286
vn -0.9664 0.2568 0.0118
vn -0.9629 0.2698 0.0061
vn -0.9880 0.1534 0.0163
vn -0.9816 0.1748 -0.0769
vn -0.9586 0.2844 -0.0129
vn -0.9589 0.2824 -0.0263
vn -0.9587 0.2844 0.0004
vn -0.6586 -0.5801 -0.4794
vn -0.5333 0.7685 -0.3536
vn -0.3347 0.9411 -0.0489
vn -0.3054 0.9513 0.0428
vn -0.2358 0.7373 0.6331
vn -0.2239 0.7411 0.6330
vn -0.1798 0.8205 0.5426
vn -0.1963 0.8105 0.5519
vn 0.1150 0.9857 0.1232
vn 0.1297 0.9685 -0.2126
vn -0.9171 0.3936 0.0635
vn -0.9177 0.3917 0.0659
vn -0.7730 0.6322 -0.0532
vn -0.8899 0.4561 0.0035
vn -0.8998 0.4356 0.0263
vn -0.6208 0.7840 -0.0025
vn 0.5166 0.8401 0.1655
vn 0.5328 0.8362 0.1299
vn 0.4944 0.8432 0.2114
vn -0.7602 -0.6319 0.1507
vn -0.7564 -0.6417 0.1270
vn -0.7498 -0.6553 0.0919
vn 0.7274 0.4627 0.5068
vn -0.7648 -0.6173 0.1843
vn 0.0362 0.9886 -0.1464
vn 0.0208 0.8881 -0.4592
vn 0.9812 0.0033 0.1930
vn 0.9783 0.0054 0.2071
vn 0.8989 0.0409 0.4363
vn 0.6370 0.7636 0.1061
vn 0.0054 0.9780 -0.2087
vn 0.0072 -0.1445 -0.9895
vn 0.0048 0.1444 0.9895
vn 0.9983 -0.0325 -0.0493
vn 0.0997 -0.1712 -0.9802
vn 0.1010 -0.1506 -0.9834
vn 0.1095 -0.0000 -0.9940
vn 0.0887 -0.3158 -0.9447
vn 0.0679 -0.8183 -0.5707
vn 0.0577 -0.9539 -0.2944
vn 0.0587 -0.9470 -0.3157
vn 0.0438 -0.9988 -0.0198
vn 0.0426 -0.8083 0.5873
vn 0.0934 -0.2204 0.9709
vn 0.1024 -0.1066 0.9890
vn 0.1022 -0.1091 0.9888
vn -1.0000 -0.0000 -0.0000
vn 0.0911 -0.0706 0.9933
vn 0.0932 0.1746 0.9802
vn 0.0916 -0.0478 0.9947
vn 0.1081 0.0924 -0.9898
vn 0.1043 -0.0864 -0.9908
vn 0.1039 -0.0989 -0.9897
vn 0.0961 -0.2837 -0.9541
vn 0.0426 -0.8083 -0.5873
vn 0.0280 -0.9996 -0.0000
vn 0.0853 -0.2697 0.9592
vn -1.0000 -0.0000 0.0003
vn 0.1095 -0.0000 0.9940
vn -0.5914 0.6523 0.4740
vn -0.4886 0.8087 0.3275
vn -0.3402 0.6813 0.6481
vn -0.0807 0.8965 0.4355
vn -0.0978 0.9605 0.2607
vn -0.0765 -0.2444 -0.9667
vn -0.8382 -0.2038 -0.5058
vn -0.1949 -0.1082 -0.9748
vn -0.3138 -0.1313 -0.9404
vn -0.2502 -0.1191 -0.9608
vn 0.5556 -0.6830 -0.4742
vn 0.2376 0.8943 -0.3792
vn -0.7637 0.6444 0.0391
vn -0.9992 0.0280 0.0274
vn -0.2424 0.1020 -0.9648
vn 0.9466 -0.2134 -0.2415
vn -0.1661 0.9732 -0.1593
vn -0.6917 -0.5072 -0.5141
vn -0.6981 0.6239 -0.3512
vn 0.7839 0.6056 -0.1373
vn -0.1272 -0.9245 -0.3594
vn 0.1310 -0.9122 -0.3882
vn 0.1237 -0.9134 -0.3878
vn 0.3744 -0.8408 -0.3910
vn -0.0207 -0.9705 -0.2401
vn -0.0730 -0.0835 -0.9938
vn -0.0398 -0.8668 -0.4971
vn -0.8586 0.5004 -0.1115
vn 0.2143 0.9572 0.1947
vn -0.9374 0.2613 -0.2301
vn -0.0047 0.9980 -0.0626
vn 0.0123 0.9973 -0.0722
vn 0.0153 0.9961 -0.0868
vn -0.9904 -0.0496 -0.1293
vn -0.9865 0.1626 0.0211
vn -0.9892 0.1446 0.0247
vn -0.9983 0.0408 0.0420
vn -0.5528 0.8333 0.0022
vn -0.5663 0.8237 -0.0293
vn 0.0171 0.9953 -0.0954
vn -0.2697 0.8894 0.3691
vn -0.1666 0.9004 0.4019
vn -0.1854 0.8992 0.3964
vn -0.8848 0.4646 0.0370
vn -0.8866 0.4610 0.0367
vn -0.9219 0.3862 0.0314
vn -0.7998 0.5988 -0.0415
vn -0.8365 0.5478 0.0160
vn -0.8221 0.5693 -0.0076
vn 0.3960 0.8754 -0.2774
vn -0.1431 -0.2908 0.9460
vn -0.1210 -0.2814 0.9519
vn 0.5372 0.8418 -0.0534
vn 0.5469 0.8369 0.0228
vn 0.5453 0.8382 0.0082
vn -0.6695 -0.5329 -0.5175
vn -0.2056 -0.3166 0.9260
vn 0.9689 -0.2474 -0.0000
vn 0.0040 0.0120 -0.9999
vn -0.5611 0.7427 0.3654
vn -0.5022 0.0142 -0.8646
vn 0.5611 -0.7427 -0.3654
vn 0.5000 -0.0166 0.8659
vn 0.4104 0.6320 -0.6574
vn 0.3335 0.9263 0.1756
vn -0.0881 0.8887 0.4499
vn -0.0398 0.9049 0.4237
vn 0.9908 0.0062 0.1353
vn 0.8038 -0.0116 0.5948
vn 0.8503 -0.0087 0.5262
vn -0.6646 -0.0000 0.7472
vn -0.5891 0.3699 0.7185
vn -0.5972 0.3453 0.7239
vn 0.1905 -0.9438 0.2700
vn -0.4522 0.0176 -0.8918
vn 0.4721 -0.0250 0.8812
vn 0.5611 0.7427 0.3654
vn 0.5022 0.0142 -0.8646
vn -0.5611 -0.7427 -0.3654
vn -0.5000 -0.0166 0.8659
vn -0.4104 0.6320 -0.6574
vn -0.3335 0.9263 0.1756
vn 0.0398 0.9049 0.4237
vn 0.0881 0.8887 0.4499
vn -0.9908 0.0062 0.1353
vn -0.8503 -0.0087 0.5262
vn -0.8038 -0.0116 0.5948
vn 0.6646 -0.0000 0.7472
vn 0.5972 0.3453 0.7239
vn 0.5891 0.3699 0.7185
vn -0.1905 -0.9438 0.2700
vn 0.4522 0.0176 -0.8918
vn -0.4721 -0.0250 0.8812
vn 0.8993 -0.4372 -0.0000
vn 0.8993 0.4372 -0.0000
vn 0.3268 0.9451 -0.0000
vn -0.3268 0.9451 -0.0000
vn -0.8993 -0.4372 -0.0000
vn -0.8993 0.4372 -0.0000
vn -0.3268 -0.9451 -0.0000
vn 0.3268 -0.9451 -0.0000
vn -0.0000 -0.0000 -1.0000
vn 0.7071 0.7071 -0.0000
vn 0.7071 -0.7071 -0.0000
vn -0.7071 -0.7071 -0.0000
vn -0.7071 0.7071 -0.0000
vn 0.1765 -0.2203 -0.9593
vn -0.0000 -0.2238 -0.9746
vn 0.1726 -0.2204 -0.9600
vn 0.3329 -0.2445 -0.9107
vn 0.3285 -0.2430 -0.9127
vn 0.4168 -0.2717 -0.8674
vn 0.0777 0.8988 -0.4314
vn -0.0000 0.9005 -0.4349
vn 0.0782 0.8988 -0.4313
vn 0.1815 0.8976 -0.4016
vn 0.2121 0.8964 -0.3893
vn 0.2813 0.8897 -0.3595
vn -0.0000 -0.8809 -0.4733
vn 0.0821 -0.8779 -0.4717
vn 0.0899 -0.8773 -0.4714
vn 0.2462 -0.8463 -0.4724
vn 0.2896 -0.8329 -0.4716
vn 0.4047 -0.7877 -0.4645
vn -0.0601 -0.9122 0.4054
vn 0.0175 -0.9137 0.4061
vn -0.0319 -0.9133 0.4059
vn -0.0000 -0.9138 0.4061
vn -0.0704 -0.9115 0.4051
vn -0.0774 -0.9111 0.4049
vn -0.1765 -0.2203 -0.9593
vn -0.1726 -0.2204 -0.9600
vn -0.3329 -0.2445 -0.9107
vn -0.4168 -0.2717 -0.8674
vn -0.3285 -0.2430 -0.9127
vn -0.0777 0.8988 -0.4314
vn -0.0782 0.8988 -0.4313
vn -0.1815 0.8976 -0.4016
vn -0.2813 0.8897 -0.3595
vn -0.2121 0.8964 -0.3893
vn -0.0899 -0.8773 -0.4714
vn -0.0821 -0.8779 -0.4717
vn -0.2462 -0.8463 -0.4724
vn -0.2896 -0.8329 -0.4716
vn -0.4047 -0.7877 -0.4645
vn 0.0601 -0.9122 0.4054
vn 0.0319 -0.9133 0.4059
vn -0.0175 -0.9137 0.4061
vn 0.0774 -0.9111 0.4049
vn 0.0704 -0.9115 0.4051
vn 0.0551 0.9249 -0.3761
vn 0.4293 0.9010 0.0629
vn 0.7706 0.5767 -0.2713
vn 0.9646 0.2225 0.1413
vn 0.9473 -0.2058 -0.2455
vn 0.7736 -0.6235 0.1133
vn 0.4522 -0.8333 -0.3180
vn -0.3420 -0.8333 -0.4343
vn -0.7736 -0.6235 -0.1133
vn -0.8371 -0.2058 -0.5068
vn -0.9646 0.2225 -0.1413
vn -0.6604 0.5767 -0.4809
vn -0.4293 0.9010 -0.0629
vn 0.1311 0.4265 -0.8949
vn 0.4610 0.2659 -0.8466
vn 0.5425 -0.0949 -0.8347
vn 0.3142 -0.3843 -0.8681
vn -0.0520 -0.3843 -0.9218
vn -0.2804 -0.0949 -0.9552
vn -0.1989 0.2659 -0.9433
vn -0.0551 0.9249 -0.3761
vn -0.7706 0.5767 -0.2713
vn -0.4293 0.9010 0.0629
vn -0.9473 -0.2058 -0.2455
vn -0.9646 0.2225 0.1413
vn -0.4522 -0.8333 -0.3180
vn -0.7736 -0.6235 0.1133
vn 0.3420 -0.8333 -0.4343
vn 0.8371 -0.2058 -0.5068
vn 0.7736 -0.6235 -0.1133
vn 0.6604 0.5767 -0.4809
vn 0.9646 0.2225 -0.1413
vn 0.4293 0.9010 -0.0629
vn -0.1311 0.4265 -0.8949
vn 0.1989 0.2659 -0.9433
vn 0.2804 -0.0949 -0.9552
vn 0.0520 -0.3843 -0.9218
vn -0.3142 -0.3843 -0.8681
vn -0.5425 -0.0949 -0.8347
vn -0.4610 0.2659 -0.8466
vn -0.0000 0.0553 -0.9985
vn 0.9996 -0.0283 0.0053
vn -0.9996 -0.0283 0.0053
vn -0.0000 -0.8808 -0.4735
vn -0.0000 -0.9829 0.1840
vt 0.016582 0.590326
vt 0.018124 0.589685
vt 0.018124 0.591062
vt 0.010155 0.591062
vt 0.010155 0.579987
vt 0.018124 0.579987
vt 0.015584 0.581770
vt 0.014998 0.589608
vt 0.979294 0.425801
vt 0.979409 0.418029
vt 0.986175 0.416363
vt 0.986611 0.424967
vt 0.027411 0.587390
vt 0.025000 0.588399
vt 0.021605 0.587194
vt 0.025281 0.586354
vt 0.018496 0.573853
vt 0.008637 0.591062
vt 0.018124 0.591062
vt 0.018933 0.582457
vt 0.980511 0.417108
vt 0.989755 0.417108
vt 0.989755 0.418376
vt 0.981718 0.418376
vt 0.010155 0.576868
vt 0.018124 0.576868
vt 0.018124 0.578413
vt 0.010155 0.578413
vt 0.027611 0.584737
vt 0.020867 0.582525
vt 0.021010 0.578413
vt 0.027611 0.582562
vt 0.018124 0.575584
vt 0.018124 0.574028
vt 0.027611 0.573442
vt 0.027611 0.575584
vt 0.031826 0.588889
vt 0.018124 0.572088
vt 0.990116 0.417154
vt 0.989198 0.417169
vt 0.994582 0.414862
vt 0.993607 0.415635
vt 0.014850 0.572843
vt 0.018124 0.573229
vt 0.016824 0.573414
vt 0.974177 0.416054
vt 0.977224 0.415474
vt 0.979508 0.416054
vt 0.984329 0.413740
vt 0.989755 0.413707
vt 0.018124 0.590029
vt 0.027611 0.590044
vt 0.027611 0.591062
vt 0.986612 0.424967
vt 0.987048 0.433572
vt 0.986175 0.416362
vt 0.008637 0.590515
vt 0.014155 0.590627
vt 0.979178 0.433572
vt 0.011615 0.583291
vt 0.016536 0.591062
vt 0.023299 0.591062
vt 0.011731 0.575519
vt 0.019369 0.591062
vt 0.023376 0.581733
vt 0.027611 0.579987
vt 0.021692 0.589359
vt 0.008637 0.591062
vt 0.011499 0.591062
vt 0.985181 0.355721
vt 0.990781 0.355593
vt 0.990781 0.356330
vt 0.990781 0.357614
vt 0.990781 0.359158
vt 0.990781 0.363318
vt 0.984979 0.365483
vt 0.985706 0.368695
vt 0.990781 0.368759
vt 0.990781 0.370088
vt 0.990781 0.371808
vt 0.979706 0.371808
vt 0.971806 0.371808
vt 0.971806 0.354306
vt 0.985181 0.353525
vt 0.012283 0.579381
vt 0.010155 0.572088
vt 0.011603 0.572147
vt 0.022544 0.589339
vt 0.008637 0.589342
vt 0.008637 0.588013
vt 0.015465 0.587975
vt 0.015704 0.586835
vt 0.008790 0.587334
vt 0.008637 0.584737
vt 0.017429 0.584737
vt 0.008637 0.582562
vt 0.010155 0.574834
vt 0.010155 0.575584
vt 0.008637 0.575584
vt 0.008637 0.574847
vt 0.010317 0.582622
vt 0.008637 0.582572
vt 0.008637 0.578413
vt 0.008637 0.576868
vt 0.023103 0.584308
vt 0.022306 0.582710
vt 0.974177 0.417108
vt 0.974177 0.418376
vt 0.982904 0.418760
vt 0.973832 0.418721
vt 0.971689 0.418275
vt 0.982771 0.418275
vt 0.973365 0.422948
vt 0.971689 0.423281
vt 0.982594 0.425482
vt 0.993026 0.425164
vt 0.994582 0.425906
vt 0.982297 0.425906
vt 0.992455 0.418732
vt 0.994582 0.418275
vt 0.993490 0.416758
vt 0.994582 0.416412
vt 0.993349 0.421919
vt 0.993349 0.418108
vt 0.994582 0.418275
vt 0.994582 0.423281
vt 0.987527 0.418308
vt 0.986618 0.418275
vt 0.976005 0.357049
vt 0.985453 0.356998
vt 0.985453 0.357337
vt 0.972971 0.357337
vt 0.970190 0.356631
vt 0.978844 0.354519
vt 0.985453 0.354479
vt 0.985453 0.355138
vt 0.978455 0.355264
vt 0.975078 0.355882
vt 0.974448 0.355882
vt 0.977825 0.355264
vt 0.989755 0.416054
vt 0.971342 0.314419
vt 0.970223 0.313012
vt 0.974298 0.312266
vt 0.982742 0.312114
vt 0.982742 0.314358
vt 0.984823 0.356998
vt 0.975375 0.357049
vt 0.984823 0.355138
vt 0.977687 0.350819
vt 0.996111 0.350819
vt 0.996111 0.369243
vt 0.977687 0.369243
vt 0.993413 0.353517
vt 0.986899 0.350819
vt 0.980385 0.353517
vt 0.977687 0.360031
vt 0.980385 0.366545
vt 0.986899 0.369243
vt 0.993413 0.366545
vt 0.996111 0.360031
vt 0.027611 0.584737
vt 0.027258 0.588198
vt 0.027073 0.590013
vt 0.982232 0.973644
vt 0.982470 0.974249
vt 0.979680 0.973639
vt 0.010621 0.588371
vt 0.008637 0.588198
vt 0.979085 0.351409
vt 0.980603 0.351409
vt 0.980603 0.351890
vt 0.979085 0.351996
vt 0.979085 0.359308
vt 0.980603 0.359308
vt 0.980604 0.370383
vt 0.979085 0.370383
vt 0.010155 0.572569
vt 0.023149 0.577496
vt 0.977584 0.420659
vt 0.980124 0.418876
vt 0.985376 0.420622
vt 0.983692 0.428247
vt 0.980124 0.428574
vt 0.978582 0.429215
vt 0.976997 0.428497
vt 0.980704 0.422571
vt 0.979161 0.423211
vt 0.977577 0.422493
vt 0.978164 0.414655
vt 0.980704 0.412873
vt 0.985956 0.414619
vt 0.984272 0.422244
vt 0.990781 0.352834
vt 0.990781 0.353421
vt 0.971806 0.352834
vt 0.979706 0.352834
vt 0.979806 0.357710
vt 0.979446 0.354559
vt 0.021946 0.579559
vt 0.023945 0.584737
vt 0.976951 0.973635
vt 0.976951 0.971820
vt 0.978939 0.972001
vt 0.010625 0.588380
vt 0.013918 0.590022
vt 0.011366 0.590018
vt 0.025266 0.590515
vt 0.011171 0.582647
vt 0.020669 0.583702
vt 0.019712 0.572088
vt 0.021002 0.572766
vt 0.008637 0.573442
vt 0.008637 0.572088
vt 0.016824 0.574089
vt 0.011636 0.574837
vt 0.014850 0.574630
vt 0.027611 0.572088
vt 0.008637 0.575584
vt 0.976951 0.974137
vt 0.968291 0.306377
vt 0.977363 0.306416
vt 0.977062 0.313101
vt 0.967825 0.310604
vt 0.984575 0.304810
vt 0.988066 0.303291
vt 0.987949 0.304414
vt 0.986158 0.304714
vt 0.980336 0.301103
vt 0.986158 0.300903
vt 0.987005 0.307411
vt 0.987485 0.312819
vt 0.981986 0.305964
vt 0.987809 0.305764
vt 0.025135 0.599509
vt 0.012143 0.576673
vt 0.012143 0.596010
vt 0.018340 0.568783
vt 0.018340 0.596230
vt 0.023642 0.581114
vt 0.023642 0.570840
vt 0.027611 0.572726
vt 0.027000 0.597222
vt 0.025230 0.600130
vt 0.014476 0.578497
vt 0.011009 0.575412
vt 0.026932 0.575412
vt 0.026932 0.594625
vt 0.011009 0.594625
vt 0.023920 0.575412
vt 0.023920 0.594625
vt 0.021494 0.575412
vt 0.021494 0.594625
vt 0.971509 0.965860
vt 0.981993 0.965860
vt 0.987432 0.969495
vt 0.987432 0.985073
vt 0.971509 0.985073
vt 0.026932 0.591349
vt 0.026932 0.590991
vt 0.021494 0.594625
vt 0.967000 0.459722
vt 0.991000 0.459722
vt 0.991000 0.481944
vt 0.967000 0.481944
vt 0.992260 0.579590
vt 0.968260 0.579590
vt 0.977895 0.476288
vt 0.988839 0.476288
vt 0.988839 0.487232
vt 0.977895 0.487232
vt 0.983367 0.431316
vt 0.987729 0.429509
vt 0.989536 0.425147
vt 0.987729 0.420784
vt 0.983367 0.418977
vt 0.979005 0.420784
vt 0.977198 0.425147
vt 0.979005 0.429509
vt 0.970784 0.463731
vt 0.985220 0.463731
vt 0.985220 0.478167
vt 0.970784 0.478167
vt 0.011986 0.518110
vt 0.032109 0.518110
vt 0.032109 0.538233
vt 0.011986 0.538233
vt 0.022048 0.534929
vt 0.027331 0.532385
vt 0.028636 0.526668
vt 0.024980 0.522083
vt 0.019115 0.522083
vt 0.015459 0.526668
vt 0.016764 0.532385
vt 0.022048 0.538233
vt 0.029914 0.534444
vt 0.031856 0.525933
vt 0.026413 0.519107
vt 0.017682 0.519107
vt 0.012239 0.525933
vt 0.014181 0.534444
vt 0.976051 0.410353
vt 0.986872 0.410353
vt 0.986872 0.423052
vt 0.976051 0.423052
vt 0.974172 0.414874
vt 0.974172 0.423052
vt 0.974172 0.410353
vt 0.976051 0.423052
vt 0.974172 0.418531
vt 0.986872 0.414874
s 1
usemtl metallic
f 136/1/1 133/2/2 23/3/3 63/4/1 67/5/4 60/6/5 138/7/1 137/8/1
f 56/9/6 48/10/7 50/11/7 57/12/8
f 62/13/9 152/14/10 97/15/11 95/16/12
f 47/17/13 43/18/14 53/19/15 55/20/16
f 124/21/17 125/22/18 18/23/19 69/24/20
f 127/25/21 128/26/22 27/27/23 65/28/24
f 65/28/24 27/27/23 15/29/25 153/30/26
f 15/29/27 27/27/28 75/31/29 74/32/30
f 31/33/31 154/34/32 156/35/33 72/36/34
f 171/37/35 25/38/36 60/6/5
f 131/39/37 129/40/38 72/41/34 29/42/39
f 103/43/40 23/38/41 155/44/42 105/45/43
f 72/46/44 35/47/45 33/48/46
f 33/48/47 35/47/48 85/47/49 84/48/47
f 36/49/50 34/50/51 87/50/52 86/49/53
f 52/51/54 45/52/55 44/53/56 53/19/15
f 55/54/57 10/55/58 51/55/58 57/12/57
f 54/9/59 46/10/60 48/10/60 56/9/59
f 46/10/61 47/56/61 50/11/61 48/10/61
f 53/19/15 43/18/14 115/57/62 116/58/63
f 5/59/64 54/9/59 56/9/59 49/59/64
f 47/56/57 55/54/57 57/12/57 50/11/57
f 54/60/65 59/61/66 3/53/67 43/62/14 47/17/13 46/63/68
f 49/59/69 56/9/6 57/12/8 51/55/69
f 53/19/15 44/53/70 10/64/70 55/20/16
f 135/65/71 60/6/5 58/66/72 6/53/73 134/67/74
f 8/68/75 59/61/66 54/60/65 5/69/75
f 111/70/76 109/71/76 28/72/76 126/73/76 11/74/76 98/75/76 93/76/76 92/77/76 94/78/76 151/79/76 3/80/76 59/81/76 8/82/77 146/83/78 108/84/79
f 170/85/80 67/5/4 64/86/81 169/87/82
f 150/88/83 151/89/84 94/90/85 101/91/85 97/15/11
f 61/92/86 62/93/87 15/94/88
f 71/95/89 61/92/86 15/94/88 74/96/90
f 67/5/91 63/4/91 118/4/91 119/5/91
f 106/97/92 66/98/93 28/99/94 109/100/95
f 99/101/96 98/102/97 11/103/98 65/28/24
f 126/104/99 127/25/21 65/28/24 11/103/98
f 148/5/100 67/5/100 119/105/100 147/106/100
f 36/49/101 35/47/45 72/46/44
f 130/107/102 124/21/17 69/24/20 73/108/103
f 79/109/104 80/110/105 73/111/106 69/112/107
f 80/110/105 81/113/108 74/114/90 73/111/106
f 32/115/109 76/116/110 19/117/111 71/118/89
f 81/113/108 32/115/109 71/118/89 74/114/90
f 68/119/112 79/109/104 69/112/107 18/120/112
f 132/121/113 29/42/39 72/41/34 130/122/114
f 70/123/115 77/124/116 73/125/117 74/126/30
f 78/127/118 70/123/115 74/126/30 75/128/29
f 131/39/37 78/127/118 75/128/29 129/40/38
f 131/39/119 29/42/120 165/42/120 166/39/121
f 132/121/122 77/124/123 160/124/123 168/121/124
f 81/113/125 80/110/125 157/110/125 158/113/125
f 29/42/126 132/121/122 168/121/124 165/42/126
f 89/129/127 82/130/128 83/131/129 84/132/130 85/133/127 86/134/127 87/135/128 88/136/128 91/137/127 90/138/127
f 90/139/131 91/140/132 39/140/132 40/139/133
f 30/141/134 33/48/46 84/48/130 83/141/129
f 35/47/48 36/49/135 86/49/135 85/47/49
f 82/147/138 89/148/139 41/148/139 38/147/138
f 91/140/140 88/149/141 37/149/141 39/140/140
f 89/148/142 90/139/131 40/139/133 41/148/142
f 101/150/143 94/151/144 92/152/144 12/153/145
f 101/150/143 12/151/145 16/152/146 97/153/146
f 97/150/147 16/151/147 20/152/148 95/153/149
f 20/150/148 24/151/150 96/152/150 95/153/149
f 100/150/151 96/151/151 24/152/151 26/153/151
f 26/150/152 4/151/153 99/152/154 100/153/152
f 24/154/155 20/155/155 16/156/155 12/157/155 92/158/155 93/159/155 4/160/155 26/161/155
f 104/150/156 1/151/157 108/152/158 110/153/158
f 109/150/159 111/151/159 13/152/160 106/153/161
f 13/150/160 14/151/162 107/152/162 106/153/161
f 14/150/163 17/151/163 102/152/163 107/153/163
f 17/150/164 21/151/164 105/152/164 102/153/164
f 105/150/151 21/151/151 22/152/151 103/153/151
f 22/150/165 1/151/157 104/152/156 103/153/165
f 21/154/166 17/155/166 14/156/166 13/157/166 111/158/166 108/159/166 1/160/166 22/161/166
f 99/150/154 4/151/153 93/152/167 98/153/167
f 71/95/89 19/162/111 45/52/55 52/51/54 61/92/86
f 152/14/10 62/13/9 112/163/168 42/164/169
f 117/168/172 112/169/168 62/93/9
f 64/86/81 67/5/4 148/5/173 123/86/174
f 120/170/175 118/171/175 104/172/175 110/173/175
f 121/174/176 119/175/177 118/176/178 120/177/178
f 63/86/179 104/178/179 118/86/179
f 76/116/110 32/115/109 163/115/180 164/116/181
f 77/124/116 132/121/113 130/122/114 73/125/117
f 72/46/44 33/48/46 124/21/17 130/107/102
f 28/99/94 66/98/93 127/25/21 126/104/99
f 27/27/28 128/26/182 129/179/38 75/31/29
f 66/98/93 31/33/183 128/26/22 127/25/21
f 33/48/46 30/141/134 125/22/18 124/21/17
f 23/3/3 133/2/2 134/67/74 6/53/73
f 145/180/184 141/181/184 142/182/184 139/183/184 140/184/184 143/185/184 144/186/184
f 133/187/185 136/188/185 143/188/185 140/187/185
f 137/189/186 138/190/186 145/190/186 144/189/186
f 60/191/187 135/192/187 142/192/187 141/191/187
f 138/190/188 60/191/188 141/191/188 145/190/188
f 136/188/189 137/189/189 144/189/189 143/188/189
f 135/192/190 134/193/191 139/193/192 142/192/190
f 134/193/191 133/187/193 140/187/193 139/193/192
f 120/194/194 110/195/194 108/84/79 146/83/78 122/196/195 121/197/194
f 147/198/196 119/175/177 121/174/176 122/170/197 149/199/197
f 123/86/198 148/5/199 147/106/199 149/200/198
f 96/201/200 15/29/25 62/13/9 95/16/12
f 117/168/172 62/93/87 61/92/86
f 117/205/172 61/92/86 52/51/54 114/206/201 113/207/171
f 52/51/54 53/19/15 116/58/63 114/206/170
f 151/89/84 150/88/83 43/62/14 3/68/67
f 43/62/14 150/88/83 115/208/62
f 150/88/83 152/14/10 42/164/169 115/208/62
f 152/14/10 150/88/83 97/15/11
f 99/209/96 65/28/24 153/30/26 100/210/202
f 100/210/202 153/30/26 15/29/25 96/201/200
f 58/211/203 36/212/50 156/213/204 6/214/205
f 104/178/206 63/86/206 23/38/41 103/43/40
f 105/45/43 154/34/207 102/215/208
f 154/34/207 31/33/183 66/98/93 106/216/92 107/217/209 102/215/208
f 105/45/43 155/44/42 154/34/207
f 156/35/33 154/34/32 155/44/210
f 155/44/210 23/38/211 6/218/211 156/35/33
f 156/213/204 36/212/50 72/219/212
f 31/33/31 72/36/34 129/179/38 128/26/182
f 32/115/109 81/113/108 158/113/223 163/115/180
f 79/109/224 68/119/225 167/119/225 159/109/226
f 70/123/227 78/127/228 161/127/229 162/123/227
f 78/127/228 131/39/119 166/39/121 161/127/229
f 77/124/230 70/123/230 162/123/230 160/124/230
f 80/110/231 79/109/224 159/109/226 157/110/231
f 171/235/232 170/236/232 2/237/232
f 169/238/64 9/239/64 2/240/64 170/241/64
f 7/218/233 34/242/51 36/212/50 58/211/203
f 7/243/234 58/66/72 60/6/5 25/38/36
f 2/240/235 9/244/236 25/38/36 171/37/35
f 171/245/35 60/6/5 67/5/4 170/85/80
f 281/1/237 282/8/237 283/7/237 215/6/238 221/5/239 218/4/237 187/3/240 278/2/241
f 211/9/242 212/12/243 206/11/244 205/10/244
f 217/13/245 243/16/246 245/15/247 295/14/248
f 204/17/249 210/20/250 208/19/251 202/18/252
f 270/21/253 222/24/254 18/23/19 125/22/18
f 272/25/255 219/28/256 190/27/257 273/26/258
f 219/28/256 296/30/259 181/29/260 190/27/257
f 181/29/261 227/32/262 228/31/263 190/27/264
f 193/33/265 225/36/266 299/35/267 297/34/268
f 311/37/269 215/6/238 25/38/36
f 276/39/270 192/42/271 225/41/266 274/40/272
f 251/43/273 253/45/274 298/44/275 187/38/276
f 225/46/277 195/48/278 196/47/279
f 195/48/280 234/48/280 235/47/281 196/47/282
f 197/49/283 236/49/284 87/50/52 34/50/51
f 207/51/285 208/19/251 44/53/56 45/52/55
f 210/54/286 212/12/286 51/55/58 10/55/58
f 209/9/287 211/9/287 205/10/288 203/10/288
f 203/10/289 205/10/289 206/11/289 204/56/289
f 208/19/251 264/58/290 263/57/291 202/18/252
f 5/59/64 49/59/64 211/9/287 209/9/287
f 204/56/286 206/11/286 212/12/286 210/54/286
f 209/60/292 203/63/293 204/17/249 202/62/252 174/53/294 214/61/295
f 49/59/69 51/55/69 212/12/243 211/9/242
f 208/19/251 210/20/250 10/64/70 44/53/70
f 280/65/296 279/67/297 176/53/298 213/66/299 215/6/238
f 8/68/75 5/69/75 209/60/292 214/61/295
f 259/70/300 256/84/301 146/83/78 8/82/77 214/81/300 174/80/300 294/79/300 242/78/300 240/77/300 241/76/300 246/75/300 177/74/300 271/73/300 191/72/300 257/71/300
f 310/85/302 169/87/82 64/86/81 221/5/239
f 293/88/303 245/15/247 249/91/304 242/90/304 294/89/305
f 216/92/306 181/94/307 217/93/308
f 224/95/309 227/96/310 181/94/307 216/92/306
f 221/5/311 267/5/311 266/4/311 218/4/311
f 254/97/312 257/100/313 191/99/314 220/98/315
f 247/101/316 219/28/256 177/103/317 246/102/318
f 271/104/319 177/103/317 219/28/256 272/25/255
f 292/5/320 291/106/320 267/105/320 221/5/320
f 197/49/321 225/46/277 196/47/279
f 275/107/322 226/108/323 222/24/254 270/21/253
f 231/109/324 222/112/325 226/111/326 232/110/327
f 232/110/327 226/111/326 227/114/310 233/113/328
f 194/115/329 224/118/309 19/117/111 76/116/110
f 233/113/328 227/114/310 224/118/309 194/115/329
f 68/119/112 18/120/112 222/112/325 231/109/324
f 277/121/330 275/122/331 225/41/266 192/42/271
f 223/123/332 227/126/262 226/125/333 229/124/334
f 230/127/335 228/128/263 227/126/262 223/123/332
f 276/39/270 274/40/272 228/128/263 230/127/335
f 276/39/336 308/39/337 307/42/338 192/42/338
f 277/121/339 309/121/340 303/124/341 229/124/341
f 233/113/342 301/113/342 300/110/342 232/110/342
f 192/42/343 307/42/343 309/121/340 277/121/339
f 237/129/344 238/138/344 239/137/344 88/136/128 87/135/128 236/134/344 235/133/344 234/132/345 83/131/129 82/130/128
f 238/139/346 199/139/347 198/140/348 239/140/348
f 30/141/134 83/141/129 234/48/345 195/48/278
f 196/47/282 235/47/281 236/49/349 197/49/349
f 82/147/138 38/147/138 200/148/351 237/148/351
f 239/140/352 198/140/352 37/149/141 88/149/141
f 237/148/353 200/148/353 199/139/347 238/139/346
f 249/150/354 178/153/355 240/152/356 242/151/356
f 249/150/354 245/153/357 182/152/357 178/151/355
f 245/150/358 243/153/359 184/152/360 182/151/358
f 184/150/360 243/153/359 244/152/361 188/151/361
f 248/150/362 189/153/362 188/152/362 244/151/362
f 189/150/363 248/153/363 247/152/364 175/151/365
f 188/154/366 189/161/366 175/160/366 241/159/366 240/158/366 178/157/366 182/156/366 184/155/366
f 252/150/367 258/153/368 256/152/368 172/151/369
f 257/150/370 254/153/371 179/152/372 259/151/370
f 179/150/372 254/153/371 255/152/373 180/151/373
f 180/150/374 255/153/374 250/152/374 183/151/374
f 183/150/375 250/153/375 253/152/375 185/151/375
f 253/150/362 251/153/362 186/152/362 185/151/362
f 186/150/376 251/153/376 252/152/367 172/151/369
f 185/154/377 186/161/377 172/160/377 256/159/377 259/158/377 179/157/377 180/156/377 183/155/377
f 247/150/364 246/153/378 241/152/378 175/151/365
f 224/95/309 216/92/306 207/51/285 45/52/55 19/162/111
f 295/14/248 201/164/379 260/163/380 217/13/245
f 265/168/383 217/93/245 260/169/380
f 64/86/81 123/86/174 292/5/384 221/5/239
f 268/170/385 258/173/385 252/172/385 266/171/385
f 269/174/386 268/177/387 266/176/387 267/175/388
f 218/86/389 266/86/389 252/178/389
f 76/116/110 164/116/181 306/115/390 194/115/329
f 229/124/334 226/125/333 275/122/331 277/121/330
f 225/46/277 275/107/322 270/21/253 195/48/278
f 191/99/314 271/104/319 272/25/255 220/98/315
f 190/27/264 228/31/263 274/179/272 273/26/391
f 220/98/315 272/25/255 273/26/258 193/33/392
f 195/48/278 270/21/253 125/22/18 30/141/134
f 187/3/240 176/53/298 279/67/297 278/2/241
f 290/180/393 289/186/393 288/185/393 285/184/393 284/183/393 287/182/393 286/181/393
f 278/187/394 285/187/394 288/188/394 281/188/394
f 282/189/395 289/189/395 290/190/395 283/190/395
f 215/191/396 286/191/396 287/192/396 280/192/396
f 283/190/397 290/190/397 286/191/397 215/191/397
f 281/188/398 288/188/398 289/189/398 282/189/398
f 280/192/399 287/192/399 284/193/400 279/193/401
f 279/193/401 284/193/400 285/187/402 278/187/402
f 268/194/403 269/197/403 122/196/195 146/83/78 256/84/301 258/195/403
f 291/198/404 149/199/197 122/170/197 269/174/386 267/175/388
f 123/86/198 149/200/198 291/106/405 292/5/405
f 244/201/406 243/16/246 217/13/245 181/29/260
f 265/168/383 216/92/306 217/93/308
f 265/205/383 261/207/382 262/206/407 207/51/285 216/92/306
f 207/51/285 262/206/381 264/58/290 208/19/251
f 294/89/305 174/68/294 202/62/252 293/88/303
f 202/62/252 263/208/291 293/88/303
f 293/88/303 263/208/291 201/164/379 295/14/248
f 295/14/248 245/15/247 293/88/303
f 247/209/316 248/210/408 296/30/259 219/28/256
f 248/210/408 244/201/406 181/29/260 296/30/259
f 213/211/409 176/214/410 299/213/411 197/212/283
f 252/178/412 251/43/273 187/38/276 218/86/412
f 253/45/274 250/215/413 297/34/414
f 297/34/414 250/215/413 255/217/415 254/216/312 220/98/315 193/33/392
f 253/45/274 297/34/414 298/44/275
f 299/35/267 298/44/416 297/34/268
f 298/44/416 299/35/267 176/218/417 187/38/417
f 299/213/411 225/219/418 197/212/283
f 193/33/265 273/26/391 274/179/272 225/36/266
f 194/115/329 306/115/390 301/113/428 233/113/328
f 231/109/429 302/109/430 167/119/225 68/119/225
f 223/123/431 305/123/431 304/127/432 230/127/433
f 230/127/433 304/127/432 308/39/337 276/39/336
f 229/124/434 303/124/434 305/123/434 223/123/434
f 232/110/435 300/110/435 302/109/430 231/109/429
f 311/235/436 173/237/436 310/236/436
f 169/238/64 310/241/64 173/240/64 9/239/64
f 7/218/233 213/211/409 197/212/283 34/242/51
f 7/243/234 25/38/36 215/6/238 213/66/299
f 173/240/437 311/37/269 25/38/36 9/244/236
f 311/245/269 310/85/302 221/5/239 215/6/238
f 312/246/438 313/247/438 315/248/438 314/249/438
f 314/246/439 315/247/439 319/248/439 318/249/439
f 318/246/440 319/247/440 317/248/440 316/249/440
f 316/246/441 317/247/441 313/248/441 312/249/441
f 319/246/442 315/247/442 313/248/442 317/249/442
f 325/246/443 329/250/444 326/251/445 323/249/443
f 324/246/446 325/247/446 323/248/447 322/249/448
f 320/246/449 327/252/450 328/253/451 321/249/449
f 321/246/452 324/247/452 322/248/452 320/249/452
f 326/247/445 329/259/444 328/253/451 327/252/450
f 322/246/448 323/247/447 326/260/454 327/261/454 320/249/454
f 330/246/455 332/249/455 333/248/455 331/247/455
f 332/246/456 336/249/456 337/248/456 333/247/456
f 336/246/457 334/249/457 335/248/457 337/247/457
f 334/246/458 330/249/458 331/248/458 335/247/458
f 337/246/459 335/249/459 331/248/459 333/247/459
f 343/246/460 341/249/460 344/251/461 347/250/462
f 342/246/463 340/249/464 341/248/465 343/247/463
f 338/246/466 339/249/466 346/253/467 345/252/468
f 339/246/469 338/249/469 340/248/469 342/247/469
f 344/247/461 345/252/468 346/253/467 347/259/462
f 340/246/464 338/249/471 345/261/471 344/260/471 341/247/465
f 368/268/64 369/269/64 371/270/481 370/271/481
f 370/268/481 371/269/481 373/270/155 372/271/155
f 372/268/155 373/269/155 375/270/482 374/271/482
f 374/268/482 375/269/482 377/270/58 376/271/58
f 376/268/58 377/269/58 379/270/483 378/271/483
f 378/268/483 379/269/483 381/270/366 380/271/366
f 380/268/366 381/269/366 383/270/484 382/271/484
f 382/268/484 383/269/484 369/270/64 368/271/64
f 378/268/480 380/269/480 390/270/480 389/271/480
f 387/268/484 388/269/64 396/270/64 395/271/484
f 374/268/480 376/269/480 388/270/480 387/271/480
f 380/268/480 382/269/480 391/270/480 390/271/480
f 370/268/480 372/269/480 386/270/480 385/271/480
f 376/268/480 378/269/480 389/270/480 388/271/480
f 382/268/480 368/269/480 384/270/480 391/271/480
f 368/268/480 370/269/480 385/270/480 384/271/480
f 372/268/480 374/269/480 387/270/480 386/271/480
f 392/272/480 393/273/480 394/274/480 395/275/480 396/276/480 397/277/480 398/278/480 399/279/480
f 385/268/483 386/269/366 394/270/366 393/271/483
f 390/268/155 391/269/482 399/270/482 398/271/155
f 388/268/64 389/269/481 397/270/481 396/271/64
f 386/268/366 387/269/484 395/270/484 394/271/366
f 384/268/58 385/269/483 393/270/483 392/271/58
f 391/268/482 384/269/58 392/270/58 399/271/482
f 389/268/481 390/269/155 398/270/155 397/271/481
f 400/268/64 402/271/484 403/270/484 401/269/64
f 402/268/484 404/271/366 405/270/366 403/269/484
f 404/268/366 406/271/483 407/270/483 405/269/366
f 406/268/483 408/271/58 409/270/58 407/269/483
f 408/268/58 410/271/482 411/270/482 409/269/58
f 410/268/482 412/271/155 413/270/155 411/269/482
f 412/268/155 414/271/481 415/270/481 413/269/155
f 414/268/481 400/271/64 401/270/64 415/269/481
f 410/268/480 421/271/480 422/270/480 412/269/480
f 419/268/481 427/271/481 428/270/64 420/269/64
f 406/268/480 419/271/480 420/270/480 408/269/480
f 412/268/480 422/271/480 423/270/480 414/269/480
f 402/268/480 417/271/480 418/270/480 404/269/480
f 408/268/480 420/271/480 421/270/480 410/269/480
f 414/268/480 423/271/480 416/270/480 400/269/480
f 400/268/480 416/271/480 417/270/480 402/269/480
f 404/268/480 418/271/480 419/270/480 406/269/480
f 424/272/480 431/279/480 430/278/480 429/277/480 428/276/480 427/275/480 426/274/480 425/273/480
f 417/268/482 425/271/482 426/270/155 418/269/155
f 422/268/366 430/271/366 431/270/483 423/269/483
f 420/268/64 428/271/64 429/270/484 421/269/484
f 418/268/155 426/271/155 427/270/481 419/269/481
f 416/268/58 424/271/58 425/270/482 417/269/482
f 423/268/483 431/271/483 424/270/58 416/269/58
f 421/268/484 429/271/484 430/270/366 422/269/366
f 433/280/485 434/281/486 437/282/486 436/283/487
f 444/280/488 445/281/489 435/282/490 432/283/490
f 436/280/491 437/281/492 440/282/492 439/283/493
f 445/280/494 446/281/495 438/282/496 435/283/496
f 434/280/497 433/281/498 442/282/499 443/283/497
f 444/280/500 447/281/501 442/282/499 433/283/498
f 432/280/155 435/281/155 438/282/155 441/283/155
f 432/280/502 441/281/502 447/282/501 444/283/500
f 436/280/491 439/281/493 446/282/495 445/283/494
f 433/280/485 436/281/487 445/282/489 444/283/488
f 447/280/503 441/281/504 448/282/504 451/283/505
f 443/280/506 442/281/507 449/282/508 450/283/506
f 442/280/507 447/281/503 451/282/505 449/283/508
f 441/280/155 438/281/155 448/282/155
f 453/280/509 455/283/510 437/282/486 434/281/486
f 460/280/511 452/283/512 454/282/512 461/281/513
f 455/280/514 457/283/515 440/282/492 437/281/492
f 461/280/516 454/283/517 456/282/517 462/281/518
f 434/280/497 443/283/497 459/282/519 453/281/520
f 460/280/521 453/283/520 459/282/519 463/281/522
f 452/280/366 458/283/366 456/282/366 454/281/366
f 452/280/523 460/283/521 463/282/522 458/281/523
f 455/280/514 461/283/516 462/282/518 457/281/515
f 453/280/509 460/283/511 461/282/513 455/281/510
f 463/280/524 466/283/525 464/282/526 458/281/526
f 443/280/506 450/283/506 465/282/527 459/281/528
f 459/280/528 465/283/527 466/282/525 463/281/524
f 458/280/366 464/282/366 456/281/366
s 0
f 513/302/569 510/303/569 512/304/569 516/305/569
f 515/306/570 516/302/570 512/303/570 511/307/570
f 509/308/571 510/304/571 513/309/571 514/310/571
f 515/311/572 514/306/572 513/308/572 516/303/572
f 514/306/573 515/311/573 511/304/573 509/307/573
f 521/302/569 518/303/569 520/304/569 524/305/569
f 523/306/570 524/302/570 520/303/570 519/307/570
f 517/308/571 518/304/571 521/309/571 522/310/571
f 523/311/572 522/306/572 521/308/572 524/303/572
f 522/306/573 523/311/573 519/304/573 517/307/573
f 529/302/569 532/305/569 528/304/569 526/303/569
f 531/306/571 527/307/571 528/303/571 532/302/571
f 525/308/570 530/310/570 529/309/570 526/304/570
f 531/311/572 532/303/572 529/308/572 530/306/572
f 530/306/573 525/307/573 527/304/573 531/311/573
f 537/302/569 534/303/569 536/304/569 540/305/569
f 539/306/570 540/302/570 536/303/570 535/307/570
f 533/308/571 534/304/571 537/309/571 538/310/571
f 539/311/572 538/306/572 537/308/572 540/303/572
f 538/306/573 539/311/573 535/304/573 533/307/573
f 545/302/569 548/305/569 544/304/569 542/303/569
f 547/306/571 543/307/571 544/303/571 548/302/571
f 541/308/570 546/310/570 545/309/570 542/304/570
f 547/311/572 548/303/572 545/308/572 546/306/572
f 546/306/573 541/307/573 543/304/573 547/311/573
s 1
usemtl light
f 114/165/170 116/166/63 113/167/171
f 42/202/169 112/203/168 117/204/172 113/167/171
f 113/167/171 116/166/63 115/220/62 42/202/169
f 262/165/381 261/167/382 264/166/290
f 201/202/379 261/167/382 265/204/383 260/203/380
f 261/167/382 201/202/379 263/220/291 264/166/290
f 481/284/529 468/285/530 470/286/530 482/287/531
f 482/284/531 470/285/532 472/286/532 483/287/533
f 483/284/533 472/285/534 474/286/534 484/287/535
f 484/284/535 474/285/58 476/286/58 485/287/536
f 485/284/536 476/285/537 478/286/537 486/287/538
f 486/284/538 478/285/539 480/286/539 487/287/540
f 487/284/540 480/285/541 468/286/541 481/287/529
f 467/288/542 469/289/543 471/290/544 473/291/545 475/292/546 477/293/547 479/294/548
f 469/289/543 467/288/542 481/295/529 482/296/531
f 471/290/544 469/289/543 482/296/531 483/297/533
f 473/291/545 471/290/544 483/297/533 484/298/535
f 475/292/546 473/291/545 484/298/535 485/299/536
f 477/293/547 475/292/546 485/299/536 486/300/538
f 479/294/548 477/293/547 486/300/538 487/301/540
f 467/288/542 479/294/548 487/301/540 481/295/529
f 502/284/549 503/287/550 491/286/551 489/285/551
f 503/284/550 504/287/552 493/286/553 491/285/553
f 504/284/552 505/287/554 495/286/555 493/285/555
f 505/284/554 506/287/556 497/286/58 495/285/58
f 506/284/556 507/287/557 499/286/558 497/285/558
f 507/284/557 508/287/559 501/286/560 499/285/560
f 508/284/559 502/287/549 489/286/561 501/285/561
f 488/288/562 500/294/563 498/293/564 496/292/565 494/291/566 492/290/567 490/289/568
f 490/289/568 503/296/550 502/295/549 488/288/562
f 492/290/567 504/297/552 503/296/550 490/289/568
f 494/291/566 505/298/554 504/297/552 492/290/567
f 496/292/565 506/299/556 505/298/554 494/291/566
f 498/293/564 507/300/557 506/299/556 496/292/565
f 500/294/563 508/301/559 507/300/557 498/293/564
f 488/288/562 502/295/549 508/301/559 500/294/563
usemtl glass
f 41/142/136 40/143/136 39/144/136 37/145/137 38/146/137
f 157/221/213 159/222/214 163/223/215 158/224/213
f 166/225/216 165/226/217 168/227/218
f 162/228/219 161/229/220 160/230/221
f 163/223/215 159/222/214 167/231/222 164/232/222
f 161/233/220 166/225/216 168/227/218 160/234/221
f 200/142/350 38/146/137 37/145/137 198/144/350 199/143/350
f 300/221/419 301/224/419 306/223/420 302/222/421
f 308/225/422 309/227/423 307/226/424
f 305/228/425 303/230/426 304/229/427
f 306/223/420 164/232/222 167/231/222 302/222/421
f 304/233/427 303/234/426 309/227/423 308/225/422
f 321/254/453 328/255/453 329/256/453 325/257/453 324/258/453
f 339/254/470 342/258/470 343/257/470 347/256/470 346/255/470
usemtl texture
f 365/262/472 366/263/473 356/264/473 355/265/472
f 367/262/474 362/263/475 350/264/475 357/265/474
f 348/262/476 351/263/477 363/264/477 360/265/476
f 361/262/478 349/263/478 348/264/476 360/265/476
f 350/262/475 362/263/475 363/264/477 351/265/477
f 354/262/479 364/263/479 365/264/472 355/265/472
f 367/262/474 357/263/474 356/264/473 366/265/473
f 361/262/478 364/263/479 354/264/479 349/265/478
f 352/263/480 361/264/480 360/265/480
f 353/263/480 363/264/480 362/265/480
f 358/263/480 365/264/480 364/265/480
f 359/263/480 367/264/480 366/265/480
f 352/262/480 358/263/480 364/264/480 361/265/480
f 353/262/480 352/263/480 360/264/480 363/265/480
f 359/262/480 353/263/480 362/264/480 367/265/480
f 358/262/480 359/263/480 366/264/480 365/265/480
f 352/266/480 353/267/480 359/267/480 358/267/480
o wheels.023
v -1.003192 0.584922 1.603381
v -1.003192 0.573828 1.752869
v -1.003192 0.506124 1.846056
v -1.003192 0.396575 1.881651
v -1.003192 0.250975 1.846007
v -1.003192 0.172084 1.718548
v -1.003192 0.172084 1.603362
v -1.003192 0.239788 1.510175
v -1.003192 0.378532 1.456943
v -1.003192 0.517275 1.510272
v -0.951289 0.378532 1.266730
v -0.951289 0.141236 1.343832
v -0.951289 0.615827 1.343832
v -0.951289 -0.005420 1.545688
v -0.951289 -0.005420 1.795195
v -0.951289 0.141236 1.997050
v -0.951289 0.378532 2.074152
v -0.951289 0.615827 1.997050
v -0.951289 0.762484 1.795195
v -0.951289 0.762484 1.545688
v -1.077953 0.378532 1.386808
v -1.077953 0.211816 1.440977
v -1.077953 0.108781 1.582794
v -1.077953 0.108781 1.758088
v -1.077953 0.211816 1.899905
v -1.077953 0.378532 1.954074
v -1.077953 0.545247 1.899905
v -1.077953 0.648283 1.758088
v -1.077953 0.648283 1.582794
v -1.077953 0.545247 1.440977
v -1.077953 0.378532 1.304541
v -1.041993 0.378532 1.266730
v -1.041993 0.141236 1.343832
v -1.077953 0.163461 1.374422
v -1.041993 -0.005420 1.545688
v -1.077953 0.030540 1.557372
v -1.041993 -0.005420 1.795195
v -1.077953 0.030540 1.783511
v -1.041993 0.141236 1.997050
v -1.077953 0.163461 1.966461
v -1.041993 0.378532 2.074152
v -1.077953 0.378532 2.036341
v -1.041993 0.615827 1.997050
v -1.077953 0.593603 1.966461
v -1.041993 0.762484 1.795195
v -1.077953 0.726524 1.783511
v -1.041993 0.762484 1.545688
v -1.077953 0.726524 1.557372
v -1.041993 0.615827 1.343832
v -1.077953 0.593603 1.374422
v -1.003192 0.360431 1.695355
v -1.003192 0.517275 1.861405
v -1.003192 0.584922 1.718469
v -1.003192 0.360431 1.881572
v -1.003192 0.154040 1.597499
v -1.003192 0.183328 1.752899
v -1.003192 0.274483 1.490750
v -1.003192 0.396575 1.695276
v -1.003192 0.349337 1.660955
v -1.003192 0.154040 1.743383
v -1.003192 0.239788 1.861405
v -1.003192 0.603023 1.597499
v -1.003192 0.482581 1.490750
v -1.003192 0.603023 1.743383
v -1.003192 0.378532 1.906485
v -1.003192 0.407820 1.660925
v -1.003192 0.378532 1.633962
v -1.003192 0.378532 1.434397
v -1.003192 0.239788 1.479477
v -1.003192 0.517275 1.479477
v -1.003192 0.378532 1.670441
v -0.951289 0.490329 1.824317
v -0.951289 0.426497 1.736460
v -0.951289 0.456194 1.645207
v -0.951289 0.559387 1.611678
v -0.951289 0.378532 1.482466
v -0.951289 0.378532 1.585610
v -0.951289 0.197640 1.611666
v -0.951289 0.300922 1.645224
v -0.951289 0.330534 1.736504
v -0.951289 0.266757 1.824286
v -0.951289 0.529779 1.770018
v -0.951289 0.426497 1.845057
v -0.951289 0.197640 1.678782
v -0.951289 0.237090 1.557368
v -0.951289 0.227340 1.770034
v -0.951289 0.519971 1.557425
v -0.951289 0.559387 1.678737
v -0.951289 0.330534 1.845009
v -0.951289 0.317905 1.502164
v -0.951289 0.439159 1.502164
v -0.899387 0.584922 1.603381
v -0.899387 0.573828 1.752869
v -0.899387 0.506124 1.846056
v -0.899387 0.396575 1.881651
v -0.899387 0.250975 1.846007
v -0.899387 0.172084 1.718548
v -0.899387 0.172084 1.603362
v -0.899387 0.239788 1.510175
v -0.899387 0.378532 1.456943
v -0.899387 0.517275 1.510272
v -0.824625 0.378532 1.386808
v -0.824625 0.211816 1.440977
v -0.824625 0.108781 1.582794
v -0.824625 0.108781 1.758088
v -0.824625 0.211816 1.899905
v -0.824625 0.378532 1.954074
v -0.824625 0.545247 1.899905
v -0.824625 0.648283 1.758088
v -0.824625 0.648283 1.582794
v -0.824625 0.545247 1.440977
v -0.824625 0.378532 1.304541
v -0.860585 0.378532 1.266730
v -0.860585 0.141236 1.343832
v -0.824625 0.163461 1.374422
v -0.860585 -0.005420 1.545688
v -0.824625 0.030540 1.557372
v -0.860585 -0.005420 1.795195
v -0.824625 0.030540 1.783511
v -0.860585 0.141236 1.997050
v -0.824625 0.163461 1.966461
v -0.860585 0.378532 2.074152
v -0.824625 0.378532 2.036341
v -0.860585 0.615827 1.997050
v -0.824625 0.593603 1.966461
v -0.860585 0.762484 1.795195
v -0.824625 0.726524 1.783511
v -0.860585 0.762484 1.545688
v -0.824625 0.726524 1.557372
v -0.860585 0.615827 1.343832
v -0.824625 0.593603 1.374422
v -0.899387 0.360431 1.695355
v -0.899387 0.517275 1.861405
v -0.899387 0.584922 1.718469
v -0.899387 0.360431 1.881572
v -0.899387 0.154040 1.597499
v -0.899387 0.183328 1.752899
v -0.899387 0.274483 1.490750
v -0.899387 0.396575 1.695276
v -0.899387 0.349337 1.660955
v -0.899387 0.154040 1.743383
v -0.899387 0.239788 1.861405
v -0.899387 0.603023 1.597499
v -0.899387 0.482581 1.490750
v -0.899387 0.603023 1.743383
v -0.899387 0.378532 1.906485
v -0.899387 0.407820 1.660925
v -0.899387 0.378532 1.633962
v -0.899387 0.378532 1.434397
v -0.899387 0.239788 1.479477
v -0.899387 0.517275 1.479477
v -0.899387 0.378532 1.670441
vn -0.3686 0.5464 -0.7521
vn -0.0000 0.5878 -0.8090
vn -0.0000 -0.0000 -1.0000
vn -0.3686 -0.0000 -0.9296
vn -0.3686 0.8841 -0.2873
vn -0.0000 0.9511 -0.3090
vn -0.4595 0.5221 -0.7186
vn -0.4414 0.2773 -0.8534
vn -0.3686 -0.0000 0.9296
vn -0.0000 -0.0000 1.0000
vn -0.0000 0.5878 0.8090
vn -0.3686 0.5464 0.7521
vn -0.3686 -0.8841 -0.2873
vn -0.0000 -0.9511 -0.3090
vn -0.0000 -0.9511 0.3090
vn -0.3686 -0.8841 0.2873
vn -0.0000 -0.5878 0.8090
vn -0.3686 -0.5464 0.7521
vn -0.9022 0.4102 0.1333
vn -1.0000 -0.0000 -0.0000
vn -0.9022 0.2535 0.3490
vn -0.9022 -0.0000 -0.4314
vn -0.9022 0.2535 -0.3490
vn -0.9022 -0.4102 -0.1333
vn -0.9022 -0.2535 -0.3490
vn -0.9022 0.4102 -0.1333
vn -0.3686 0.8841 0.2873
vn -0.0000 0.9511 0.3090
vn -0.9022 -0.0000 0.4314
vn -0.9022 -0.2535 0.3490
vn -0.9022 -0.4102 0.1333
vn -0.3686 -0.5464 -0.7521
vn -0.0000 -0.5878 -0.8090
vn -0.5370 -0.0000 0.8436
vn -0.5370 0.4959 0.6825
vn -0.5370 -0.8023 -0.2607
vn -0.5370 -0.8023 0.2607
vn -0.5370 0.4959 -0.6825
vn -0.5370 -0.0000 -0.8436
vn -0.5370 0.8023 0.2607
vn -0.5370 -0.4959 0.6825
vn -0.5370 -0.4959 -0.6825
vn -0.5370 0.8023 -0.2607
vn -0.4995 -0.7009 0.5092
vn -0.4236 -0.2799 0.8615
vn -0.4413 -0.0000 0.8974
vn -0.4414 -0.8973 -0.0000
vn -0.4595 -0.8447 0.2745
vn -0.4417 0.7258 0.5273
vn -0.4598 0.8446 0.2744
vn -0.4236 0.2799 0.8615
vn -0.4414 -0.7259 0.5274
vn -0.4417 0.8971 -0.0000
vn -0.4414 0.7259 -0.5274
vn -0.4417 -0.2772 -0.8532
vn -0.4598 -0.5220 -0.7184
vn -0.4803 -0.7096 -0.5156
vn -0.4995 0.8663 -0.0000
vn -0.4991 0.7010 0.5093
vn -0.4803 0.7096 -0.5156
vn -0.4995 -0.2677 0.8239
vn -0.4991 -0.8665 -0.0000
vn -0.4995 -0.2677 -0.8239
vn -0.4991 0.2678 -0.8241
vn -0.4417 -0.7258 -0.5273
vn -0.4991 0.2678 0.8241
vn 0.3686 0.5464 -0.7521
vn 0.3686 -0.0000 -0.9296
vn 0.3686 0.8841 -0.2873
vn 0.4595 0.5221 -0.7186
vn 0.4414 0.2773 -0.8534
vn 0.3686 -0.0000 0.9296
vn 0.3686 0.5464 0.7521
vn 0.3686 -0.8841 -0.2873
vn 0.3686 -0.8841 0.2873
vn 0.3686 -0.5464 0.7521
vn 0.9022 0.4102 0.1333
vn 0.9022 0.2535 0.3490
vn 1.0000 -0.0000 -0.0000
vn 0.9022 -0.0000 -0.4314
vn 0.9022 0.2535 -0.3490
vn 0.9022 -0.4102 -0.1333
vn 0.9022 -0.2535 -0.3490
vn 0.9022 0.4102 -0.1333
vn 0.3686 0.8841 0.2873
vn 0.9022 -0.0000 0.4314
vn 0.9022 -0.2535 0.3490
vn 0.9022 -0.4102 0.1333
vn 0.3686 -0.5464 -0.7521
vn 0.5370 -0.0000 0.8436
vn 0.5370 0.4959 0.6825
vn 0.5370 -0.8023 -0.2607
vn 0.5370 -0.8023 0.2607
vn 0.5370 0.4959 -0.6825
vn 0.5370 -0.0000 -0.8436
vn 0.5370 0.8023 0.2607
vn 0.5370 -0.4959 0.6825
vn 0.5370 -0.4959 -0.6825
vn 0.5370 0.8023 -0.2607
vn 0.4995 -0.7009 0.5092
vn 0.4236 -0.2799 0.8615
vn 0.4413 -0.0000 0.8974
vn 0.4414 -0.8973 -0.0000
vn 0.4595 -0.8447 0.2745
vn 0.4417 0.7258 0.5273
vn 0.4598 0.8446 0.2744
vn 0.4236 0.2799 0.8615
vn 0.4414 -0.7259 0.5274
vn 0.4417 0.8971 -0.0000
vn 0.4414 0.7259 -0.5274
vn 0.4417 -0.2772 -0.8532
vn 0.4598 -0.5220 -0.7184
vn 0.4803 -0.7096 -0.5156
vn 0.4995 0.8663 -0.0000
vn 0.4991 0.7010 0.5093
vn 0.4803 0.7096 -0.5156
vn 0.4995 -0.2677 0.8239
vn 0.4991 -0.8665 -0.0000
vn 0.4995 -0.2677 -0.8239
vn 0.4991 0.2678 -0.8241
vn 0.4417 -0.7258 -0.5273
vn 0.4991 0.2678 0.8241
vt 0.975777 0.347738
vt 0.992922 0.347738
vt 0.992922 0.375608
vt 0.975777 0.375608
vt 0.969168 0.356028
vt 0.982334 0.356028
vt 0.990697 0.350349
vt 0.985856 0.356028
vt 0.969168 0.356028
vt 0.969168 0.350349
vt 0.990697 0.350349
vt 0.990697 0.350349
vt 0.985856 0.356028
vt 0.969168 0.350348
vt 0.990697 0.350349
vt 0.990697 0.350348
vt 0.969168 0.374303
vt 0.969168 0.349043
vt 0.969168 0.347738
vt 0.969168 0.374303
vt 0.975668 0.528250
vt 0.977838 0.528250
vt 0.971747 0.356028
vt 0.984262 0.356028
vt 0.971345 0.356028
vt 0.984511 0.356028
vt 0.971338 0.356028
vt 0.984515 0.356028
vt 0.969168 0.356028
vt 0.981683 0.356028
vt 0.982334 0.356028
vt 0.982345 0.356028
vt 0.984511 0.356028
vt 0.971338 0.356028
vt 0.988845 0.528250
vt 0.975668 0.528250
vt 0.992356 0.528250
vt 0.991015 0.528250
vt 0.977838 0.528250
vt 0.992356 0.528250
vt 0.975668 0.528250
vt 0.991011 0.528250
vt 0.977845 0.528250
vt 0.988834 0.528250
vt 0.991011 0.528250
vt 0.988833 0.528250
vt 0.988183 0.528250
vt 0.990762 0.528250
vt 0.978247 0.528250
vt 0.982345 0.356028
s 1
usemtl metallic
f 553/316/580 602/317/581 637/317/581 629/316/580
f 607/332/617 556/333/617 633/333/617 627/332/617
f 611/334/618 557/335/619 624/335/619 639/334/618
f 601/336/620 549/337/621 623/337/621 636/336/620
f 556/338/622 555/339/623 626/339/623 633/338/622
f 557/340/619 605/341/624 638/341/624 624/340/619
f 549/316/621 558/342/625 635/342/625 623/316/621
f 555/316/623 554/343/626 632/343/626 626/316/623
f 604/336/627 553/344/580 629/344/580 634/336/627
f 552/345/628 551/339/629 620/339/629 631/345/628
f 550/346/593 551/347/593 600/347/593 612/348/593
f 551/349/593 552/350/593 613/347/593 600/351/593
f 554/346/593 555/352/593 603/352/593 608/351/593
f 555/349/593 556/333/593 617/352/593 603/351/593
f 556/333/593 607/332/593 619/352/593 617/352/593
f 552/350/593 606/332/593 619/352/593 613/347/593
f 606/332/593 550/346/593 612/348/593 619/352/593
f 607/332/593 554/346/593 608/351/593 619/352/593
f 553/353/593 604/354/593 608/352/593 609/351/593
f 558/355/593 549/352/593 610/352/593 618/351/593
f 549/356/593 601/354/593 612/352/593 610/348/593
f 602/357/593 553/352/593 609/347/593 613/348/593
f 614/354/593 558/355/593 618/351/593 619/352/593
f 599/354/593 602/357/593 613/348/593 619/352/593
f 601/354/593 614/354/593 619/352/593 612/352/593
f 604/354/593 599/354/593 619/352/593 608/352/593
f 605/358/593 557/347/593 616/347/593 617/351/593
f 557/359/593 611/360/593 618/347/593 616/348/593
f 611/360/593 615/352/593 619/352/593 618/347/593
f 615/352/593 605/358/593 617/351/593 619/352/593
f 615/352/630 611/360/630 639/360/630 625/352/630
f 606/332/631 552/350/631 631/350/631 621/332/631
f 558/355/632 614/354/632 622/354/632 635/355/632
f 605/358/633 615/352/633 625/352/633 638/358/633
f 550/346/634 606/332/634 621/332/634 630/346/634
f 602/357/635 599/354/635 628/354/635 637/357/635
f 554/346/636 607/332/636 627/332/636 632/346/636
f 614/354/637 601/354/637 636/354/637 622/354/637
f 551/320/629 550/361/638 630/361/638 620/320/629
f 599/354/639 604/354/639 634/354/639 628/354/639
f 644/316/643 629/316/643 637/317/644 683/317/644
f 688/332/673 627/332/673 633/333/673 647/333/673
f 692/334/674 639/334/674 624/335/675 648/335/675
f 682/336/676 636/336/676 623/337/677 640/337/677
f 647/338/678 633/338/678 626/339/679 646/339/679
f 648/340/675 624/340/675 638/341/680 686/341/680
f 640/316/677 623/316/677 635/342/681 649/342/681
f 646/316/679 626/316/679 632/343/682 645/343/682
f 685/336/683 634/336/683 629/344/643 644/344/643
f 643/345/684 631/345/684 620/339/685 642/339/685
f 641/346/652 693/348/652 681/347/652 642/347/652
f 642/349/652 681/351/652 694/347/652 643/350/652
f 645/346/652 689/351/652 684/352/652 646/352/652
f 646/349/652 684/351/652 698/352/652 647/333/652
f 647/333/652 698/352/652 700/352/652 688/332/652
f 643/350/652 694/347/652 700/352/652 687/332/652
f 687/332/652 700/352/652 693/348/652 641/346/652
f 688/332/652 700/352/652 689/351/652 645/346/652
f 644/353/652 690/351/652 689/352/652 685/354/652
f 649/355/652 699/351/652 691/352/652 640/352/652
f 640/356/652 691/348/652 693/352/652 682/354/652
f 683/357/652 694/348/652 690/347/652 644/352/652
f 695/354/652 700/352/652 699/351/652 649/355/652
f 680/354/652 700/352/652 694/348/652 683/357/652
f 682/354/652 693/352/652 700/352/652 695/354/652
f 685/354/652 689/352/652 700/352/652 680/354/652
f 686/358/652 698/351/652 697/347/652 648/347/652
f 648/359/652 697/348/652 699/347/652 692/360/652
f 692/360/652 699/347/652 700/352/652 696/352/652
f 696/352/652 700/352/652 698/351/652 686/358/652
f 696/352/686 625/352/686 639/360/686 692/360/686
f 687/332/687 621/332/687 631/350/687 643/350/687
f 649/355/688 635/355/688 622/354/688 695/354/688
f 686/358/689 638/358/689 625/352/689 696/352/689
f 641/346/690 630/346/690 621/332/690 687/332/690
f 683/357/691 637/357/691 628/354/691 680/354/691
f 645/346/692 632/346/692 627/332/692 688/332/692
f 695/354/693 622/354/693 636/354/693 682/354/693
f 642/320/685 620/320/685 630/361/694 641/361/694
f 680/354/695 628/354/695 634/354/695 685/354/695
usemtl texture
f 597/312/574 561/313/575 559/314/576 580/315/577
f 595/312/578 568/313/579 561/314/575 597/315/574
f 589/312/582 565/313/583 566/314/584 591/315/585
f 583/312/586 562/313/587 563/314/588 585/315/589
f 585/312/589 563/313/588 564/314/590 587/315/591
f 587/312/591 564/313/590 565/314/583 589/315/582
f 594/318/592 576/319/593 575/320/593 592/321/594
f 579/322/595 569/319/593 578/320/593 598/321/596
f 584/323/597 571/324/593 570/316/593 582/325/598
f 598/326/596 578/324/593 577/316/593 596/321/599
f 596/327/599 577/319/593 576/316/593 594/321/592
f 593/312/600 567/313/601 568/314/579 595/315/578
f 592/318/594 575/324/593 574/320/593 590/321/602
f 590/322/602 574/319/593 573/320/593 588/321/603
f 588/323/603 573/324/593 572/316/593 586/321/604
f 586/318/604 572/324/593 571/316/593 584/321/597
f 581/312/605 560/313/606 562/314/587 583/315/586
f 591/312/585 566/313/584 567/314/601 593/315/600
f 569/320/607 570/324/608 617/324/608 616/320/607
f 582/318/598 570/324/593 569/320/593 579/321/595
f 580/312/577 581/315/605 582/328/598 579/329/595
f 581/330/605 583/313/586 584/323/597 582/325/598
f 583/312/586 585/315/589 586/328/604 584/329/597
f 585/330/589 587/313/591 588/323/603 586/321/604
f 587/330/591 589/313/582 590/322/602 588/321/603
f 589/330/582 591/313/585 592/318/594 590/321/602
f 591/312/585 593/315/600 594/331/592 592/329/594
f 593/312/600 595/315/578 596/328/599 594/329/592
f 595/330/578 597/313/574 598/326/596 596/321/599
f 597/312/574 580/315/577 579/328/595 598/329/596
f 580/312/577 559/313/576 560/314/606 581/315/605
f 576/316/609 577/319/610 610/319/610 612/316/609
f 573/320/611 574/319/612 613/319/612 609/320/611
f 570/316/608 571/324/613 603/324/613 617/316/608
f 577/316/610 578/324/614 618/324/614 610/316/610
f 574/320/612 575/324/615 600/324/615 613/320/612
f 571/316/613 572/324/616 608/324/616 603/316/613
f 578/320/614 569/319/607 616/319/607 618/320/614
f 575/320/615 576/319/609 612/319/609 600/320/615
f 572/316/616 573/324/611 609/324/611 608/316/616
f 678/312/640 661/315/641 559/314/576 561/313/575
f 676/312/642 678/315/640 561/314/575 568/313/579
f 670/312/645 672/315/646 566/314/584 565/313/583
f 664/312/647 666/315/648 563/314/588 562/313/587
f 666/312/648 668/315/649 564/314/590 563/313/588
f 668/312/649 670/315/645 565/314/583 564/313/590
f 675/318/650 673/321/651 656/320/652 657/319/652
f 660/322/653 679/321/654 659/320/652 650/319/652
f 665/323/655 663/325/656 651/316/652 652/324/652
f 679/326/654 677/321/657 658/316/652 659/324/652
f 677/327/657 675/321/650 657/316/652 658/319/652
f 674/312/658 676/315/642 568/314/579 567/313/601
f 673/318/651 671/321/659 655/320/652 656/324/652
f 671/322/659 669/321/660 654/320/652 655/319/652
f 669/323/660 667/321/661 653/316/652 654/324/652
f 667/318/661 665/321/655 652/316/652 653/324/652
f 662/312/662 664/315/647 562/314/587 560/313/606
f 672/312/646 674/315/658 567/314/601 566/313/584
f 650/320/663 697/320/663 698/324/664 651/324/664
f 663/318/656 660/321/653 650/320/652 651/324/652
f 661/312/641 660/329/653 663/328/656 662/315/662
f 662/330/662 663/325/656 665/323/655 664/313/647
f 664/312/647 665/329/655 667/328/661 666/315/648
f 666/330/648 667/321/661 669/323/660 668/313/649
f 668/330/649 669/321/660 671/322/659 670/313/645
f 670/330/645 671/321/659 673/318/651 672/313/646
f 672/312/646 673/329/651 675/331/650 674/315/658
f 674/312/658 675/329/650 677/328/657 676/315/642
f 676/330/642 677/321/657 679/326/654 678/313/640
f 678/312/640 679/329/654 660/328/653 661/315/641
f 661/312/641 662/315/662 560/314/606 559/313/576
f 657/316/665 693/316/665 691/319/666 658/319/666
f 654/320/667 690/320/667 694/319/668 655/319/668
f 651/316/664 698/316/664 684/324/669 652/324/669
f 658/316/666 691/316/666 699/324/670 659/324/670
f 655/320/668 694/320/668 681/324/671 656/324/671
f 652/316/669 684/316/669 689/324/672 653/324/672
f 659/320/670 699/320/670 697/319/663 650/319/663
f 656/320/671 681/320/671 693/319/665 657/319/665
f 653/316/672 689/316/672 690/324/667 654/324/667
o wheels.022
v -1.003192 0.584922 -1.463943
v -1.003192 0.573828 -1.314455
v -1.003192 0.506124 -1.221268
v -1.003192 0.396575 -1.185673
v -1.003192 0.250975 -1.221317
v -1.003192 0.172084 -1.348776
v -1.003192 0.172084 -1.463962
v -1.003192 0.239788 -1.557149
v -1.003192 0.378532 -1.610381
v -1.003192 0.517275 -1.557052
v -0.951289 0.378532 -1.800594
v -0.951289 0.141236 -1.723492
v -0.951289 0.615827 -1.723492
v -0.951289 -0.005420 -1.521636
v -0.951289 -0.005420 -1.272129
v -0.951289 0.141236 -1.070274
v -0.951289 0.378532 -0.993172
v -0.951289 0.615827 -1.070274
v -0.951289 0.762484 -1.272129
v -0.951289 0.762484 -1.521636
v -1.077953 0.378532 -1.680516
v -1.077953 0.211816 -1.626347
v -1.077953 0.108781 -1.484530
v -1.077953 0.108781 -1.309235
v -1.077953 0.211816 -1.167419
v -1.077953 0.378532 -1.113250
v -1.077953 0.545247 -1.167419
v -1.077953 0.648283 -1.309235
v -1.077953 0.648283 -1.484530
v -1.077953 0.545247 -1.626347
v -1.077953 0.378532 -1.762783
v -1.041993 0.378532 -1.800594
v -1.041993 0.141236 -1.723492
v -1.077953 0.163461 -1.692902
v -1.041993 -0.005420 -1.521636
v -1.077953 0.030540 -1.509952
v -1.041993 -0.005420 -1.272129
v -1.077953 0.030540 -1.283813
v -1.041993 0.141236 -1.070274
v -1.077953 0.163461 -1.100863
v -1.041993 0.378532 -0.993172
v -1.077953 0.378532 -1.030982
v -1.041993 0.615827 -1.070274
v -1.077953 0.593603 -1.100863
v -1.041993 0.762484 -1.272129
v -1.077953 0.726524 -1.283813
v -1.041993 0.762484 -1.521636
v -1.077953 0.726524 -1.509952
v -1.041993 0.615827 -1.723492
v -1.077953 0.593603 -1.692902
v -1.003192 0.360431 -1.371969
v -1.003192 0.517275 -1.205919
v -1.003192 0.584922 -1.348855
v -1.003192 0.360431 -1.185752
v -1.003192 0.154040 -1.469824
v -1.003192 0.183328 -1.314425
v -1.003192 0.274483 -1.576574
v -1.003192 0.396575 -1.372048
v -1.003192 0.349337 -1.406369
v -1.003192 0.154040 -1.323941
v -1.003192 0.239788 -1.205919
v -1.003192 0.603023 -1.469824
v -1.003192 0.482581 -1.576574
v -1.003192 0.603023 -1.323941
v -1.003192 0.378532 -1.160839
v -1.003192 0.407820 -1.406399
v -1.003192 0.378532 -1.433362
v -1.003192 0.378532 -1.632927
v -1.003192 0.239788 -1.587847
v -1.003192 0.517275 -1.587847
v -1.003192 0.378532 -1.396883
v -0.951289 0.490329 -1.243007
v -0.951289 0.426497 -1.330864
v -0.951289 0.456194 -1.422117
v -0.951289 0.559387 -1.455646
v -0.951289 0.378532 -1.584858
v -0.951289 0.378532 -1.481714
v -0.951289 0.197640 -1.455658
v -0.951289 0.300922 -1.422100
v -0.951289 0.330534 -1.330820
v -0.951289 0.266757 -1.243038
v -0.951289 0.529779 -1.297306
v -0.951289 0.426497 -1.222267
v -0.951289 0.197640 -1.388542
v -0.951289 0.237090 -1.509956
v -0.951289 0.227340 -1.297290
v -0.951289 0.519971 -1.509898
v -0.951289 0.559387 -1.388587
v -0.951289 0.330534 -1.222315
v -0.951289 0.317905 -1.565160
v -0.951289 0.439159 -1.565160
v -0.899387 0.584922 -1.463943
v -0.899387 0.573828 -1.314455
v -0.899387 0.506124 -1.221268
v -0.899387 0.396575 -1.185673
v -0.899387 0.250975 -1.221317
v -0.899387 0.172084 -1.348776
v -0.899387 0.172084 -1.463962
v -0.899387 0.239788 -1.557149
v -0.899387 0.378532 -1.610381
v -0.899387 0.517275 -1.557052
v -0.824625 0.378532 -1.680516
v -0.824625 0.211816 -1.626347
v -0.824625 0.108781 -1.484530
v -0.824625 0.108781 -1.309235
v -0.824625 0.211816 -1.167419
v -0.824625 0.378532 -1.113250
v -0.824625 0.545247 -1.167419
v -0.824625 0.648283 -1.309235
v -0.824625 0.648283 -1.484530
v -0.824625 0.545247 -1.626347
v -0.824625 0.378532 -1.762783
v -0.860585 0.378532 -1.800594
v -0.860585 0.141236 -1.723492
v -0.824625 0.163461 -1.692902
v -0.860585 -0.005420 -1.521636
v -0.824625 0.030540 -1.509952
v -0.860585 -0.005420 -1.272129
v -0.824625 0.030540 -1.283813
v -0.860585 0.141236 -1.070274
v -0.824625 0.163461 -1.100863
v -0.860585 0.378532 -0.993172
v -0.824625 0.378532 -1.030982
v -0.860585 0.615827 -1.070274
v -0.824625 0.593603 -1.100863
v -0.860585 0.762484 -1.272129
v -0.824625 0.726524 -1.283813
v -0.860585 0.762484 -1.521636
v -0.824625 0.726524 -1.509952
v -0.860585 0.615827 -1.723492
v -0.824625 0.593603 -1.692902
v -0.899387 0.360431 -1.371969
v -0.899387 0.517275 -1.205919
v -0.899387 0.584922 -1.348855
v -0.899387 0.360431 -1.185752
v -0.899387 0.154040 -1.469824
v -0.899387 0.183328 -1.314425
v -0.899387 0.274483 -1.576574
v -0.899387 0.396575 -1.372048
v -0.899387 0.349337 -1.406369
v -0.899387 0.154040 -1.323941
v -0.899387 0.239788 -1.205919
v -0.899387 0.603023 -1.469824
v -0.899387 0.482581 -1.576574
v -0.899387 0.603023 -1.323941
v -0.899387 0.378532 -1.160839
v -0.899387 0.407820 -1.406399
v -0.899387 0.378532 -1.433362
v -0.899387 0.378532 -1.632927
v -0.899387 0.239788 -1.587847
v -0.899387 0.517275 -1.587847
v -0.899387 0.378532 -1.396883
vn -0.3686 0.5464 -0.7521
vn -0.0000 0.5878 -0.8090
vn -0.0000 -0.0000 -1.0000
vn -0.3686 -0.0000 -0.9296
vn -0.3686 0.8841 -0.2873
vn -0.0000 0.9511 -0.3090
vn -0.4595 0.5221 -0.7186
vn -0.4414 0.2773 -0.8534
vn -0.3686 -0.0000 0.9296
vn -0.0000 -0.0000 1.0000
vn -0.0000 0.5878 0.8090
vn -0.3686 0.5464 0.7521
vn -0.3686 -0.8841 -0.2873
vn -0.0000 -0.9511 -0.3090
vn -0.0000 -0.9511 0.3090
vn -0.3686 -0.8841 0.2873
vn -0.0000 -0.5878 0.8090
vn -0.3686 -0.5464 0.7521
vn -0.9022 0.4102 0.1333
vn -1.0000 -0.0000 -0.0000
vn -0.9022 0.2535 0.3490
vn -0.9022 -0.0000 -0.4314
vn -0.9022 0.2535 -0.3490
vn -0.9022 -0.4102 -0.1333
vn -0.9022 -0.2535 -0.3490
vn -0.9022 0.4102 -0.1333
vn -0.3686 0.8841 0.2873
vn -0.0000 0.9511 0.3090
vn -0.9022 -0.0000 0.4314
vn -0.9022 -0.2535 0.3490
vn -0.9022 -0.4102 0.1333
vn -0.3686 -0.5464 -0.7521
vn -0.0000 -0.5878 -0.8090
vn -0.5370 -0.0000 0.8436
vn -0.5370 0.4959 0.6825
vn -0.5370 -0.8023 -0.2607
vn -0.5370 -0.8023 0.2607
vn -0.5370 0.4959 -0.6825
vn -0.5370 -0.0000 -0.8436
vn -0.5370 0.8023 0.2607
vn -0.5370 -0.4959 0.6825
vn -0.5370 -0.4959 -0.6825
vn -0.5370 0.8023 -0.2607
vn -0.4995 -0.7009 0.5092
vn -0.4236 -0.2799 0.8615
vn -0.4413 -0.0000 0.8974
vn -0.4414 -0.8973 -0.0000
vn -0.4595 -0.8447 0.2745
vn -0.4417 0.7258 0.5273
vn -0.4598 0.8446 0.2744
vn -0.4236 0.2799 0.8615
vn -0.4414 -0.7259 0.5274
vn -0.4417 0.8971 -0.0000
vn -0.4414 0.7259 -0.5274
vn -0.4417 -0.2772 -0.8532
vn -0.4598 -0.5220 -0.7184
vn -0.4803 -0.7096 -0.5156
vn -0.4995 0.8663 -0.0000
vn -0.4991 0.7010 0.5093
vn -0.4803 0.7096 -0.5156
vn -0.4995 -0.2677 0.8239
vn -0.4991 -0.8665 -0.0000
vn -0.4995 -0.2677 -0.8239
vn -0.4991 0.2678 -0.8241
vn -0.4417 -0.7258 -0.5273
vn -0.4991 0.2678 0.8241
vn 0.3686 0.5464 -0.7521
vn 0.3686 -0.0000 -0.9296
vn 0.3686 0.8841 -0.2873
vn 0.4595 0.5221 -0.7186
vn 0.4414 0.2773 -0.8534
vn 0.3686 -0.0000 0.9296
vn 0.3686 0.5464 0.7521
vn 0.3686 -0.8841 -0.2873
vn 0.3686 -0.8841 0.2873
vn 0.3686 -0.5464 0.7521
vn 0.9022 0.4102 0.1333
vn 0.9022 0.2535 0.3490
vn 1.0000 -0.0000 -0.0000
vn 0.9022 -0.0000 -0.4314
vn 0.9022 0.2535 -0.3490
vn 0.9022 -0.4102 -0.1333
vn 0.9022 -0.2535 -0.3490
vn 0.9022 0.4102 -0.1333
vn 0.3686 0.8841 0.2873
vn 0.9022 -0.0000 0.4314
vn 0.9022 -0.2535 0.3490
vn 0.9022 -0.4102 0.1333
vn 0.3686 -0.5464 -0.7521
vn 0.5370 -0.0000 0.8436
vn 0.5370 0.4959 0.6825
vn 0.5370 -0.8023 -0.2607
vn 0.5370 -0.8023 0.2607
vn 0.5370 0.4959 -0.6825
vn 0.5370 -0.0000 -0.8436
vn 0.5370 0.8023 0.2607
vn 0.5370 -0.4959 0.6825
vn 0.5370 -0.4959 -0.6825
vn 0.5370 0.8023 -0.2607
vn 0.4995 -0.7009 0.5092
vn 0.4236 -0.2799 0.8615
vn 0.4413 -0.0000 0.8974
vn 0.4414 -0.8973 -0.0000
vn 0.4595 -0.8447 0.2745
vn 0.4417 0.7258 0.5273
vn 0.4598 0.8446 0.2744
vn 0.4236 0.2799 0.8615
vn 0.4414 -0.7259 0.5274
vn 0.4417 0.8971 -0.0000
vn 0.4414 0.7259 -0.5274
vn 0.4417 -0.2772 -0.8532
vn 0.4598 -0.5220 -0.7184
vn 0.4803 -0.7096 -0.5156
vn 0.4995 0.8663 -0.0000
vn 0.4991 0.7010 0.5093
vn 0.4803 0.7096 -0.5156
vn 0.4995 -0.2677 0.8239
vn 0.4991 -0.8665 -0.0000
vn 0.4995 -0.2677 -0.8239
vn 0.4991 0.2678 -0.8241
vn 0.4417 -0.7258 -0.5273
vn 0.4991 0.2678 0.8241
vt 0.975777 0.347738
vt 0.992922 0.347738
vt 0.992922 0.375608
vt 0.975777 0.375608
vt 0.969168 0.356028
vt 0.982334 0.356028
vt 0.990697 0.350349
vt 0.985856 0.356028
vt 0.969168 0.356028
vt 0.969168 0.350349
vt 0.990697 0.350349
vt 0.990697 0.350349
vt 0.985856 0.356028
vt 0.969168 0.350348
vt 0.990697 0.350349
vt 0.990697 0.350348
vt 0.969168 0.374303
vt 0.969168 0.349043
vt 0.969168 0.347738
vt 0.969168 0.374303
vt 0.975668 0.528250
vt 0.977838 0.528250
vt 0.971747 0.356028
vt 0.984262 0.356028
vt 0.971345 0.356028
vt 0.984511 0.356028
vt 0.971338 0.356028
vt 0.984515 0.356028
vt 0.969168 0.356028
vt 0.981683 0.356028
vt 0.982334 0.356028
vt 0.982345 0.356028
vt 0.984511 0.356028
vt 0.971338 0.356028
vt 0.988845 0.528250
vt 0.975668 0.528250
vt 0.992356 0.528250
vt 0.991015 0.528250
vt 0.977838 0.528250
vt 0.992356 0.528250
vt 0.975668 0.528250
vt 0.991011 0.528250
vt 0.977845 0.528250
vt 0.988834 0.528250
vt 0.991011 0.528250
vt 0.988833 0.528250
vt 0.988183 0.528250
vt 0.990762 0.528250
vt 0.978247 0.528250
vt 0.982345 0.356028
s 1
usemtl metallic
f 705/366/702 754/367/703 789/367/703 781/366/702
f 759/382/739 708/383/739 785/383/739 779/382/739
f 763/384/740 709/385/741 776/385/741 791/384/740
f 753/386/742 701/387/743 775/387/743 788/386/742
f 708/388/744 707/389/745 778/389/745 785/388/744
f 709/390/741 757/391/746 790/391/746 776/390/741
f 701/366/743 710/392/747 787/392/747 775/366/743
f 707/366/745 706/393/748 784/393/748 778/366/745
f 756/386/749 705/394/702 781/394/702 786/386/749
f 704/395/750 703/389/751 772/389/751 783/395/750
f 702/396/715 703/397/715 752/397/715 764/398/715
f 703/399/715 704/400/715 765/397/715 752/401/715
f 706/396/715 707/402/715 755/402/715 760/401/715
f 707/399/715 708/383/715 769/402/715 755/401/715
f 708/383/715 759/382/715 771/402/715 769/402/715
f 704/400/715 758/382/715 771/402/715 765/397/715
f 758/382/715 702/396/715 764/398/715 771/402/715
f 759/382/715 706/396/715 760/401/715 771/402/715
f 705/403/715 756/404/715 760/402/715 761/401/715
f 710/405/715 701/402/715 762/402/715 770/401/715
f 701/406/715 753/404/715 764/402/715 762/398/715
f 754/407/715 705/402/715 761/397/715 765/398/715
f 766/404/715 710/405/715 770/401/715 771/402/715
f 751/404/715 754/407/715 765/398/715 771/402/715
f 753/404/715 766/404/715 771/402/715 764/402/715
f 756/404/715 751/404/715 771/402/715 760/402/715
f 757/408/715 709/397/715 768/397/715 769/401/715
f 709/409/715 763/410/715 770/397/715 768/398/715
f 763/410/715 767/402/715 771/402/715 770/397/715
f 767/402/715 757/408/715 769/401/715 771/402/715
f 767/402/752 763/410/752 791/410/752 777/402/752
f 758/382/753 704/400/753 783/400/753 773/382/753
f 710/405/754 766/404/754 774/404/754 787/405/754
f 757/408/755 767/402/755 777/402/755 790/408/755
f 702/396/756 758/382/756 773/382/756 782/396/756
f 754/407/757 751/404/757 780/404/757 789/407/757
f 706/396/758 759/382/758 779/382/758 784/396/758
f 766/404/759 753/404/759 788/404/759 774/404/759
f 703/370/751 702/411/760 782/411/760 772/370/751
f 751/404/761 756/404/761 786/404/761 780/404/761
f 796/366/765 781/366/765 789/367/766 835/367/766
f 840/382/795 779/382/795 785/383/795 799/383/795
f 844/384/796 791/384/796 776/385/797 800/385/797
f 834/386/798 788/386/798 775/387/799 792/387/799
f 799/388/800 785/388/800 778/389/801 798/389/801
f 800/390/797 776/390/797 790/391/802 838/391/802
f 792/366/799 775/366/799 787/392/803 801/392/803
f 798/366/801 778/366/801 784/393/804 797/393/804
f 837/386/805 786/386/805 781/394/765 796/394/765
f 795/395/806 783/395/806 772/389/807 794/389/807
f 793/396/774 845/398/774 833/397/774 794/397/774
f 794/399/774 833/401/774 846/397/774 795/400/774
f 797/396/774 841/401/774 836/402/774 798/402/774
f 798/399/774 836/401/774 850/402/774 799/383/774
f 799/383/774 850/402/774 852/402/774 840/382/774
f 795/400/774 846/397/774 852/402/774 839/382/774
f 839/382/774 852/402/774 845/398/774 793/396/774
f 840/382/774 852/402/774 841/401/774 797/396/774
f 796/403/774 842/401/774 841/402/774 837/404/774
f 801/405/774 851/401/774 843/402/774 792/402/774
f 792/406/774 843/398/774 845/402/774 834/404/774
f 835/407/774 846/398/774 842/397/774 796/402/774
f 847/404/774 852/402/774 851/401/774 801/405/774
f 832/404/774 852/402/774 846/398/774 835/407/774
f 834/404/774 845/402/774 852/402/774 847/404/774
f 837/404/774 841/402/774 852/402/774 832/404/774
f 838/408/774 850/401/774 849/397/774 800/397/774
f 800/409/774 849/398/774 851/397/774 844/410/774
f 844/410/774 851/397/774 852/402/774 848/402/774
f 848/402/774 852/402/774 850/401/774 838/408/774
f 848/402/808 777/402/808 791/410/808 844/410/808
f 839/382/809 773/382/809 783/400/809 795/400/809
f 801/405/810 787/405/810 774/404/810 847/404/810
f 838/408/811 790/408/811 777/402/811 848/402/811
f 793/396/812 782/396/812 773/382/812 839/382/812
f 835/407/813 789/407/813 780/404/813 832/404/813
f 797/396/814 784/396/814 779/382/814 840/382/814
f 847/404/815 774/404/815 788/404/815 834/404/815
f 794/370/807 772/370/807 782/411/816 793/411/816
f 832/404/817 780/404/817 786/404/817 837/404/817
usemtl texture
f 749/362/696 713/363/697 711/364/698 732/365/699
f 747/362/700 720/363/701 713/364/697 749/365/696
f 741/362/704 717/363/705 718/364/706 743/365/707
f 735/362/708 714/363/709 715/364/710 737/365/711
f 737/362/711 715/363/710 716/364/712 739/365/713
f 739/362/713 716/363/712 717/364/705 741/365/704
f 746/368/714 728/369/715 727/370/715 744/371/716
f 731/372/717 721/369/715 730/370/715 750/371/718
f 736/373/719 723/374/715 722/366/715 734/375/720
f 750/376/718 730/374/715 729/366/715 748/371/721
f 748/377/721 729/369/715 728/366/715 746/371/714
f 745/362/722 719/363/723 720/364/701 747/365/700
f 744/368/716 727/374/715 726/370/715 742/371/724
f 742/372/724 726/369/715 725/370/715 740/371/725
f 740/373/725 725/374/715 724/366/715 738/371/726
f 738/368/726 724/374/715 723/366/715 736/371/719
f 733/362/727 712/363/728 714/364/709 735/365/708
f 743/362/707 718/363/706 719/364/723 745/365/722
f 721/370/729 722/374/730 769/374/730 768/370/729
f 734/368/720 722/374/715 721/370/715 731/371/717
f 732/362/699 733/365/727 734/378/720 731/379/717
f 733/380/727 735/363/708 736/373/719 734/375/720
f 735/362/708 737/365/711 738/378/726 736/379/719
f 737/380/711 739/363/713 740/373/725 738/371/726
f 739/380/713 741/363/704 742/372/724 740/371/725
f 741/380/704 743/363/707 744/368/716 742/371/724
f 743/362/707 745/365/722 746/381/714 744/379/716
f 745/362/722 747/365/700 748/378/721 746/379/714
f 747/380/700 749/363/696 750/376/718 748/371/721
f 749/362/696 732/365/699 731/378/717 750/379/718
f 732/362/699 711/363/698 712/364/728 733/365/727
f 728/366/731 729/369/732 762/369/732 764/366/731
f 725/370/733 726/369/734 765/369/734 761/370/733
f 722/366/730 723/374/735 755/374/735 769/366/730
f 729/366/732 730/374/736 770/374/736 762/366/732
f 726/370/734 727/374/737 752/374/737 765/370/734
f 723/366/735 724/374/738 760/374/738 755/366/735
f 730/370/736 721/369/729 768/369/729 770/370/736
f 727/370/737 728/369/731 764/369/731 752/370/737
f 724/366/738 725/374/733 761/374/733 760/366/738
f 830/362/762 813/365/763 711/364/698 713/363/697
f 828/362/764 830/365/762 713/364/697 720/363/701
f 822/362/767 824/365/768 718/364/706 717/363/705
f 816/362/769 818/365/770 715/364/710 714/363/709
f 818/362/770 820/365/771 716/364/712 715/363/710
f 820/362/771 822/365/767 717/364/705 716/363/712
f 827/368/772 825/371/773 808/370/774 809/369/774
f 812/372/775 831/371/776 811/370/774 802/369/774
f 817/373/777 815/375/778 803/366/774 804/374/774
f 831/376/776 829/371/779 810/366/774 811/374/774
f 829/377/779 827/371/772 809/366/774 810/369/774
f 826/362/780 828/365/764 720/364/701 719/363/723
f 825/368/773 823/371/781 807/370/774 808/374/774
f 823/372/781 821/371/782 806/370/774 807/369/774
f 821/373/782 819/371/783 805/366/774 806/374/774
f 819/368/783 817/371/777 804/366/774 805/374/774
f 814/362/784 816/365/769 714/364/709 712/363/728
f 824/362/768 826/365/780 719/364/723 718/363/706
f 802/370/785 849/370/785 850/374/786 803/374/786
f 815/368/778 812/371/775 802/370/774 803/374/774
f 813/362/763 812/379/775 815/378/778 814/365/784
f 814/380/784 815/375/778 817/373/777 816/363/769
f 816/362/769 817/379/777 819/378/783 818/365/770
f 818/380/770 819/371/783 821/373/782 820/363/771
f 820/380/771 821/371/782 823/372/781 822/363/767
f 822/380/767 823/371/781 825/368/773 824/363/768
f 824/362/768 825/379/773 827/381/772 826/365/780
f 826/362/780 827/379/772 829/378/779 828/365/764
f 828/380/764 829/371/779 831/376/776 830/363/762
f 830/362/762 831/379/776 812/378/775 813/365/763
f 813/362/763 814/365/784 712/364/728 711/363/698
f 809/366/787 845/366/787 843/369/788 810/369/788
f 806/370/789 842/370/789 846/369/790 807/369/790
f 803/366/786 850/366/786 836/374/791 804/374/791
f 810/366/788 843/366/788 851/374/792 811/374/792
f 807/370/790 846/370/790 833/374/793 808/374/793
f 804/366/791 836/366/791 841/374/794 805/374/794
f 811/370/792 851/370/792 849/369/785 802/369/785
f 808/370/793 833/370/793 845/369/787 809/369/787
f 805/366/794 841/366/794 842/374/789 806/374/789
o wheels.036
v 1.003192 0.584922 -1.463943
v 1.003192 0.517275 -1.557052
v 1.003192 0.584922 -1.348855
v 1.003192 0.603023 -1.469824
v 0.951289 0.559387 -1.455646
v 0.951289 0.519971 -1.509898
v 0.951289 0.559387 -1.388587
v 0.899387 0.584922 -1.463943
v 0.899387 0.517275 -1.557052
v 0.899387 0.584922 -1.348855
v 0.899387 0.603023 -1.469824
v 0.824625 0.648283 -1.484530
v 0.899387 0.517275 -1.587847
v 0.899387 0.603023 -1.323941
v 0.824625 0.648283 -1.309235
v 0.899387 0.517275 -1.205919
v 0.899387 0.378532 -1.396883
v 0.899387 0.573828 -1.314455
v 0.899387 0.506124 -1.221268
v 0.899387 0.396575 -1.372048
v 0.951289 0.529779 -1.297306
v 0.951289 0.490329 -1.243007
v 0.951289 0.426497 -1.330864
v 1.003192 0.573828 -1.314455
v 1.003192 0.506124 -1.221268
v 1.003192 0.396575 -1.372048
v 1.003192 0.603023 -1.323941
v 1.077954 0.648283 -1.309235
v 1.003192 0.517275 -1.205919
v 1.003192 0.378532 -1.396883
v 1.003192 0.517275 -1.587847
v 1.003192 0.239788 -1.587847
v 1.003192 0.378532 -1.160839
v 1.003192 0.154040 -1.323941
v 1.003192 0.349337 -1.406369
v 1.003192 0.407819 -1.406399
v 1.003192 0.360431 -1.371969
v 1.003192 0.378532 -1.433362
v 1.003192 0.482581 -1.576574
v 1.003192 0.274483 -1.576574
v 0.951289 0.378532 -1.481714
v 0.951289 0.439159 -1.565160
v 0.951289 0.317905 -1.565160
v 0.899387 0.378532 -1.433362
v 0.899387 0.482581 -1.576574
v 0.899387 0.274483 -1.576574
v 0.899387 0.378532 -1.610381
v 0.899387 0.239788 -1.587847
v 0.824625 0.211816 -1.626347
v 0.899387 0.378532 -1.632927
v 0.899387 0.154040 -1.469824
v 0.899387 0.239788 -1.557149
v 0.899387 0.172084 -1.463962
v 0.899387 0.349337 -1.406369
v 0.951289 0.237090 -1.509956
v 0.951289 0.197640 -1.455658
v 0.951289 0.300922 -1.422100
v 1.003192 0.239788 -1.557149
v 1.003192 0.172084 -1.463962
v 1.003192 0.172084 -1.348776
v 1.003192 0.154040 -1.469824
v 1.077954 0.108781 -1.484530
v 1.077954 0.211816 -1.626347
v 1.077954 0.108781 -1.309235
v 1.077954 0.030540 -1.509952
v 1.041993 -0.005420 -1.521636
v 1.077954 0.163461 -1.692902
v 1.077954 0.030540 -1.283813
v 1.041993 -0.005420 -1.272129
v 1.077954 0.163461 -1.100863
v 1.041993 0.141236 -1.070274
v 1.077954 0.378532 -1.030982
v 1.077954 0.211816 -1.167419
v 1.003192 0.239788 -1.205919
v 1.077954 0.378532 -1.113250
v 1.077954 0.545247 -1.167419
v 1.077954 0.593602 -1.100863
v 1.041993 0.615827 -1.070274
v 1.077954 0.726523 -1.283813
v 1.041993 0.762484 -1.272129
v 1.077954 0.726523 -1.509952
v 1.041993 0.762484 -1.521636
v 1.077954 0.593602 -1.692902
v 1.077954 0.648283 -1.484530
v 1.077954 0.545247 -1.626347
v 1.077954 0.378532 -1.680516
v 1.003192 0.378532 -1.632927
v 1.077954 0.378532 -1.762783
v 1.041993 0.378532 -1.800594
v 1.041993 0.141236 -1.723492
v 1.041993 0.615827 -1.723492
v 0.951289 0.378532 -1.800594
v 0.951289 0.141236 -1.723492
v 0.951289 0.615827 -1.723492
v 0.860585 0.378532 -1.800594
v 0.824625 0.378532 -1.762783
v 0.860585 0.141236 -1.723492
v 0.860585 0.615827 -1.723492
v 0.860585 0.762484 -1.521636
v 0.824625 0.593602 -1.692902
v 0.824625 0.726523 -1.509952
v 0.824625 0.545247 -1.626347
v 0.824625 0.378532 -1.680516
v 0.824625 0.726523 -1.283813
v 0.860585 0.762484 -1.272129
v 0.824625 0.593602 -1.100863
v 0.860585 0.615827 -1.070274
v 0.824625 0.378532 -1.030982
v 0.824625 0.545247 -1.167419
v 0.824625 0.378532 -1.113250
v 0.824625 0.211816 -1.167419
v 0.899387 0.378532 -1.160839
v 0.899387 0.239788 -1.205919
v 0.899387 0.396575 -1.185673
v 0.899387 0.360431 -1.185752
v 0.899387 0.250975 -1.221317
v 0.899387 0.360431 -1.371969
v 0.951289 0.330534 -1.222315
v 0.951289 0.266757 -1.243038
v 0.951289 0.330534 -1.330820
v 1.003192 0.360431 -1.185752
v 1.003192 0.250975 -1.221317
v 1.003192 0.183328 -1.314425
v 0.951289 0.227340 -1.297290
v 0.899387 0.183328 -1.314425
v 0.899387 0.154040 -1.323941
v 0.824625 0.108781 -1.309235
v 0.899387 0.172084 -1.348776
v 0.951289 0.197640 -1.388542
v 0.824625 0.108781 -1.484530
v 0.824625 0.030540 -1.283813
v 0.860585 -0.005420 -1.272129
v 0.824625 0.030540 -1.509952
v 0.824625 0.163461 -1.100863
v 0.860585 0.141236 -1.070274
v 0.860585 0.378532 -0.993172
v 0.951289 0.141236 -1.070274
v 0.951289 0.378532 -0.993172
v 0.951289 -0.005420 -1.272129
v 0.951289 -0.005420 -1.521636
v 0.860585 -0.005420 -1.521636
v 0.951289 0.615827 -1.070274
v 1.041993 0.378532 -0.993172
v 0.951289 0.762484 -1.272129
v 0.951289 0.762484 -1.521636
v 0.824625 0.163461 -1.692902
v 0.951289 0.426497 -1.222267
v 1.003192 0.396575 -1.185673
v 1.003192 0.378532 -1.610381
v 0.951289 0.378532 -1.584858
v 0.951289 0.456194 -1.422117
v 0.899387 0.407819 -1.406399
vn 1.0000 -0.0000 -0.0000
vn 0.4595 -0.8447 0.2745
vn 0.4414 -0.7259 0.5274
vn 0.4414 -0.8973 -0.0000
vn -0.4595 -0.8447 0.2745
vn -0.4414 -0.7259 0.5274
vn -0.4414 -0.8973 -0.0000
vn -1.0000 -0.0000 -0.0000
vn -0.5370 -0.8023 0.2607
vn -0.5370 -0.4959 0.6825
vn -0.5370 -0.8023 -0.2607
vn -0.5370 -0.4959 -0.6825
vn -0.4598 -0.5220 -0.7184
vn -0.4417 -0.7258 -0.5273
vn -0.4995 -0.2677 0.8239
vn 0.4598 -0.5220 -0.7184
vn 0.4417 -0.7258 -0.5273
vn 0.4995 -0.2677 0.8239
vn 0.5370 -0.4959 -0.6825
vn 0.5370 -0.8023 -0.2607
vn 0.5370 -0.8023 0.2607
vn 0.4803 -0.7096 -0.5156
vn 0.4803 0.7096 -0.5156
vn -0.4803 -0.7096 -0.5156
vn -0.4803 0.7096 -0.5156
vn -0.4413 -0.0000 0.8974
vn -0.4236 0.2799 0.8615
vn -0.5370 0.4959 0.6825
vn -0.5370 0.8023 0.2607
vn -0.5370 -0.0000 0.8436
vn -0.4417 0.7258 0.5273
vn -0.4598 0.8446 0.2744
vn -0.4995 -0.7009 0.5092
vn 0.4417 0.7258 0.5273
vn 0.4598 0.8446 0.2744
vn 0.4995 -0.7009 0.5092
vn 0.4417 0.8971 -0.0000
vn 0.5370 0.8023 0.2607
vn 0.5370 0.8023 -0.2607
vn 0.5370 0.4959 0.6825
vn 0.9022 -0.4102 -0.1333
vn 0.9022 -0.2535 -0.3490
vn 0.9022 -0.4102 0.1333
vn 0.3686 -0.8841 -0.2873
vn 0.3686 -0.8841 0.2873
vn 0.3686 -0.5464 -0.7521
vn 0.9022 -0.2535 0.3490
vn 0.3686 -0.5464 0.7521
vn 0.9022 -0.0000 0.4314
vn 0.3686 -0.0000 0.9296
vn 0.5370 0.4959 -0.6825
vn 0.5370 -0.0000 -0.8436
vn 0.9022 0.2535 0.3490
vn 0.9022 0.4102 0.1333
vn 0.3686 0.5464 0.7521
vn 0.3686 0.8841 0.2873
vn 0.9022 0.4102 -0.1333
vn 0.3686 0.8841 -0.2873
vn 0.9022 0.2535 -0.3490
vn 0.3686 0.5464 -0.7521
vn 0.5370 -0.4959 0.6825
vn 0.5370 -0.0000 0.8436
vn 0.9022 -0.0000 -0.4314
vn 0.3686 -0.0000 -0.9296
vn -0.0000 -0.5878 -0.8090
vn -0.0000 -0.0000 -1.0000
vn -0.0000 0.5878 -0.8090
vn -0.3686 -0.0000 -0.9296
vn -0.3686 -0.5464 -0.7521
vn -0.3686 0.5464 -0.7521
vn -0.9022 -0.0000 -0.4314
vn -0.9022 0.2535 -0.3490
vn -0.9022 -0.2535 -0.3490
vn -0.3686 0.8841 -0.2873
vn -0.9022 0.4102 -0.1333
vn -0.0000 0.9511 -0.3090
vn -0.3686 0.8841 0.2873
vn -0.9022 0.4102 0.1333
vn -0.3686 0.5464 0.7521
vn -0.9022 0.2535 0.3490
vn -0.3686 -0.0000 0.9296
vn -0.9022 -0.0000 0.4314
vn -0.5370 -0.0000 -0.8436
vn -0.5370 0.4959 -0.6825
vn -0.9022 -0.2535 0.3490
vn -0.4595 0.5221 -0.7186
vn -0.4414 0.2773 -0.8534
vn -0.4991 -0.8665 -0.0000
vn 0.4595 0.5221 -0.7186
vn 0.4414 0.2773 -0.8534
vn 0.4991 -0.8665 -0.0000
vn 0.4414 0.7259 -0.5274
vn 0.4991 0.2678 0.8241
vn -0.4414 0.7259 -0.5274
vn -0.4991 0.2678 0.8241
vn -0.5370 0.8023 -0.2607
vn -0.4995 -0.2677 -0.8239
vn -0.4417 0.8971 -0.0000
vn 0.4995 -0.2677 -0.8239
vn -0.9022 -0.4102 0.1333
vn -0.9022 -0.4102 -0.1333
vn -0.3686 -0.8841 0.2873
vn -0.3686 -0.5464 0.7521
vn -0.3686 -0.8841 -0.2873
vn -0.0000 -0.9511 0.3090
vn -0.0000 -0.5878 0.8090
vn -0.0000 -0.0000 1.0000
vn -0.0000 -0.9511 -0.3090
vn -0.0000 0.5878 0.8090
vn -0.0000 0.9511 0.3090
vn -0.4995 0.8663 -0.0000
vn -0.4417 -0.2772 -0.8532
vn 0.4995 0.8663 -0.0000
vn 0.4417 -0.2772 -0.8532
vn 0.4413 -0.0000 0.8974
vn 0.4236 0.2799 0.8615
vn 0.4236 -0.2799 0.8615
vn -0.4236 -0.2799 0.8615
vn 0.4991 0.7010 0.5093
vn 0.4991 0.2678 -0.8241
vn -0.4991 0.7010 0.5093
vn -0.4991 0.2678 -0.8241
vt 0.988834 0.528250
vt 0.992356 0.528250
vt 0.975668 0.528250
vt 0.969168 0.356028
vt 0.982334 0.356028
vt 0.991011 0.528250
vt 0.992356 0.528250
vt 0.977845 0.528250
vt 0.971345 0.356028
vt 0.984511 0.356028
vt 0.985856 0.356028
vt 0.985856 0.356028
vt 0.969168 0.356028
vt 0.988845 0.528250
vt 0.975668 0.528250
vt 0.975668 0.528250
vt 0.982345 0.356028
vt 0.978247 0.528250
vt 0.988183 0.528250
vt 0.977838 0.528250
vt 0.988833 0.528250
vt 0.977838 0.528250
vt 0.969168 0.356028
vt 0.981683 0.356028
vt 0.991015 0.528250
vt 0.971338 0.356028
vt 0.984515 0.356028
vt 0.982345 0.356028
vt 0.990697 0.350349
vt 0.969168 0.350348
vt 0.990697 0.350349
vt 0.969168 0.350349
vt 0.975777 0.347738
vt 0.969168 0.349043
vt 0.969168 0.374303
vt 0.975777 0.375608
vt 0.969168 0.347738
vt 0.992922 0.347738
vt 0.990697 0.350349
vt 0.969168 0.374303
vt 0.990697 0.350348
vt 0.990697 0.350349
vt 0.992922 0.375608
vt 0.982334 0.356028
vt 0.984511 0.356028
vt 0.991011 0.528250
vt 0.971338 0.356028
vt 0.990762 0.528250
vt 0.971747 0.356028
vt 0.984262 0.356028
s 1
usemtl metallic
f 854/412/818 883/413/818 856/414/818 853/414/818
f 853/415/819 857/415/819 858/416/820 854/416/820
f 853/417/818 856/418/818 879/414/818 855/419/818
f 855/420/821 859/420/821 857/421/819 853/421/819
f 860/415/822 861/416/823 858/416/823 857/415/822
f 862/420/824 860/421/822 857/421/822 859/420/824
f 861/412/825 860/414/825 863/414/825 865/413/825
f 860/417/825 862/419/825 866/414/825 863/418/825
f 870/425/825 871/426/825 868/426/825 866/418/825
f 862/419/825 1004/419/825 869/414/825 866/414/825
f 872/427/825 870/425/825 866/418/825 869/414/825
f 871/424/830 870/428/831 873/428/831 874/424/830
f 870/425/832 872/427/832 875/427/832 873/425/832
f 877/424/833 874/424/833 873/428/834 876/428/834
f 876/425/835 873/425/835 875/427/835 878/427/835
f 876/425/818 879/418/818 881/426/818 877/426/818
f 878/427/818 882/414/818 879/418/818 876/425/818
f 855/419/818 879/414/818 882/414/818 888/419/818
f 891/429/818 883/426/818 882/414/818 890/414/818
f 888/419/818 882/414/818 883/413/818 854/412/818
f 890/414/818 882/414/818 884/413/818 892/430/818
f 910/431/818 884/414/818 882/414/818 887/427/818
f 889/419/818 882/414/818 885/418/818 973/432/818
f 1000/433/818 885/426/818 882/414/818 878/427/818
f 975/419/818 886/414/818 882/414/818 889/419/818
f 887/427/818 882/414/818 886/413/818 912/425/818
f 890/414/839 893/414/839 894/429/839 891/429/839
f 892/430/840 895/430/840 893/414/840 890/414/840
f 896/414/841 897/429/841 894/429/841 893/414/841
f 898/430/842 896/414/842 893/414/842 895/430/842
f 897/429/825 896/414/825 869/414/825 865/426/825
f 896/414/825 898/430/825 900/413/825 869/414/825
f 898/430/825 899/426/825 902/426/825 900/413/825
f 899/434/843 898/435/844 895/435/844 1002/434/843
f 905/436/825 904/431/825 900/414/825 903/413/825
f 904/431/825 906/427/825 869/414/825 900/414/825
f 904/437/848 905/438/849 908/438/849 907/437/848
f 906/427/850 904/431/850 907/431/850 909/427/850
f 910/437/851 907/437/851 908/438/852 911/438/852
f 887/427/853 909/427/853 907/431/853 910/431/853
f 911/436/818 913/413/818 884/414/818 910/431/818
f 912/425/818 886/413/818 913/414/818 911/414/818
f 911/415/852 908/415/852 981/439/854 912/439/854
f 871/436/825 966/433/825 964/426/825 868/413/825
f 967/432/825 968/414/825 965/426/825 964/418/825
f 969/419/825 967/432/825 964/418/825 869/414/825
f 966/433/825 872/427/825 869/414/825 964/426/825
f 968/415/903 967/455/904 970/455/904 971/415/903
f 967/432/905 969/419/905 972/419/905 970/432/905
f 974/415/906 971/415/906 970/455/907 973/455/907
f 973/432/908 970/432/908 972/419/908 889/419/908
f 973/432/818 885/418/818 926/426/818 974/414/818
f 975/420/909 976/420/909 971/456/906 974/456/906
f 974/457/818 926/413/818 886/414/818 975/419/818
f 889/419/910 972/419/910 976/419/910 975/419/910
f 977/420/911 968/456/903 971/456/903 976/420/911
f 969/419/912 977/419/912 976/419/912 972/419/912
f 968/457/825 977/419/825 978/414/825 965/413/825
f 977/419/825 969/419/825 869/414/825 978/414/825
f 980/425/825 905/414/825 903/414/825 978/413/825
f 906/427/825 980/425/825 978/413/825 869/414/825
f 980/425/914 906/427/914 909/427/914 981/425/914
f 905/415/849 980/439/915 981/439/915 908/415/849
f 912/425/916 981/425/916 909/427/916 887/427/916
f 872/427/928 966/433/928 999/433/928 875/427/928
f 966/458/929 871/438/830 874/438/830 999/458/929
f 878/427/930 875/427/930 999/433/930 1000/433/930
f 1000/458/931 999/458/931 874/438/833 877/438/833
f 877/436/818 881/413/818 885/426/818 1000/433/818
f 892/430/818 884/413/818 939/426/818 1001/426/818
f 1001/459/818 939/418/818 883/426/818 891/429/818
f 1001/434/932 1002/434/932 895/435/933 892/435/933
f 891/460/934 894/460/934 1002/461/932 1001/461/932
f 897/460/935 899/461/843 1002/461/843 894/460/935
f 899/459/825 897/429/825 865/426/825 902/418/825
f 854/412/936 858/412/936 1003/419/936 888/419/936
f 888/419/937 1003/419/937 859/419/937 855/419/937
f 861/412/938 1004/419/938 1003/419/938 858/412/938
f 1004/419/939 862/419/939 859/419/939 1003/419/939
f 1004/419/825 861/412/825 865/413/825 869/414/825
usemtl texture
f 864/415/826 954/422/827 865/422/827 863/415/826
f 867/415/828 864/423/826 863/423/826 866/415/828
f 961/424/829 867/423/828 866/423/828 868/424/829
f 928/424/836 881/424/836 879/423/837 880/423/837
f 880/415/837 879/415/837 856/423/838 936/423/838
f 901/415/845 982/422/846 903/422/846 900/415/845
f 955/424/847 901/422/845 900/422/845 902/424/847
f 914/415/855 913/415/855 886/422/856 916/422/856
f 915/415/857 884/415/857 913/422/855 914/422/855
f 917/440/858 919/441/859 915/415/818 914/422/818
f 920/442/860 917/443/858 914/415/818 916/422/818
f 918/444/861 917/445/858 920/446/860 921/447/862
f 942/448/863 919/441/859 917/440/858 918/449/861
f 921/448/862 920/443/860 922/440/864 923/449/865
f 922/440/864 920/443/860 916/415/818 925/422/818
f 923/448/865 922/443/864 924/450/866 995/449/867
f 924/450/866 922/443/864 925/424/818 927/423/818
f 916/415/856 886/415/856 926/422/868 925/422/868
f 925/424/868 926/424/868 885/423/869 927/423/869
f 927/424/869 885/424/869 881/422/836 928/422/836
f 929/442/870 924/443/866 927/424/818 928/422/818
f 931/442/871 929/443/870 928/424/818 880/423/818
f 930/444/872 929/445/870 931/451/871 932/447/873
f 995/448/867 924/443/866 929/442/870 930/449/872
f 932/444/873 931/445/871 933/446/874 934/447/875
f 933/452/874 931/443/871 880/415/818 936/423/818
f 934/448/875 933/443/874 935/453/876 943/449/877
f 935/453/876 933/443/874 936/415/818 937/422/818
f 936/415/838 856/415/838 883/422/878 937/422/878
f 937/424/878 883/424/878 939/423/879 938/423/879
f 940/450/880 935/443/876 937/424/818 938/423/818
f 919/442/859 940/443/880 938/424/818 915/422/818
f 938/424/879 939/424/879 884/422/857 915/422/857
f 943/444/877 935/445/876 940/446/880 941/447/881
f 941/444/881 940/445/880 919/446/859 942/447/863
f 941/444/881 942/447/863 945/454/882 944/449/883
f 943/444/877 941/447/881 944/454/883 946/449/884
f 947/444/885 944/449/883 945/454/882 949/447/886
f 950/444/887 946/449/884 944/454/883 947/447/885
f 950/444/887 947/447/885 948/446/888 952/445/889
f 947/444/885 949/447/886 998/446/890 948/445/888
f 951/448/891 950/449/887 952/453/889 953/443/892
f 951/444/891 997/449/893 946/454/884 950/447/887
f 952/453/889 954/422/825 864/415/825 953/443/892
f 948/450/888 955/423/825 954/424/825 952/443/889
f 954/424/827 955/423/847 902/423/847 865/424/827
f 998/442/890 901/422/825 955/424/825 948/443/888
f 957/444/894 951/447/891 953/446/892 956/445/895
f 953/452/892 864/423/825 867/415/825 956/443/895
f 959/444/896 957/447/894 956/451/895 958/445/897
f 956/442/895 867/423/825 961/424/825 958/443/897
f 988/448/898 959/449/896 958/442/897 960/443/899
f 958/442/897 961/422/825 962/424/825 960/443/899
f 962/424/900 961/422/829 868/422/829 964/424/900
f 963/424/901 962/423/900 964/423/900 965/424/901
f 960/450/899 962/423/825 963/424/825 986/443/902
f 979/415/913 963/422/901 965/422/901 978/415/913
f 982/415/846 979/422/913 978/422/913 903/415/846
f 983/442/917 979/422/825 982/415/825 985/443/918
f 986/440/902 963/422/825 979/415/825 983/443/917
f 984/448/919 987/449/920 986/440/902 983/443/917
f 993/444/921 984/447/919 983/446/917 985/445/918
f 987/448/920 988/449/898 960/450/899 986/443/902
f 984/444/919 991/449/922 989/454/923 987/447/920
f 987/444/920 989/449/923 990/454/924 988/447/898
f 923/444/865 995/447/867 990/454/924 989/449/923
f 921/444/862 923/447/865 989/454/923 991/449/922
f 993/444/921 992/449/925 991/454/922 984/447/919
f 918/444/861 921/447/862 991/454/922 992/449/925
f 949/444/886 945/449/882 992/454/925 993/447/921
f 942/444/863 918/447/861 992/454/925 945/449/882
f 949/448/886 993/449/921 985/440/918 998/441/890
f 988/444/898 990/449/924 994/454/926 959/447/896
f 995/444/867 930/447/872 994/454/926 990/449/924
f 959/444/896 994/449/926 996/454/927 957/447/894
f 930/444/872 932/447/873 996/454/927 994/449/926
f 957/444/894 996/449/927 997/454/893 951/447/891
f 932/444/873 934/447/875 997/454/893 996/449/927
f 934/444/875 943/447/877 946/454/884 997/449/893
f 985/440/918 982/422/825 901/415/825 998/441/890
o wheels.037
v 1.003192 0.584922 1.603381
v 1.003192 0.517275 1.510272
v 1.003192 0.584922 1.718469
v 1.003192 0.603023 1.597499
v 0.951289 0.559387 1.611678
v 0.951289 0.519971 1.557425
v 0.951289 0.559387 1.678737
v 0.899387 0.584922 1.603381
v 0.899387 0.517275 1.510272
v 0.899387 0.584922 1.718469
v 0.899387 0.603023 1.597499
v 0.824625 0.648283 1.582794
v 0.899387 0.517275 1.479477
v 0.899387 0.603023 1.743383
v 0.824625 0.648283 1.758088
v 0.899387 0.517275 1.861405
v 0.899387 0.378532 1.670441
v 0.899387 0.573828 1.752869
v 0.899387 0.506124 1.846056
v 0.899387 0.396575 1.695276
v 0.951289 0.529779 1.770018
v 0.951289 0.490329 1.824317
v 0.951289 0.426497 1.736460
v 1.003192 0.573828 1.752869
v 1.003192 0.506124 1.846056
v 1.003192 0.396575 1.695276
v 1.003192 0.603023 1.743383
v 1.077954 0.648283 1.758088
v 1.003192 0.517275 1.861405
v 1.003192 0.378532 1.670441
v 1.003192 0.517275 1.479477
v 1.003192 0.239788 1.479477
v 1.003192 0.378532 1.906485
v 1.003192 0.154040 1.743383
v 1.003192 0.349337 1.660955
v 1.003192 0.407819 1.660925
v 1.003192 0.360431 1.695355
v 1.003192 0.378532 1.633962
v 1.003192 0.482581 1.490750
v 1.003192 0.274483 1.490750
v 0.951289 0.378532 1.585610
v 0.951289 0.439159 1.502164
v 0.951289 0.317905 1.502164
v 0.899387 0.378532 1.633962
v 0.899387 0.482581 1.490750
v 0.899387 0.274483 1.490750
v 0.899387 0.378532 1.456943
v 0.899387 0.239788 1.479477
v 0.824625 0.211816 1.440977
v 0.899387 0.378532 1.434397
v 0.899387 0.154040 1.597499
v 0.899387 0.239788 1.510175
v 0.899387 0.172084 1.603362
v 0.899387 0.349337 1.660955
v 0.951289 0.237090 1.557368
v 0.951289 0.197640 1.611666
v 0.951289 0.300922 1.645224
v 1.003192 0.239788 1.510175
v 1.003192 0.172084 1.603362
v 1.003192 0.172084 1.718548
v 1.003192 0.154040 1.597499
v 1.077954 0.108781 1.582794
v 1.077954 0.211816 1.440977
v 1.077954 0.108781 1.758088
v 1.077954 0.030540 1.557372
v 1.041993 -0.005420 1.545688
v 1.077954 0.163461 1.374422
v 1.077954 0.030540 1.783511
v 1.041993 -0.005420 1.795195
v 1.077954 0.163461 1.966461
v 1.041993 0.141236 1.997050
v 1.077954 0.378532 2.036341
v 1.077954 0.211816 1.899905
v 1.003192 0.239788 1.861405
v 1.077954 0.378532 1.954074
v 1.077954 0.545247 1.899905
v 1.077954 0.593602 1.966461
v 1.041993 0.615827 1.997050
v 1.077954 0.726523 1.783511
v 1.041993 0.762484 1.795195
v 1.077954 0.726523 1.557372
v 1.041993 0.762484 1.545688
v 1.077954 0.593602 1.374422
v 1.077954 0.648283 1.582794
v 1.077954 0.545247 1.440977
v 1.077954 0.378532 1.386808
v 1.003192 0.378532 1.434397
v 1.077954 0.378532 1.304541
v 1.041993 0.378532 1.266730
v 1.041993 0.141236 1.343832
v 1.041993 0.615827 1.343832
v 0.951289 0.378532 1.266730
v 0.951289 0.141236 1.343832
v 0.951289 0.615827 1.343832
v 0.860585 0.378532 1.266730
v 0.824625 0.378532 1.304541
v 0.860585 0.141236 1.343832
v 0.860585 0.615827 1.343832
v 0.860585 0.762484 1.545688
v 0.824625 0.593602 1.374422
v 0.824625 0.726523 1.557372
v 0.824625 0.545247 1.440977
v 0.824625 0.378532 1.386808
v 0.824625 0.726523 1.783511
v 0.860585 0.762484 1.795195
v 0.824625 0.593602 1.966461
v 0.860585 0.615827 1.997050
v 0.824625 0.378532 2.036341
v 0.824625 0.545247 1.899905
v 0.824625 0.378532 1.954074
v 0.824625 0.211816 1.899905
v 0.899387 0.378532 1.906485
v 0.899387 0.239788 1.861405
v 0.899387 0.396575 1.881651
v 0.899387 0.360431 1.881572
v 0.899387 0.250975 1.846007
v 0.899387 0.360431 1.695355
v 0.951289 0.330534 1.845009
v 0.951289 0.266757 1.824286
v 0.951289 0.330534 1.736504
v 1.003192 0.360431 1.881572
v 1.003192 0.250975 1.846007
v 1.003192 0.183328 1.752899
v 0.951289 0.227340 1.770034
v 0.899387 0.183328 1.752899
v 0.899387 0.154040 1.743383
v 0.824625 0.108781 1.758088
v 0.899387 0.172084 1.718548
v 0.951289 0.197640 1.678782
v 0.824625 0.108781 1.582794
v 0.824625 0.030540 1.783511
v 0.860585 -0.005420 1.795195
v 0.824625 0.030540 1.557372
v 0.824625 0.163461 1.966461
v 0.860585 0.141236 1.997050
v 0.860585 0.378532 2.074152
v 0.951289 0.141236 1.997050
v 0.951289 0.378532 2.074152
v 0.951289 -0.005420 1.795195
v 0.951289 -0.005420 1.545688
v 0.860585 -0.005420 1.545688
v 0.951289 0.615827 1.997050
v 1.041993 0.378532 2.074152
v 0.951289 0.762484 1.795195
v 0.951289 0.762484 1.545688
v 0.824625 0.163461 1.374422
v 0.951289 0.426497 1.845057
v 1.003192 0.396575 1.881651
v 1.003192 0.378532 1.456943
v 0.951289 0.378532 1.482466
v 0.951289 0.456194 1.645207
v 0.899387 0.407819 1.660925
vn 1.0000 -0.0000 -0.0000
vn 0.4595 -0.8447 0.2745
vn 0.4414 -0.7259 0.5274
vn 0.4414 -0.8973 -0.0000
vn -0.4595 -0.8447 0.2745
vn -0.4414 -0.7259 0.5274
vn -0.4414 -0.8973 -0.0000
vn -1.0000 -0.0000 -0.0000
vn -0.5370 -0.8023 0.2607
vn -0.5370 -0.4959 0.6825
vn -0.5370 -0.8023 -0.2607
vn -0.5370 -0.4959 -0.6825
vn -0.4598 -0.5220 -0.7184
vn -0.4417 -0.7258 -0.5273
vn -0.4995 -0.2677 0.8239
vn 0.4598 -0.5220 -0.7184
vn 0.4417 -0.7258 -0.5273
vn 0.4995 -0.2677 0.8239
vn 0.5370 -0.4959 -0.6825
vn 0.5370 -0.8023 -0.2607
vn 0.5370 -0.8023 0.2607
vn 0.4803 -0.7096 -0.5156
vn 0.4803 0.7096 -0.5156
vn -0.4803 -0.7096 -0.5156
vn -0.4803 0.7096 -0.5156
vn -0.4413 -0.0000 0.8974
vn -0.4236 0.2799 0.8615
vn -0.5370 0.4959 0.6825
vn -0.5370 0.8023 0.2607
vn -0.5370 -0.0000 0.8436
vn -0.4417 0.7258 0.5273
vn -0.4598 0.8446 0.2744
vn -0.4995 -0.7009 0.5092
vn 0.4417 0.7258 0.5273
vn 0.4598 0.8446 0.2744
vn 0.4995 -0.7009 0.5092
vn 0.4417 0.8971 -0.0000
vn 0.5370 0.8023 0.2607
vn 0.5370 0.8023 -0.2607
vn 0.5370 0.4959 0.6825
vn 0.9022 -0.4102 -0.1333
vn 0.9022 -0.2535 -0.3490
vn 0.9022 -0.4102 0.1333
vn 0.3686 -0.8841 -0.2873
vn 0.3686 -0.8841 0.2873
vn 0.3686 -0.5464 -0.7521
vn 0.9022 -0.2535 0.3490
vn 0.3686 -0.5464 0.7521
vn 0.9022 -0.0000 0.4314
vn 0.3686 -0.0000 0.9296
vn 0.5370 0.4959 -0.6825
vn 0.5370 -0.0000 -0.8436
vn 0.9022 0.2535 0.3490
vn 0.9022 0.4102 0.1333
vn 0.3686 0.5464 0.7521
vn 0.3686 0.8841 0.2873
vn 0.9022 0.4102 -0.1333
vn 0.3686 0.8841 -0.2873
vn 0.9022 0.2535 -0.3490
vn 0.3686 0.5464 -0.7521
vn 0.5370 -0.4959 0.6825
vn 0.5370 -0.0000 0.8436
vn 0.9022 -0.0000 -0.4314
vn 0.3686 -0.0000 -0.9296
vn -0.0000 -0.5878 -0.8090
vn -0.0000 -0.0000 -1.0000
vn -0.0000 0.5878 -0.8090
vn -0.3686 -0.0000 -0.9296
vn -0.3686 -0.5464 -0.7521
vn -0.3686 0.5464 -0.7521
vn -0.9022 -0.0000 -0.4314
vn -0.9022 0.2535 -0.3490
vn -0.9022 -0.2535 -0.3490
vn -0.3686 0.8841 -0.2873
vn -0.9022 0.4102 -0.1333
vn -0.0000 0.9511 -0.3090
vn -0.3686 0.8841 0.2873
vn -0.9022 0.4102 0.1333
vn -0.3686 0.5464 0.7521
vn -0.9022 0.2535 0.3490
vn -0.3686 -0.0000 0.9296
vn -0.9022 -0.0000 0.4314
vn -0.5370 -0.0000 -0.8436
vn -0.5370 0.4959 -0.6825
vn -0.9022 -0.2535 0.3490
vn -0.4595 0.5221 -0.7186
vn -0.4414 0.2773 -0.8534
vn -0.4991 -0.8665 -0.0000
vn 0.4595 0.5221 -0.7186
vn 0.4414 0.2773 -0.8534
vn 0.4991 -0.8665 -0.0000
vn 0.4414 0.7259 -0.5274
vn 0.4991 0.2678 0.8241
vn -0.4414 0.7259 -0.5274
vn -0.4991 0.2678 0.8241
vn -0.5370 0.8023 -0.2607
vn -0.4995 -0.2677 -0.8239
vn -0.4417 0.8971 -0.0000
vn 0.4995 -0.2677 -0.8239
vn -0.9022 -0.4102 0.1333
vn -0.9022 -0.4102 -0.1333
vn -0.3686 -0.8841 0.2873
vn -0.3686 -0.5464 0.7521
vn -0.3686 -0.8841 -0.2873
vn -0.0000 -0.9511 0.3090
vn -0.0000 -0.5878 0.8090
vn -0.0000 -0.0000 1.0000
vn -0.0000 -0.9511 -0.3090
vn -0.0000 0.5878 0.8090
vn -0.0000 0.9511 0.3090
vn -0.4995 0.8663 -0.0000
vn -0.4417 -0.2772 -0.8532
vn 0.4995 0.8663 -0.0000
vn 0.4417 -0.2772 -0.8532
vn 0.4413 -0.0000 0.8974
vn 0.4236 0.2799 0.8615
vn 0.4236 -0.2799 0.8615
vn -0.4236 -0.2799 0.8615
vn 0.4991 0.7010 0.5093
vn 0.4991 0.2678 -0.8241
vn -0.4991 0.7010 0.5093
vn -0.4991 0.2678 -0.8241
vt 0.988834 0.528250
vt 0.992356 0.528250
vt 0.975668 0.528250
vt 0.969168 0.356028
vt 0.982334 0.356028
vt 0.991011 0.528250
vt 0.992356 0.528250
vt 0.977845 0.528250
vt 0.971345 0.356028
vt 0.984511 0.356028
vt 0.985856 0.356028
vt 0.985856 0.356028
vt 0.969168 0.356028
vt 0.988845 0.528250
vt 0.975668 0.528250
vt 0.975668 0.528250
vt 0.982345 0.356028
vt 0.978247 0.528250
vt 0.988183 0.528250
vt 0.977838 0.528250
vt 0.988833 0.528250
vt 0.977838 0.528250
vt 0.969168 0.356028
vt 0.981683 0.356028
vt 0.991015 0.528250
vt 0.971338 0.356028
vt 0.984515 0.356028
vt 0.982345 0.356028
vt 0.990697 0.350349
vt 0.969168 0.350348
vt 0.990697 0.350349
vt 0.969168 0.350349
vt 0.975777 0.347738
vt 0.969168 0.349043
vt 0.969168 0.374303
vt 0.975777 0.375608
vt 0.969168 0.347738
vt 0.992922 0.347738
vt 0.990697 0.350349
vt 0.969168 0.374303
vt 0.990697 0.350348
vt 0.990697 0.350349
vt 0.992922 0.375608
vt 0.982334 0.356028
vt 0.984511 0.356028
vt 0.991011 0.528250
vt 0.971338 0.356028
vt 0.990762 0.528250
vt 0.971747 0.356028
vt 0.984262 0.356028
s 1
usemtl metallic
f 1006/462/940 1035/463/940 1008/464/940 1005/464/940
f 1005/465/941 1009/465/941 1010/466/942 1006/466/942
f 1005/467/940 1008/468/940 1031/464/940 1007/469/940
f 1007/470/943 1011/470/943 1009/471/941 1005/471/941
f 1012/465/944 1013/466/945 1010/466/945 1009/465/944
f 1014/470/946 1012/471/944 1009/471/944 1011/470/946
f 1013/462/947 1012/464/947 1015/464/947 1017/463/947
f 1012/467/947 1014/469/947 1018/464/947 1015/468/947
f 1022/475/947 1023/476/947 1020/476/947 1018/468/947
f 1014/469/947 1156/469/947 1021/464/947 1018/464/947
f 1024/477/947 1022/475/947 1018/468/947 1021/464/947
f 1023/474/952 1022/478/953 1025/478/953 1026/474/952
f 1022/475/954 1024/477/954 1027/477/954 1025/475/954
f 1029/474/955 1026/474/955 1025/478/956 1028/478/956
f 1028/475/957 1025/475/957 1027/477/957 1030/477/957
f 1028/475/940 1031/468/940 1033/476/940 1029/476/940
f 1030/477/940 1034/464/940 1031/468/940 1028/475/940
f 1007/469/940 1031/464/940 1034/464/940 1040/469/940
f 1043/479/940 1035/476/940 1034/464/940 1042/464/940
f 1040/469/940 1034/464/940 1035/463/940 1006/462/940
f 1042/464/940 1034/464/940 1036/463/940 1044/480/940
f 1062/481/940 1036/464/940 1034/464/940 1039/477/940
f 1041/469/940 1034/464/940 1037/468/940 1125/482/940
f 1152/483/940 1037/476/940 1034/464/940 1030/477/940
f 1127/469/940 1038/464/940 1034/464/940 1041/469/940
f 1039/477/940 1034/464/940 1038/463/940 1064/475/940
f 1042/464/961 1045/464/961 1046/479/961 1043/479/961
f 1044/480/962 1047/480/962 1045/464/962 1042/464/962
f 1048/464/963 1049/479/963 1046/479/963 1045/464/963
f 1050/480/964 1048/464/964 1045/464/964 1047/480/964
f 1049/479/947 1048/464/947 1021/464/947 1017/476/947
f 1048/464/947 1050/480/947 1052/463/947 1021/464/947
f 1050/480/947 1051/476/947 1054/476/947 1052/463/947
f 1051/484/965 1050/485/966 1047/485/966 1154/484/965
f 1057/486/947 1056/481/947 1052/464/947 1055/463/947
f 1056/481/947 1058/477/947 1021/464/947 1052/464/947
f 1056/487/970 1057/488/971 1060/488/971 1059/487/970
f 1058/477/972 1056/481/972 1059/481/972 1061/477/972
f 1062/487/973 1059/487/973 1060/488/974 1063/488/974
f 1039/477/975 1061/477/975 1059/481/975 1062/481/975
f 1063/486/940 1065/463/940 1036/464/940 1062/481/940
f 1064/475/940 1038/463/940 1065/464/940 1063/464/940
f 1063/465/974 1060/465/974 1133/489/976 1064/489/976
f 1023/486/947 1118/483/947 1116/476/947 1020/463/947
f 1119/482/947 1120/464/947 1117/476/947 1116/468/947
f 1121/469/947 1119/482/947 1116/468/947 1021/464/947
f 1118/483/947 1024/477/947 1021/464/947 1116/476/947
f 1120/465/1025 1119/505/1026 1122/505/1026 1123/465/1025
f 1119/482/1027 1121/469/1027 1124/469/1027 1122/482/1027
f 1126/465/1028 1123/465/1028 1122/505/1029 1125/505/1029
f 1125/482/1030 1122/482/1030 1124/469/1030 1041/469/1030
f 1125/482/940 1037/468/940 1078/476/940 1126/464/940
f 1127/470/1031 1128/470/1031 1123/506/1028 1126/506/1028
f 1126/507/940 1078/463/940 1038/464/940 1127/469/940
f 1041/469/1032 1124/469/1032 1128/469/1032 1127/469/1032
f 1129/470/1033 1120/506/1025 1123/506/1025 1128/470/1033
f 1121/469/1034 1129/469/1034 1128/469/1034 1124/469/1034
f 1120/507/947 1129/469/947 1130/464/947 1117/463/947
f 1129/469/947 1121/469/947 1021/464/947 1130/464/947
f 1132/475/947 1057/464/947 1055/464/947 1130/463/947
f 1058/477/947 1132/475/947 1130/463/947 1021/464/947
f 1132/475/1036 1058/477/1036 1061/477/1036 1133/475/1036
f 1057/465/971 1132/489/1037 1133/489/1037 1060/465/971
f 1064/475/1038 1133/475/1038 1061/477/1038 1039/477/1038
f 1024/477/1050 1118/483/1050 1151/483/1050 1027/477/1050
f 1118/508/1051 1023/488/952 1026/488/952 1151/508/1051
f 1030/477/1052 1027/477/1052 1151/483/1052 1152/483/1052
f 1152/508/1053 1151/508/1053 1026/488/955 1029/488/955
f 1029/486/940 1033/463/940 1037/476/940 1152/483/940
f 1044/480/940 1036/463/940 1091/476/940 1153/476/940
f 1153/509/940 1091/468/940 1035/476/940 1043/479/940
f 1153/484/1054 1154/484/1054 1047/485/1055 1044/485/1055
f 1043/510/1056 1046/510/1056 1154/511/1054 1153/511/1054
f 1049/510/1057 1051/511/965 1154/511/965 1046/510/1057
f 1051/509/947 1049/479/947 1017/476/947 1054/468/947
f 1006/462/1058 1010/462/1058 1155/469/1058 1040/469/1058
f 1040/469/1059 1155/469/1059 1011/469/1059 1007/469/1059
f 1013/462/1060 1156/469/1060 1155/469/1060 1010/462/1060
f 1156/469/1061 1014/469/1061 1011/469/1061 1155/469/1061
f 1156/469/947 1013/462/947 1017/463/947 1021/464/947
usemtl texture
f 1016/465/948 1106/472/949 1017/472/949 1015/465/948
f 1019/465/950 1016/473/948 1015/473/948 1018/465/950
f 1113/474/951 1019/473/950 1018/473/950 1020/474/951
f 1080/474/958 1033/474/958 1031/473/959 1032/473/959
f 1032/465/959 1031/465/959 1008/473/960 1088/473/960
f 1053/465/967 1134/472/968 1055/472/968 1052/465/967
f 1107/474/969 1053/472/967 1052/472/967 1054/474/969
f 1066/465/977 1065/465/977 1038/472/978 1068/472/978
f 1067/465/979 1036/465/979 1065/472/977 1066/472/977
f 1069/490/980 1071/491/981 1067/465/940 1066/472/940
f 1072/492/982 1069/493/980 1066/465/940 1068/472/940
f 1070/494/983 1069/495/980 1072/496/982 1073/497/984
f 1094/498/985 1071/491/981 1069/490/980 1070/499/983
f 1073/498/984 1072/493/982 1074/490/986 1075/499/987
f 1074/490/986 1072/493/982 1068/465/940 1077/472/940
f 1075/498/987 1074/493/986 1076/500/988 1147/499/989
f 1076/500/988 1074/493/986 1077/474/940 1079/473/940
f 1068/465/978 1038/465/978 1078/472/990 1077/472/990
f 1077/474/990 1078/474/990 1037/473/991 1079/473/991
f 1079/474/991 1037/474/991 1033/472/958 1080/472/958
f 1081/492/992 1076/493/988 1079/474/940 1080/472/940
f 1083/492/993 1081/493/992 1080/474/940 1032/473/940
f 1082/494/994 1081/495/992 1083/501/993 1084/497/995
f 1147/498/989 1076/493/988 1081/492/992 1082/499/994
f 1084/494/995 1083/495/993 1085/496/996 1086/497/997
f 1085/502/996 1083/493/993 1032/465/940 1088/473/940
f 1086/498/997 1085/493/996 1087/503/998 1095/499/999
f 1087/503/998 1085/493/996 1088/465/940 1089/472/940
f 1088/465/960 1008/465/960 1035/472/1000 1089/472/1000
f 1089/474/1000 1035/474/1000 1091/473/1001 1090/473/1001
f 1092/500/1002 1087/493/998 1089/474/940 1090/473/940
f 1071/492/981 1092/493/1002 1090/474/940 1067/472/940
f 1090/474/1001 1091/474/1001 1036/472/979 1067/472/979
f 1095/494/999 1087/495/998 1092/496/1002 1093/497/1003
f 1093/494/1003 1092/495/1002 1071/496/981 1094/497/985
f 1093/494/1003 1094/497/985 1097/504/1004 1096/499/1005
f 1095/494/999 1093/497/1003 1096/504/1005 1098/499/1006
f 1099/494/1007 1096/499/1005 1097/504/1004 1101/497/1008
f 1102/494/1009 1098/499/1006 1096/504/1005 1099/497/1007
f 1102/494/1009 1099/497/1007 1100/496/1010 1104/495/1011
f 1099/494/1007 1101/497/1008 1150/496/1012 1100/495/1010
f 1103/498/1013 1102/499/1009 1104/503/1011 1105/493/1014
f 1103/494/1013 1149/499/1015 1098/504/1006 1102/497/1009
f 1104/503/1011 1106/472/947 1016/465/947 1105/493/1014
f 1100/500/1010 1107/473/947 1106/474/947 1104/493/1011
f 1106/474/949 1107/473/969 1054/473/969 1017/474/949
f 1150/492/1012 1053/472/947 1107/474/947 1100/493/1010
f 1109/494/1016 1103/497/1013 1105/496/1014 1108/495/1017
f 1105/502/1014 1016/473/947 1019/465/947 1108/493/1017
f 1111/494/1018 1109/497/1016 1108/501/1017 1110/495/1019
f 1108/492/1017 1019/473/947 1113/474/947 1110/493/1019
f 1140/498/1020 1111/499/1018 1110/492/1019 1112/493/1021
f 1110/492/1019 1113/472/947 1114/474/947 1112/493/1021
f 1114/474/1022 1113/472/951 1020/472/951 1116/474/1022
f 1115/474/1023 1114/473/1022 1116/473/1022 1117/474/1023
f 1112/500/1021 1114/473/947 1115/474/947 1138/493/1024
f 1131/465/1035 1115/472/1023 1117/472/1023 1130/465/1035
f 1134/465/968 1131/472/1035 1130/472/1035 1055/465/968
f 1135/492/1039 1131/472/947 1134/465/947 1137/493/1040
f 1138/490/1024 1115/472/947 1131/465/947 1135/493/1039
f 1136/498/1041 1139/499/1042 1138/490/1024 1135/493/1039
f 1145/494/1043 1136/497/1041 1135/496/1039 1137/495/1040
f 1139/498/1042 1140/499/1020 1112/500/1021 1138/493/1024
f 1136/494/1041 1143/499/1044 1141/504/1045 1139/497/1042
f 1139/494/1042 1141/499/1045 1142/504/1046 1140/497/1020
f 1075/494/987 1147/497/989 1142/504/1046 1141/499/1045
f 1073/494/984 1075/497/987 1141/504/1045 1143/499/1044
f 1145/494/1043 1144/499/1047 1143/504/1044 1136/497/1041
f 1070/494/983 1073/497/984 1143/504/1044 1144/499/1047
f 1101/494/1008 1097/499/1004 1144/504/1047 1145/497/1043
f 1094/494/985 1070/497/983 1144/504/1047 1097/499/1004
f 1101/498/1008 1145/499/1043 1137/490/1040 1150/491/1012
f 1140/494/1020 1142/499/1046 1146/504/1048 1111/497/1018
f 1147/494/989 1082/497/994 1146/504/1048 1142/499/1046
f 1111/494/1018 1146/499/1048 1148/504/1049 1109/497/1016
f 1082/494/994 1084/497/995 1148/504/1049 1146/499/1048
f 1109/494/1016 1148/499/1049 1149/504/1015 1103/497/1013
f 1084/494/995 1086/497/997 1149/504/1015 1148/499/1049
f 1086/494/997 1095/497/999 1098/504/1006 1149/499/1015
f 1137/490/1040 1134/472/947 1053/465/947 1150/491/1012
