# Blender 5.1.2
# www.blender.org
mtllib jeep.mtl
o jeep
v 0.552215 1.292546 2.083483
v 0.912797 0.598493 -0.311130
v 0.621250 1.270115 2.083483
v 0.000000 1.329481 -1.739465
v 0.034841 0.946386 2.104931
v 0.000000 0.598493 2.200327
v 0.017498 0.929043 2.104931
v 0.663916 1.211390 2.083483
v 0.034841 1.245746 2.104931
v 0.000000 1.321146 2.121058
v 0.017498 1.263088 2.104931
v 0.912797 0.598493 0.741785
v 0.663916 1.138803 2.083483
v 0.722584 1.067446 2.070002
v 0.912797 0.598493 0.469216
v 0.100960 0.929043 2.104931
v 0.722584 1.067446 1.384715
v 0.083618 0.946386 2.104931
v 0.729972 1.051118 -0.689388
v 0.083618 1.245746 2.104931
v 0.000000 2.030498 0.480082
v 0.100960 1.263088 2.104931
v 0.621250 1.080078 2.083483
v 0.000000 1.431391 0.752651
v 0.729972 1.051118 -1.326579
v 0.000000 0.598493 0.469216
v 0.552215 1.057647 2.083483
v 0.153299 0.946386 2.104931
v 0.000000 0.598493 0.820647
v 0.000000 2.030498 -0.282757
v 0.135957 0.929043 2.104931
v 0.153299 1.245746 2.104931
v 0.483180 1.080078 2.083483
v 0.878643 1.439709 0.461087
v 0.135957 1.263088 2.104931
v 0.912797 0.598493 -1.739465
v 0.440514 1.138803 2.083483
v 0.000000 2.030498 -1.517627
v 0.000000 0.598493 -1.739465
v 0.219419 0.929043 2.104931
v 0.440514 1.211390 2.083483
v 0.202077 0.946386 2.104931
v 0.912797 1.025794 -0.282757
v 0.202077 1.245746 2.104931
v 0.763094 0.946386 2.200327
v 0.219419 1.263088 2.104931
v 0.483180 1.270115 2.083483
v 0.000000 0.791229 2.200327
v 0.912797 1.025794 0.469216
v 0.912797 1.025794 0.741785
v 0.000000 1.026992 -1.739465
v 0.271758 0.946386 2.104931
v 0.912797 1.025794 -1.739465
v 0.720132 1.246125 2.138878
v 0.254416 0.929043 2.104931
v 0.271758 1.245746 2.104931
v 0.632152 1.321146 2.121058
v 0.254416 1.263088 2.104931
v 0.826325 1.477659 0.731601
v 0.886156 1.356533 0.812497
v 0.000000 1.991724 0.497723
v 0.000000 1.263088 2.104931
v 0.000000 0.929043 2.104931
v 0.000000 1.477659 0.731601
v 0.804605 1.431391 0.752651
v 0.697786 2.030498 -0.282757
v 0.697786 2.030498 0.480082
v 0.771358 1.970317 0.507462
v 0.000000 1.984186 0.481155
v 0.000000 1.470122 0.715033
v 0.826325 1.470122 0.715033
v 0.892956 1.368599 0.469216
v 0.878847 1.431392 0.752651
v 0.892956 1.329481 -0.282757
v 0.771537 1.970145 -0.282757
v 0.676005 1.991724 0.497723
v 0.732331 1.948925 0.517195
v 0.732331 1.941387 0.500627
v 0.676005 1.984186 0.481155
v 0.848412 1.438730 0.460627
v 0.892956 1.329481 -1.739465
v 0.000000 1.463509 -1.697174
v 0.771537 1.970145 -1.537854
v 0.000000 1.896525 -1.560094
v 0.697786 2.030498 -1.517627
v 0.000000 1.458550 -1.677732
v 0.000000 1.891565 -1.540652
v 0.867654 1.515686 -1.354983
v 0.875647 1.476086 -1.312483
v 0.870598 1.479299 -0.210221
v 0.878593 1.439699 -0.168805
v 0.871104 1.439701 0.623210
v 0.862525 1.476677 0.647248
v 0.785890 1.899073 -0.168808
v 0.793878 1.859461 -0.210221
v 0.493880 1.860068 -1.571992
v 0.446407 1.897934 -1.560026
v 0.788846 1.906123 -1.312483
v 0.796839 1.866523 -1.354983
v 0.792643 1.862298 0.476742
v 0.785942 1.899238 0.420000
v 0.875647 1.476086 -0.445736
v 0.867654 1.515686 -0.402841
v 0.796839 1.866523 -0.402841
v 0.788846 1.906123 -0.445736
v 0.527331 1.463453 -1.696995
v 0.560655 1.501442 -1.685008
v 0.757636 1.888717 0.419557
v 0.764377 1.851540 0.476447
v 0.765689 1.848828 0.460017
v 0.849294 1.434106 -0.162070
v 0.841361 1.473399 -0.203484
v 0.832415 1.475634 0.644470
v 0.840975 1.438722 0.620582
v 0.764641 1.853563 -0.203490
v 0.756715 1.892868 -0.162080
v 0.838416 1.509786 -0.413489
v 0.846409 1.470186 -0.456384
v 0.846409 1.470186 -1.302739
v 0.838416 1.509786 -1.345238
v 0.759608 1.900222 -0.456384
v 0.767601 1.860623 -0.413489
v 0.767601 1.860623 -1.345238
v 0.759608 1.900222 -1.302739
v 0.560657 1.496482 -1.665566
v 0.527333 1.458493 -1.677553
v 0.446410 1.892975 -1.540584
v 0.493882 1.855109 -1.552550
v 0.430740 1.135627 2.165125
v 0.552215 1.044649 2.186736
v 0.475989 1.070180 2.180672
v 0.673690 1.135627 2.165125
v 0.628441 1.070180 2.180672
v 0.671466 1.213843 2.146546
v 0.479590 1.275056 2.132005
v 0.552215 1.297969 2.126563
v 0.624840 1.275056 2.132005
v 0.432964 1.213843 2.146546
v 0.729972 0.598493 -1.564455
v 0.912797 0.598493 -1.564455
v 0.729972 0.598493 -0.311130
v 0.912797 1.025794 -0.668224
v 0.912797 1.025794 -1.339888
v 0.883777 0.598493 1.024521
v 0.722584 0.598493 1.024521
v 0.722584 0.598493 2.200327
v 0.772715 0.989898 2.106591
v 0.835584 1.067446 1.384715
v 0.761793 1.067446 2.070002
v 0.722584 0.791229 2.200327
v 0.017498 1.263088 2.134848
v 0.000000 1.263088 2.134848
v 0.083618 1.245746 2.138968
v 0.034841 1.245746 2.138968
v 0.100960 1.263088 2.134848
v 0.135957 1.263088 2.134848
v 0.202077 1.245746 2.138968
v 0.153299 1.245746 2.138968
v 0.219419 1.263088 2.134848
v 0.271758 1.245746 2.138968
v 0.254416 1.263088 2.134848
v 0.034841 0.946386 2.200327
v 0.083618 0.946386 2.200327
v 0.153299 0.946386 2.200327
v 0.202077 0.946386 2.200327
v 0.271758 0.946386 2.200327
v 0.000000 0.929043 2.200327
v 0.017498 0.929043 2.200327
v 0.100960 0.929043 2.200327
v 0.135957 0.929043 2.200327
v 0.254416 0.929043 2.200327
v 0.219419 0.929043 2.200327
v -0.552215 1.292546 2.083483
v -0.912797 0.598493 -0.311130
v -0.621250 1.270115 2.083483
v -0.034841 0.946386 2.104931
v -0.017498 0.929043 2.104931
v -0.663916 1.211390 2.083483
v -0.034841 1.245746 2.104931
v -0.017498 1.263088 2.104931
v -0.912797 0.598493 0.741785
v -0.663916 1.138803 2.083483
v -0.722584 1.067446 2.070002
v -0.912797 0.598493 0.469216
v -0.100960 0.929043 2.104931
v -0.722584 1.067446 1.384715
v -0.083618 0.946386 2.104931
v -0.729972 1.051118 -0.689388
v -0.083618 1.245746 2.104931
v -0.100960 1.263088 2.104931
v -0.621250 1.080078 2.083483
v -0.729972 1.051118 -1.326579
v -0.552215 1.057647 2.083483
v -0.153299 0.946386 2.104931
v -0.135957 0.929043 2.104931
v -0.153299 1.245746 2.104931
v -0.483180 1.080078 2.083483
v -0.878643 1.439709 0.461087
v -0.135957 1.263088 2.104931
v -0.912797 0.598493 -1.739465
v -0.440514 1.138803 2.083483
v -0.219419 0.929043 2.104931
v -0.440514 1.211390 2.083483
v -0.202077 0.946386 2.104931
v -0.912797 1.025794 -0.282757
v -0.202077 1.245746 2.104931
v -0.763094 0.946386 2.200327
v -0.219419 1.263088 2.104931
v -0.483180 1.270115 2.083483
v -0.912797 1.025794 0.469216
v -0.912797 1.025794 0.741785
v -0.271758 0.946386 2.104931
v -0.912797 1.025794 -1.739465
v -0.720132 1.246125 2.138878
v -0.254416 0.929043 2.104931
v -0.271758 1.245746 2.104931
v -0.632152 1.321146 2.121058
v -0.254416 1.263088 2.104931
v -0.826325 1.477659 0.731601
v -0.886156 1.356533 0.812497
v -0.804605 1.431391 0.752651
v -0.697786 2.030498 -0.282757
v -0.697786 2.030498 0.480082
v -0.771358 1.970317 0.507462
v -0.826325 1.470122 0.715033
v -0.892956 1.368599 0.469216
v -0.878847 1.431392 0.752651
v -0.892956 1.329481 -0.282757
v -0.771537 1.970145 -0.282757
v -0.676005 1.991724 0.497723
v -0.732331 1.948925 0.517195
v -0.732331 1.941387 0.500627
v -0.676005 1.984186 0.481155
v -0.848412 1.438730 0.460627
v -0.892956 1.329481 -1.739465
v -0.771537 1.970145 -1.537854
v -0.697786 2.030498 -1.517627
v -0.867654 1.515686 -1.354983
v -0.875647 1.476086 -1.312483
v -0.870598 1.479299 -0.210221
v -0.878593 1.439699 -0.168805
v -0.871104 1.439701 0.623210
v -0.862525 1.476677 0.647248
v -0.785890 1.899073 -0.168808
v -0.793878 1.859461 -0.210221
v -0.493880 1.860068 -1.571992
v -0.446407 1.897934 -1.560026
v -0.788846 1.906123 -1.312483
v -0.796839 1.866523 -1.354983
v -0.792643 1.862298 0.476742
v -0.785942 1.899238 0.420000
v -0.875647 1.476086 -0.445736
v -0.867654 1.515686 -0.402841
v -0.796839 1.866523 -0.402841
v -0.788846 1.906123 -0.445736
v -0.527331 1.463453 -1.696995
v -0.560655 1.501442 -1.685008
v -0.757636 1.888717 0.419557
v -0.764377 1.851540 0.476447
v -0.765689 1.848828 0.460017
v -0.849294 1.434106 -0.162070
v -0.841361 1.473399 -0.203484
v -0.832415 1.475634 0.644470
v -0.840975 1.438722 0.620582
v -0.764640 1.853563 -0.203490
v -0.756714 1.892868 -0.162080
v -0.838416 1.509786 -0.413489
v -0.846409 1.470186 -0.456384
v -0.846409 1.470186 -1.302739
v -0.838416 1.509786 -1.345238
v -0.759608 1.900222 -0.456384
v -0.767601 1.860623 -0.413489
v -0.767601 1.860623 -1.345238
v -0.759608 1.900222 -1.302739
v -0.560657 1.496482 -1.665566
v -0.527333 1.458493 -1.677553
v -0.446410 1.892975 -1.540584
v -0.493882 1.855109 -1.552550
v -0.430740 1.135627 2.165125
v -0.552215 1.044649 2.186736
v -0.475989 1.070180 2.180672
v -0.673690 1.135627 2.165125
v -0.628441 1.070180 2.180672
v -0.671466 1.213843 2.146546
v -0.479590 1.275056 2.132005
v -0.552215 1.297969 2.126563
v -0.624840 1.275056 2.132005
v -0.432964 1.213843 2.146546
v -0.729972 0.598493 -1.564455
v -0.912797 0.598493 -1.564455
v -0.729972 0.598493 -0.311130
v -0.912797 1.025794 -0.668224
v -0.912797 1.025794 -1.339888
v -0.883777 0.598493 1.024521
v -0.722584 0.598493 1.024521
v -0.722584 0.598493 2.200327
v -0.772715 0.989898 2.106591
v -0.835584 1.067446 1.384715
v -0.761793 1.067446 2.070002
v -0.722584 0.791229 2.200327
v -0.017498 1.263088 2.134848
v -0.083618 1.245746 2.138968
v -0.034841 1.245746 2.138968
v -0.100960 1.263088 2.134848
v -0.135957 1.263088 2.134848
v -0.202077 1.245746 2.138968
v -0.153299 1.245746 2.138968
v -0.219419 1.263088 2.134848
v -0.271758 1.245746 2.138968
v -0.254416 1.263088 2.134848
v -0.034841 0.946386 2.200327
v -0.083618 0.946386 2.200327
v -0.153299 0.946386 2.200327
v -0.202077 0.946386 2.200327
v -0.271758 0.946386 2.200327
v -0.017498 0.929043 2.200327
v -0.100960 0.929043 2.200327
v -0.135957 0.929043 2.200327
v -0.254416 0.929043 2.200327
v -0.219419 0.929043 2.200327
v 0.913816 1.408968 0.588422
v 0.901888 1.403603 0.534968
v 1.075684 1.418779 0.559579
v 1.075684 1.533891 0.559579
v 1.077133 1.414226 0.503741
v 1.077133 1.538850 0.503741
v 0.913816 1.533891 0.588422
v 0.901888 1.538850 0.534968
v 0.925801 1.378717 0.574973
v 0.925801 1.436464 0.574973
v 0.925801 1.378717 0.538384
v 0.925801 1.436464 0.538384
v 0.962390 1.436464 0.574973
v 0.962390 1.436464 0.538384
v 0.962390 1.347842 0.538384
v 0.962390 1.347842 0.574973
v 0.832171 1.349825 0.538384
v 0.832171 1.349825 0.574973
v 0.832171 1.310300 0.538384
v 0.832171 1.310300 0.574973
v -0.913816 1.408968 0.588422
v -0.901888 1.403603 0.534968
v -1.075684 1.418779 0.559579
v -1.075684 1.533890 0.559578
v -1.077133 1.414226 0.503741
v -1.077133 1.538850 0.503740
v -0.913816 1.533891 0.588422
v -0.901888 1.538850 0.534968
v -0.925801 1.378717 0.574973
v -0.925801 1.436464 0.574973
v -0.925801 1.378717 0.538384
v -0.925801 1.436464 0.538384
v -0.962390 1.436464 0.574973
v -0.962390 1.436464 0.538384
v -0.962390 1.347842 0.538384
v -0.962390 1.347842 0.574972
v -0.832171 1.349825 0.538384
v -0.832171 1.349825 0.574973
v -0.832171 1.310300 0.538384
v -0.832171 1.310300 0.574973
v -0.255185 0.479846 -1.730749
v -0.231042 0.460885 -1.730749
v -0.231042 0.648868 -1.730749
v -0.255185 0.629906 -1.730749
v -0.222392 0.486639 -1.766406
v -0.222392 0.623114 -1.766406
v 0.250903 0.460885 -1.730749
v 0.275046 0.479846 -1.730749
v 0.275046 0.629906 -1.730749
v 0.250903 0.648868 -1.730749
v 0.242254 0.486639 -1.766406
v 0.242254 0.623114 -1.766406
v -0.255185 0.479846 -1.766406
v -0.231042 0.460885 -1.766406
v -0.231042 0.648868 -1.766406
v -0.255185 0.629906 -1.766406
v 0.250903 0.460885 -1.766406
v 0.275046 0.479846 -1.766406
v 0.275046 0.629906 -1.766406
v 0.250903 0.648868 -1.766406
v 0.728389 0.636733 0.997919
v 0.728389 0.552562 1.043195
v 1.070915 0.552562 1.043195
v 1.070915 0.636733 0.997919
v 0.728389 0.552562 -0.337171
v 1.070915 0.552562 -0.337171
v 1.070915 0.636733 -0.291896
v 0.763557 0.882272 2.141884
v 0.763557 0.885749 2.240559
v 1.070915 0.885749 2.240559
v 1.070915 0.882272 2.141884
v 0.728389 0.636733 -0.291896
v 1.070915 0.593331 -1.540510
v 1.070915 0.596808 -1.639185
v 0.728389 0.596808 -1.639185
v 0.728389 0.593331 -1.540510
v 0.728389 1.066441 1.989738
v 0.747793 1.023582 2.063089
v 0.747793 1.108034 2.114879
v 0.728389 1.150612 2.041353
v 0.728389 1.027318 1.388282
v 0.728389 1.066441 1.465543
v 0.728389 1.150612 1.420267
v 0.728389 1.111490 1.343006
v 1.070915 1.023582 2.063089
v 1.070915 1.066441 1.989738
v 1.070915 1.150612 2.041353
v 1.070915 1.108034 2.114879
v 1.070915 1.027318 1.388282
v 1.070915 1.066441 1.465543
v 1.070915 1.150612 1.420267
v 1.070915 1.111490 1.343006
v 1.070915 0.999627 -1.244531
v 1.070915 0.958066 -1.319201
v 1.070915 1.042106 -1.370733
v 1.070915 1.083798 -1.296145
v 1.070915 0.961208 -0.646416
v 1.070915 0.999627 -0.724313
v 1.070915 1.083798 -0.679037
v 1.070915 1.045380 -0.601140
v 0.728389 0.958066 -1.319201
v 0.728389 0.999627 -1.244531
v 0.728389 1.083798 -1.296145
v 0.728389 1.042106 -1.370733
v 0.728389 0.961208 -0.646416
v 0.728389 0.999627 -0.724313
v 0.728389 1.083798 -0.679037
v 0.728389 1.045380 -0.601140
v -0.728389 0.636733 0.997919
v -0.728389 0.552562 1.043195
v -1.070915 0.552562 1.043195
v -1.070915 0.636733 0.997919
v -0.728389 0.552562 -0.337171
v -1.070915 0.552562 -0.337171
v -1.070915 0.636733 -0.291896
v -0.763557 0.882272 2.141884
v -0.763557 0.885749 2.240559
v -1.070915 0.885749 2.240559
v -1.070915 0.882272 2.141884
v -0.728389 0.636733 -0.291896
v -1.070915 0.593331 -1.540510
v -1.070915 0.596808 -1.639185
v -0.728389 0.596808 -1.639185
v -0.728389 0.593331 -1.540510
v -0.728389 1.066441 1.989738
v -0.747793 1.023582 2.063089
v -0.747793 1.108034 2.114879
v -0.728389 1.150612 2.041353
v -0.728389 1.027318 1.388282
v -0.728389 1.066441 1.465543
v -0.728389 1.150612 1.420267
v -0.728389 1.111490 1.343006
v -1.070915 1.023582 2.063089
v -1.070915 1.066441 1.989738
v -1.070915 1.150612 2.041353
v -1.070915 1.108034 2.114879
v -1.070915 1.027318 1.388282
v -1.070915 1.066441 1.465543
v -1.070915 1.150612 1.420267
v -1.070915 1.111490 1.343006
v -1.070915 0.999627 -1.244531
v -1.070915 0.958066 -1.319201
v -1.070915 1.042106 -1.370733
v -1.070915 1.083798 -1.296145
v -1.070915 0.961208 -0.646416
v -1.070915 0.999627 -0.724313
v -1.070915 1.083798 -0.679037
v -1.070915 1.045380 -0.601140
v -0.728389 0.958066 -1.319201
v -0.728389 0.999627 -1.244531
v -0.728389 1.083798 -1.296145
v -0.728389 1.042106 -1.370733
v -0.728389 0.961208 -0.646416
v -0.728389 0.999627 -0.724313
v -0.728389 1.083798 -0.679037
v -0.728389 1.045380 -0.601140
v 0.552215 1.292944 2.075109
v 0.621484 1.270437 2.075109
v 0.664294 1.211513 2.075109
v 0.664294 1.138680 2.075109
v 0.621484 1.079756 2.075109
v 0.552215 1.057249 2.075109
v 0.482946 1.079756 2.075109
v 0.440135 1.138680 2.075109
v 0.440135 1.211513 2.075109
v 0.482946 1.270437 2.075109
v 0.552215 1.241869 2.142680
v 0.552215 1.267544 2.127100
v 0.591463 1.229116 2.142680
v 0.606554 1.249888 2.127100
v 0.615719 1.195730 2.142680
v 0.640138 1.203664 2.127100
v 0.615719 1.154463 2.142680
v 0.640138 1.146529 2.127100
v 0.591463 1.121077 2.142680
v 0.606554 1.100305 2.127100
v 0.552215 1.108324 2.142680
v 0.552215 1.082649 2.127100
v 0.512967 1.121077 2.142680
v 0.497876 1.100305 2.127100
v 0.488711 1.154463 2.142680
v 0.464292 1.146529 2.127100
v 0.488711 1.195730 2.142680
v 0.464292 1.203664 2.127100
v 0.512967 1.229116 2.142680
v 0.497876 1.249888 2.127100
v -0.552215 1.292944 2.075109
v -0.621484 1.270437 2.075109
v -0.664294 1.211513 2.075109
v -0.664294 1.138680 2.075109
v -0.621484 1.079756 2.075109
v -0.552215 1.057249 2.075109
v -0.482946 1.079756 2.075109
v -0.440135 1.138680 2.075109
v -0.440135 1.211513 2.075109
v -0.482946 1.270437 2.075109
v -0.552215 1.241869 2.142680
v -0.552215 1.267544 2.127100
v -0.591463 1.229116 2.142680
v -0.606554 1.249888 2.127100
v -0.615719 1.195730 2.142680
v -0.640138 1.203664 2.127100
v -0.615719 1.154463 2.142680
v -0.640138 1.146529 2.127100
v -0.591463 1.121077 2.142680
v -0.606554 1.100305 2.127100
v -0.552215 1.108324 2.142680
v -0.552215 1.082649 2.127100
v -0.512967 1.121077 2.142680
v -0.497876 1.100305 2.127100
v -0.488711 1.154463 2.142680
v -0.464292 1.146529 2.127100
v -0.488711 1.195730 2.142680
v -0.464292 1.203664 2.127100
v -0.512967 1.229116 2.142680
v -0.497876 1.249888 2.127100
v 1.027601 0.656396 2.362370
v 1.055456 0.812489 2.362370
v 1.071540 0.637570 2.181735
v 1.099396 0.833113 2.152971
v 0.000000 0.576486 2.227172
v 0.000000 0.843329 2.227172
v 0.000000 0.600434 2.427786
v 0.000000 0.819381 2.427786
v 0.259053 0.843329 2.227172
v 0.831536 0.834911 2.211821
v 0.246209 0.600434 2.427786
v 0.798582 0.629231 2.399647
v 0.831536 0.606809 2.211821
v 0.259053 0.576486 2.227172
v 0.798582 0.812489 2.399647
v 0.246209 0.819381 2.427786
v 0.587354 0.834911 2.224247
v 0.554880 0.843329 2.217853
v 0.529229 0.608539 2.418467
v 0.563188 0.616749 2.412073
v 0.554880 0.584614 2.217853
v 0.587345 0.594293 2.224247
v 0.563269 0.812489 2.412073
v 0.529205 0.819381 2.418467
v -1.027601 0.656396 2.362370
v -1.055456 0.812489 2.362370
v -1.071540 0.637570 2.181735
v -1.099396 0.833113 2.152971
v -0.259053 0.843329 2.227172
v -0.831536 0.834911 2.211821
v -0.246209 0.600434 2.427786
v -0.798582 0.629231 2.399647
v -0.831536 0.606809 2.211821
v -0.259053 0.576486 2.227172
v -0.798582 0.812489 2.399647
v -0.246209 0.819381 2.427786
v -0.587354 0.834911 2.224247
v -0.554880 0.843329 2.217853
v -0.529229 0.608539 2.418467
v -0.563188 0.616749 2.412073
v -0.554880 0.584614 2.217853
v -0.587345 0.594293 2.224247
v -0.563269 0.812489 2.412073
v -0.529204 0.819381 2.418467
v 0.876886 1.281293 -0.023574
v 0.876886 1.323338 -0.023574
v 0.876886 1.281293 -0.225029
v 0.876886 1.323338 -0.225029
v 0.914856 1.281293 -0.023574
v 0.914856 1.323338 -0.023574
v 0.914856 1.281293 -0.225029
v 0.914856 1.323338 -0.225029
v -0.876886 1.281293 -0.023574
v -0.876886 1.323338 -0.023574
v -0.876886 1.281293 -0.225029
v -0.876886 1.323338 -0.225029
v -0.914856 1.281293 -0.023574
v -0.914856 1.323338 -0.023574
v -0.914856 1.281293 -0.225029
v -0.914856 1.323338 -0.225029
v 0.612583 1.031055 2.088990
v 0.612583 1.031055 2.131701
v 0.646564 1.020014 2.088990
v 0.646564 1.020014 2.131701
v 0.667566 0.991107 2.088990
v 0.667566 0.991107 2.131701
v 0.667566 0.955377 2.088990
v 0.667566 0.955377 2.131701
v 0.646564 0.926471 2.088990
v 0.646564 0.926471 2.131701
v 0.612583 0.915429 2.088990
v 0.612583 0.915429 2.131701
v 0.578601 0.926471 2.088990
v 0.578601 0.926471 2.131701
v 0.557599 0.955377 2.088990
v 0.557599 0.955377 2.131701
v 0.557599 0.991107 2.088990
v 0.557599 0.991107 2.131701
v 0.578601 1.020014 2.088990
v 0.578601 1.020014 2.131701
v -0.612583 1.031055 2.088990
v -0.612583 1.031055 2.131701
v -0.646564 1.020014 2.088990
v -0.646564 1.020014 2.131701
v -0.667566 0.991107 2.088990
v -0.667566 0.991107 2.131701
v -0.667566 0.955377 2.088990
v -0.667566 0.955377 2.131701
v -0.646564 0.926471 2.088990
v -0.646564 0.926471 2.131701
v -0.612583 0.915429 2.088990
v -0.612583 0.915429 2.131701
v -0.578601 0.926471 2.088990
v -0.578601 0.926471 2.131701
v -0.557599 0.955377 2.088990
v -0.557599 0.955377 2.131701
v -0.557599 0.991107 2.088990
v -0.557599 0.991107 2.131701
v -0.578601 1.020014 2.088990
v -0.578601 1.020014 2.131701
v 0.725370 1.112767 -1.644115
v 0.739042 1.099095 -1.644115
v 0.739042 1.322883 -1.644115
v 0.725370 1.309211 -1.644115
v 0.742300 1.116025 -1.769853
v 0.742300 1.305954 -1.769853
v 0.856016 1.099095 -1.644115
v 0.869688 1.112767 -1.644115
v 0.869688 1.309211 -1.644115
v 0.856016 1.322883 -1.644115
v 0.852758 1.116025 -1.769853
v 0.852758 1.305954 -1.769853
v 0.725370 1.112767 -1.769853
v 0.739042 1.099095 -1.769853
v 0.739042 1.322883 -1.769853
v 0.725370 1.309211 -1.769853
v 0.856016 1.099095 -1.769853
v 0.869688 1.112767 -1.769853
v 0.869688 1.309211 -1.769853
v 0.856016 1.322883 -1.769853
v 0.749830 1.122380 -1.757481
v 0.749830 1.296812 -1.757481
v 0.845228 1.122380 -1.757481
v 0.845228 1.296812 -1.757481
v 0.762204 1.134510 -1.765254
v 0.760498 1.285281 -1.766245
v 0.832854 1.134510 -1.765254
v 0.834559 1.285281 -1.766245
v 0.763910 1.221356 -1.764262
v 0.831148 1.221356 -1.764262
v 0.771429 1.141458 -1.776455
v 0.771429 1.215008 -1.776455
v 0.823628 1.141458 -1.776455
v 0.823628 1.215008 -1.776455
v -0.725370 1.112767 -1.644115
v -0.739042 1.099095 -1.644115
v -0.739042 1.322883 -1.644115
v -0.725370 1.309211 -1.644115
v -0.742300 1.116025 -1.769853
v -0.742300 1.305954 -1.769853
v -0.856016 1.099095 -1.644115
v -0.869688 1.112767 -1.644115
v -0.869688 1.309211 -1.644115
v -0.856016 1.322883 -1.644115
v -0.852758 1.116025 -1.769853
v -0.852758 1.305954 -1.769853
v -0.725370 1.112767 -1.769853
v -0.739042 1.099095 -1.769853
v -0.739042 1.322883 -1.769853
v -0.725370 1.309211 -1.769853
v -0.856016 1.099095 -1.769853
v -0.869688 1.112767 -1.769853
v -0.869688 1.309211 -1.769853
v -0.856016 1.322883 -1.769853
v -0.749830 1.122380 -1.757481
v -0.749830 1.296812 -1.757481
v -0.845228 1.122380 -1.757481
v -0.845228 1.296812 -1.757481
v -0.760498 1.285281 -1.766245
v -0.832854 1.134510 -1.765254
v -0.834560 1.285281 -1.766245
v -0.762204 1.134510 -1.765254
v -0.763910 1.221356 -1.764262
v -0.831148 1.221356 -1.764262
v -0.771429 1.141458 -1.776455
v -0.771429 1.215008 -1.776455
v -0.823628 1.141458 -1.776455
v -0.823628 1.215008 -1.776455
v 0.471435 1.099043 -1.878664
v 0.381399 0.821941 -1.878664
v 0.381399 1.376144 -1.878664
v 0.145682 0.650683 -1.878664
v -0.145680 0.650683 -1.878664
v -0.381396 0.821941 -1.878664
v -0.471432 1.099043 -1.878664
v -0.381396 1.376144 -1.878664
v -0.145680 1.547403 -1.878664
v 0.145682 1.547403 -1.878664
v 0.331214 1.099043 -2.026577
v 0.267958 0.904361 -2.026577
v 0.102352 0.784041 -2.026577
v -0.102349 0.784041 -2.026577
v -0.267955 0.904361 -2.026577
v -0.331211 1.099043 -2.026577
v -0.267955 1.293724 -2.026577
v -0.102349 1.414044 -2.026577
v 0.102352 1.414044 -2.026577
v 0.267958 1.293724 -2.026577
v 0.427281 1.099043 -2.026577
v 0.471435 1.099043 -1.984584
v 0.381399 0.821941 -1.984584
v 0.345678 0.847894 -2.026577
v 0.145682 0.650683 -1.984584
v 0.132038 0.692676 -2.026577
v -0.145680 0.650683 -1.984584
v -0.132035 0.692676 -2.026577
v -0.381396 0.821941 -1.984584
v -0.345675 0.847894 -2.026577
v -0.471432 1.099043 -1.984584
v -0.427279 1.099043 -2.026577
v -0.381396 1.376144 -1.984584
v -0.345675 1.350192 -2.026577
v -0.145680 1.547403 -1.984584
v -0.132035 1.505410 -2.026577
v 0.145682 1.547403 -1.984584
v 0.132038 1.505410 -2.026577
v 0.381399 1.376144 -1.984584
v 0.345678 1.350192 -2.026577
v 0.000001 1.099043 -1.939273
v 0.331214 1.099043 -1.730752
v 0.267958 0.904361 -1.730752
v 0.102352 0.784041 -1.730752
v -0.102349 0.784041 -1.730752
v -0.267955 0.904361 -1.730752
v -0.331211 1.099043 -1.730752
v -0.267955 1.293724 -1.730752
v -0.102349 1.414044 -1.730752
v 0.102352 1.414044 -1.730752
v 0.267958 1.293724 -1.730752
v 0.427281 1.099043 -1.730752
v 0.471435 1.099043 -1.772745
v 0.381399 0.821941 -1.772745
v 0.345678 0.847894 -1.730752
v 0.145682 0.650683 -1.772745
v 0.132038 0.692676 -1.730752
v -0.145680 0.650683 -1.772745
v -0.132035 0.692676 -1.730752
v -0.381396 0.821941 -1.772745
v -0.345675 0.847894 -1.730752
v -0.471432 1.099043 -1.772745
v -0.427279 1.099043 -1.730752
v -0.381396 1.376144 -1.772745
v -0.345675 1.350192 -1.730752
v -0.145680 1.547403 -1.772745
v -0.132035 1.505410 -1.730752
v 0.145682 1.547403 -1.772745
v 0.132038 1.505410 -1.730752
v 0.381399 1.376144 -1.772745
v 0.345678 1.350192 -1.730752
v 0.000001 1.099043 -1.818056
v -1.083554 0.505321 -1.902622
v -1.083554 0.661414 -1.902622
v -1.063643 0.482899 -1.688038
v -1.063643 0.666352 -1.714795
v 0.000000 0.425411 -1.681645
v 0.000000 0.665716 -1.708402
v -0.000000 0.449359 -1.909016
v -0.000000 0.659251 -1.909016
v -0.812898 0.666352 -1.714795
v -0.779943 0.478155 -1.902622
v -0.812898 0.455734 -1.688038
v -0.779943 0.661414 -1.902622
v -0.554880 0.674771 -1.708402
v -0.529229 0.457463 -1.909015
v -0.554880 0.433538 -1.681644
v -0.529205 0.668306 -1.909015
v 1.083554 0.505321 -1.902622
v 1.083554 0.661414 -1.902622
v 1.063643 0.482899 -1.688039
v 1.063643 0.666352 -1.714796
v 0.812898 0.666352 -1.714796
v 0.779943 0.478155 -1.902622
v 0.812898 0.455734 -1.688039
v 0.779943 0.661414 -1.902622
v 0.554880 0.674771 -1.708402
v 0.529229 0.457463 -1.909016
v 0.554880 0.433538 -1.681645
v 0.529204 0.668306 -1.909016
v 0.620732 1.008575 2.070434
v 0.620732 0.992365 2.216913
v 0.671719 0.984021 2.070434
v 0.659046 0.973914 2.216913
v 0.684312 0.928849 2.070434
v 0.668508 0.932456 2.216913
v 0.649028 0.884604 2.070434
v 0.641995 0.899208 2.216913
v 0.592437 0.884604 2.070434
v 0.599470 0.899208 2.216913
v 0.557152 0.928849 2.070434
v 0.572956 0.932456 2.216913
v 0.569745 0.984021 2.070434
v 0.582419 0.973914 2.216913
v 0.671719 0.984021 2.200864
v 0.620732 1.008575 2.200864
v 0.684312 0.928849 2.200864
v 0.649028 0.884604 2.200864
v 0.592437 0.884604 2.200864
v 0.557152 0.928849 2.200864
v 0.569745 0.984021 2.200864
v -0.620732 1.008575 2.070434
v -0.620732 0.992365 2.216913
v -0.671719 0.984021 2.070434
v -0.659046 0.973914 2.216913
v -0.684312 0.928849 2.070434
v -0.668508 0.932456 2.216913
v -0.649028 0.884604 2.070434
v -0.641995 0.899208 2.216913
v -0.592436 0.884604 2.070434
v -0.599470 0.899208 2.216913
v -0.557152 0.928849 2.070434
v -0.572956 0.932456 2.216913
v -0.569745 0.984021 2.070434
v -0.582419 0.973914 2.216913
v -0.671719 0.984021 2.200864
v -0.620732 1.008575 2.200864
v -0.684312 0.928849 2.200864
v -0.649028 0.884604 2.200864
v -0.592436 0.884604 2.200864
v -0.557152 0.928849 2.200864
v -0.569745 0.984021 2.200864
v 0.293135 0.420593 -1.815426
v 0.304340 0.450503 -1.651923
v 0.316910 0.391662 -1.815426
v 0.342794 0.403342 -1.614262
v 0.309115 0.355036 -1.815426
v 0.330186 0.343635 -1.566583
v 0.275619 0.338294 -1.815426
v 0.276011 0.316344 -1.544789
v 0.241646 0.354044 -1.815426
v 0.221063 0.342018 -1.565292
v 0.232777 0.390425 -1.815426
v 0.206719 0.401326 -1.612652
v 0.255692 0.420043 -1.815426
v 0.243781 0.449606 -1.651206
v 0.304760 0.445669 -1.815426
v 0.343764 0.398208 -1.815426
v 0.330976 0.338122 -1.815426
v 0.276026 0.310657 -1.815426
v 0.220292 0.336495 -1.815426
v 0.205743 0.396179 -1.815426
v 0.243335 0.444766 -1.815426
v 0.293135 0.420593 -1.607426
v 0.316910 0.391662 -1.607426
v 0.309115 0.355036 -1.607426
v 0.275619 0.338294 -1.607426
v 0.241646 0.354044 -1.607426
v 0.232777 0.390425 -1.607426
v 0.255692 0.420043 -1.607426
v 0.305566 0.599000 -1.607680
v 0.345626 0.602624 -1.553592
v 0.332492 0.607213 -1.485117
v 0.276054 0.609311 -1.453817
v 0.218811 0.607338 -1.483263
v 0.203868 0.602779 -1.551280
v 0.242478 0.599069 -1.606651
v -0.293135 0.420593 -1.815425
v -0.304340 0.450503 -1.651923
v -0.316910 0.391662 -1.815425
v -0.342794 0.403342 -1.614262
v -0.309115 0.355036 -1.815425
v -0.330186 0.343635 -1.566583
v -0.275619 0.338294 -1.815425
v -0.276011 0.316344 -1.544789
v -0.241646 0.354044 -1.815425
v -0.221063 0.342018 -1.565292
v -0.232777 0.390425 -1.815425
v -0.206719 0.401326 -1.612652
v -0.255692 0.420043 -1.815425
v -0.243781 0.449606 -1.651206
v -0.304760 0.445669 -1.815425
v -0.343764 0.398208 -1.815425
v -0.330976 0.338122 -1.815425
v -0.276026 0.310657 -1.815425
v -0.220292 0.336495 -1.815425
v -0.205743 0.396179 -1.815425
v -0.243335 0.444766 -1.815425
v -0.293135 0.420593 -1.607426
v -0.316910 0.391662 -1.607426
v -0.309115 0.355036 -1.607426
v -0.275619 0.338294 -1.607426
v -0.241646 0.354044 -1.607426
v -0.232777 0.390425 -1.607426
v -0.255692 0.420043 -1.607426
v -0.305566 0.599000 -1.607680
v -0.345626 0.602624 -1.553592
v -0.332492 0.607213 -1.485117
v -0.276054 0.609311 -1.453817
v -0.218811 0.607338 -1.483262
v -0.203868 0.602779 -1.551280
v -0.242478 0.599069 -1.606650
v -0.228298 0.463240 -1.907441
v -0.206603 0.444171 -1.908272
v -0.206603 0.633220 -1.900038
v -0.228298 0.614151 -1.900869
v -0.198831 0.471373 -1.937033
v -0.198831 0.608622 -1.931056
v 0.226464 0.444171 -1.908272
v 0.248160 0.463240 -1.907441
v 0.248160 0.614151 -1.900869
v 0.226464 0.633220 -1.900038
v 0.218692 0.471373 -1.937033
v 0.218692 0.608622 -1.931056
v -0.228298 0.464542 -1.937331
v -0.206603 0.445473 -1.938161
v -0.206603 0.634522 -1.929927
v -0.228298 0.615453 -1.930758
v 0.226464 0.445473 -1.938161
v 0.248160 0.464542 -1.937331
v 0.248160 0.615453 -1.930758
v 0.226464 0.634522 -1.929927
vn -0.0000 -1.0000 -0.0000
vn 0.0266 0.2204 0.9750
vn 0.0214 0.2226 0.9747
vn -0.0000 0.2295 0.9733
vn -0.0000 0.2311 0.9729
vn -0.0000 0.2195 0.9756
vn 0.9894 0.0802 0.1212
vn 0.9973 0.0433 0.0589
vn 0.9348 0.3423 0.0948
vn 0.8912 0.4310 0.1418
vn 0.9896 -0.1410 0.0281
vn 0.9955 0.0213 0.0927
vn 0.9873 0.1001 0.1232
vn 0.8813 0.4724 -0.0137
vn 0.9788 0.2038 -0.0220
vn 0.9822 0.1864 -0.0247
vn 0.9935 0.1138 -0.0091
vn 0.9995 0.0316 -0.0004
vn 0.9938 0.1109 0.0010
vn 0.9903 0.1392 0.0041
vn 0.9994 0.0335 0.0030
vn 0.9914 0.1307 -0.0047
vn -0.0000 0.4141 0.9102
vn 0.9988 0.0485 -0.0000
vn 0.9995 0.0326 -0.0000
vn 0.9987 0.0510 -0.0000
vn 0.3571 0.9341 -0.0000
vn -0.0000 1.0000 -0.0000
vn 0.3362 0.9418 -0.0000
vn -0.0000 -0.0000 -1.0000
vn -0.9839 -0.1626 0.0740
vn -0.8641 -0.4581 0.2084
vn 0.3636 0.9316 -0.0000
vn -0.0000 0.1526 -0.9883
vn -0.0004 0.1403 -0.9901
vn 1.0000 -0.0000 -0.0000
vn 0.9984 0.0039 0.0569
vn -0.0000 -0.0000 1.0000
vn 0.9935 0.0077 0.1137
vn 0.9674 -0.2526 -0.0180
vn -0.0000 0.4619 0.8869
vn -0.0000 0.6244 0.7811
vn -0.0000 0.5322 0.8466
vn 0.2856 0.9517 0.1130
vn 0.3261 0.9380 0.1171
vn -0.0000 0.9968 0.0803
vn 0.9765 0.2154 0.0010
vn 0.9623 0.2720 -0.0056
vn 0.8964 0.4432 -0.0078
vn 0.8548 0.5190 0.0054
vn 0.9823 0.1789 0.0556
vn 0.9785 0.2013 0.0457
vn -0.0000 0.9102 -0.4141
vn 0.1312 0.3967 0.9085
vn 0.2746 -0.3147 0.9086
vn 0.2790 -0.3534 0.8929
vn 0.1202 0.4340 0.8928
vn -0.0323 0.9995 -0.0015
vn -0.0715 0.9974 -0.0026
vn -0.0711 0.9975 -0.0026
vn 0.3110 -0.8554 0.4143
vn 0.3025 -0.9111 -0.2800
vn 0.3030 -0.9069 -0.2927
vn 0.3089 -0.8936 0.3258
vn 0.2304 -0.6255 -0.7455
vn 0.1257 -0.3839 -0.9148
vn 0.2153 -0.5913 -0.7771
vn 0.2151 0.4032 0.8895
vn 0.3546 -0.2882 0.8895
vn 0.3586 -0.3442 0.8677
vn 0.1971 0.4563 0.8677
vn 0.3779 -0.2805 -0.8823
vn 0.2396 0.4052 -0.8823
vn 0.2193 0.4630 -0.8588
vn 0.3817 -0.3417 -0.8588
vn -0.0000 0.9690 0.2472
vn -0.0425 0.9092 0.4141
vn -0.0587 0.9437 0.3255
vn -0.3408 -0.8557 0.3893
vn -0.0000 -0.9102 0.4141
vn -0.0002 0.3012 -0.9536
vn -0.0000 0.3012 -0.9536
vn 0.9802 0.1979 -0.0000
vn 0.9792 0.1976 0.0455
vn 0.9800 0.1977 0.0226
vn 0.9772 0.2108 0.0260
vn 0.9770 0.2088 0.0435
vn 0.9805 0.1966 0.0029
vn 0.9800 0.1989 -0.0000
vn 0.9910 0.1339 -0.0058
vn 0.9910 0.1330 0.0144
vn 0.9869 0.1607 -0.0161
vn 0.9806 0.1930 -0.0335
vn 0.9823 0.1819 -0.0458
vn 0.9687 0.2482 0.0054
vn 0.9687 0.2481 -0.0039
vn 0.9781 0.2039 -0.0421
vn 0.9839 0.1771 -0.0252
vn 0.9802 0.1978 -0.0001
vn 0.9796 0.2008 0.0030
vn 0.3135 -0.8480 0.4273
vn 0.3262 -0.8424 -0.4289
vn 0.2908 -0.9105 -0.2939
vn 0.2843 -0.9100 0.3019
vn -0.0000 -0.9690 -0.2472
vn -0.3434 -0.9101 -0.2321
vn -0.3354 -0.9128 -0.2328
vn -0.8703 -0.4773 -0.1216
vn -0.9845 -0.1697 -0.0432
vn -0.8597 -0.4949 -0.1261
vn -0.0000 0.3017 -0.9534
vn -0.0000 0.3016 -0.9534
vn -0.0012 0.3018 -0.9534
vn -0.0000 0.3018 -0.9534
vn -0.0008 0.3016 -0.9534
vn -0.0260 0.9030 -0.4289
vn -0.0851 0.9521 -0.2939
vn 0.0561 0.5525 -0.8317
vn -0.0909 0.9490 0.3019
vn -0.0399 0.9032 0.4273
vn -0.7665 0.6223 0.1588
vn -0.0000 -0.9922 0.1249
vn -0.5832 -0.8027 0.1249
vn -0.6043 -0.7869 0.1249
vn -0.9436 -0.3066 0.1249
vn -0.9562 -0.2647 0.1248
vn -0.9436 0.3066 0.1249
vn -0.9285 0.3497 0.1248
vn -0.5832 0.8027 0.1249
vn -0.5590 0.8197 0.1248
vn -0.0000 0.9922 0.1249
vn 0.5832 0.8027 0.1249
vn 0.5590 0.8197 0.1248
vn 0.9436 0.3066 0.1249
vn 0.9285 0.3497 0.1248
vn 0.9436 -0.3066 0.1249
vn 0.9562 -0.2647 0.1248
vn 0.5832 -0.8027 0.1249
vn 0.6043 -0.7869 0.1249
vn -0.0000 -0.4652 0.8852
vn -0.1372 -0.9905 -0.0000
vn -0.0000 -0.6413 -0.7673
vn -0.0000 -0.6091 0.7931
vn -0.0000 -0.4267 -0.9044
vn -0.9239 -0.3827 -0.0000
vn -0.9239 0.3827 -0.0000
vn -0.9126 0.4088 -0.0000
vn -0.9412 -0.3379 -0.0000
vn -0.3827 0.9239 -0.0000
vn -0.4018 -0.9157 -0.0000
vn -0.3827 -0.9239 -0.0000
vn 0.4018 -0.9157 -0.0000
vn 0.3827 -0.9239 -0.0000
vn 0.9126 0.4088 -0.0000
vn 0.9239 0.3827 -0.0000
vn 0.9239 -0.3827 -0.0000
vn 0.9412 -0.3379 -0.0000
vn 0.3827 0.9239 -0.0000
vn -0.0000 0.0874 0.9962
vn 0.0133 0.0937 0.9955
vn -0.0076 0.0749 0.9972
vn 0.0457 0.2096 0.9767
vn -0.0232 0.1940 0.9807
vn -0.0200 0.2116 0.9771
vn 0.0301 0.1886 0.9816
vn -0.0000 0.2172 0.9761
vn -0.0054 0.2160 0.9764
vn -0.0000 0.2202 0.9755
vn 0.0009 0.1534 0.9882
vn -0.0266 0.2204 0.9750
vn -0.0214 0.2226 0.9747
vn -0.9894 0.0802 0.1212
vn -0.9873 0.1001 0.1232
vn -0.9955 0.0213 0.0927
vn -0.9896 -0.1410 0.0281
vn -0.8912 0.4310 0.1418
vn -0.9348 0.3423 0.0948
vn -0.9973 0.0433 0.0589
vn -0.8813 0.4724 -0.0137
vn -0.9935 0.1138 -0.0091
vn -0.9822 0.1864 -0.0247
vn -0.9788 0.2038 -0.0220
vn -0.9995 0.0316 -0.0004
vn -0.9994 0.0335 0.0030
vn -0.9903 0.1392 0.0041
vn -0.9938 0.1109 0.0010
vn -0.9914 0.1307 -0.0047
vn -0.9988 0.0485 -0.0000
vn -0.9987 0.0510 -0.0000
vn -0.9995 0.0326 -0.0000
vn -0.3571 0.9341 -0.0000
vn -0.3362 0.9418 -0.0000
vn 0.9839 -0.1626 0.0740
vn 0.8641 -0.4581 0.2084
vn -0.3636 0.9316 -0.0000
vn 0.0004 0.1403 -0.9901
vn -1.0000 -0.0000 -0.0000
vn -0.9984 0.0039 0.0569
vn -0.9935 0.0077 0.1137
vn -0.9674 -0.2526 -0.0180
vn -0.2856 0.9517 0.1130
vn -0.3261 0.9380 0.1171
vn -0.9765 0.2154 0.0010
vn -0.9623 0.2720 -0.0056
vn -0.8548 0.5190 0.0054
vn -0.8964 0.4432 -0.0078
vn -0.9785 0.2013 0.0457
vn -0.9823 0.1789 0.0556
vn -0.1312 0.3967 0.9085
vn -0.1202 0.4340 0.8928
vn -0.2790 -0.3534 0.8929
vn -0.2746 -0.3147 0.9086
vn 0.0323 0.9995 -0.0015
vn 0.0711 0.9975 -0.0026
vn 0.0715 0.9974 -0.0026
vn -0.3110 -0.8553 0.4143
vn -0.3089 -0.8936 0.3258
vn -0.3030 -0.9069 -0.2927
vn -0.3025 -0.9111 -0.2800
vn -0.2304 -0.6255 -0.7455
vn -0.2153 -0.5913 -0.7771
vn -0.1257 -0.3839 -0.9148
vn -0.2151 0.4032 0.8895
vn -0.1971 0.4563 0.8677
vn -0.3586 -0.3442 0.8677
vn -0.3546 -0.2882 0.8895
vn -0.3779 -0.2805 -0.8823
vn -0.3817 -0.3417 -0.8588
vn -0.2193 0.4630 -0.8588
vn -0.2396 0.4052 -0.8823
vn 0.0587 0.9437 0.3255
vn 0.0425 0.9092 0.4141
vn 0.3408 -0.8557 0.3893
vn 0.0002 0.3012 -0.9536
vn -0.9802 0.1979 -0.0000
vn -0.9792 0.1976 0.0455
vn -0.9770 0.2088 0.0435
vn -0.9772 0.2108 0.0260
vn -0.9800 0.1977 0.0226
vn -0.9800 0.1989 -0.0000
vn -0.9805 0.1966 0.0029
vn -0.9910 0.1330 0.0144
vn -0.9910 0.1339 -0.0058
vn -0.9869 0.1607 -0.0161
vn -0.9823 0.1819 -0.0458
vn -0.9806 0.1930 -0.0335
vn -0.9687 0.2481 -0.0039
vn -0.9687 0.2482 0.0054
vn -0.9839 0.1771 -0.0252
vn -0.9781 0.2039 -0.0421
vn -0.9802 0.1978 -0.0001
vn -0.9796 0.2008 0.0030
vn -0.3135 -0.8480 0.4273
vn -0.2843 -0.9100 0.3019
vn -0.2908 -0.9105 -0.2939
vn -0.3262 -0.8424 -0.4289
vn 0.3354 -0.9128 -0.2328
vn 0.3434 -0.9101 -0.2321
vn 0.8703 -0.4773 -0.1216
vn 0.8597 -0.4949 -0.1261
vn 0.9845 -0.1697 -0.0432
vn 0.0012 0.3018 -0.9534
vn 0.0008 0.3016 -0.9534
vn 0.0260 0.9030 -0.4289
vn 0.0851 0.9521 -0.2939
vn -0.0561 0.5525 -0.8317
vn 0.0909 0.9490 0.3019
vn 0.0399 0.9032 0.4273
vn 0.7665 0.6223 0.1588
vn 0.1372 -0.9905 -0.0000
vn 0.0076 0.0749 0.9972
vn -0.0133 0.0937 0.9955
vn -0.0457 0.2096 0.9767
vn 0.0200 0.2116 0.9771
vn 0.0232 0.1940 0.9807
vn -0.0301 0.1886 0.9816
vn 0.0054 0.2159 0.9764
vn -0.0009 0.1534 0.9882
vn 0.9997 -0.0000 0.0259
vn -0.9760 -0.0000 0.2178
vn 0.0750 -0.9937 0.0830
vn -0.1754 -0.0000 -0.9845
vn 0.1754 -0.0000 0.9845
vn 0.0158 0.9959 0.0889
vn 0.2770 -0.9609 -0.0000
vn -0.2949 0.9555 -0.0000
vn -0.9997 -0.0000 0.0259
vn 0.9760 -0.0000 0.2178
vn -0.0750 -0.9937 0.0830
vn 0.1754 -0.0000 -0.9845
vn -0.1754 -0.0000 0.9845
vn -0.0158 0.9959 0.0889
vn -0.2770 -0.9609 -0.0000
vn 0.2949 0.9555 -0.0000
vn -0.6176 -0.7865 -0.0000
vn -0.6176 0.7865 -0.0000
vn 0.6176 -0.7865 -0.0000
vn 0.6176 0.7865 -0.0000
vn -0.0000 -0.7189 -0.6951
vn -0.0000 -0.7000 -0.7142
vn -0.0000 -0.4870 -0.8734
vn -0.9955 -0.0495 0.0807
vn -0.9906 -0.0714 0.1165
vn -0.0000 0.7035 0.7107
vn -0.0000 0.7200 0.6940
vn -0.0000 0.4922 0.8705
vn -0.0000 -0.7613 0.6484
vn -0.0000 -0.5880 0.8089
vn -0.0000 -0.9739 -0.2271
vn -0.0000 -0.9679 0.2512
vn -0.0000 0.7613 -0.6484
vn -0.0000 0.5880 -0.8089
vn -0.0000 0.4737 -0.8807
vn -0.0000 -0.9994 0.0352
vn -0.0000 0.9727 -0.2322
vn -0.0000 0.9709 0.2394
vn -0.0000 0.9658 0.2594
vn -0.9871 -0.0958 0.1283
vn -0.9907 -0.0876 0.1042
vn -0.9972 -0.0651 0.0380
vn -0.0000 -0.7202 0.6937
vn -0.0000 -0.5187 0.8549
vn -0.0000 0.7186 -0.6954
vn -0.0000 0.5163 -0.8564
vn -0.0000 -0.7709 -0.6370
vn -0.0000 -0.6034 -0.7974
vn -0.0000 0.7709 0.6370
vn -0.0000 0.6034 0.7974
vn -0.0000 0.9739 0.2271
vn -0.0000 0.9677 -0.2521
vn -0.0000 -0.9994 -0.0352
vn -0.0000 -0.9727 0.2322
vn -0.0000 -0.9705 -0.2412
vn -0.0000 -0.9653 -0.2613
vn 0.9955 -0.0495 0.0807
vn 0.9906 -0.0714 0.1165
vn 0.9871 -0.0958 0.1283
vn 0.9972 -0.0651 0.0380
vn 0.9907 -0.0876 0.1042
vn -0.5281 0.7269 0.4390
vn -0.4479 0.6164 0.6476
vn -0.0000 0.7620 0.6476
vn -0.0000 0.8985 0.4390
vn 0.8545 0.2777 0.4390
vn 0.7247 0.2355 0.6476
vn 0.7247 -0.2355 0.6476
vn 0.8545 -0.2777 0.4390
vn 0.4479 -0.6164 0.6476
vn 0.5281 -0.7269 0.4390
vn -0.0000 -0.7620 0.6476
vn -0.0000 -0.8985 0.4390
vn -0.4479 -0.6164 0.6476
vn -0.5281 -0.7269 0.4390
vn -0.7247 -0.2355 0.6476
vn -0.8545 -0.2777 0.4390
vn -0.7247 0.2355 0.6476
vn -0.8545 0.2777 0.4390
vn 0.4479 0.6164 0.6476
vn 0.5281 0.7269 0.4390
vn -0.0000 0.3177 0.9482
vn 0.1868 0.2570 0.9482
vn 0.3022 0.0982 0.9482
vn 0.3022 -0.0982 0.9482
vn 0.1868 -0.2570 0.9482
vn -0.0000 -0.3177 0.9482
vn -0.1868 -0.2570 0.9482
vn -0.3022 -0.0982 0.9482
vn -0.3022 0.0982 0.9482
vn -0.1868 0.2570 0.9482
vn -0.1068 -0.0263 -0.9939
vn -0.1101 -0.0278 -0.9935
vn -0.1691 -0.0557 -0.9840
vn 0.9667 -0.1354 0.2172
vn 0.1061 -0.9853 0.1342
vn 0.1410 -0.9802 0.1392
vn 0.0924 -0.9869 0.1322
vn 0.0020 0.9929 0.1187
vn -0.0000 0.9930 0.1185
vn 0.0018 0.9929 0.1187
vn 0.0163 -0.0000 0.9999
vn 0.0165 -0.0000 0.9999
vn 0.1523 -0.0125 0.9883
vn 0.1027 -0.0063 0.9947
vn 0.0999 -0.0059 0.9950
vn 0.1024 -0.0000 0.9947
vn 0.1041 -0.0000 0.9946
vn 0.1564 -0.9781 0.1376
vn 0.1723 -0.9752 0.1392
vn 0.0240 0.9934 0.1123
vn 0.0167 0.9932 0.1152
vn 0.0135 0.9931 0.1165
vn 0.0166 -0.9926 0.1201
vn 0.1477 -0.9797 0.1354
vn 0.1293 -0.9826 0.1333
vn 0.0151 -0.9927 0.1199
vn 0.0840 -0.0000 -0.9965
vn 0.0808 -0.0000 -0.9967
vn -0.0000 -0.9930 0.1185
vn 0.1229 -0.0000 0.9924
vn 0.1247 -0.0000 0.9922
vn -0.0157 -0.0000 -0.9999
vn -0.0156 -0.0000 -0.9999
vn 0.1160 0.9844 0.1323
vn 0.0976 0.9867 0.1302
vn 0.1121 0.9849 0.1320
vn 0.1301 0.9824 0.1340
vn 0.0691 -0.0000 -0.9976
vn 0.0716 -0.0000 -0.9974
vn 0.1068 -0.0263 -0.9939
vn 0.1691 -0.0557 -0.9840
vn 0.1101 -0.0278 -0.9935
vn -0.9667 -0.1354 0.2172
vn -0.1061 -0.9853 0.1342
vn -0.0924 -0.9869 0.1322
vn -0.1410 -0.9802 0.1392
vn -0.0020 0.9929 0.1187
vn -0.0018 0.9929 0.1187
vn -0.0163 -0.0000 0.9999
vn -0.0165 -0.0000 0.9999
vn -0.1523 -0.0125 0.9883
vn -0.0999 -0.0059 0.9950
vn -0.1027 -0.0063 0.9947
vn -0.1024 -0.0000 0.9947
vn -0.1041 -0.0000 0.9946
vn -0.1564 -0.9781 0.1376
vn -0.1723 -0.9752 0.1392
vn -0.0240 0.9934 0.1123
vn -0.0135 0.9931 0.1165
vn -0.0167 0.9932 0.1152
vn -0.0166 -0.9926 0.1201
vn -0.0151 -0.9927 0.1199
vn -0.1293 -0.9826 0.1333
vn -0.1477 -0.9797 0.1354
vn -0.0840 -0.0000 -0.9965
vn -0.0808 -0.0000 -0.9967
vn -0.1247 -0.0000 0.9922
vn -0.1229 -0.0000 0.9924
vn 0.0156 -0.0000 -0.9999
vn 0.0157 -0.0000 -0.9999
vn -0.1160 0.9844 0.1323
vn -0.0976 0.9867 0.1302
vn -0.1301 0.9824 0.1340
vn -0.1121 0.9849 0.1320
vn -0.0716 -0.0000 -0.9974
vn -0.0691 -0.0000 -0.9976
vn 0.5878 0.8090 -0.0000
vn 0.9511 0.3090 -0.0000
vn 0.9511 -0.3090 -0.0000
vn 0.5878 -0.8090 -0.0000
vn -0.5878 -0.8090 -0.0000
vn -0.9511 -0.3090 -0.0000
vn -0.9511 0.3090 -0.0000
vn -0.5878 0.8090 -0.0000
vn 0.5628 0.5442 -0.6221
vn 0.5008 -0.5220 -0.6905
vn 0.5415 -0.4841 -0.6873
vn 0.5318 0.5769 -0.6200
vn -0.5008 -0.5219 -0.6905
vn -0.5415 -0.4841 -0.6873
vn -0.5628 0.5442 -0.6221
vn -0.5318 0.5769 -0.6200
vn -0.3595 -0.0063 -0.9331
vn -0.2413 0.2391 -0.9405
vn 0.2413 0.2391 -0.9405
vn 0.3595 -0.0063 -0.9331
vn 0.5830 -0.0055 -0.8125
vn -0.5830 -0.0055 -0.8125
vn -0.0000 0.6051 -0.7961
vn -0.0000 -0.5395 -0.8420
vn 0.8132 0.0122 -0.5818
vn -0.8132 0.0122 -0.5818
vn -0.0000 0.8870 -0.4618
vn -0.0000 -0.8498 -0.5271
vn 0.7071 -0.7071 -0.0000
vn 0.7071 0.7071 -0.0000
vn -0.7071 -0.7071 -0.0000
vn -0.7071 0.7071 -0.0000
vn 0.5008 -0.5219 -0.6905
vn 0.7521 0.5464 -0.3686
vn 0.8090 0.5878 -0.0000
vn 0.9296 -0.0000 -0.3686
vn 0.2873 0.8841 -0.3686
vn 0.3090 0.9511 -0.0000
vn -0.9296 -0.0000 -0.3686
vn -0.8090 0.5878 -0.0000
vn -0.7521 0.5464 -0.3686
vn 0.2873 -0.8841 -0.3686
vn 0.3090 -0.9511 -0.0000
vn -0.3090 -0.9511 -0.0000
vn -0.2873 -0.8841 -0.3686
vn -0.8090 -0.5878 -0.0000
vn -0.7521 -0.5464 -0.3686
vn -0.1333 0.4102 -0.9022
vn 0.0319 -0.0980 -0.9947
vn 0.0834 -0.0606 -0.9947
vn -0.3490 0.2535 -0.9022
vn 0.4314 -0.0000 -0.9022
vn -0.1031 -0.0000 -0.9947
vn -0.0834 -0.0606 -0.9947
vn 0.3490 0.2535 -0.9022
vn 0.1333 -0.4102 -0.9022
vn -0.0319 0.0980 -0.9947
vn -0.0834 0.0606 -0.9947
vn 0.3490 -0.2535 -0.9022
vn -0.0319 -0.0980 -0.9947
vn 0.1333 0.4102 -0.9022
vn -0.2873 0.8841 -0.3686
vn -0.3090 0.9511 -0.0000
vn 0.1031 -0.0000 -0.9947
vn -0.4314 -0.0000 -0.9022
vn 0.0834 0.0606 -0.9947
vn -0.3490 -0.2535 -0.9022
vn 0.0319 0.0980 -0.9947
vn -0.1333 -0.4102 -0.9022
vn 0.7521 -0.5464 -0.3686
vn 0.8090 -0.5878 -0.0000
vn 0.7521 0.5464 0.3686
vn 0.9296 -0.0000 0.3686
vn 0.2873 0.8841 0.3686
vn -0.9296 -0.0000 0.3686
vn -0.7521 0.5464 0.3686
vn 0.2873 -0.8841 0.3686
vn -0.2873 -0.8841 0.3686
vn -0.7521 -0.5464 0.3686
vn -0.1333 0.4102 0.9022
vn -0.3490 0.2535 0.9022
vn 0.0834 -0.0606 0.9947
vn 0.0319 -0.0980 0.9947
vn 0.4314 -0.0000 0.9022
vn 0.3490 0.2535 0.9022
vn -0.0834 -0.0606 0.9947
vn -0.1031 -0.0000 0.9947
vn 0.1333 -0.4102 0.9022
vn 0.3490 -0.2535 0.9022
vn -0.0834 0.0606 0.9947
vn -0.0319 0.0980 0.9947
vn 0.1333 0.4102 0.9022
vn -0.0319 -0.0980 0.9947
vn -0.2873 0.8841 0.3686
vn -0.4314 -0.0000 0.9022
vn 0.1031 -0.0000 0.9947
vn -0.3490 -0.2535 0.9022
vn 0.0834 0.0606 0.9947
vn -0.1333 -0.4102 0.9022
vn 0.0319 0.0980 0.9947
vn 0.7521 -0.5464 0.3686
vn -0.0080 0.1256 0.9921
vn -0.0072 0.1260 0.9920
vn 0.0073 0.1346 0.9909
vn -0.9951 0.0078 0.0988
vn -0.0908 -0.9897 -0.1103
vn -0.0970 -0.9896 -0.1063
vn -0.0896 -0.9898 -0.1110
vn -0.0000 -0.9944 -0.1055
vn -0.0513 -0.9925 -0.1105
vn -0.0466 -0.9929 -0.1099
vn -0.0084 0.9994 -0.0326
vn -0.0000 0.9995 -0.0311
vn -0.0046 0.9995 -0.0324
vn -0.0129 -0.0000 -0.9999
vn -0.0134 -0.0000 -0.9999
vn -0.0095 0.1139 0.9934
vn -0.0098 0.1140 0.9934
vn -0.0000 0.9997 -0.0263
vn -0.0135 0.9995 -0.0297
vn -0.0168 0.9994 -0.0305
vn -0.0000 0.1105 0.9939
vn -0.0127 -0.0000 -0.9999
vn -0.0123 -0.0000 -0.9999
vn 0.0080 0.1256 0.9921
vn -0.0073 0.1346 0.9909
vn 0.0072 0.1260 0.9920
vn 0.9951 0.0078 0.0988
vn 0.0908 -0.9897 -0.1103
vn 0.0896 -0.9898 -0.1110
vn 0.0970 -0.9896 -0.1063
vn 0.0466 -0.9929 -0.1099
vn 0.0513 -0.9925 -0.1105
vn 0.0084 0.9994 -0.0326
vn 0.0046 0.9995 -0.0324
vn 0.0134 -0.0000 -0.9999
vn 0.0129 -0.0000 -0.9999
vn 0.0095 0.1139 0.9934
vn 0.0098 0.1140 0.9934
vn 0.0168 0.9994 -0.0305
vn 0.0135 0.9995 -0.0297
vn 0.0127 -0.0000 -0.9999
vn 0.0123 -0.0000 -0.9999
vn 0.4339 0.9010 -0.0000
vn -0.0000 0.9361 0.3516
vn 0.7319 0.5837 0.3516
vn 0.9749 0.2225 -0.0000
vn 0.9127 -0.2083 0.3516
vn 0.7818 -0.6235 -0.0000
vn 0.4062 -0.8434 0.3516
vn -0.4062 -0.8434 0.3516
vn -0.7818 -0.6235 -0.0000
vn -0.9127 -0.2083 0.3516
vn 0.3636 0.2900 0.8853
vn -0.0000 0.4651 0.8853
vn -0.3636 0.2900 0.8853
vn -0.4534 -0.1035 0.8853
vn -0.2018 -0.4190 0.8853
vn 0.2018 -0.4190 0.8853
vn 0.4534 -0.1035 0.8853
vn -0.9749 0.2225 -0.0000
vn -0.7319 0.5837 0.3516
vn -0.4339 0.9010 -0.0000
vn 0.4270 0.9039 -0.0243
vn 0.4837 0.8749 -0.0231
vn 0.9968 0.0112 0.0793
vn 0.9734 0.2289 -0.0029
vn 0.7631 -0.5190 0.3851
vn 0.7910 -0.6116 0.0159
vn 0.0112 -0.9997 0.0223
vn 0.0148 -0.9996 0.0223
vn -0.7456 -0.5349 0.3975
vn -0.7728 -0.6344 0.0163
vn -0.9958 -0.0102 0.0911
vn -0.9797 0.2005 -0.0021
vn -0.5132 0.8580 -0.0225
vn -0.4537 0.8908 -0.0238
vn -0.7909 0.6119 -0.0000
vn -0.0147 0.9999 -0.0000
vn -0.4206 -0.9073 -0.0000
vn -0.9716 -0.2368 -0.0000
vn 0.9781 -0.2082 -0.0000
vn 0.4471 -0.8945 -0.0000
vn 0.7726 0.6349 -0.0000
vn 0.4883 0.2452 -0.8375
vn -0.5178 0.2401 -0.8211
vn -0.4969 0.2438 -0.8329
vn 0.4684 0.2484 -0.8479
vn 0.9804 -0.0677 0.1851
vn 0.7472 -0.2021 0.6331
vn -0.7285 -0.2080 0.6528
vn -0.9745 -0.0756 0.2115
vn 0.7871 0.1697 -0.5930
vn 0.0118 -0.2978 0.9545
vn 0.0134 -0.2978 0.9545
vn -0.8046 0.1628 -0.5710
vn -0.4270 0.9039 -0.0243
vn -0.9734 0.2289 -0.0029
vn -0.9968 0.0112 0.0793
vn -0.4837 0.8749 -0.0231
vn -0.7910 -0.6116 0.0159
vn -0.7631 -0.5190 0.3851
vn -0.0148 -0.9996 0.0223
vn -0.0112 -0.9997 0.0223
vn 0.7728 -0.6344 0.0163
vn 0.7456 -0.5349 0.3975
vn 0.9797 0.2005 -0.0021
vn 0.9958 -0.0102 0.0911
vn 0.4537 0.8908 -0.0238
vn 0.5132 0.8580 -0.0225
vn 0.7909 0.6119 -0.0000
vn 0.0147 0.9999 -0.0000
vn 0.4206 -0.9073 -0.0000
vn 0.9716 -0.2368 -0.0000
vn -0.9781 -0.2082 -0.0000
vn -0.4471 -0.8945 -0.0000
vn -0.7726 0.6349 -0.0000
vn -0.4883 0.2452 -0.8375
vn -0.4684 0.2484 -0.8479
vn 0.4969 0.2438 -0.8329
vn 0.5178 0.2401 -0.8211
vn -0.7472 -0.2021 0.6331
vn -0.9804 -0.0677 0.1851
vn 0.9745 -0.0756 0.2115
vn 0.7285 -0.2080 0.6528
vn -0.7871 0.1697 -0.5930
vn -0.0118 -0.2978 0.9545
vn -0.0134 -0.2978 0.9545
vn 0.8046 0.1628 -0.5710
vn 0.9112 -0.4116 -0.0179
vn 0.9112 0.4116 0.0179
vn 0.3530 0.9347 0.0407
vn -0.3530 0.9347 0.0407
vn -0.9112 -0.4116 -0.0179
vn -0.9112 0.4116 0.0179
vn -0.3530 -0.9347 -0.0407
vn 0.3530 -0.9347 -0.0407
vn -0.0000 0.0435 -0.9991
vn -0.0000 -0.0435 0.9991
vt 0.983921 0.370878
vt 0.969066 0.370878
vt 0.969066 0.365648
vt 0.984754 0.365648
vt 0.984754 0.366662
vt 0.981862 0.366621
vt 0.104199 0.628335
vt 0.104797 0.627176
vt 0.106188 0.628850
vt 0.105334 0.629150
vt 0.105759 0.630680
vt 0.100002 0.639781
vt 0.100002 0.637634
vt 0.105046 0.637634
vt 0.104797 0.642864
vt 0.100001 0.642864
vt 0.100001 0.642528
vt 0.101408 0.642456
vt 0.987168 0.424270
vt 0.986487 0.424279
vt 0.982330 0.424277
vt 0.980844 0.424235
vt 0.969066 0.360419
vt 0.984754 0.360419
vt 0.095251 0.630428
vt 0.098344 0.630428
vt 0.098344 0.632405
vt 0.095251 0.632405
vt 0.090891 0.637638
vt 0.092299 0.632744
vt 0.091377 0.632743
vt 0.091772 0.632405
vt 0.106188 0.632405
vt 0.105336 0.632743
vt 0.095251 0.629965
vt 0.095251 0.629790
vt 0.098344 0.629790
vt 0.095509 0.630250
vt 0.974272 0.424235
vt 0.988688 0.424235
vt 0.988688 0.424873
vt 0.974272 0.424873
vt 0.097717 0.629029
vt 0.101438 0.629790
vt 0.106188 0.629790
vt 0.090500 0.629790
vt 0.091527 0.637232
vt 0.091390 0.633117
vt 0.091390 0.633117
vt 0.988688 0.426849
vt 0.974272 0.426849
vt 0.102416 0.628533
vt 0.090500 0.629867
vt 0.090500 0.630416
vt 0.095251 0.630259
vt 0.090500 0.632405
vt 0.090500 0.637634
vt 0.090500 0.630428
vt 0.095209 0.628009
vt 0.100002 0.642864
vt 0.090500 0.642864
vt 0.090500 0.628009
vt 0.090500 0.638648
vt 0.095209 0.642864
vt 0.091846 0.637634
vt 0.090500 0.637655
vt 0.092175 0.642864
vt 0.106188 0.637634
vt 0.106188 0.642864
vt 0.091377 0.632744
vt 0.099457 0.632233
vt 0.095472 0.635031
vt 0.105405 0.637230
vt 0.973000 0.426847
vt 0.973000 0.424873
vt 0.973000 0.424235
vt 0.981645 0.424841
vt 0.982330 0.424832
vt 0.986487 0.424830
vt 0.987973 0.424873
vt 0.977827 0.301953
vt 0.988659 0.301952
vt 0.988716 0.305681
vt 0.977185 0.305682
vt 0.977071 0.302263
vt 0.099656 0.630616
vt 0.104161 0.630612
vt 0.104161 0.630630
vt 0.099659 0.630634
vt 0.099512 0.632234
vt 0.095580 0.634994
vt 0.104631 0.630716
vt 0.104631 0.632196
vt 0.104579 0.632195
vt 0.104627 0.630734
vt 0.103814 0.632573
vt 0.095296 0.635452
vt 0.095408 0.635412
vt 0.103756 0.632575
vt 0.986487 0.424285
vt 0.982330 0.424283
vt 0.982330 0.424826
vt 0.986487 0.424824
vt 0.983021 0.424024
vt 0.985158 0.423365
vt 0.099204 0.630716
vt 0.099210 0.630734
vt 0.091213 0.632744
vt 0.984665 0.296976
vt 0.984308 0.296977
vt 0.981182 0.296912
vt 0.980987 0.296863
vt 0.982762 0.296315
vt 0.984949 0.296883
vt 0.991581 0.306873
vt 0.991191 0.306894
vt 0.987737 0.306896
vt 0.987347 0.306875
vt 0.987347 0.306465
vt 0.987737 0.306444
vt 0.991191 0.306446
vt 0.991581 0.306467
vt 0.984062 0.311076
vt 0.984206 0.310728
vt 0.987473 0.308434
vt 0.991309 0.308482
vt 0.990999 0.308718
vt 0.105024 0.632348
vt 0.105473 0.630428
vt 0.981761 0.424272
vt 0.981860 0.424301
vt 0.981860 0.424807
vt 0.980844 0.424873
vt 0.098930 0.630559
vt 0.104962 0.630539
vt 0.987256 0.424842
vt 0.986956 0.424805
vt 0.986957 0.424304
vt 0.987973 0.424235
vt 0.092868 0.636585
vt 0.104652 0.632931
vt 0.991723 0.307188
vt 0.991682 0.308403
vt 0.987222 0.307188
vt 0.987595 0.307105
vt 0.991336 0.307102
vt 0.986956 0.424799
vt 0.986957 0.424310
vt 0.987790 0.424049
vt 0.987418 0.424160
vt 0.987018 0.424162
vt 0.983256 0.424083
vt 0.984915 0.422977
vt 0.981860 0.424279
vt 0.099188 0.630622
vt 0.094889 0.635448
vt 0.104631 0.630612
vt 0.982628 0.424093
vt 0.986957 0.424279
vt 0.104957 0.632185
vt 0.981860 0.424833
vt 0.986956 0.424827
vt 0.982886 0.424066
vt 0.104575 0.632297
vt 0.103835 0.632548
vt 0.981860 0.424801
vt 0.981860 0.424307
vt 0.095808 0.575318
vt 0.108877 0.575318
vt 0.108877 0.588387
vt 0.095808 0.588387
vt 0.102342 0.588387
vt 0.106183 0.587139
vt 0.108557 0.583872
vt 0.108557 0.579833
vt 0.106183 0.576566
vt 0.102342 0.575318
vt 0.098502 0.576566
vt 0.096128 0.579833
vt 0.096128 0.583872
vt 0.098502 0.587139
vt 0.989212 0.365260
vt 0.986635 0.357329
vt 0.978296 0.357329
vt 0.975719 0.365260
vt 0.975372 0.355974
vt 0.989559 0.355974
vt 0.989559 0.370161
vt 0.975372 0.370161
vt 0.982465 0.370161
vt 0.980833 0.423126
vt 0.985973 0.419392
vt 0.977657 0.413350
vt 0.975694 0.419392
vt 0.975429 0.412318
vt 0.986237 0.412318
vt 0.986237 0.423126
vt 0.975429 0.423126
vt 0.984010 0.413350
vt 0.984655 0.421543
vt 0.986237 0.417722
vt 0.984655 0.413900
vt 0.980833 0.412318
vt 0.977012 0.413900
vt 0.975429 0.417722
vt 0.977012 0.421543
vt 0.985514 0.420424
vt 0.985514 0.415020
vt 0.976153 0.415020
vt 0.976153 0.420424
vt 0.098999 0.642147
vt 0.098575 0.642504
vt 0.098575 0.642864
vt 0.095209 0.627176
vt 0.100001 0.627176
vt 0.098999 0.637277
vt 0.098575 0.637633
vt 0.098575 0.638353
vt 0.100002 0.638709
vt 0.098999 0.639712
vt 0.098575 0.640069
vt 0.098575 0.640788
vt 0.100002 0.641145
vt 0.984754 0.358442
vt 0.969066 0.357804
vt 0.984754 0.357804
vt 0.984754 0.357881
vt 0.981611 0.357881
vt 0.981611 0.358430
vt 0.102749 0.628550
vt 0.100002 0.637277
vt 0.101536 0.632896
vt 0.102749 0.633705
vt 0.101536 0.629712
vt 0.100002 0.642147
vt 0.104790 0.641051
vt 0.105112 0.640664
vt 0.105112 0.639896
vt 0.104790 0.639528
vt 0.100002 0.639712
vt 0.104790 0.638462
vt 0.105112 0.638064
vt 0.105112 0.637295
vt 0.104790 0.636938
vt 0.105334 0.632336
vt 0.105112 0.642864
vt 0.105112 0.642486
vt 0.104790 0.642112
vt 0.104199 0.633491
vt 0.101062 0.631370
vt 0.973496 0.410552
vt 0.988503 0.410552
vt 0.988503 0.425559
vt 0.973496 0.425559
vt 0.976016 0.968767
vt 0.991023 0.968767
vt 0.991023 0.983774
vt 0.976016 0.983774
vt 0.974497 0.466108
vt 0.989503 0.466108
vt 0.989503 0.481114
vt 0.974497 0.481114
vt 0.982000 0.481114
vt 0.988498 0.477363
vt 0.988498 0.469859
vt 0.982000 0.466108
vt 0.975502 0.469859
vt 0.975502 0.477363
vt 0.967000 0.459722
vt 0.991000 0.459722
vt 0.991000 0.481944
vt 0.967000 0.481944
vt 0.992260 0.579590
vt 0.968260 0.579590
vt 0.973977 0.419974
vt 0.990868 0.419974
vt 0.990868 0.432934
vt 0.973977 0.432934
vt 0.973977 0.417368
vt 0.990868 0.417190
vt 0.990868 0.431773
vt 0.973977 0.431592
vt 0.973977 0.419974
vt 0.990868 0.418759
vt 0.973977 0.417329
vt 0.990868 0.417329
vt 0.973977 0.417385
vt 0.990868 0.417205
vt 0.990868 0.431788
vt 0.973977 0.431610
vt 0.973977 0.418759
vt 0.990868 0.418759
vt 0.973977 0.416044
vt 0.990868 0.416044
vt 0.973977 0.417377
vt 0.990868 0.417377
vt 0.990868 0.431584
vt 0.973977 0.431584
vt 0.973977 0.417330
vt 0.973977 0.417190
vt 0.973977 0.431773
vt 0.973977 0.418759
vt 0.990868 0.419974
vt 0.973977 0.417771
vt 0.990868 0.417771
vt 0.990868 0.417196
vt 0.990868 0.431767
vt 0.973977 0.417771
vt 0.990868 0.417490
vt 0.973977 0.417495
vt 0.990868 0.417495
vt 0.973977 0.417394
vt 0.990868 0.417211
vt 0.990868 0.431782
vt 0.973977 0.431601
vt 0.973977 0.417490
vt 0.990867 0.417490
vt 0.973977 0.417495
vt 0.973977 0.417196
vt 0.973977 0.431767
vt 0.990868 0.417495
vt 0.986811 0.416044
vt 0.987159 0.432934
vt 0.990868 0.417368
vt 0.987159 0.416044
vt 0.986811 0.432934
vt 0.990868 0.431592
vt 0.987035 0.416044
vt 0.987322 0.432934
vt 0.987322 0.416044
vt 0.987035 0.432934
vt 0.973276 0.969053
vt 0.986701 0.969053
vt 0.986701 0.986502
vt 0.973276 0.986502
vt 0.986701 0.986502
vt 0.986701 0.986502
vt 0.986701 0.969053
vt 0.990724 0.970911
vt 0.990724 0.984644
vt 0.990724 0.970911
vt 0.990297 0.980474
vt 0.990297 0.975082
vt 0.988531 0.975656
vt 0.988531 0.979900
vt 0.987128 0.984836
vt 0.986036 0.983333
vt 0.982000 0.984644
vt 0.986036 0.972222
vt 0.982000 0.970911
vt 0.977964 0.972222
vt 0.975469 0.975656
vt 0.975469 0.979900
vt 0.977964 0.983333
vt 0.973977 0.430823
vt 0.990867 0.430823
vt 0.988756 0.416044
vt 0.988756 0.432934
vt 0.980311 0.416044
vt 0.982422 0.416044
vt 0.982422 0.432934
vt 0.980311 0.432934
vt 0.973977 0.422378
vt 0.990867 0.422378
vt 0.990868 0.424489
vt 0.973977 0.424489
vt 0.990868 0.418155
vt 0.973977 0.418155
vt 0.973977 0.420412
vt 0.990868 0.420412
vt 0.986811 0.416044
vt 0.986816 0.432934
vt 0.976088 0.416044
vt 0.976088 0.432934
vt 0.984534 0.416044
vt 0.986505 0.416044
vt 0.986499 0.432934
vt 0.984534 0.432934
vt 0.973977 0.428878
vt 0.990867 0.428878
vt 0.990867 0.420094
vt 0.973977 0.420095
vt 0.990868 0.426600
vt 0.973977 0.426600
vt 0.978339 0.416044
vt 0.978345 0.432934
vt 0.978034 0.416044
vt 0.978028 0.432934
vt 0.973977 0.428572
vt 0.990867 0.428572
vt 0.973673 0.461109
vt 0.992626 0.461109
vt 0.992626 0.480063
vt 0.973673 0.480063
vt 1.000000 0.500000
vt 1.000000 1.000000
vt 0.900000 1.000000
vt 0.900000 0.500000
vt 0.800000 1.000000
vt 0.800000 0.500000
vt 0.700000 1.000000
vt 0.700000 0.500000
vt 0.600000 1.000000
vt 0.600000 0.500000
vt 0.500000 1.000000
vt 0.500000 0.500000
vt 0.400000 1.000000
vt 0.400000 0.500000
vt 0.300000 1.000000
vt 0.300000 0.500000
vt 0.200000 1.000000
vt 0.200000 0.500000
vt 0.391068 0.444164
vt 0.250000 0.490000
vt 0.108932 0.444164
vt 0.021746 0.324164
vt 0.021746 0.175836
vt 0.108932 0.055836
vt 0.250000 0.010000
vt 0.391068 0.055836
vt 0.478254 0.175836
vt 0.478254 0.324164
vt 0.100000 1.000000
vt 0.100000 0.500000
vt -0.000000 1.000000
vt -0.000000 0.500000
vt 0.750000 0.490000
vt 0.891068 0.444164
vt 0.978254 0.324164
vt 0.978254 0.175836
vt 0.891068 0.055836
vt 0.750000 0.010000
vt 0.608932 0.055836
vt 0.521746 0.175836
vt 0.521746 0.324164
vt 0.608932 0.444164
vt 0.972937 0.404122
vt 0.988483 0.404122
vt 0.988483 0.419667
vt 0.972937 0.419667
vt 0.025629 0.529816
vt 0.025629 0.522004
vt 0.017816 0.522004
vt 0.017816 0.529816
vt 0.016198 0.520386
vt 0.027247 0.520386
vt 0.027247 0.531434
vt 0.016198 0.531434
vt 0.984699 0.983799
vt 0.984699 0.975987
vt 0.976887 0.975987
vt 0.976887 0.983799
vt 0.975269 0.974369
vt 0.986317 0.974369
vt 0.986317 0.985417
vt 0.975269 0.985417
vt 0.975777 0.347738
vt 0.992922 0.347738
vt 0.992922 0.375608
vt 0.975777 0.375608
vt 0.990697 0.350349
vt 0.985856 0.356028
vt 0.969168 0.356028
vt 0.969168 0.350349
vt 0.990697 0.350349
vt 0.990697 0.350349
vt 0.985856 0.356028
vt 0.969168 0.356028
vt 0.969168 0.350348
vt 0.990697 0.350349
vt 0.990697 0.350348
vt 0.969168 0.374303
vt 0.969168 0.349043
vt 0.969168 0.347738
vt 0.969168 0.374303
vt 0.010059 0.577653
vt 0.027333 0.577653
vt 0.027333 0.594928
vt 0.010059 0.594928
vt 0.018696 0.594928
vt 0.025449 0.591676
vt 0.027117 0.584369
vt 0.022444 0.578509
vt 0.014949 0.578509
vt 0.010276 0.584369
vt 0.011943 0.591676
vt 0.970669 0.353547
vt 0.988355 0.353547
vt 0.988355 0.371233
vt 0.970669 0.371233
s 1
usemtl metallic
f 146/1/1 6/2/1 29/3/1 12/4/1 144/5/1 145/6/1
f 134/7/2 54/8/3 57/9/4 137/10/5
f 57/9/4 136/11/6 137/10/5
f 148/12/7 50/13/8 60/14/9 54/15/10 45/16/11 147/17/12 149/18/13
f 26/23/1 15/24/1 12/4/1 29/3/1
f 43/25/18 74/26/19 72/27/20 49/28/21
f 60/14/9 50/13/8 49/28/21 72/27/20 73/29/22
f 143/35/24 53/36/25 81/37/17 74/26/19 43/25/18 142/38/26
f 51/43/30 53/44/30 36/45/30 39/46/30
f 59/47/31 77/48/32 78/49/32 71/47/31
f 4/52/34 81/37/35 53/44/30 51/43/30
f 140/53/36 36/46/36 53/36/25 143/35/24
f 43/25/18 2/54/36 142/55/26
f 15/56/36 49/28/21 50/13/8 12/57/37
f 2/58/36 43/25/18 49/28/21 15/56/36
f 150/59/38 48/60/38 6/61/38 146/62/38
f 144/63/39 12/57/37 50/13/8 148/12/7
f 45/16/11 150/64/40 147/17/12
f 65/65/41 60/66/42 73/29/43
f 65/65/44 57/67/45 54/61/10 60/66/9
f 65/65/44 24/68/46 10/69/46 57/67/45
f 68/70/23 77/48/23 59/47/23 73/29/43
f 34/71/47 92/72/48 73/29/22 72/27/20
f 59/47/23 64/73/23 24/68/23 65/65/41
f 59/47/23 65/65/41 73/29/43
f 64/73/53 59/47/53 71/47/53 70/73/53
f 90/86/54 95/87/55 115/88/56 112/89/57
f 92/72/58 34/71/59 80/90/60 114/91/58
f 94/92/61 101/93/62 108/94/63 116/95/64
f 100/96/65 93/97/66 113/98/66 109/99/67
f 34/71/59 91/106/77 111/107/78 80/90/60
f 68/128/49 101/93/88 94/92/89 75/129/50
f 74/134/19 91/106/92 34/71/47 72/27/20
f 75/135/50 95/87/93 90/86/94 74/26/19
f 73/140/22 93/97/97 100/96/98 68/141/49
f 90/86/94 91/155/92 74/134/19
f 92/72/48 93/156/97 73/140/22
f 94/92/89 95/157/93 75/135/50
f 100/96/98 101/160/88 68/128/49
f 108/164/100 109/99/87 110/165/86
f 113/98/118 93/97/118 92/72/118 114/91/118
f 100/96/65 109/99/67 108/94/63 101/93/62
f 115/88/56 95/87/55 94/92/61 116/95/64
f 90/86/54 112/89/57 111/107/78 91/106/77
f 136/168/122 1/169/122 3/170/123 137/171/124
f 137/168/124 3/169/123 8/170/125 134/171/126
f 134/168/126 8/169/125 13/170/127 132/171/128
f 132/168/128 13/169/127 23/170/129 133/171/130
f 133/168/130 23/169/129 27/170/131 130/171/131
f 130/168/131 27/169/131 33/170/132 131/171/133
f 131/168/133 33/169/132 37/170/134 129/171/135
f 37/168/134 41/169/136 138/170/137 129/171/135
f 138/168/137 41/169/136 47/170/138 135/171/139
f 135/168/139 47/169/138 1/170/122 136/171/122
f 23/172/38 13/173/38 8/174/38 3/175/38 1/176/38 47/177/38 41/178/38 37/179/38 33/180/38 27/181/38
f 143/182/140 25/183/140 139/184/140 140/185/140
f 19/186/141 25/187/141 143/188/141 142/189/141
f 25/186/36 19/187/36 141/188/36 139/189/36
f 142/190/142 2/182/142 141/183/142 19/184/142
f 14/186/1 17/187/1 148/188/1 149/189/1
f 148/182/143 17/183/143 145/184/143 144/185/143
f 146/190/36 145/182/36 17/183/36 14/184/36 150/185/36
f 150/182/144 14/183/144 149/184/144 147/185/144
f 9/191/145 5/192/146 162/193/147 154/194/148
f 162/195/147 5/196/146 7/197/149 168/198/149
f 151/195/150 11/196/151 9/197/145 154/198/148
f 168/195/149 7/196/149 63/197/28 167/198/28
f 158/191/148 32/192/145 28/199/146 164/194/147
f 155/195/152 22/196/153 35/197/151 156/198/150
f 163/192/154 18/199/155 20/193/156 153/194/157
f 56/191/38 58/200/38 46/201/38 44/202/38 42/203/38 40/204/38 55/205/38 52/206/38
f 169/195/158 16/196/158 18/197/155 163/198/154
f 153/195/157 20/196/156 22/197/153 155/198/152
f 164/195/147 28/196/146 31/197/149 170/198/149
f 156/195/150 35/196/151 32/197/145 158/198/148
f 170/195/149 31/196/149 16/197/158 169/198/158
f 160/191/148 56/192/145 52/199/146 166/194/147
f 159/195/152 46/196/153 58/197/151 161/198/150
f 165/192/154 42/199/155 44/193/156 157/194/157
f 63/191/38 7/207/38 5/208/38 9/203/38 11/209/38 62/210/38
f 172/195/158 40/196/158 42/197/155 165/198/154
f 157/195/157 44/196/156 46/197/153 159/198/152
f 166/195/147 52/196/146 55/197/149 171/198/149
f 161/195/150 58/196/151 56/197/145 160/198/148
f 171/195/149 55/196/149 40/197/158 172/198/158
f 152/195/1 62/196/1 11/197/151 151/198/150
f 162/211/159 168/212/38 167/213/38 48/60/38 150/214/38 45/215/160 166/216/161 171/217/38 172/218/38 165/219/159 164/220/159 170/221/38 169/222/38 163/223/159
f 32/191/38 35/200/38 22/201/38 20/202/38 18/203/38 16/204/38 31/205/38 28/206/38
f 2/224/1 15/24/1 26/23/1 39/225/1 36/226/1 140/227/1 139/228/1 141/229/1
f 45/215/160 54/8/3 134/7/2 132/230/162
f 166/231/161 131/232/163 129/233/164
f 133/234/165 45/215/160 132/230/162
f 162/235/159 163/223/159 153/236/166 155/237/166 156/238/166 158/239/166 164/240/159 165/219/159 157/241/166 159/242/166 161/243/166 160/244/167 135/245/168 136/11/6 57/9/4 10/69/166 152/246/166 151/247/166 154/248/166
f 138/249/5 135/245/168 160/244/167
f 166/231/161 45/215/160 130/250/169
f 45/215/160 133/234/165 130/250/169
f 138/249/5 160/244/167 129/233/164
f 160/244/167 166/231/161 129/233/164
f 166/231/161 130/250/169 131/232/163
f 296/1/1 295/6/1 294/5/1 181/4/1 29/3/1 6/2/1
f 284/7/170 287/10/5 217/9/4 214/8/171
f 217/9/4 287/10/5 286/11/6
f 298/12/172 299/18/173 297/17/174 207/16/175 214/15/176 220/14/177 211/13/178
f 26/23/1 29/3/1 181/4/1 184/24/1
f 205/25/183 210/28/184 226/27/185 228/26/186
f 220/14/177 227/29/187 226/27/185 210/28/184 211/13/178
f 293/35/188 292/38/189 205/25/183 228/26/186 235/37/180 213/36/190
f 51/43/30 39/46/30 200/45/30 213/44/30
f 219/47/193 225/47/193 232/49/194 231/48/194
f 4/52/34 51/43/30 213/44/30 235/37/196
f 290/53/197 293/35/188 213/36/190 200/46/197
f 205/25/183 292/55/189 174/54/197
f 184/56/197 181/57/198 211/13/178 210/28/184
f 174/58/197 184/56/197 210/28/184 205/25/183
f 300/59/38 296/62/38 6/61/38 48/60/38
f 294/63/199 298/12/172 211/13/178 181/57/198
f 207/16/175 297/17/174 300/64/200
f 221/65/41 227/29/43 220/66/42
f 221/65/201 220/66/177 214/61/176 217/67/202
f 221/65/201 217/67/202 10/69/46 24/68/46
f 224/70/23 227/29/43 219/47/23 231/48/23
f 198/71/203 226/27/185 227/29/187 242/72/204
f 219/47/23 221/65/41 24/68/23 64/73/23
f 219/47/23 227/29/43 221/65/41
f 64/73/53 70/73/53 225/47/53 219/47/53
f 240/86/209 262/89/210 265/88/211 245/87/212
f 242/72/213 264/91/213 234/90/214 198/71/215
f 244/92/216 266/95/217 258/94/218 251/93/219
f 250/96/220 259/99/221 263/98/222 243/97/222
f 198/71/215 234/90/214 261/107/231 241/106/232
f 224/128/206 229/129/205 244/92/240 251/93/241
f 228/134/186 226/27/185 198/71/203 241/106/244
f 229/135/205 228/26/186 240/86/245 245/87/246
f 227/140/187 224/141/206 250/96/249 243/97/250
f 240/86/245 228/134/186 241/155/244
f 242/72/204 227/140/187 243/156/250
f 244/92/240 229/135/205 245/157/246
f 250/96/249 224/128/206 251/160/241
f 258/164/252 260/165/238 259/99/237
f 263/98/266 264/91/266 242/72/266 243/97/266
f 250/96/220 251/93/219 258/94/218 259/99/221
f 265/88/211 266/95/217 244/92/216 245/87/212
f 240/86/209 241/106/232 261/107/231 262/89/210
f 286/168/122 287/171/139 175/170/138 173/169/122
f 287/168/139 284/171/137 178/170/136 175/169/138
f 284/168/137 282/171/135 182/170/134 178/169/136
f 282/168/135 283/171/133 191/170/132 182/169/134
f 283/168/133 280/171/131 193/170/131 191/169/132
f 280/168/131 281/171/130 197/170/129 193/169/131
f 281/168/130 279/171/128 201/170/127 197/169/129
f 201/168/127 279/171/128 288/170/126 203/169/125
f 288/168/126 285/171/124 209/170/123 203/169/125
f 285/168/124 286/171/122 173/170/122 209/169/123
f 191/172/38 193/181/38 197/180/38 201/179/38 203/178/38 209/177/38 173/176/38 175/175/38 178/174/38 182/173/38
f 293/182/140 290/185/140 289/184/140 192/183/140
f 188/186/270 292/189/270 293/188/270 192/187/270
f 192/186/197 289/189/197 291/188/197 188/187/197
f 292/190/142 188/184/142 291/183/142 174/182/142
f 183/186/1 299/189/1 298/188/1 186/187/1
f 298/182/143 294/185/143 295/184/143 186/183/143
f 296/190/197 300/185/197 183/184/197 186/183/197 295/182/197
f 300/182/144 297/185/144 299/184/144 183/183/144
f 179/191/156 303/194/157 311/193/154 176/192/155
f 311/195/154 316/198/158 177/197/158 176/196/155
f 301/195/152 303/198/157 179/197/156 180/196/153
f 316/195/158 167/198/28 63/197/28 177/196/158
f 307/191/157 313/194/154 194/199/155 196/192/156
f 304/195/150 305/198/152 199/197/153 190/196/151
f 312/192/147 302/194/148 189/193/145 187/199/146
f 216/191/38 212/206/38 215/205/38 202/204/38 204/203/38 206/202/38 208/201/38 218/200/38
f 317/195/149 312/198/147 187/197/146 185/196/149
f 302/195/148 304/198/150 190/197/151 189/196/145
f 313/195/154 318/198/158 195/197/158 194/196/155
f 305/195/152 307/198/157 196/197/156 199/196/153
f 318/195/158 317/198/149 185/197/149 195/196/158
f 309/191/157 315/194/154 212/199/155 216/192/156
f 308/195/150 310/198/152 218/197/153 208/196/151
f 314/192/147 306/194/148 206/193/145 204/199/146
f 63/191/38 62/210/38 180/209/38 179/203/38 176/208/38 177/207/38
f 320/195/149 314/198/147 204/197/146 202/196/149
f 306/195/148 308/198/150 208/197/151 206/196/145
f 315/195/154 319/198/158 215/197/158 212/196/155
f 310/195/152 309/198/157 216/197/156 218/196/153
f 319/195/158 320/198/149 202/197/149 215/196/158
f 152/195/1 301/198/152 180/197/153 62/196/1
f 311/211/159 312/223/159 317/222/38 318/221/38 313/220/159 314/219/159 320/218/38 319/217/38 315/216/271 207/215/272 300/214/38 48/60/38 167/213/38 316/212/38
f 196/191/38 194/206/38 195/205/38 185/204/38 187/203/38 189/202/38 190/201/38 199/200/38
f 174/224/1 291/229/1 289/228/1 290/227/1 200/226/1 39/225/1 26/23/1 184/24/1
f 207/215/272 282/230/273 284/7/170 214/8/171
f 315/231/271 279/233/274 281/232/275
f 283/234/276 282/230/273 207/215/272
f 311/235/159 303/248/166 301/247/166 152/246/166 10/69/166 217/9/4 286/11/6 285/245/168 309/244/277 310/243/166 308/242/166 306/241/166 314/219/159 313/240/159 307/239/166 305/238/166 304/237/166 302/236/166 312/223/159
f 288/249/5 309/244/277 285/245/168
f 315/231/271 280/250/278 207/215/272
f 207/215/272 280/250/278 283/234/276
f 288/249/5 279/233/274 309/244/277
f 309/244/277 279/233/274 315/231/271
f 315/231/271 281/232/275 280/250/278
s 0
f 325/251/279 326/252/279 324/253/279 323/254/279
f 321/251/280 327/252/280 328/253/280 322/254/280
f 322/251/281 325/252/281 323/253/281 321/254/281
f 322/255/282 328/256/282 326/257/282 325/258/282
f 323/251/283 324/252/283 327/253/283 321/254/283
f 328/251/284 327/252/284 324/253/284 326/254/284
f 329/259/197 330/260/197 332/261/197 331/262/197
f 333/259/36 336/260/36 335/261/36 334/262/36
f 336/259/285 340/260/285 339/261/285 335/262/285
f 336/263/38 333/264/38 330/265/38 329/266/38 338/267/38 340/268/38
f 334/263/30 335/264/30 339/265/30 337/266/30 331/267/30 332/268/30
f 329/259/286 331/260/286 337/261/286 338/262/286
f 345/251/287 343/254/287 344/253/287 346/252/287
f 341/251/288 342/254/288 348/253/288 347/252/288
f 342/251/289 341/254/289 343/253/289 345/252/289
f 342/255/290 345/258/290 346/257/290 348/256/290
f 343/251/291 341/254/291 347/253/291 344/252/291
f 348/251/292 346/254/292 344/253/292 347/252/292
f 349/259/36 351/262/36 352/261/36 350/260/36
f 353/259/197 354/262/197 355/261/197 356/260/197
f 356/259/293 355/262/293 359/261/293 360/260/293
f 356/263/38 360/268/38 358/267/38 349/266/38 350/265/38 353/264/38
f 354/263/30 352/268/30 351/267/30 357/266/30 359/265/30 355/264/30
f 349/259/294 358/262/294 357/261/294 351/260/294
f 378/269/36 379/270/36 369/271/36 368/272/36
f 380/269/28 375/270/28 363/271/28 370/272/28
f 361/269/197 364/270/197 376/271/197 373/272/197
f 374/269/295 362/270/295 361/271/295 373/272/295
f 363/269/296 375/270/296 376/271/296 364/272/296
f 367/269/297 377/270/297 378/271/297 368/272/297
f 380/269/298 370/270/298 369/271/298 379/272/298
f 374/269/1 377/270/1 367/271/1 362/272/1
f 365/270/30 374/271/30 373/272/30
f 366/270/30 376/271/30 375/272/30
f 371/270/30 378/271/30 377/272/30
f 372/270/30 380/271/30 379/272/30
f 365/269/30 371/270/30 377/271/30 374/272/30
f 366/269/30 365/270/30 373/271/30 376/272/30
f 372/269/30 366/270/30 375/271/30 380/272/30
f 371/269/30 372/270/30 379/271/30 378/272/30
f 365/273/30 366/274/30 372/274/30 371/274/30
f 362/272/38 367/271/38 368/272/38 369/271/38 370/270/38 363/271/38 364/272/38 361/269/38
s 1
f 398/275/299 405/276/300 391/277/301 388/278/301
f 410/279/36 411/280/36 407/281/36 406/282/36
f 405/283/36 408/284/36 390/277/36 391/278/36
f 412/285/36 409/286/36 383/277/36 384/278/36
f 397/287/302 400/288/303 403/289/197 402/290/197
f 408/291/304 399/292/305 389/277/306 390/278/306
f 381/293/28 384/294/28 387/277/28 392/278/28
f 409/285/307 401/286/307 382/277/308 383/278/308
f 418/295/309 426/296/309 422/297/310 413/298/310
f 404/299/311 412/286/311 384/277/312 381/278/312
f 385/293/313 392/294/313 387/277/313 386/278/313
f 382/293/197 381/294/197 392/277/197 385/278/197
f 384/293/36 383/294/36 386/277/36 387/278/36
f 383/293/1 382/294/1 385/277/1 386/278/1
f 391/293/314 390/294/314 389/277/314 388/278/314
f 411/300/315 403/280/315 400/281/316 407/301/317
f 399/302/318 398/303/319 388/277/320 389/278/320
f 401/285/197 404/286/197 381/277/197 382/278/197
f 414/304/321 421/305/321 396/277/322 393/278/322
f 426/295/197 427/306/197 423/307/197 422/298/197
f 421/308/197 424/309/197 395/277/197 396/278/197
f 428/310/197 425/311/197 385/277/197 392/278/197
f 413/312/36 416/313/36 419/314/36 418/315/36
f 424/316/323 415/317/323 394/277/324 395/278/324
f 425/310/325 417/311/325 386/277/326 385/278/326
f 420/318/327 428/311/327 392/277/328 387/278/328
f 427/319/329 419/306/329 416/307/330 423/320/330
f 415/316/36 414/305/36 393/277/36 394/278/36
f 417/310/36 420/321/36 387/277/36 386/278/36
f 393/293/331 396/294/331 395/277/331 394/278/331
f 398/293/319 399/322/318 400/288/303 397/287/302
f 404/323/197 401/278/197 402/290/197 403/289/197
f 410/324/332 402/279/332 401/293/307 409/294/307
f 403/280/315 411/300/315 412/293/311 404/294/311
f 411/280/36 410/279/36 409/293/36 412/325/36
f 408/326/36 405/278/36 406/282/36 407/281/36
f 397/282/333 406/327/334 405/277/300 398/278/299
f 407/301/317 400/281/316 399/277/305 408/278/304
f 414/293/36 415/328/36 416/313/36 413/312/36
f 420/329/36 417/278/36 418/315/36 419/314/36
f 426/296/309 418/295/309 417/293/325 425/294/325
f 419/293/329 427/294/329 428/311/327 420/318/327
f 427/306/197 426/295/197 425/293/197 428/330/197
f 424/331/197 421/278/197 422/298/197 423/307/197
f 413/298/310 422/297/310 421/277/321 414/278/321
f 423/320/330 416/307/330 415/277/323 424/278/323
f 402/279/332 410/324/332 406/327/334 397/282/333
f 446/275/299 436/278/301 439/277/301 453/276/300
f 458/279/197 454/282/197 455/281/197 459/280/197
f 453/283/197 439/278/197 438/277/197 456/284/197
f 460/285/197 432/278/197 431/277/197 457/286/197
f 445/287/335 450/290/36 451/289/36 448/288/336
f 456/291/304 438/278/306 437/277/306 447/292/305
f 429/293/28 440/278/28 435/277/28 432/294/28
f 457/285/307 431/278/308 430/277/308 449/286/307
f 466/295/309 461/298/310 470/297/310 474/296/309
f 452/299/311 429/278/312 432/277/312 460/286/311
f 433/293/313 434/278/313 435/277/313 440/294/313
f 430/293/36 433/278/36 440/277/36 429/294/36
f 432/293/197 435/278/197 434/277/197 431/294/197
f 431/293/1 434/278/1 433/277/1 430/294/1
f 439/293/314 436/278/314 437/277/314 438/294/314
f 459/300/315 455/301/317 448/281/316 451/280/315
f 447/302/337 437/278/338 436/277/338 446/303/339
f 449/285/36 430/278/36 429/277/36 452/286/36
f 462/304/321 441/278/322 444/277/322 469/305/321
f 474/295/36 470/298/36 471/307/36 475/306/36
f 469/308/36 444/278/36 443/277/36 472/309/36
f 476/310/36 440/278/36 433/277/36 473/311/36
f 461/312/197 466/315/197 467/314/197 464/313/197
f 472/316/323 443/278/324 442/277/324 463/317/323
f 473/310/325 433/278/326 434/277/326 465/311/325
f 468/318/327 435/278/328 440/277/328 476/311/327
f 475/319/329 471/320/330 464/307/330 467/306/329
f 463/316/197 442/278/197 441/277/197 462/305/197
f 465/310/197 434/278/197 435/277/197 468/321/197
f 441/293/331 442/278/331 443/277/331 444/294/331
f 446/293/339 445/287/335 448/288/336 447/322/337
f 452/323/36 451/289/36 450/290/36 449/278/36
f 458/324/332 457/294/307 449/293/307 450/279/332
f 451/280/315 452/294/311 460/293/311 459/300/315
f 459/280/197 460/325/197 457/293/197 458/279/197
f 456/326/197 455/281/197 454/282/197 453/278/197
f 445/282/333 446/278/299 453/277/300 454/327/334
f 455/301/317 456/278/304 447/277/305 448/281/316
f 462/293/197 461/312/197 464/313/197 463/328/197
f 468/329/197 467/314/197 466/315/197 465/278/197
f 474/296/309 473/294/325 465/293/325 466/295/309
f 467/293/329 468/318/327 476/311/327 475/294/329
f 475/306/36 476/330/36 473/293/36 474/295/36
f 472/331/36 471/307/36 470/298/36 469/278/36
f 461/298/310 462/278/321 469/277/321 470/297/310
f 471/320/330 472/278/323 463/277/323 464/307/330
f 450/279/332 445/282/333 454/327/334 458/324/332
f 549/355/370 546/356/371 540/277/372 539/278/372
f 539/293/373 540/294/373 538/277/373 537/278/373
f 549/357/374 539/294/375 537/277/375 548/358/376
f 545/359/377 542/360/378 544/361/378 552/362/379
f 547/363/380 552/364/381 544/365/38 543/366/38
f 537/293/382 538/294/382 551/367/383 548/368/384
f 555/369/385 560/370/386 552/364/381 547/363/380
f 558/371/387 549/357/374 548/358/376 556/372/388
f 540/293/389 546/373/390 551/374/391 538/278/389
f 550/375/392 557/376/393 555/377/394 547/378/395
f 558/379/396 553/380/397 546/356/371 549/355/370
f 541/360/398 550/375/392 547/378/395 543/361/398
f 548/368/384 551/367/383 559/381/399 556/382/400
f 541/366/30 542/365/30 545/383/401 550/384/402
f 554/385/403 545/359/377 552/362/379 560/386/404
f 546/373/390 553/387/405 559/388/406 551/374/391
f 560/370/386 555/369/385 556/382/400 559/381/399
f 554/385/403 560/386/404 559/388/406 553/387/405
f 558/371/387 556/372/388 555/377/394 557/376/393
f 553/380/397 558/379/396 557/389/407 554/390/408
f 550/384/402 545/383/401 554/390/408 557/389/407
f 569/355/409 563/278/410 564/277/410 566/356/411
f 563/293/412 561/278/412 562/277/412 564/294/412
f 569/357/413 568/358/414 561/277/415 563/294/415
f 565/359/416 572/362/417 544/361/378 542/360/378
f 567/363/418 543/366/38 544/365/38 572/364/419
f 561/293/420 568/368/421 571/367/422 562/294/420
f 575/369/423 567/363/418 572/364/419 580/370/424
f 578/371/425 576/372/426 568/358/414 569/357/413
f 564/293/427 562/278/427 571/374/428 566/373/429
f 570/375/430 567/378/431 575/377/432 577/376/433
f 578/379/434 569/355/409 566/356/411 573/380/435
f 541/360/398 543/361/398 567/378/431 570/375/430
f 568/368/421 576/382/436 579/381/437 571/367/422
f 541/366/30 570/384/438 565/383/439 542/365/30
f 574/385/440 580/386/441 572/362/417 565/359/416
f 566/373/429 571/374/428 579/388/442 573/387/443
f 580/370/424 579/381/437 576/382/436 575/369/423
f 574/385/440 573/387/443 579/388/442 580/386/441
f 578/371/425 577/376/433 575/377/432 576/372/426
f 573/380/435 574/390/444 577/389/445 578/379/434
f 570/384/438 577/389/445 574/390/444 565/383/439
s 0
f 583/391/30 584/392/30 588/393/30 587/394/30
f 587/391/36 588/392/36 586/393/36 585/394/36
f 585/391/38 586/392/38 582/393/38 581/394/38
f 583/391/1 587/392/1 585/393/1 581/394/1
f 588/391/28 584/392/28 582/393/28 586/394/28
f 591/391/30 595/394/30 596/393/30 592/392/30
f 595/391/197 593/394/197 594/393/197 596/392/197
f 593/391/38 589/394/38 590/393/38 594/392/38
f 591/391/1 589/394/1 593/393/1 595/392/1
f 596/391/28 594/394/28 590/393/28 592/392/28
s 1
f 654/437/156 655/438/155 645/439/155 644/440/156
f 656/437/158 651/438/149 639/439/149 646/440/158
f 637/437/145 640/438/146 652/439/146 649/440/145
f 641/437/454 642/438/455 658/439/456 657/440/457
f 650/437/151 638/438/151 637/439/145 649/440/145
f 639/437/149 651/438/149 652/439/146 640/440/146
f 643/437/153 653/438/153 654/439/156 644/440/156
f 656/437/158 646/438/158 645/439/155 655/440/155
f 650/437/151 653/438/153 643/439/153 638/440/151
f 641/438/30 650/439/30 649/440/30
f 642/438/30 652/439/30 651/440/30
f 647/438/30 654/439/30 653/440/30
f 648/438/30 656/439/30 655/440/30
f 641/437/30 647/438/30 653/439/30 650/440/30
f 642/437/30 641/438/30 649/439/30 652/440/30
f 648/437/30 642/438/30 651/439/30 656/440/30
f 647/437/30 648/438/30 655/439/30 654/440/30
f 642/437/455 648/438/458 660/439/459 658/440/456
f 647/437/460 641/438/454 657/439/457 659/440/461
f 648/437/458 647/438/460 659/439/461 660/440/459
f 688/437/197 678/440/197 679/439/197 689/438/197
f 690/437/149 680/440/149 673/439/158 685/438/158
f 671/437/36 683/440/36 686/439/36 674/438/36
f 675/437/460 691/440/461 692/439/459 676/438/458
f 684/437/153 683/440/474 671/439/474 672/438/153
f 673/437/158 674/440/475 686/439/475 685/438/158
f 677/437/151 678/440/476 688/439/476 687/438/151
f 690/437/149 689/440/477 679/439/477 680/438/149
f 684/437/153 672/440/153 677/439/151 687/438/151
f 675/437/30 683/440/30 684/439/30
f 676/437/30 685/440/30 686/439/30
f 681/437/30 687/440/30 688/439/30
f 682/437/30 689/440/30 690/439/30
f 675/437/30 684/440/30 687/439/30 681/438/30
f 676/437/30 686/440/30 683/439/30 675/438/30
f 682/437/30 690/440/30 685/439/30 676/438/30
f 681/437/30 688/440/30 689/439/30 682/438/30
f 676/437/458 692/440/459 694/439/456 682/438/478
f 681/437/454 693/440/457 691/439/461 675/438/460
f 682/437/478 694/440/456 693/439/457 681/438/454
f 787/355/547 785/356/548 780/277/549 779/278/549
f 779/293/550 780/294/550 778/277/550 777/278/550
f 787/357/551 779/294/552 777/277/552 786/358/553
f 781/360/554 791/376/555 790/377/556 783/361/554
f 789/385/557 782/360/558 784/361/558 792/386/559
f 777/293/30 778/294/30 788/367/560 786/368/561
f 791/389/562 789/390/563 785/356/548 787/355/547
f 780/293/564 785/373/565 788/374/566 778/278/564
f 782/365/567 789/390/563 791/389/562 781/366/567
f 789/385/557 792/386/559 788/374/566 785/373/565
f 792/370/568 790/369/569 786/368/561 788/367/560
f 790/377/556 791/376/555 787/357/551 786/358/553
f 790/369/569 792/370/568 784/365/30 783/366/30
f 799/355/570 795/278/571 796/277/571 797/356/572
f 795/293/573 793/278/573 794/277/573 796/294/573
f 799/357/574 798/358/575 793/277/576 795/294/576
f 781/360/554 783/361/554 802/377/577 803/376/578
f 801/385/579 804/386/580 784/361/558 782/360/558
f 793/293/30 798/368/581 800/367/582 794/294/30
f 803/389/583 799/355/570 797/356/572 801/390/584
f 796/293/564 794/278/564 800/374/585 797/373/586
f 782/365/567 781/366/567 803/389/583 801/390/584
f 801/385/579 797/373/586 800/374/585 804/386/580
f 804/370/587 800/367/582 798/368/581 802/369/588
f 802/377/577 798/358/575 799/357/574 803/376/578
f 802/369/588 783/366/30 784/365/30 804/370/587
f 861/487/609 848/488/610 850/489/611 862/490/612
f 862/487/612 850/488/611 852/489/613 863/490/614
f 863/487/614 852/488/613 854/489/615 864/490/616
f 864/487/616 854/488/615 856/489/617 865/490/618
f 865/487/618 856/488/617 858/489/619 866/490/620
f 866/487/620 858/488/619 860/489/621 867/490/622
f 867/487/622 860/488/621 848/489/610 861/490/609
f 851/487/623 853/488/624 871/489/624 870/490/623
f 849/487/30 847/488/30 861/489/30 862/490/30
f 851/487/30 849/488/30 862/489/30 863/490/30
f 853/487/30 851/488/30 863/489/30 864/490/30
f 855/487/30 853/488/30 864/489/30 865/490/30
f 857/487/30 855/488/30 865/489/30 866/490/30
f 859/487/30 857/488/30 866/489/30 867/490/30
f 847/487/30 859/488/30 867/489/30 861/490/30
f 847/487/625 849/488/626 869/489/626 868/490/625
f 857/487/627 859/488/628 874/489/628 873/490/627
f 853/487/624 855/488/629 872/489/629 871/490/624
f 849/487/626 851/488/623 870/489/623 869/490/626
f 859/487/628 847/488/625 868/489/625 874/490/628
f 855/487/629 857/488/627 873/489/627 872/490/629
f 848/489/630 860/488/631 881/488/632 875/489/633
f 852/489/613 850/488/611 876/488/634 877/489/635
f 858/489/619 856/488/617 879/488/636 880/489/637
f 850/489/638 848/488/630 875/488/633 876/489/638
f 854/489/639 852/488/613 877/488/635 878/489/640
f 860/489/631 858/488/641 880/488/641 881/489/632
f 856/489/617 854/488/639 878/488/640 879/489/636
f 896/487/642 897/490/643 885/489/644 883/488/645
f 897/487/643 898/490/646 887/489/647 885/488/644
f 898/487/646 899/490/648 889/489/649 887/488/647
f 899/487/648 900/490/650 891/489/651 889/488/649
f 900/487/650 901/490/652 893/489/653 891/488/651
f 901/487/652 902/490/654 895/489/655 893/488/653
f 902/487/654 896/490/642 883/489/645 895/488/655
f 886/487/656 905/490/656 906/489/657 888/488/657
f 884/487/30 897/490/30 896/489/30 882/488/30
f 886/487/30 898/490/30 897/489/30 884/488/30
f 888/487/30 899/490/30 898/489/30 886/488/30
f 890/487/30 900/490/30 899/489/30 888/488/30
f 892/487/30 901/490/30 900/489/30 890/488/30
f 894/487/30 902/490/30 901/489/30 892/488/30
f 882/487/30 896/490/30 902/489/30 894/488/30
f 882/487/658 903/490/658 904/489/659 884/488/659
f 892/487/660 908/490/660 909/489/661 894/488/661
f 888/487/657 906/490/657 907/489/662 890/488/662
f 884/487/659 904/490/659 905/489/656 886/488/656
f 894/487/661 909/490/661 903/489/658 882/488/658
f 890/487/662 907/490/662 908/489/660 892/488/660
f 883/489/663 910/489/664 916/488/665 895/488/666
f 887/489/647 912/489/667 911/488/668 885/488/644
f 893/489/653 915/489/669 914/488/670 891/488/651
f 885/489/671 911/489/671 910/488/664 883/488/663
f 889/489/672 913/489/673 912/488/667 887/488/647
f 895/489/666 916/489/665 915/488/674 893/488/674
f 891/489/651 914/489/670 913/488/673 889/488/672
usemtl light
f 486/332/340 506/333/341 488/334/342 477/335/343
f 479/332/344 492/333/345 494/336/346 480/335/347
f 480/332/347 494/333/346 496/334/348 481/335/349
f 481/332/349 496/333/348 498/336/350 482/335/351
f 482/332/351 498/333/350 500/334/352 483/335/353
f 483/332/353 500/333/352 502/337/354 484/335/355
f 484/332/355 502/333/354 504/334/356 485/335/357
f 485/332/357 504/333/356 506/334/341 486/335/340
f 477/332/343 488/338/342 490/337/358 478/335/359
f 478/332/359 490/333/358 492/334/345 479/335/344
f 490/337/358 488/338/342 487/339/360 489/340/361
f 492/334/345 490/333/358 489/341/361 491/340/362
f 494/336/346 492/333/345 491/339/362 493/340/363
f 496/334/348 494/333/346 493/339/363 495/340/364
f 498/336/350 496/333/348 495/341/364 497/340/365
f 500/334/352 498/333/350 497/341/365 499/340/366
f 502/337/354 500/333/352 499/341/366 501/340/367
f 504/334/356 502/333/354 501/341/367 503/340/368
f 506/342/341 504/343/356 503/344/368 505/345/369
f 488/346/342 506/342/341 505/345/369 487/347/360
f 489/348/361 487/347/360 505/345/369 503/344/368 501/349/367 499/350/366 497/351/365 495/352/364 493/353/363 491/354/362
f 516/332/359 507/335/343 518/334/342 536/333/358
f 509/332/357 510/335/355 524/336/354 522/333/356
f 510/332/355 511/335/353 526/334/352 524/333/354
f 511/332/353 512/335/351 528/336/350 526/333/352
f 512/332/351 513/335/349 530/334/348 528/333/350
f 513/332/349 514/335/347 532/337/346 530/333/348
f 514/332/347 515/335/344 534/334/345 532/333/346
f 515/332/344 516/335/359 536/334/358 534/333/345
f 507/332/343 508/335/340 520/337/341 518/338/342
f 508/332/340 509/335/357 522/334/356 520/333/341
f 520/337/341 519/340/369 517/339/360 518/338/342
f 522/334/356 521/340/368 519/341/369 520/333/341
f 524/336/354 523/340/367 521/339/368 522/333/356
f 526/334/352 525/340/366 523/339/367 524/333/354
f 528/336/350 527/340/365 525/341/366 526/333/352
f 530/334/348 529/340/364 527/341/365 528/333/350
f 532/337/346 531/340/363 529/341/364 530/333/348
f 534/334/345 533/340/362 531/341/363 532/333/346
f 536/342/358 535/345/361 533/344/362 534/343/345
f 518/346/342 517/347/360 535/345/361 536/342/358
f 519/348/369 521/354/368 523/353/367 525/352/366 527/351/365 529/350/364 531/349/363 533/344/362 535/345/361 517/347/360
f 597/395/28 598/396/28 600/397/446 599/398/446
f 599/398/446 600/397/446 602/399/447 601/400/447
f 601/400/447 602/399/447 604/401/448 603/402/448
f 603/402/448 604/401/448 606/403/449 605/404/449
f 605/404/449 606/403/449 608/405/1 607/406/1
f 607/406/1 608/405/1 610/407/450 609/408/450
f 609/408/450 610/407/450 612/409/451 611/410/451
f 611/410/451 612/409/451 614/411/452 613/412/452
f 600/413/38 598/414/38 616/415/38 614/416/38 612/417/38 610/418/38 608/419/38 606/420/38 604/421/38 602/422/38
f 613/412/452 614/411/452 616/423/453 615/424/453
f 615/424/453 616/423/453 598/425/28 597/426/28
f 597/427/30 599/428/30 601/429/30 603/430/30 605/431/30 607/432/30 609/433/30 611/434/30 613/435/30 615/436/30
f 617/395/28 619/398/453 620/397/453 618/396/28
f 619/398/453 621/400/452 622/399/452 620/397/453
f 621/400/452 623/402/451 624/401/451 622/399/452
f 623/402/451 625/404/450 626/403/450 624/401/451
f 625/404/450 627/406/1 628/405/1 626/403/450
f 627/406/1 629/408/449 630/407/449 628/405/1
f 629/408/449 631/410/448 632/409/448 630/407/449
f 631/410/448 633/412/447 634/411/447 632/409/448
f 620/413/38 622/422/38 624/421/38 626/420/38 628/419/38 630/418/38 632/417/38 634/416/38 636/415/38 618/414/38
f 633/412/447 635/424/446 636/423/446 634/411/447
f 635/424/446 617/426/28 618/425/28 636/423/446
f 617/427/30 635/436/30 633/435/30 631/434/30 629/433/30 627/432/30 625/431/30 623/430/30 621/429/30 619/428/30
f 661/441/462 662/442/463 664/443/464 663/444/465
f 660/445/466 659/446/466 663/447/465 664/448/464
f 657/445/467 658/446/467 662/447/463 661/448/462
f 658/445/468 660/446/468 664/447/464 662/448/463
f 659/445/469 657/446/469 661/447/469 663/448/469
f 667/449/30 668/450/30 670/451/30 669/452/30
f 666/453/470 663/454/470 669/455/470 670/456/470
f 661/453/471 665/454/471 668/455/471 667/456/471
f 665/453/472 666/454/472 670/455/472 668/456/472
f 663/453/473 661/454/473 667/455/473 669/456/473
f 698/441/465 696/444/462 697/443/463 695/442/464
f 694/445/467 697/448/463 696/447/462 693/446/467
f 691/445/466 698/448/465 695/447/464 692/446/466
f 692/445/468 695/448/464 697/447/463 694/446/468
f 693/445/469 696/448/469 698/447/469 691/446/469
f 701/449/30 703/452/30 704/451/30 702/450/30
f 700/453/471 704/456/471 703/455/471 696/454/471
f 698/453/470 701/456/470 702/455/470 699/454/470
f 699/453/472 702/456/472 704/455/472 700/454/472
f 696/453/473 703/456/473 701/455/473 698/454/473
f 805/476/589 820/477/590 819/478/591 807/479/589
f 807/476/592 819/477/591 821/478/593 809/479/592
f 809/476/594 821/477/593 822/478/595 811/479/594
f 811/476/1 822/477/595 823/478/596 813/479/1
f 813/476/597 823/477/596 824/478/598 815/479/597
f 808/480/599 806/481/600 818/482/601 816/483/602 814/484/603 812/485/604 810/486/605
f 815/476/606 824/477/598 825/478/607 817/479/606
f 817/476/608 825/477/607 820/478/590 805/479/608
f 805/480/30 807/481/30 809/482/30 811/483/30 813/484/30 815/485/30 817/486/30
f 806/476/600 808/477/599 819/478/591 820/479/590
f 808/476/599 810/477/605 821/478/593 819/479/591
f 810/476/605 812/477/604 822/478/595 821/479/593
f 812/476/604 814/477/603 823/478/596 822/479/595
f 814/476/603 816/477/602 824/478/598 823/479/596
f 816/476/602 818/477/601 825/478/607 824/479/598
f 818/476/601 806/477/600 820/478/590 825/479/607
f 826/476/608 828/479/608 840/478/607 841/477/590
f 828/476/606 830/479/606 842/478/598 840/477/607
f 830/476/597 832/479/597 843/478/596 842/477/598
f 832/476/1 834/479/1 844/478/595 843/477/596
f 834/476/594 836/479/594 845/478/593 844/477/595
f 829/480/601 831/486/602 833/485/603 835/484/604 837/483/605 839/482/599 827/481/600
f 836/476/592 838/479/592 846/478/591 845/477/593
f 838/476/589 826/479/589 841/478/590 846/477/591
f 826/480/30 838/486/30 836/485/30 834/484/30 832/483/30 830/482/30 828/481/30
f 827/476/600 841/479/590 840/478/607 829/477/601
f 829/476/601 840/479/607 842/478/598 831/477/602
f 831/476/602 842/479/598 843/478/596 833/477/603
f 833/476/603 843/479/596 844/478/595 835/477/604
f 835/476/604 844/479/595 845/478/593 837/477/605
f 837/476/605 845/479/593 846/478/591 839/477/599
f 839/476/599 846/479/591 841/478/590 827/477/600
usemtl glass
f 79/81/23 69/82/23 70/83/23 71/84/23 78/85/23
f 127/109/81 128/110/81 125/111/81 126/112/81 86/113/82 87/114/82
f 121/115/83 122/116/83 117/117/83 118/118/83 119/119/83 120/120/83 123/121/83 124/122/83
f 113/123/84 114/124/84 80/125/85 110/126/86 109/127/87
f 116/142/99 108/143/100 110/126/86 80/125/85 111/144/99 112/145/99 115/146/99
f 233/81/23 232/85/23 225/84/23 70/83/23 69/82/23
f 277/109/234 87/114/82 86/113/82 276/112/234 275/111/234 278/110/234
f 271/115/235 274/122/235 273/121/235 270/120/235 269/119/235 268/118/235 267/117/235 272/116/235
f 263/123/236 259/127/237 260/126/238 234/125/239 264/124/236
f 266/142/251 265/146/251 262/145/251 261/144/251 234/125/239 260/126/238 258/143/252
usemtl texture
f 83/19/14 99/20/15 88/21/16 81/22/17
f 76/30/23 68/31/23 67/32/23 21/33/23 61/34/23
f 85/39/27 38/40/28 30/41/28 66/42/29
f 66/42/29 30/41/28 21/50/28 67/51/33
f 66/42/29 67/51/33 68/74/49 75/75/50
f 85/39/27 66/42/29 75/75/50 83/76/14
f 74/77/19 103/78/51 104/79/52 75/80/50
f 88/21/68 99/20/69 123/100/70 120/101/71
f 104/79/72 103/78/73 117/102/74 122/103/75
f 106/104/76 82/105/76 86/105/76 126/104/76
f 76/30/23 77/108/23 68/70/23
f 78/49/32 77/48/32 76/30/79 79/30/79
f 76/30/79 61/34/80 69/34/80 79/30/79
f 81/130/17 89/131/90 102/132/91 74/133/19
f 75/136/50 105/137/95 98/138/96 83/139/14
f 98/138/101 105/137/102 121/147/103 124/148/104
f 84/149/105 97/150/106 127/150/107 87/149/105
f 96/151/108 107/152/109 125/152/109 128/151/110
f 81/22/35 4/153/34 82/105/111 106/104/112
f 88/21/16 89/154/90 81/130/17
f 97/150/113 84/149/114 38/40/114 85/40/113 83/139/113 81/158/35 107/152/115 96/151/113
f 98/138/96 99/159/15 83/19/14
f 102/132/91 103/161/51 74/77/19
f 104/79/52 105/162/95 75/136/50
f 106/104/112 107/163/115 81/158/35
f 102/132/116 118/166/117 117/102/74 103/78/73
f 121/147/103 105/137/102 104/79/72 122/103/75
f 98/138/101 124/148/104 123/100/70 99/20/69
f 119/167/119 89/131/120 88/21/68 120/101/71
f 106/104/121 126/104/121 125/152/121 107/152/121
f 127/150/107 97/150/106 96/151/108 128/151/110
f 102/132/116 89/131/120 119/167/119 118/166/117
f 236/19/179 235/22/180 238/21/181 249/20/182
f 230/30/23 61/34/23 21/33/23 223/32/23 224/31/23
f 237/39/191 222/42/192 30/41/28 38/40/28
f 222/42/192 223/51/195 21/50/28 30/41/28
f 222/42/192 229/75/205 224/74/206 223/51/195
f 237/39/191 236/76/179 229/75/205 222/42/192
f 228/77/186 229/80/205 254/79/207 253/78/208
f 238/21/223 270/101/224 273/100/225 249/20/226
f 254/79/227 272/103/228 267/102/229 253/78/230
f 256/104/76 276/104/76 86/105/76 82/105/76
f 230/30/23 224/70/23 231/108/23
f 232/49/194 233/30/233 230/30/233 231/48/194
f 230/30/233 233/30/233 69/34/80 61/34/80
f 235/130/180 228/133/186 252/132/242 239/131/243
f 229/136/205 236/139/179 248/138/247 255/137/248
f 248/138/253 274/148/254 271/147/255 255/137/256
f 84/149/105 87/149/105 277/150/257 247/150/258
f 246/151/259 278/151/260 275/152/261 257/152/261
f 235/22/196 256/104/112 82/105/111 4/153/34
f 238/21/181 235/130/180 239/154/243
f 247/150/262 246/151/262 257/152/263 235/158/196 236/139/262 237/40/262 38/40/114 84/149/114
f 248/138/247 236/19/179 249/159/182
f 252/132/242 228/77/186 253/161/208
f 254/79/207 229/136/205 255/162/248
f 256/104/112 235/158/196 257/163/263
f 252/132/264 253/78/230 267/102/229 268/166/265
f 271/147/255 272/103/228 254/79/227 255/137/256
f 248/138/253 249/20/226 273/100/225 274/148/254
f 269/167/267 270/101/224 238/21/223 239/131/268
f 256/104/269 257/152/269 275/152/269 276/104/269
f 277/150/257 278/151/260 246/151/259 247/150/258
f 252/132/264 268/166/265 269/167/267 239/131/268
f 743/457/479 707/458/480 705/459/36 726/460/481
f 741/457/482 714/458/483 707/459/480 743/460/479
f 735/457/484 711/458/197 712/459/485 737/460/486
f 729/457/487 708/458/488 709/459/489 731/460/490
f 731/457/490 709/458/489 710/459/491 733/460/492
f 733/457/492 710/458/491 711/459/197 735/460/484
f 740/461/493 722/462/494 721/463/495 738/464/496
f 725/465/497 715/462/498 724/463/499 744/464/500
f 730/466/501 717/467/502 716/468/503 728/469/504
f 744/470/500 724/467/499 723/468/505 742/464/506
f 742/471/506 723/462/505 722/468/494 740/464/493
f 739/457/507 713/458/508 714/459/483 741/460/482
f 738/461/496 721/467/495 720/463/509 736/464/510
f 736/465/510 720/462/509 719/463/511 734/464/512
f 734/466/512 719/467/511 718/468/513 732/464/514
f 732/461/514 718/467/513 717/468/502 730/464/501
f 727/457/515 706/458/516 708/459/488 729/460/487
f 737/457/486 712/458/485 713/459/508 739/460/507
f 715/463/498 716/467/503 745/463/30
f 728/461/504 716/467/503 715/463/498 725/464/497
f 726/457/481 727/460/515 728/472/504 725/473/497
f 727/474/515 729/458/487 730/466/501 728/469/504
f 729/457/487 731/460/490 732/472/514 730/473/501
f 731/474/490 733/458/492 734/466/512 732/464/514
f 733/474/492 735/458/484 736/465/510 734/464/512
f 735/474/484 737/458/486 738/461/496 736/464/510
f 737/457/486 739/460/507 740/475/493 738/473/496
f 739/457/507 741/460/482 742/472/506 740/473/493
f 741/474/482 743/458/479 744/470/500 742/464/506
f 743/457/479 726/460/481 725/472/497 744/473/500
f 726/457/481 705/458/36 706/459/516 727/460/515
f 722/468/494 723/462/505 745/463/30
f 719/463/511 720/462/509 745/463/30
f 716/468/503 717/467/502 745/463/30
f 723/468/505 724/467/499 745/463/30
f 720/463/509 721/467/495 745/463/30
f 717/468/502 718/467/513 745/463/30
f 724/463/499 715/462/498 745/463/30
f 721/463/495 722/462/494 745/463/30
f 718/468/513 719/467/511 745/463/30
f 774/457/517 757/460/518 705/459/36 707/458/480
f 772/457/519 774/460/517 707/459/480 714/458/483
f 766/457/520 768/460/521 712/459/485 711/458/197
f 760/457/522 762/460/523 709/459/489 708/458/488
f 762/457/523 764/460/524 710/459/491 709/458/489
f 764/457/524 766/460/520 711/459/197 710/458/491
f 771/461/525 769/464/526 752/463/527 753/462/528
f 756/465/529 775/464/530 755/463/531 746/462/532
f 761/466/533 759/469/534 747/468/535 748/467/536
f 775/470/530 773/464/537 754/468/538 755/467/531
f 773/471/537 771/464/525 753/468/528 754/462/538
f 770/457/539 772/460/519 714/459/483 713/458/508
f 769/461/526 767/464/540 751/463/541 752/467/527
f 767/465/540 765/464/542 750/463/543 751/462/541
f 765/466/542 763/464/544 749/468/545 750/467/543
f 763/461/544 761/464/533 748/468/536 749/467/545
f 758/457/546 760/460/522 708/459/488 706/458/516
f 768/457/521 770/460/539 713/459/508 712/458/485
f 746/463/532 776/463/38 747/467/535
f 759/461/534 756/464/529 746/463/532 747/467/535
f 757/457/518 756/473/529 759/472/534 758/460/546
f 758/474/546 759/469/534 761/466/533 760/458/522
f 760/457/522 761/473/533 763/472/544 762/460/523
f 762/474/523 763/464/544 765/466/542 764/458/524
f 764/474/524 765/464/542 767/465/540 766/458/520
f 766/474/520 767/464/540 769/461/526 768/458/521
f 768/457/521 769/473/526 771/475/525 770/460/539
f 770/457/539 771/473/525 773/472/537 772/460/519
f 772/474/519 773/464/537 775/470/530 774/458/517
f 774/457/517 775/473/530 756/472/529 757/460/518
f 757/457/518 758/460/546 706/459/516 705/458/36
f 753/468/528 776/463/38 754/462/538
f 750/463/543 776/463/38 751/462/541
f 747/468/535 776/463/38 748/467/536
f 754/468/538 776/463/38 755/467/531
f 751/463/541 776/463/38 752/467/527
f 748/468/536 776/463/38 749/467/545
f 755/463/531 776/463/38 746/462/532
f 752/463/527 776/463/38 753/462/528
f 749/468/545 776/463/38 750/467/543
f 934/269/675 935/270/676 925/271/676 924/272/675
f 936/269/677 931/270/678 919/271/678 926/272/677
f 917/269/679 920/270/680 932/271/680 929/272/679
f 930/269/681 918/270/681 917/271/679 929/272/679
f 919/269/678 931/270/678 932/271/680 920/272/680
f 923/269/682 933/270/682 934/271/675 924/272/675
f 936/269/677 926/270/677 925/271/676 935/272/676
f 930/269/681 933/270/682 923/271/682 918/272/681
f 921/270/683 930/271/683 929/272/683
f 922/270/683 932/271/683 931/272/683
f 927/270/683 934/271/683 933/272/683
f 928/270/683 936/271/683 935/272/683
f 921/269/683 927/270/683 933/271/683 930/272/683
f 922/269/683 921/270/683 929/271/683 932/272/683
f 928/269/683 922/270/683 931/271/683 936/272/683
f 927/269/683 928/270/683 935/271/683 934/272/683
f 921/273/683 922/274/683 928/274/683 927/274/683
f 918/272/684 923/271/684 924/272/684 925/271/684 926/270/684 919/271/684 920/272/684 917/269/684
o wheels.016
v -1.080152 0.725442 1.644444
v -1.080152 0.711725 1.829271
v -1.080152 0.628015 1.944488
v -1.080152 0.492569 1.988497
v -1.080152 0.312550 1.944428
v -1.080152 0.215008 1.786837
v -1.080152 0.215008 1.644421
v -1.080152 0.298718 1.529203
v -1.080152 0.470260 1.463387
v -1.080152 0.641803 1.529324
v -0.985083 0.470260 1.228208
v -0.985083 0.176868 1.323537
v -0.985083 0.763653 1.323537
v -0.985083 -0.004459 1.573112
v -0.985083 -0.004459 1.881603
v -0.985083 0.176868 2.131177
v -0.985083 0.470260 2.226506
v -0.985083 0.763653 2.131177
v -0.985083 0.944980 1.881603
v -0.985083 0.944980 1.573112
v -1.141691 0.470260 1.376673
v -1.141691 0.264133 1.443648
v -1.141691 0.136740 1.618990
v -1.141691 0.136740 1.835725
v -1.141691 0.264133 2.011067
v -1.141691 0.470260 2.078042
v -1.141691 0.676387 2.011067
v -1.141691 0.803781 1.835725
v -1.141691 0.803781 1.618990
v -1.141691 0.676387 1.443648
v -1.141691 0.470260 1.274957
v -1.097229 0.470260 1.228208
v -1.097229 0.176868 1.323537
v -1.141691 0.204346 1.361358
v -1.097229 -0.004459 1.573112
v -1.141691 0.040003 1.587558
v -1.097229 -0.004459 1.881603
v -1.141691 0.040003 1.867157
v -1.097229 0.176868 2.131177
v -1.141691 0.204346 2.093356
v -1.097229 0.470260 2.226506
v -1.141691 0.470260 2.179757
v -1.097229 0.763653 2.131177
v -1.141691 0.736174 2.093356
v -1.097229 0.944980 1.881603
v -1.141691 0.900518 1.867157
v -1.097229 0.944980 1.573112
v -1.141691 0.900518 1.587558
v -1.097229 0.763653 1.323537
v -1.141691 0.736174 1.361358
v -1.080152 0.447880 1.758161
v -1.080152 0.641803 1.963465
v -1.080152 0.725442 1.786739
v -1.080152 0.447880 1.988399
v -1.080152 0.192699 1.637172
v -1.080152 0.228910 1.829308
v -1.080152 0.341614 1.505187
v -1.080152 0.492569 1.758063
v -1.080152 0.434164 1.715629
v -1.080152 0.192699 1.817542
v -1.080152 0.298718 1.963465
v -1.080152 0.747822 1.637172
v -1.080152 0.598907 1.505187
v -1.080152 0.747822 1.817542
v -1.080152 0.470260 2.019203
v -1.080152 0.506472 1.715591
v -1.080152 0.470260 1.682254
v -1.080152 0.470260 1.435512
v -1.080152 0.298718 1.491249
v -1.080152 0.641803 1.491249
v -1.080152 0.470260 1.727357
v -0.985083 0.604659 1.912351
v -0.985083 0.529565 1.808983
v -0.985083 0.566282 1.696158
v -0.985083 0.687678 1.656724
v -0.985083 0.470260 1.501390
v -0.985083 0.470260 1.622472
v -0.985083 0.252799 1.656710
v -0.985083 0.374303 1.696179
v -0.985083 0.410916 1.809038
v -0.985083 0.335889 1.912315
v -0.985083 0.652084 1.847076
v -0.985083 0.527923 1.937284
v -0.985083 0.252799 1.737395
v -0.985083 0.300225 1.591435
v -0.985083 0.288503 1.847095
v -0.985083 0.640293 1.591504
v -0.985083 0.687678 1.737341
v -0.985083 0.412559 1.937226
v -0.985083 0.397377 1.525071
v -0.985083 0.543144 1.525071
v -0.890014 0.725442 1.644444
v -0.890014 0.711725 1.829271
v -0.890014 0.628015 1.944488
v -0.890014 0.492569 1.988497
v -0.890014 0.312550 1.944428
v -0.890014 0.215008 1.786837
v -0.890014 0.215008 1.644421
v -0.890014 0.298718 1.529203
v -0.890014 0.470260 1.463387
v -0.890014 0.641803 1.529324
v -0.828475 0.470260 1.376673
v -0.828475 0.264133 1.443648
v -0.828475 0.136740 1.618990
v -0.828475 0.136740 1.835725
v -0.828475 0.264133 2.011067
v -0.828475 0.470260 2.078042
v -0.828475 0.676387 2.011067
v -0.828475 0.803781 1.835725
v -0.828475 0.803781 1.618990
v -0.828475 0.676387 1.443648
v -0.828475 0.470260 1.274957
v -0.872936 0.470260 1.228208
v -0.872936 0.176868 1.323537
v -0.828475 0.204346 1.361358
v -0.872936 -0.004459 1.573112
v -0.828475 0.040003 1.587558
v -0.872936 -0.004459 1.881603
v -0.828475 0.040003 1.867157
v -0.872936 0.176868 2.131177
v -0.828475 0.204346 2.093356
v -0.872936 0.470260 2.226506
v -0.828475 0.470260 2.179757
v -0.872936 0.763653 2.131177
v -0.828475 0.736174 2.093356
v -0.872936 0.944980 1.881603
v -0.828475 0.900518 1.867157
v -0.872936 0.944980 1.573112
v -0.828475 0.900518 1.587558
v -0.872936 0.763653 1.323537
v -0.828475 0.736174 1.361358
v -0.890014 0.447880 1.758161
v -0.890014 0.641803 1.963465
v -0.890014 0.725442 1.786739
v -0.890014 0.447880 1.988399
v -0.890014 0.192699 1.637172
v -0.890014 0.228910 1.829308
v -0.890014 0.341614 1.505187
v -0.890014 0.492569 1.758063
v -0.890014 0.434164 1.715629
v -0.890014 0.192699 1.817542
v -0.890014 0.298718 1.963465
v -0.890014 0.747822 1.637172
v -0.890014 0.598907 1.505187
v -0.890014 0.747822 1.817542
v -0.890014 0.470260 2.019203
v -0.890014 0.506472 1.715591
v -0.890014 0.470260 1.682254
v -0.890014 0.470260 1.435512
v -0.890014 0.298718 1.491249
v -0.890014 0.641803 1.491249
v -0.890014 0.470260 1.727357
vn -0.3686 0.5464 -0.7521
vn -0.0000 0.5878 -0.8090
vn -0.0000 -0.0000 -1.0000
vn -0.3686 -0.0000 -0.9296
vn -0.3686 0.8841 -0.2873
vn -0.0000 0.9511 -0.3090
vn -0.3853 0.5424 -0.7465
vn -0.3691 0.2872 -0.8839
vn -0.0000 0.3090 -0.9511
vn -0.3686 -0.0000 0.9296
vn -0.0000 -0.0000 1.0000
vn -0.0000 0.5878 0.8090
vn -0.3686 0.5464 0.7521
vn -0.3686 -0.8841 -0.2873
vn -0.0000 -0.9511 -0.3090
vn -0.0000 -0.9511 0.3090
vn -0.3686 -0.8841 0.2873
vn -0.0000 -0.5878 0.8090
vn -0.3686 -0.5464 0.7521
vn -0.9022 0.4102 0.1333
vn -1.0000 -0.0000 -0.0000
vn -0.9022 0.2535 0.3490
vn -0.9022 -0.0000 -0.4314
vn -0.9022 0.2535 -0.3490
vn -0.9022 -0.4102 -0.1333
vn -0.9022 -0.2535 -0.3490
vn -0.9022 0.4102 -0.1333
vn -0.3686 0.8841 0.2873
vn -0.0000 0.9511 0.3090
vn -0.9022 -0.0000 0.4314
vn -0.9022 -0.2535 0.3490
vn -0.9022 -0.4102 0.1333
vn -0.3686 -0.5464 -0.7521
vn -0.0000 -0.5878 -0.8090
vn -0.6911 -0.0000 0.7228
vn -0.6911 0.4248 0.5847
vn -0.6911 -0.6874 -0.2234
vn -0.6911 -0.6874 0.2234
vn -0.6911 0.4248 -0.5847
vn -0.6911 -0.0000 -0.7228
vn -0.6911 0.6874 0.2234
vn -0.6911 -0.4248 0.5847
vn -0.6911 -0.4248 -0.5847
vn -0.6911 0.6874 -0.2234
vn -0.3557 -0.7586 0.5459
vn -0.0000 -0.8117 0.5841
vn -0.3554 -0.2888 0.8890
vn -0.3712 -0.0000 0.9286
vn -0.0000 -0.3090 0.9511
vn -0.3692 -0.9294 -0.0000
vn -0.3854 -0.8776 0.2852
vn -0.0000 -1.0000 -0.0000
vn -0.3695 0.7518 0.5462
vn -0.3857 0.8775 0.2851
vn -0.0000 0.8090 0.5878
vn -0.3554 0.2888 0.8890
vn -0.0000 0.3090 0.9511
vn -0.3692 -0.7519 0.5463
vn -0.0000 -0.8090 0.5878
vn -0.3694 0.9293 -0.0000
vn -0.0000 1.0000 -0.0000
vn -0.3691 0.7519 -0.5463
vn -0.0000 0.8090 -0.5878
vn -0.3693 -0.2872 -0.8838
vn -0.3856 -0.5423 -0.7465
vn -0.0000 -0.3090 -0.9511
vn -0.3392 -0.7583 -0.5568
vn -0.0000 -0.8060 -0.5918
vn -0.3556 0.9346 0.0043
vn -0.0000 1.0000 0.0046
vn -0.3554 0.7587 0.5460
vn -0.0000 0.8117 0.5841
vn -0.3392 0.7583 -0.5568
vn -0.0000 0.8060 -0.5918
vn -0.3557 -0.2848 0.8902
vn -0.0000 -0.3047 0.9525
vn -0.3554 -0.9347 0.0043
vn -0.0000 -1.0000 0.0046
vn -0.3556 -0.2929 -0.8876
vn -0.0000 -0.3134 -0.9496
vn -0.3553 0.2930 -0.8877
vn -0.0000 0.3134 -0.9496
vn -0.3693 -0.7518 -0.5462
vn -0.0000 -0.8090 -0.5878
vn -0.3554 0.2848 0.8903
vn -0.0000 0.3047 0.9525
vn 0.3686 0.5464 -0.7521
vn 0.3686 -0.0000 -0.9296
vn 0.3686 0.8841 -0.2873
vn 0.3853 0.5424 -0.7465
vn 0.3691 0.2872 -0.8839
vn 0.3686 -0.0000 0.9296
vn 0.3686 0.5464 0.7521
vn 0.3686 -0.8841 -0.2873
vn 0.3686 -0.8841 0.2873
vn 0.3686 -0.5464 0.7521
vn 0.9022 0.4102 0.1333
vn 0.9022 0.2535 0.3490
vn 1.0000 -0.0000 -0.0000
vn 0.9022 -0.0000 -0.4314
vn 0.9022 0.2535 -0.3490
vn 0.9022 -0.4102 -0.1333
vn 0.9022 -0.2535 -0.3490
vn 0.9022 0.4102 -0.1333
vn 0.3686 0.8841 0.2873
vn 0.9022 -0.0000 0.4314
vn 0.9022 -0.2535 0.3490
vn 0.9022 -0.4102 0.1333
vn 0.3686 -0.5464 -0.7521
vn 0.6911 -0.0000 0.7228
vn 0.6911 0.4248 0.5847
vn 0.6911 -0.6874 -0.2234
vn 0.6911 -0.6874 0.2234
vn 0.6911 0.4248 -0.5847
vn 0.6911 -0.0000 -0.7228
vn 0.6911 0.6874 0.2234
vn 0.6911 -0.4248 0.5847
vn 0.6911 -0.4248 -0.5847
vn 0.6911 0.6874 -0.2234
vn 0.3557 -0.7586 0.5459
vn 0.3554 -0.2888 0.8890
vn 0.3712 -0.0000 0.9286
vn 0.3692 -0.9294 -0.0000
vn 0.3854 -0.8776 0.2852
vn 0.3695 0.7518 0.5462
vn 0.3857 0.8775 0.2851
vn 0.3554 0.2888 0.8890
vn 0.3692 -0.7519 0.5463
vn 0.3694 0.9293 -0.0000
vn 0.3691 0.7519 -0.5463
vn 0.3693 -0.2872 -0.8838
vn 0.3856 -0.5423 -0.7465
vn 0.3392 -0.7583 -0.5568
vn 0.3556 0.9346 0.0043
vn 0.3554 0.7587 0.5460
vn 0.3392 0.7583 -0.5568
vn 0.3557 -0.2848 0.8902
vn 0.3554 -0.9347 0.0043
vn 0.3556 -0.2929 -0.8876
vn 0.3553 0.2930 -0.8877
vn 0.3693 -0.7518 -0.5462
vn 0.3554 0.2848 0.8903
vt 0.975777 0.347738
vt 0.992922 0.347738
vt 0.992922 0.375608
vt 0.975777 0.375608
vt 0.969168 0.356028
vt 0.982334 0.356028
vt 0.990697 0.350349
vt 0.985856 0.356028
vt 0.969168 0.356028
vt 0.969168 0.350349
vt 0.990697 0.350349
vt 0.990697 0.350349
vt 0.985856 0.356028
vt 0.969168 0.350348
vt 0.990697 0.350349
vt 0.990697 0.350348
vt 0.969168 0.374303
vt 0.969168 0.349043
vt 0.969168 0.347738
vt 0.969168 0.374303
vt 0.975668 0.528250
vt 0.977838 0.528250
vt 0.971747 0.356028
vt 0.984262 0.356028
vt 0.971345 0.356028
vt 0.984511 0.356028
vt 0.971338 0.356028
vt 0.984515 0.356028
vt 0.969168 0.356028
vt 0.981683 0.356028
vt 0.982334 0.356028
vt 0.982345 0.356028
vt 0.984511 0.356028
vt 0.971338 0.356028
vt 0.988845 0.528250
vt 0.975668 0.528250
vt 0.992356 0.528250
vt 0.991015 0.528250
vt 0.977838 0.528250
vt 0.992356 0.528250
vt 0.975668 0.528250
vt 0.991011 0.528250
vt 0.977845 0.528250
vt 0.988834 0.528250
vt 0.991011 0.528250
vt 0.988833 0.528250
vt 0.988183 0.528250
vt 0.990762 0.528250
vt 0.978247 0.528250
vt 0.982345 0.356028
s 1
usemtl metallic
f 941/495/691 990/496/692 1025/496/693 1017/495/686
f 995/511/729 944/512/729 1021/512/730 1015/511/730
f 999/513/731 945/514/732 1012/514/695 1027/513/733
f 989/515/734 937/516/735 1011/516/700 1024/515/736
f 944/517/737 943/518/738 1014/518/713 1021/517/739
f 945/519/732 993/520/740 1026/520/741 1012/519/695
f 937/495/735 946/521/742 1023/521/743 1011/495/700
f 943/495/738 942/522/744 1020/522/745 1014/495/713
f 992/515/746 941/523/691 1017/523/686 1022/515/747
f 940/524/748 939/518/749 1008/518/718 1019/524/750
f 938/525/705 939/526/705 988/526/705 1000/527/705
f 939/528/705 940/529/705 1001/526/705 988/530/705
f 942/525/705 943/531/705 991/531/705 996/530/705
f 943/528/705 944/512/705 1005/531/705 991/530/705
f 944/512/705 995/511/705 1007/531/705 1005/531/705
f 940/529/705 994/511/705 1007/531/705 1001/526/705
f 994/511/705 938/525/705 1000/527/705 1007/531/705
f 995/511/705 942/525/705 996/530/705 1007/531/705
f 941/532/705 992/533/705 996/531/705 997/530/705
f 946/534/705 937/531/705 998/531/705 1006/530/705
f 937/535/705 989/533/705 1000/531/705 998/527/705
f 990/536/705 941/531/705 997/526/705 1001/527/705
f 1002/533/705 946/534/705 1006/530/705 1007/531/705
f 987/533/705 990/536/705 1001/527/705 1007/531/705
f 989/533/705 1002/533/705 1007/531/705 1000/531/705
f 992/533/705 987/533/705 1007/531/705 996/531/705
f 993/537/705 945/526/705 1004/526/705 1005/530/705
f 945/538/705 999/539/705 1006/526/705 1004/527/705
f 999/539/705 1003/531/705 1007/531/705 1006/526/705
f 1003/531/705 993/537/705 1005/530/705 1007/531/705
f 1003/531/751 999/539/751 1027/539/752 1013/531/752
f 994/511/753 940/529/753 1019/529/754 1009/511/754
f 946/534/755 1002/533/755 1010/533/756 1023/534/756
f 993/537/757 1003/531/757 1013/531/758 1026/537/758
f 938/525/759 994/511/759 1009/511/760 1018/525/760
f 990/536/761 987/533/761 1016/533/762 1025/536/762
f 942/525/763 995/511/763 1015/511/764 1020/525/764
f 1002/533/765 989/533/765 1024/533/766 1010/533/766
f 939/499/749 938/540/767 1018/540/768 1008/499/718
f 987/533/769 992/533/769 1022/533/770 1016/533/770
f 1032/495/774 1017/495/686 1025/496/693 1071/496/775
f 1076/511/804 1015/511/730 1021/512/730 1035/512/804
f 1080/513/805 1027/513/733 1012/514/695 1036/514/806
f 1070/515/807 1024/515/736 1011/516/700 1028/516/808
f 1035/517/809 1021/517/739 1014/518/713 1034/518/810
f 1036/519/806 1012/519/695 1026/520/741 1074/520/811
f 1028/495/808 1011/495/700 1023/521/743 1037/521/812
f 1034/495/810 1014/495/713 1020/522/745 1033/522/813
f 1073/515/814 1022/515/747 1017/523/686 1032/523/774
f 1031/524/815 1019/524/750 1008/518/718 1030/518/816
f 1029/525/783 1081/527/783 1069/526/783 1030/526/783
f 1030/528/783 1069/530/783 1082/526/783 1031/529/783
f 1033/525/783 1077/530/783 1072/531/783 1034/531/783
f 1034/528/783 1072/530/783 1086/531/783 1035/512/783
f 1035/512/783 1086/531/783 1088/531/783 1076/511/783
f 1031/529/783 1082/526/783 1088/531/783 1075/511/783
f 1075/511/783 1088/531/783 1081/527/783 1029/525/783
f 1076/511/783 1088/531/783 1077/530/783 1033/525/783
f 1032/532/783 1078/530/783 1077/531/783 1073/533/783
f 1037/534/783 1087/530/783 1079/531/783 1028/531/783
f 1028/535/783 1079/527/783 1081/531/783 1070/533/783
f 1071/536/783 1082/527/783 1078/526/783 1032/531/783
f 1083/533/783 1088/531/783 1087/530/783 1037/534/783
f 1068/533/783 1088/531/783 1082/527/783 1071/536/783
f 1070/533/783 1081/531/783 1088/531/783 1083/533/783
f 1073/533/783 1077/531/783 1088/531/783 1068/533/783
f 1074/537/783 1086/530/783 1085/526/783 1036/526/783
f 1036/538/783 1085/527/783 1087/526/783 1080/539/783
f 1080/539/783 1087/526/783 1088/531/783 1084/531/783
f 1084/531/783 1088/531/783 1086/530/783 1074/537/783
f 1084/531/817 1013/531/752 1027/539/752 1080/539/817
f 1075/511/818 1009/511/754 1019/529/754 1031/529/818
f 1037/534/819 1023/534/756 1010/533/756 1083/533/819
f 1074/537/820 1026/537/758 1013/531/758 1084/531/820
f 1029/525/821 1018/525/760 1009/511/760 1075/511/821
f 1071/536/822 1025/536/762 1016/533/762 1068/533/822
f 1033/525/823 1020/525/764 1015/511/764 1076/511/823
f 1083/533/824 1010/533/766 1024/533/766 1070/533/824
f 1030/499/816 1008/499/718 1018/540/768 1029/540/825
f 1068/533/826 1016/533/770 1022/533/770 1073/533/826
usemtl texture
f 985/491/685 949/492/686 947/493/687 968/494/688
f 983/491/689 956/492/690 949/493/686 985/494/685
f 977/491/694 953/492/695 954/493/696 979/494/697
f 971/491/698 950/492/699 951/493/700 973/494/701
f 973/491/701 951/492/700 952/493/702 975/494/703
f 975/491/703 952/492/702 953/493/695 977/494/694
f 982/497/704 964/498/705 963/499/705 980/500/706
f 967/501/707 957/498/705 966/499/705 986/500/708
f 972/502/709 959/503/705 958/495/705 970/504/710
f 986/505/708 966/503/705 965/495/705 984/500/711
f 984/506/711 965/498/705 964/495/705 982/500/704
f 981/491/712 955/492/713 956/493/690 983/494/689
f 980/497/706 963/503/705 962/499/705 978/500/714
f 978/501/714 962/498/705 961/499/705 976/500/715
f 976/502/715 961/503/705 960/495/705 974/500/716
f 974/497/716 960/503/705 959/495/705 972/500/709
f 969/491/717 948/492/718 950/493/699 971/494/698
f 979/491/697 954/492/696 955/493/713 981/494/712
f 957/499/719 958/503/720 1005/503/720 1004/499/719
f 970/497/710 958/503/705 957/499/705 967/500/707
f 968/491/688 969/494/717 970/507/710 967/508/707
f 969/509/717 971/492/698 972/502/709 970/504/710
f 971/491/698 973/494/701 974/507/716 972/508/709
f 973/509/701 975/492/703 976/502/715 974/500/716
f 975/509/703 977/492/694 978/501/714 976/500/715
f 977/509/694 979/492/697 980/497/706 978/500/714
f 979/491/697 981/494/712 982/510/704 980/508/706
f 981/491/712 983/494/689 984/507/711 982/508/704
f 983/509/689 985/492/685 986/505/708 984/500/711
f 985/491/685 968/494/688 967/507/707 986/508/708
f 968/491/688 947/492/687 948/493/718 969/494/717
f 964/495/721 965/498/722 998/498/722 1000/495/721
f 961/499/723 962/498/724 1001/498/724 997/499/723
f 958/495/720 959/503/725 991/503/725 1005/495/720
f 965/495/722 966/503/726 1006/503/726 998/495/722
f 962/499/724 963/503/727 988/503/727 1001/499/724
f 959/495/725 960/503/728 996/503/728 991/495/725
f 966/499/726 957/498/719 1004/498/719 1006/499/726
f 963/499/727 964/498/721 1000/498/721 988/499/727
f 960/495/728 961/503/723 997/503/723 996/495/728
f 1066/491/771 1049/494/772 947/493/687 949/492/686
f 1064/491/773 1066/494/771 949/493/686 956/492/690
f 1058/491/776 1060/494/777 954/493/696 953/492/695
f 1052/491/778 1054/494/779 951/493/700 950/492/699
f 1054/491/779 1056/494/780 952/493/702 951/492/700
f 1056/491/780 1058/494/776 953/493/695 952/492/702
f 1063/497/781 1061/500/782 1044/499/783 1045/498/783
f 1048/501/784 1067/500/785 1047/499/783 1038/498/783
f 1053/502/786 1051/504/787 1039/495/783 1040/503/783
f 1067/505/785 1065/500/788 1046/495/783 1047/503/783
f 1065/506/788 1063/500/781 1045/495/783 1046/498/783
f 1062/491/789 1064/494/773 956/493/690 955/492/713
f 1061/497/782 1059/500/790 1043/499/783 1044/503/783
f 1059/501/790 1057/500/791 1042/499/783 1043/498/783
f 1057/502/791 1055/500/792 1041/495/783 1042/503/783
f 1055/497/792 1053/500/786 1040/495/783 1041/503/783
f 1050/491/793 1052/494/778 950/493/699 948/492/718
f 1060/491/777 1062/494/789 955/493/713 954/492/696
f 1038/499/794 1085/499/794 1086/503/795 1039/503/795
f 1051/497/787 1048/500/784 1038/499/783 1039/503/783
f 1049/491/772 1048/508/784 1051/507/787 1050/494/793
f 1050/509/793 1051/504/787 1053/502/786 1052/492/778
f 1052/491/778 1053/508/786 1055/507/792 1054/494/779
f 1054/509/779 1055/500/792 1057/502/791 1056/492/780
f 1056/509/780 1057/500/791 1059/501/790 1058/492/776
f 1058/509/776 1059/500/790 1061/497/782 1060/492/777
f 1060/491/777 1061/508/782 1063/510/781 1062/494/789
f 1062/491/789 1063/508/781 1065/507/788 1064/494/773
f 1064/509/773 1065/500/788 1067/505/785 1066/492/771
f 1066/491/771 1067/508/785 1048/507/784 1049/494/772
f 1049/491/772 1050/494/793 948/493/718 947/492/687
f 1045/495/796 1081/495/796 1079/498/797 1046/498/797
f 1042/499/798 1078/499/798 1082/498/799 1043/498/799
f 1039/495/795 1086/495/795 1072/503/800 1040/503/800
f 1046/495/797 1079/495/797 1087/503/801 1047/503/801
f 1043/499/799 1082/499/799 1069/503/802 1044/503/802
f 1040/495/800 1072/495/800 1077/503/803 1041/503/803
f 1047/499/801 1087/499/801 1085/498/794 1038/498/794
f 1044/499/802 1069/499/802 1081/498/796 1045/498/796
f 1041/495/803 1077/495/803 1078/503/798 1042/503/798
o wheels.042
v 1.080152 0.725442 1.644444
v 1.080152 0.711725 1.829271
v 1.080152 0.628015 1.944488
v 1.080152 0.492569 1.988497
v 1.080152 0.312550 1.944428
v 1.080152 0.215008 1.786837
v 1.080152 0.215008 1.644421
v 1.080152 0.298718 1.529203
v 1.080152 0.470260 1.463387
v 1.080152 0.641803 1.529324
v 0.985083 0.470260 1.228208
v 0.985083 0.176868 1.323537
v 0.985083 0.763653 1.323537
v 0.985083 -0.004459 1.573112
v 0.985083 -0.004459 1.881603
v 0.985083 0.176868 2.131177
v 0.985083 0.470260 2.226506
v 0.985083 0.763653 2.131177
v 0.985083 0.944980 1.881603
v 0.985083 0.944980 1.573112
v 1.141691 0.470260 1.376673
v 1.141691 0.264133 1.443648
v 1.141691 0.136740 1.618990
v 1.141691 0.136740 1.835725
v 1.141691 0.264133 2.011067
v 1.141691 0.470260 2.078042
v 1.141691 0.676387 2.011067
v 1.141691 0.803781 1.835725
v 1.141691 0.803781 1.618990
v 1.141691 0.676387 1.443648
v 1.141691 0.470260 1.274957
v 1.097229 0.470260 1.228208
v 1.097229 0.176868 1.323537
v 1.141691 0.204346 1.361358
v 1.097229 -0.004459 1.573112
v 1.141691 0.040003 1.587558
v 1.097229 -0.004459 1.881603
v 1.141691 0.040003 1.867157
v 1.097229 0.176868 2.131177
v 1.141691 0.204346 2.093356
v 1.097229 0.470260 2.226506
v 1.141691 0.470260 2.179757
v 1.097229 0.763653 2.131177
v 1.141691 0.736174 2.093356
v 1.097229 0.944980 1.881603
v 1.141691 0.900518 1.867157
v 1.097229 0.944980 1.573112
v 1.141691 0.900518 1.587558
v 1.097229 0.763653 1.323537
v 1.141691 0.736174 1.361358
v 1.080152 0.447880 1.758161
v 1.080152 0.641803 1.963465
v 1.080152 0.725442 1.786739
v 1.080152 0.447880 1.988399
v 1.080152 0.192699 1.637172
v 1.080152 0.228910 1.829308
v 1.080152 0.341614 1.505187
v 1.080152 0.492569 1.758063
v 1.080152 0.434164 1.715629
v 1.080152 0.192699 1.817542
v 1.080152 0.298718 1.963465
v 1.080152 0.747822 1.637172
v 1.080152 0.598907 1.505187
v 1.080152 0.747822 1.817542
v 1.080152 0.470260 2.019203
v 1.080152 0.506472 1.715591
v 1.080152 0.470260 1.682254
v 1.080152 0.470260 1.435512
v 1.080152 0.298718 1.491249
v 1.080152 0.641803 1.491249
v 1.080152 0.470260 1.727357
v 0.985083 0.604659 1.912351
v 0.985083 0.529565 1.808983
v 0.985083 0.566282 1.696158
v 0.985083 0.687678 1.656724
v 0.985083 0.470260 1.501390
v 0.985083 0.470260 1.622472
v 0.985083 0.252799 1.656710
v 0.985083 0.374303 1.696179
v 0.985083 0.410916 1.809038
v 0.985083 0.335889 1.912315
v 0.985083 0.652084 1.847076
v 0.985083 0.527923 1.937284
v 0.985083 0.252799 1.737395
v 0.985083 0.300225 1.591435
v 0.985083 0.288503 1.847095
v 0.985083 0.640293 1.591504
v 0.985083 0.687678 1.737341
v 0.985083 0.412559 1.937226
v 0.985083 0.397377 1.525071
v 0.985083 0.543144 1.525071
v 0.890014 0.725442 1.644444
v 0.890014 0.711725 1.829271
v 0.890014 0.628015 1.944488
v 0.890014 0.492569 1.988497
v 0.890014 0.312550 1.944428
v 0.890014 0.215008 1.786837
v 0.890014 0.215008 1.644421
v 0.890014 0.298718 1.529203
v 0.890014 0.470260 1.463387
v 0.890014 0.641803 1.529324
v 0.828475 0.470260 1.376673
v 0.828475 0.264133 1.443648
v 0.828475 0.136740 1.618990
v 0.828475 0.136740 1.835725
v 0.828475 0.264133 2.011067
v 0.828475 0.470260 2.078042
v 0.828475 0.676387 2.011067
v 0.828475 0.803781 1.835725
v 0.828475 0.803781 1.618990
v 0.828475 0.676387 1.443648
v 0.828475 0.470260 1.274957
v 0.872936 0.470260 1.228208
v 0.872936 0.176868 1.323537
v 0.828475 0.204346 1.361358
v 0.872936 -0.004459 1.573112
v 0.828475 0.040003 1.587558
v 0.872936 -0.004459 1.881603
v 0.828475 0.040003 1.867157
v 0.872936 0.176868 2.131177
v 0.828475 0.204346 2.093356
v 0.872936 0.470260 2.226506
v 0.828475 0.470260 2.179757
v 0.872936 0.763653 2.131177
v 0.828475 0.736174 2.093356
v 0.872936 0.944980 1.881603
v 0.828475 0.900518 1.867157
v 0.872936 0.944980 1.573112
v 0.828475 0.900518 1.587558
v 0.872936 0.763653 1.323537
v 0.828475 0.736174 1.361358
v 0.890014 0.447880 1.758161
v 0.890014 0.641803 1.963465
v 0.890014 0.725442 1.786739
v 0.890014 0.447880 1.988399
v 0.890014 0.192699 1.637172
v 0.890014 0.228910 1.829308
v 0.890014 0.341614 1.505187
v 0.890014 0.492569 1.758063
v 0.890014 0.434164 1.715629
v 0.890014 0.192699 1.817542
v 0.890014 0.298718 1.963465
v 0.890014 0.747822 1.637172
v 0.890014 0.598907 1.505187
v 0.890014 0.747822 1.817542
v 0.890014 0.470260 2.019203
v 0.890014 0.506472 1.715591
v 0.890014 0.470260 1.682254
v 0.890014 0.470260 1.435512
v 0.890014 0.298718 1.491249
v 0.890014 0.641803 1.491249
v 0.890014 0.470260 1.727357
vn 0.3686 0.5464 -0.7521
vn 0.3686 -0.0000 -0.9296
vn -0.0000 -0.0000 -1.0000
vn -0.0000 0.5878 -0.8090
vn 0.3686 0.8841 -0.2873
vn -0.0000 0.9511 -0.3090
vn 0.3853 0.5424 -0.7465
vn -0.0000 0.3090 -0.9511
vn 0.3691 0.2872 -0.8839
vn 0.3686 -0.0000 0.9296
vn 0.3686 0.5464 0.7521
vn -0.0000 0.5878 0.8090
vn -0.0000 -0.0000 1.0000
vn 0.3686 -0.8841 -0.2873
vn 0.3686 -0.8841 0.2873
vn -0.0000 -0.9511 0.3090
vn -0.0000 -0.9511 -0.3090
vn 0.3686 -0.5464 0.7521
vn -0.0000 -0.5878 0.8090
vn 0.9022 0.4102 0.1333
vn 0.9022 0.2535 0.3490
vn 1.0000 -0.0000 -0.0000
vn 0.9022 -0.0000 -0.4314
vn 0.9022 0.2535 -0.3490
vn 0.9022 -0.4102 -0.1333
vn 0.9022 -0.2535 -0.3490
vn 0.9022 0.4102 -0.1333
vn 0.3686 0.8841 0.2873
vn -0.0000 0.9511 0.3090
vn 0.9022 -0.0000 0.4314
vn 0.9022 -0.2535 0.3490
vn 0.9022 -0.4102 0.1333
vn 0.3686 -0.5464 -0.7521
vn -0.0000 -0.5878 -0.8090
vn 0.6911 -0.0000 0.7228
vn 0.6911 0.4248 0.5847
vn 0.6911 -0.6874 -0.2234
vn 0.6911 -0.6874 0.2234
vn 0.6911 0.4248 -0.5847
vn 0.6911 -0.0000 -0.7228
vn 0.6911 0.6874 0.2234
vn 0.6911 -0.4248 0.5847
vn 0.6911 -0.4248 -0.5847
vn 0.6911 0.6874 -0.2234
vn 0.3557 -0.7586 0.5459
vn -0.0000 -0.8117 0.5841
vn 0.3554 -0.2888 0.8890
vn -0.0000 -0.3090 0.9511
vn 0.3712 -0.0000 0.9286
vn 0.3692 -0.9294 -0.0000
vn -0.0000 -1.0000 -0.0000
vn 0.3854 -0.8776 0.2852
vn 0.3695 0.7518 0.5462
vn -0.0000 0.8090 0.5878
vn 0.3857 0.8775 0.2851
vn -0.0000 0.3090 0.9511
vn 0.3554 0.2888 0.8890
vn -0.0000 -0.8090 0.5878
vn 0.3692 -0.7519 0.5463
vn -0.0000 1.0000 -0.0000
vn 0.3694 0.9293 -0.0000
vn 0.3691 0.7519 -0.5463
vn -0.0000 0.8090 -0.5878
vn 0.3693 -0.2872 -0.8838
vn -0.0000 -0.3090 -0.9511
vn 0.3856 -0.5423 -0.7465
vn 0.3392 -0.7583 -0.5568
vn -0.0000 -0.8060 -0.5918
vn 0.3556 0.9346 0.0043
vn -0.0000 1.0000 0.0046
vn 0.3554 0.7587 0.5460
vn -0.0000 0.8117 0.5841
vn 0.3392 0.7583 -0.5568
vn -0.0000 0.8060 -0.5918
vn 0.3557 -0.2848 0.8902
vn -0.0000 -0.3047 0.9525
vn 0.3554 -0.9347 0.0043
vn -0.0000 -1.0000 0.0046
vn 0.3556 -0.2929 -0.8876
vn -0.0000 -0.3134 -0.9496
vn 0.3553 0.2930 -0.8877
vn -0.0000 0.3134 -0.9496
vn -0.0000 -0.8090 -0.5878
vn 0.3693 -0.7518 -0.5462
vn 0.3554 0.2848 0.8903
vn -0.0000 0.3047 0.9525
vn -0.3686 0.5464 -0.7521
vn -0.3686 -0.0000 -0.9296
vn -0.3686 0.8841 -0.2873
vn -0.3853 0.5424 -0.7465
vn -0.3691 0.2872 -0.8839
vn -0.3686 -0.0000 0.9296
vn -0.3686 0.5464 0.7521
vn -0.3686 -0.8841 -0.2873
vn -0.3686 -0.8841 0.2873
vn -0.3686 -0.5464 0.7521
vn -0.9022 0.4102 0.1333
vn -1.0000 -0.0000 -0.0000
vn -0.9022 0.2535 0.3490
vn -0.9022 -0.0000 -0.4314
vn -0.9022 0.2535 -0.3490
vn -0.9022 -0.4102 -0.1333
vn -0.9022 -0.2535 -0.3490
vn -0.9022 0.4102 -0.1333
vn -0.3686 0.8841 0.2873
vn -0.9022 -0.0000 0.4314
vn -0.9022 -0.2535 0.3490
vn -0.9022 -0.4102 0.1333
vn -0.3686 -0.5464 -0.7521
vn -0.6911 -0.0000 0.7228
vn -0.6911 0.4248 0.5847
vn -0.6911 -0.6874 -0.2234
vn -0.6911 -0.6874 0.2234
vn -0.6911 0.4248 -0.5847
vn -0.6911 -0.0000 -0.7228
vn -0.6911 0.6874 0.2234
vn -0.6911 -0.4248 0.5847
vn -0.6911 -0.4248 -0.5847
vn -0.6911 0.6874 -0.2234
vn -0.3557 -0.7586 0.5459
vn -0.3554 -0.2888 0.8890
vn -0.3712 -0.0000 0.9286
vn -0.3692 -0.9294 -0.0000
vn -0.3854 -0.8776 0.2852
vn -0.3695 0.7518 0.5462
vn -0.3857 0.8775 0.2851
vn -0.3554 0.2888 0.8890
vn -0.3692 -0.7519 0.5463
vn -0.3694 0.9293 -0.0000
vn -0.3691 0.7519 -0.5463
vn -0.3693 -0.2872 -0.8838
vn -0.3856 -0.5423 -0.7465
vn -0.3392 -0.7583 -0.5568
vn -0.3556 0.9346 0.0043
vn -0.3554 0.7587 0.5460
vn -0.3392 0.7583 -0.5568
vn -0.3557 -0.2848 0.8902
vn -0.3554 -0.9347 0.0043
vn -0.3556 -0.2929 -0.8876
vn -0.3553 0.2930 -0.8877
vn -0.3693 -0.7518 -0.5462
vn -0.3554 0.2848 0.8903
vt 0.975777 0.347738
vt 0.975777 0.375608
vt 0.992922 0.375608
vt 0.992922 0.347738
vt 0.969168 0.356028
vt 0.982334 0.356028
vt 0.990697 0.350349
vt 0.969168 0.350349
vt 0.969168 0.356028
vt 0.985856 0.356028
vt 0.990697 0.350349
vt 0.990697 0.350349
vt 0.969168 0.350348
vt 0.985856 0.356028
vt 0.990697 0.350349
vt 0.990697 0.350348
vt 0.969168 0.349043
vt 0.969168 0.374303
vt 0.969168 0.347738
vt 0.969168 0.374303
vt 0.975668 0.528250
vt 0.977838 0.528250
vt 0.971747 0.356028
vt 0.984262 0.356028
vt 0.971345 0.356028
vt 0.984511 0.356028
vt 0.971338 0.356028
vt 0.984515 0.356028
vt 0.969168 0.356028
vt 0.981683 0.356028
vt 0.982334 0.356028
vt 0.982345 0.356028
vt 0.984511 0.356028
vt 0.971338 0.356028
vt 0.988845 0.528250
vt 0.992356 0.528250
vt 0.975668 0.528250
vt 0.991015 0.528250
vt 0.992356 0.528250
vt 0.977838 0.528250
vt 0.975668 0.528250
vt 0.991011 0.528250
vt 0.977845 0.528250
vt 0.988834 0.528250
vt 0.991011 0.528250
vt 0.988833 0.528250
vt 0.988183 0.528250
vt 0.990762 0.528250
vt 0.978247 0.528250
vt 0.982345 0.356028
s 1
usemtl metallic
f 1093/545/833 1169/545/830 1177/546/834 1142/546/835
f 1147/561/871 1167/561/872 1173/562/872 1096/562/871
f 1151/563/873 1179/563/874 1164/564/839 1097/564/875
f 1141/565/876 1176/565/877 1163/566/842 1089/566/878
f 1096/567/879 1173/567/880 1166/568/855 1095/568/881
f 1097/569/875 1164/569/839 1178/570/882 1145/570/883
f 1089/545/878 1163/545/842 1175/571/884 1098/571/885
f 1095/545/881 1166/545/855 1172/572/886 1094/572/887
f 1144/565/888 1174/565/889 1169/573/830 1093/573/833
f 1092/574/890 1171/574/891 1160/568/860 1091/568/892
f 1090/575/848 1152/576/848 1140/577/848 1091/577/848
f 1091/578/848 1140/579/848 1153/577/848 1092/580/848
f 1094/575/848 1148/579/848 1143/581/848 1095/581/848
f 1095/578/848 1143/579/848 1157/581/848 1096/562/848
f 1096/562/848 1157/581/848 1159/581/848 1147/561/848
f 1092/580/848 1153/577/848 1159/581/848 1146/561/848
f 1146/561/848 1159/581/848 1152/576/848 1090/575/848
f 1147/561/848 1159/581/848 1148/579/848 1094/575/848
f 1093/582/848 1149/579/848 1148/581/848 1144/583/848
f 1098/584/848 1158/579/848 1150/581/848 1089/581/848
f 1089/585/848 1150/576/848 1152/581/848 1141/583/848
f 1142/586/848 1153/576/848 1149/577/848 1093/581/848
f 1154/583/848 1159/581/848 1158/579/848 1098/584/848
f 1139/583/848 1159/581/848 1153/576/848 1142/586/848
f 1141/583/848 1152/581/848 1159/581/848 1154/583/848
f 1144/583/848 1148/581/848 1159/581/848 1139/583/848
f 1145/587/848 1157/579/848 1156/577/848 1097/577/848
f 1097/588/848 1156/576/848 1158/577/848 1151/589/848
f 1151/589/848 1158/577/848 1159/581/848 1155/581/848
f 1155/581/848 1159/581/848 1157/579/848 1145/587/848
f 1155/581/893 1165/581/894 1179/589/894 1151/589/893
f 1146/561/895 1161/561/896 1171/580/896 1092/580/895
f 1098/584/897 1175/584/898 1162/583/898 1154/583/897
f 1145/587/899 1178/587/900 1165/581/900 1155/581/899
f 1090/575/901 1170/575/902 1161/561/902 1146/561/901
f 1142/586/903 1177/586/904 1168/583/904 1139/583/903
f 1094/575/905 1172/575/906 1167/561/906 1147/561/905
f 1154/583/907 1162/583/908 1176/583/908 1141/583/907
f 1091/549/892 1160/549/860 1170/590/909 1090/590/910
f 1139/583/911 1168/583/912 1174/583/912 1144/583/911
f 1184/545/916 1223/546/917 1177/546/834 1169/545/830
f 1228/561/946 1187/562/946 1173/562/872 1167/561/872
f 1232/563/947 1188/564/948 1164/564/839 1179/563/874
f 1222/565/949 1180/566/950 1163/566/842 1176/565/877
f 1187/567/951 1186/568/952 1166/568/855 1173/567/880
f 1188/569/948 1226/570/953 1178/570/882 1164/569/839
f 1180/545/950 1189/571/954 1175/571/884 1163/545/842
f 1186/545/952 1185/572/955 1172/572/886 1166/545/855
f 1225/565/956 1184/573/916 1169/573/830 1174/565/889
f 1183/574/957 1182/568/958 1160/568/860 1171/574/891
f 1181/575/924 1182/577/924 1221/577/924 1233/576/924
f 1182/578/924 1183/580/924 1234/577/924 1221/579/924
f 1185/575/924 1186/581/924 1224/581/924 1229/579/924
f 1186/578/924 1187/562/924 1238/581/924 1224/579/924
f 1187/562/924 1228/561/924 1240/581/924 1238/581/924
f 1183/580/924 1227/561/924 1240/581/924 1234/577/924
f 1227/561/924 1181/575/924 1233/576/924 1240/581/924
f 1228/561/924 1185/575/924 1229/579/924 1240/581/924
f 1184/582/924 1225/583/924 1229/581/924 1230/579/924
f 1189/584/924 1180/581/924 1231/581/924 1239/579/924
f 1180/585/924 1222/583/924 1233/581/924 1231/576/924
f 1223/586/924 1184/581/924 1230/577/924 1234/576/924
f 1235/583/924 1189/584/924 1239/579/924 1240/581/924
f 1220/583/924 1223/586/924 1234/576/924 1240/581/924
f 1222/583/924 1235/583/924 1240/581/924 1233/581/924
f 1225/583/924 1220/583/924 1240/581/924 1229/581/924
f 1226/587/924 1188/577/924 1237/577/924 1238/579/924
f 1188/588/924 1232/589/924 1239/577/924 1237/576/924
f 1232/589/924 1236/581/924 1240/581/924 1239/577/924
f 1236/581/924 1226/587/924 1238/579/924 1240/581/924
f 1236/581/959 1232/589/959 1179/589/894 1165/581/894
f 1227/561/960 1183/580/960 1171/580/896 1161/561/896
f 1189/584/961 1235/583/961 1162/583/898 1175/584/898
f 1226/587/962 1236/581/962 1165/581/900 1178/587/900
f 1181/575/963 1227/561/963 1161/561/902 1170/575/902
f 1223/586/964 1220/583/964 1168/583/904 1177/586/904
f 1185/575/965 1228/561/965 1167/561/906 1172/575/906
f 1235/583/966 1222/583/966 1176/583/908 1162/583/908
f 1182/549/958 1181/590/967 1170/590/909 1160/549/860
f 1220/583/968 1225/583/968 1174/583/912 1168/583/912
usemtl texture
f 1137/541/827 1120/542/828 1099/543/829 1101/544/830
f 1135/541/831 1137/542/827 1101/543/830 1108/544/832
f 1129/541/836 1131/542/837 1106/543/838 1105/544/839
f 1123/541/840 1125/542/841 1103/543/842 1102/544/843
f 1125/541/841 1127/542/844 1104/543/845 1103/544/842
f 1127/541/844 1129/542/836 1105/543/839 1104/544/845
f 1134/547/846 1132/548/847 1115/549/848 1116/550/848
f 1119/551/849 1138/548/850 1118/549/848 1109/550/848
f 1124/552/851 1122/553/852 1110/545/848 1111/554/848
f 1138/555/850 1136/548/853 1117/545/848 1118/554/848
f 1136/556/853 1134/548/846 1116/545/848 1117/550/848
f 1133/541/854 1135/542/831 1108/543/832 1107/544/855
f 1132/547/847 1130/548/856 1114/549/848 1115/554/848
f 1130/551/856 1128/548/857 1113/549/848 1114/550/848
f 1128/552/857 1126/548/858 1112/545/848 1113/554/848
f 1126/547/858 1124/548/851 1111/545/848 1112/554/848
f 1121/541/859 1123/542/840 1102/543/843 1100/544/860
f 1131/541/837 1133/542/854 1107/543/855 1106/544/838
f 1109/549/861 1156/549/861 1157/554/862 1110/554/862
f 1122/547/852 1119/548/849 1109/549/848 1110/554/848
f 1120/541/828 1119/557/849 1122/558/852 1121/542/859
f 1121/559/859 1122/553/852 1124/552/851 1123/544/840
f 1123/541/840 1124/557/851 1126/558/858 1125/542/841
f 1125/559/841 1126/548/858 1128/552/857 1127/544/844
f 1127/559/844 1128/548/857 1130/551/856 1129/544/836
f 1129/559/836 1130/548/856 1132/547/847 1131/544/837
f 1131/541/837 1132/557/847 1134/560/846 1133/542/854
f 1133/541/854 1134/557/846 1136/558/853 1135/542/831
f 1135/559/831 1136/548/853 1138/555/850 1137/544/827
f 1137/541/827 1138/557/850 1119/558/849 1120/542/828
f 1120/541/828 1121/542/859 1100/543/860 1099/544/829
f 1116/545/863 1152/545/863 1150/550/864 1117/550/864
f 1113/549/865 1149/549/865 1153/550/866 1114/550/866
f 1110/545/862 1157/545/862 1143/554/867 1111/554/867
f 1117/545/864 1150/545/864 1158/554/868 1118/554/868
f 1114/549/866 1153/549/866 1140/554/869 1115/554/869
f 1111/545/867 1143/545/867 1148/554/870 1112/554/870
f 1118/549/868 1158/549/868 1156/550/861 1109/550/861
f 1115/549/869 1140/549/869 1152/550/863 1116/550/863
f 1112/545/870 1148/545/870 1149/554/865 1113/554/865
f 1218/541/913 1101/544/830 1099/543/829 1201/542/914
f 1216/541/915 1108/544/832 1101/543/830 1218/542/913
f 1210/541/918 1105/544/839 1106/543/838 1212/542/919
f 1204/541/920 1102/544/843 1103/543/842 1206/542/921
f 1206/541/921 1103/544/842 1104/543/845 1208/542/922
f 1208/541/922 1104/544/845 1105/543/839 1210/542/918
f 1215/547/923 1197/550/924 1196/549/924 1213/548/925
f 1200/551/926 1190/550/924 1199/549/924 1219/548/927
f 1205/552/928 1192/554/924 1191/545/924 1203/553/929
f 1219/555/927 1199/554/924 1198/545/924 1217/548/930
f 1217/556/930 1198/550/924 1197/545/924 1215/548/923
f 1214/541/931 1107/544/855 1108/543/832 1216/542/915
f 1213/547/925 1196/554/924 1195/549/924 1211/548/932
f 1211/551/932 1195/550/924 1194/549/924 1209/548/933
f 1209/552/933 1194/554/924 1193/545/924 1207/548/934
f 1207/547/934 1193/554/924 1192/545/924 1205/548/928
f 1202/541/935 1100/544/860 1102/543/843 1204/542/920
f 1212/541/919 1106/544/838 1107/543/855 1214/542/931
f 1190/549/936 1191/554/937 1238/554/937 1237/549/936
f 1203/547/929 1191/554/924 1190/549/924 1200/548/926
f 1201/541/914 1202/542/935 1203/558/929 1200/557/926
f 1202/559/935 1204/544/920 1205/552/928 1203/553/929
f 1204/541/920 1206/542/921 1207/558/934 1205/557/928
f 1206/559/921 1208/544/922 1209/552/933 1207/548/934
f 1208/559/922 1210/544/918 1211/551/932 1209/548/933
f 1210/559/918 1212/544/919 1213/547/925 1211/548/932
f 1212/541/919 1214/542/931 1215/560/923 1213/557/925
f 1214/541/931 1216/542/915 1217/558/930 1215/557/923
f 1216/559/915 1218/544/913 1219/555/927 1217/548/930
f 1218/541/913 1201/542/914 1200/558/926 1219/557/927
f 1201/541/914 1099/544/829 1100/543/860 1202/542/935
f 1197/545/938 1198/550/939 1231/550/939 1233/545/938
f 1194/549/940 1195/550/941 1234/550/941 1230/549/940
f 1191/545/937 1192/554/942 1224/554/942 1238/545/937
f 1198/545/939 1199/554/943 1239/554/943 1231/545/939
f 1195/549/941 1196/554/944 1221/554/944 1234/549/941
f 1192/545/942 1193/554/945 1229/554/945 1224/545/942
f 1199/549/943 1190/550/936 1237/550/936 1239/549/943
f 1196/549/944 1197/550/938 1233/550/938 1221/549/944
f 1193/545/945 1194/554/940 1230/554/940 1229/545/945
o wheels.043
v -1.049255 0.725442 -1.038741
v -1.049255 0.711725 -0.853913
v -1.049255 0.628015 -0.738696
v -1.049255 0.492569 -0.694687
v -1.049255 0.312550 -0.738757
v -1.049255 0.215008 -0.896347
v -1.049255 0.215008 -1.038764
v -1.049255 0.298718 -1.153981
v -1.049255 0.470260 -1.219797
v -1.049255 0.641803 -1.153860
v -0.985083 0.470260 -1.454976
v -0.985083 0.176868 -1.359647
v -0.985083 0.763653 -1.359647
v -0.985083 -0.004459 -1.110073
v -0.985083 -0.004459 -0.801582
v -0.985083 0.176868 -0.552007
v -0.985083 0.470260 -0.456678
v -0.985083 0.763653 -0.552007
v -0.985083 0.944980 -0.801582
v -0.985083 0.944980 -1.110073
v -1.141691 0.470260 -1.306512
v -1.141691 0.264133 -1.239537
v -1.141691 0.136740 -1.064195
v -1.141691 0.136740 -0.847460
v -1.141691 0.264133 -0.672118
v -1.141691 0.470260 -0.605143
v -1.141691 0.676387 -0.672118
v -1.141691 0.803781 -0.847460
v -1.141691 0.803781 -1.064195
v -1.141691 0.676387 -1.239537
v -1.141691 0.470260 -1.408227
v -1.097229 0.470260 -1.454976
v -1.097229 0.176868 -1.359647
v -1.141691 0.204346 -1.321826
v -1.097229 -0.004459 -1.110073
v -1.141691 0.040003 -1.095626
v -1.097229 -0.004459 -0.801582
v -1.141691 0.040003 -0.816028
v -1.097229 0.176868 -0.552007
v -1.141691 0.204346 -0.589828
v -1.097229 0.470260 -0.456678
v -1.141691 0.470260 -0.503427
v -1.097229 0.763653 -0.552007
v -1.141691 0.736174 -0.589828
v -1.097229 0.944980 -0.801582
v -1.141691 0.900518 -0.816028
v -1.097229 0.944980 -1.110073
v -1.141691 0.900518 -1.095626
v -1.097229 0.763653 -1.359647
v -1.141691 0.736174 -1.321826
v -1.049255 0.447880 -0.925024
v -1.049255 0.641803 -0.719719
v -1.049255 0.725442 -0.896445
v -1.049255 0.447880 -0.694785
v -1.049255 0.192699 -1.046012
v -1.049255 0.228910 -0.853876
v -1.049255 0.341614 -1.177997
v -1.049255 0.492569 -0.925122
v -1.049255 0.434164 -0.967556
v -1.049255 0.192699 -0.865642
v -1.049255 0.298718 -0.719719
v -1.049255 0.747822 -1.046012
v -1.049255 0.598907 -1.177997
v -1.049255 0.747822 -0.865642
v -1.049255 0.470260 -0.663982
v -1.049255 0.506472 -0.967593
v -1.049255 0.470260 -1.000931
v -1.049255 0.470260 -1.247673
v -1.049255 0.298718 -1.191935
v -1.049255 0.641803 -1.191935
v -1.049255 0.470260 -0.955827
v -0.985083 0.608486 -0.765575
v -0.985083 0.529565 -0.874201
v -0.985083 0.566282 -0.987026
v -0.985083 0.693871 -1.028482
v -0.985083 0.470260 -1.188241
v -0.985083 0.470260 -1.060712
v -0.985083 0.246606 -1.028497
v -0.985083 0.374303 -0.987005
v -0.985083 0.410916 -0.874146
v -0.985083 0.332062 -0.765613
v -0.985083 0.657262 -0.832710
v -0.985083 0.529565 -0.739932
v -0.985083 0.246606 -0.945514
v -0.985083 0.295382 -1.095631
v -0.985083 0.283327 -0.832690
v -0.985083 0.645136 -1.095560
v -0.985083 0.693871 -0.945570
v -0.985083 0.410916 -0.739992
v -0.985083 0.395301 -1.163885
v -0.985083 0.545220 -1.163885
v -0.920910 0.725442 -1.038741
v -0.920910 0.711725 -0.853913
v -0.920910 0.628015 -0.738696
v -0.920910 0.492569 -0.694687
v -0.920910 0.312550 -0.738757
v -0.920910 0.215008 -0.896347
v -0.920910 0.215008 -1.038764
v -0.920910 0.298718 -1.153981
v -0.920910 0.470260 -1.219797
v -0.920910 0.641803 -1.153860
v -0.828475 0.470260 -1.306512
v -0.828475 0.264133 -1.239537
v -0.828475 0.136740 -1.064195
v -0.828475 0.136740 -0.847460
v -0.828475 0.264133 -0.672118
v -0.828475 0.470260 -0.605143
v -0.828475 0.676387 -0.672118
v -0.828475 0.803781 -0.847460
v -0.828475 0.803781 -1.064195
v -0.828475 0.676387 -1.239537
v -0.828475 0.470260 -1.408227
v -0.872936 0.470260 -1.454976
v -0.872936 0.176868 -1.359647
v -0.828475 0.204346 -1.321826
v -0.872936 -0.004459 -1.110073
v -0.828475 0.040003 -1.095626
v -0.872936 -0.004459 -0.801582
v -0.828475 0.040003 -0.816028
v -0.872936 0.176868 -0.552007
v -0.828475 0.204346 -0.589828
v -0.872936 0.470260 -0.456678
v -0.828475 0.470260 -0.503427
v -0.872936 0.763653 -0.552007
v -0.828475 0.736174 -0.589828
v -0.872936 0.944980 -0.801582
v -0.828475 0.900518 -0.816028
v -0.872936 0.944980 -1.110073
v -0.828475 0.900518 -1.095626
v -0.872936 0.763653 -1.359647
v -0.828475 0.736174 -1.321826
v -0.920910 0.447880 -0.925024
v -0.920910 0.641803 -0.719719
v -0.920910 0.725442 -0.896445
v -0.920910 0.447880 -0.694785
v -0.920910 0.192699 -1.046012
v -0.920910 0.228910 -0.853876
v -0.920910 0.341614 -1.177997
v -0.920910 0.492569 -0.925122
v -0.920910 0.434164 -0.967556
v -0.920910 0.192699 -0.865642
v -0.920910 0.298718 -0.719719
v -0.920910 0.747822 -1.046012
v -0.920910 0.598907 -1.177997
v -0.920910 0.747822 -0.865642
v -0.920910 0.470260 -0.663982
v -0.920910 0.506472 -0.967593
v -0.920910 0.470260 -1.000931
v -0.920910 0.470260 -1.247673
v -0.920910 0.298718 -1.191935
v -0.920910 0.641803 -1.191935
v -0.920910 0.470260 -0.955827
vn -0.3686 0.5464 -0.7521
vn -0.0000 0.5878 -0.8090
vn -0.0000 -0.0000 -1.0000
vn -0.3686 -0.0000 -0.9296
vn -0.3686 0.8841 -0.2873
vn -0.0000 0.9511 -0.3090
vn -0.4595 0.5221 -0.7186
vn -0.4414 0.2773 -0.8534
vn -0.3686 -0.0000 0.9296
vn -0.0000 -0.0000 1.0000
vn -0.0000 0.5878 0.8090
vn -0.3686 0.5464 0.7521
vn -0.3686 -0.8841 -0.2873
vn -0.0000 -0.9511 -0.3090
vn -0.0000 -0.9511 0.3090
vn -0.3686 -0.8841 0.2873
vn -0.0000 -0.5878 0.8090
vn -0.3686 -0.5464 0.7521
vn -0.9022 0.4102 0.1333
vn -1.0000 -0.0000 -0.0000
vn -0.9022 0.2535 0.3490
vn -0.9022 -0.0000 -0.4314
vn -0.9022 0.2535 -0.3490
vn -0.9022 -0.4102 -0.1333
vn -0.9022 -0.2535 -0.3490
vn -0.9022 0.4102 -0.1333
vn -0.3686 0.8841 0.2873
vn -0.0000 0.9511 0.3090
vn -0.9022 -0.0000 0.4314
vn -0.9022 -0.2535 0.3490
vn -0.9022 -0.4102 0.1333
vn -0.3686 -0.5464 -0.7521
vn -0.0000 -0.5878 -0.8090
vn -0.5370 -0.0000 0.8436
vn -0.5370 0.4959 0.6825
vn -0.5370 -0.8023 -0.2607
vn -0.5370 -0.8023 0.2607
vn -0.5370 0.4959 -0.6825
vn -0.5370 -0.0000 -0.8436
vn -0.5370 0.8023 0.2607
vn -0.5370 -0.4959 0.6825
vn -0.5370 -0.4959 -0.6825
vn -0.5370 0.8023 -0.2607
vn -0.4995 -0.7009 0.5092
vn -0.4236 -0.2799 0.8615
vn -0.4413 -0.0000 0.8974
vn -0.4414 -0.8973 -0.0000
vn -0.4595 -0.8447 0.2745
vn -0.4417 0.7258 0.5273
vn -0.4598 0.8446 0.2744
vn -0.4236 0.2799 0.8615
vn -0.4414 -0.7259 0.5274
vn -0.4417 0.8971 -0.0000
vn -0.4414 0.7259 -0.5274
vn -0.4417 -0.2772 -0.8532
vn -0.4598 -0.5220 -0.7184
vn -0.4803 -0.7096 -0.5156
vn -0.4995 0.8663 -0.0000
vn -0.4991 0.7010 0.5093
vn -0.4803 0.7096 -0.5156
vn -0.4995 -0.2677 0.8239
vn -0.4991 -0.8665 -0.0000
vn -0.4995 -0.2677 -0.8239
vn -0.4991 0.2678 -0.8241
vn -0.4417 -0.7258 -0.5273
vn -0.4991 0.2678 0.8241
vn 0.3686 0.5464 -0.7521
vn 0.3686 -0.0000 -0.9296
vn 0.3686 0.8841 -0.2873
vn 0.4595 0.5221 -0.7186
vn 0.4414 0.2773 -0.8534
vn 0.3686 -0.0000 0.9296
vn 0.3686 0.5464 0.7521
vn 0.3686 -0.8841 -0.2873
vn 0.3686 -0.8841 0.2873
vn 0.3686 -0.5464 0.7521
vn 0.9022 0.4102 0.1333
vn 0.9022 0.2535 0.3490
vn 1.0000 -0.0000 -0.0000
vn 0.9022 -0.0000 -0.4314
vn 0.9022 0.2535 -0.3490
vn 0.9022 -0.4102 -0.1333
vn 0.9022 -0.2535 -0.3490
vn 0.9022 0.4102 -0.1333
vn 0.3686 0.8841 0.2873
vn 0.9022 -0.0000 0.4314
vn 0.9022 -0.2535 0.3490
vn 0.9022 -0.4102 0.1333
vn 0.3686 -0.5464 -0.7521
vn 0.5370 -0.0000 0.8436
vn 0.5370 0.4959 0.6825
vn 0.5370 -0.8023 -0.2607
vn 0.5370 -0.8023 0.2607
vn 0.5370 0.4959 -0.6825
vn 0.5370 -0.0000 -0.8436
vn 0.5370 0.8023 0.2607
vn 0.5370 -0.4959 0.6825
vn 0.5370 -0.4959 -0.6825
vn 0.5370 0.8023 -0.2607
vn 0.4995 -0.7009 0.5092
vn 0.4236 -0.2799 0.8615
vn 0.4413 -0.0000 0.8974
vn 0.4414 -0.8973 -0.0000
vn 0.4595 -0.8447 0.2745
vn 0.4417 0.7258 0.5273
vn 0.4598 0.8446 0.2744
vn 0.4236 0.2799 0.8615
vn 0.4414 -0.7259 0.5274
vn 0.4417 0.8971 -0.0000
vn 0.4414 0.7259 -0.5274
vn 0.4417 -0.2772 -0.8532
vn 0.4598 -0.5220 -0.7184
vn 0.4803 -0.7096 -0.5156
vn 0.4995 0.8663 -0.0000
vn 0.4991 0.7010 0.5093
vn 0.4803 0.7096 -0.5156
vn 0.4995 -0.2677 0.8239
vn 0.4991 -0.8665 -0.0000
vn 0.4995 -0.2677 -0.8239
vn 0.4991 0.2678 -0.8241
vn 0.4417 -0.7258 -0.5273
vn 0.4991 0.2678 0.8241
vt 0.975777 0.347738
vt 0.992922 0.347738
vt 0.992922 0.375608
vt 0.975777 0.375608
vt 0.969168 0.356028
vt 0.982334 0.356028
vt 0.990697 0.350349
vt 0.985856 0.356028
vt 0.969168 0.356028
vt 0.969168 0.350349
vt 0.990697 0.350349
vt 0.990697 0.350349
vt 0.985856 0.356028
vt 0.969168 0.350348
vt 0.990697 0.350349
vt 0.990697 0.350348
vt 0.969168 0.374303
vt 0.969168 0.349043
vt 0.969168 0.347738
vt 0.969168 0.374303
vt 0.975668 0.528250
vt 0.977838 0.528250
vt 0.971747 0.356028
vt 0.984262 0.356028
vt 0.971345 0.356028
vt 0.984511 0.356028
vt 0.971338 0.356028
vt 0.984515 0.356028
vt 0.969168 0.356028
vt 0.981683 0.356028
vt 0.982334 0.356028
vt 0.982345 0.356028
vt 0.984511 0.356028
vt 0.971338 0.356028
vt 0.988845 0.528250
vt 0.975668 0.528250
vt 0.992356 0.528250
vt 0.991015 0.528250
vt 0.977838 0.528250
vt 0.992356 0.528250
vt 0.975668 0.528250
vt 0.991011 0.528250
vt 0.977845 0.528250
vt 0.988834 0.528250
vt 0.991011 0.528250
vt 0.988833 0.528250
vt 0.988183 0.528250
vt 0.990762 0.528250
vt 0.978247 0.528250
vt 0.982345 0.356028
s 1
usemtl metallic
f 1245/595/975 1294/596/976 1329/596/976 1321/595/975
f 1299/611/1012 1248/612/1012 1325/612/1012 1319/611/1012
f 1303/613/1013 1249/614/1014 1316/614/1014 1331/613/1013
f 1293/615/1015 1241/616/1016 1315/616/1016 1328/615/1015
f 1248/617/1017 1247/618/1018 1318/618/1018 1325/617/1017
f 1249/619/1014 1297/620/1019 1330/620/1019 1316/619/1014
f 1241/595/1016 1250/621/1020 1327/621/1020 1315/595/1016
f 1247/595/1018 1246/622/1021 1324/622/1021 1318/595/1018
f 1296/615/1022 1245/623/975 1321/623/975 1326/615/1022
f 1244/624/1023 1243/618/1024 1312/618/1024 1323/624/1023
f 1242/625/988 1243/626/988 1292/626/988 1304/627/988
f 1243/628/988 1244/629/988 1305/626/988 1292/630/988
f 1246/625/988 1247/631/988 1295/631/988 1300/630/988
f 1247/628/988 1248/612/988 1309/631/988 1295/630/988
f 1248/612/988 1299/611/988 1311/631/988 1309/631/988
f 1244/629/988 1298/611/988 1311/631/988 1305/626/988
f 1298/611/988 1242/625/988 1304/627/988 1311/631/988
f 1299/611/988 1246/625/988 1300/630/988 1311/631/988
f 1245/632/988 1296/633/988 1300/631/988 1301/630/988
f 1250/634/988 1241/631/988 1302/631/988 1310/630/988
f 1241/635/988 1293/633/988 1304/631/988 1302/627/988
f 1294/636/988 1245/631/988 1301/626/988 1305/627/988
f 1306/633/988 1250/634/988 1310/630/988 1311/631/988
f 1291/633/988 1294/636/988 1305/627/988 1311/631/988
f 1293/633/988 1306/633/988 1311/631/988 1304/631/988
f 1296/633/988 1291/633/988 1311/631/988 1300/631/988
f 1297/637/988 1249/626/988 1308/626/988 1309/630/988
f 1249/638/988 1303/639/988 1310/626/988 1308/627/988
f 1303/639/988 1307/631/988 1311/631/988 1310/626/988
f 1307/631/988 1297/637/988 1309/630/988 1311/631/988
f 1307/631/1025 1303/639/1025 1331/639/1025 1317/631/1025
f 1298/611/1026 1244/629/1026 1323/629/1026 1313/611/1026
f 1250/634/1027 1306/633/1027 1314/633/1027 1327/634/1027
f 1297/637/1028 1307/631/1028 1317/631/1028 1330/637/1028
f 1242/625/1029 1298/611/1029 1313/611/1029 1322/625/1029
f 1294/636/1030 1291/633/1030 1320/633/1030 1329/636/1030
f 1246/625/1031 1299/611/1031 1319/611/1031 1324/625/1031
f 1306/633/1032 1293/633/1032 1328/633/1032 1314/633/1032
f 1243/599/1024 1242/640/1033 1322/640/1033 1312/599/1024
f 1291/633/1034 1296/633/1034 1326/633/1034 1320/633/1034
f 1336/595/1038 1321/595/1038 1329/596/1039 1375/596/1039
f 1380/611/1068 1319/611/1068 1325/612/1068 1339/612/1068
f 1384/613/1069 1331/613/1069 1316/614/1070 1340/614/1070
f 1374/615/1071 1328/615/1071 1315/616/1072 1332/616/1072
f 1339/617/1073 1325/617/1073 1318/618/1074 1338/618/1074
f 1340/619/1070 1316/619/1070 1330/620/1075 1378/620/1075
f 1332/595/1072 1315/595/1072 1327/621/1076 1341/621/1076
f 1338/595/1074 1318/595/1074 1324/622/1077 1337/622/1077
f 1377/615/1078 1326/615/1078 1321/623/1038 1336/623/1038
f 1335/624/1079 1323/624/1079 1312/618/1080 1334/618/1080
f 1333/625/1047 1385/627/1047 1373/626/1047 1334/626/1047
f 1334/628/1047 1373/630/1047 1386/626/1047 1335/629/1047
f 1337/625/1047 1381/630/1047 1376/631/1047 1338/631/1047
f 1338/628/1047 1376/630/1047 1390/631/1047 1339/612/1047
f 1339/612/1047 1390/631/1047 1392/631/1047 1380/611/1047
f 1335/629/1047 1386/626/1047 1392/631/1047 1379/611/1047
f 1379/611/1047 1392/631/1047 1385/627/1047 1333/625/1047
f 1380/611/1047 1392/631/1047 1381/630/1047 1337/625/1047
f 1336/632/1047 1382/630/1047 1381/631/1047 1377/633/1047
f 1341/634/1047 1391/630/1047 1383/631/1047 1332/631/1047
f 1332/635/1047 1383/627/1047 1385/631/1047 1374/633/1047
f 1375/636/1047 1386/627/1047 1382/626/1047 1336/631/1047
f 1387/633/1047 1392/631/1047 1391/630/1047 1341/634/1047
f 1372/633/1047 1392/631/1047 1386/627/1047 1375/636/1047
f 1374/633/1047 1385/631/1047 1392/631/1047 1387/633/1047
f 1377/633/1047 1381/631/1047 1392/631/1047 1372/633/1047
f 1378/637/1047 1390/630/1047 1389/626/1047 1340/626/1047
f 1340/638/1047 1389/627/1047 1391/626/1047 1384/639/1047
f 1384/639/1047 1391/626/1047 1392/631/1047 1388/631/1047
f 1388/631/1047 1392/631/1047 1390/630/1047 1378/637/1047
f 1388/631/1081 1317/631/1081 1331/639/1081 1384/639/1081
f 1379/611/1082 1313/611/1082 1323/629/1082 1335/629/1082
f 1341/634/1083 1327/634/1083 1314/633/1083 1387/633/1083
f 1378/637/1084 1330/637/1084 1317/631/1084 1388/631/1084
f 1333/625/1085 1322/625/1085 1313/611/1085 1379/611/1085
f 1375/636/1086 1329/636/1086 1320/633/1086 1372/633/1086
f 1337/625/1087 1324/625/1087 1319/611/1087 1380/611/1087
f 1387/633/1088 1314/633/1088 1328/633/1088 1374/633/1088
f 1334/599/1080 1312/599/1080 1322/640/1089 1333/640/1089
f 1372/633/1090 1320/633/1090 1326/633/1090 1377/633/1090
usemtl texture
f 1289/591/969 1253/592/970 1251/593/971 1272/594/972
f 1287/591/973 1260/592/974 1253/593/970 1289/594/969
f 1281/591/977 1257/592/978 1258/593/979 1283/594/980
f 1275/591/981 1254/592/982 1255/593/983 1277/594/984
f 1277/591/984 1255/592/983 1256/593/985 1279/594/986
f 1279/591/986 1256/592/985 1257/593/978 1281/594/977
f 1286/597/987 1268/598/988 1267/599/988 1284/600/989
f 1271/601/990 1261/598/988 1270/599/988 1290/600/991
f 1276/602/992 1263/603/988 1262/595/988 1274/604/993
f 1290/605/991 1270/603/988 1269/595/988 1288/600/994
f 1288/606/994 1269/598/988 1268/595/988 1286/600/987
f 1285/591/995 1259/592/996 1260/593/974 1287/594/973
f 1284/597/989 1267/603/988 1266/599/988 1282/600/997
f 1282/601/997 1266/598/988 1265/599/988 1280/600/998
f 1280/602/998 1265/603/988 1264/595/988 1278/600/999
f 1278/597/999 1264/603/988 1263/595/988 1276/600/992
f 1273/591/1000 1252/592/1001 1254/593/982 1275/594/981
f 1283/591/980 1258/592/979 1259/593/996 1285/594/995
f 1261/599/1002 1262/603/1003 1309/603/1003 1308/599/1002
f 1274/597/993 1262/603/988 1261/599/988 1271/600/990
f 1272/591/972 1273/594/1000 1274/607/993 1271/608/990
f 1273/609/1000 1275/592/981 1276/602/992 1274/604/993
f 1275/591/981 1277/594/984 1278/607/999 1276/608/992
f 1277/609/984 1279/592/986 1280/602/998 1278/600/999
f 1279/609/986 1281/592/977 1282/601/997 1280/600/998
f 1281/609/977 1283/592/980 1284/597/989 1282/600/997
f 1283/591/980 1285/594/995 1286/610/987 1284/608/989
f 1285/591/995 1287/594/973 1288/607/994 1286/608/987
f 1287/609/973 1289/592/969 1290/605/991 1288/600/994
f 1289/591/969 1272/594/972 1271/607/990 1290/608/991
f 1272/591/972 1251/592/971 1252/593/1001 1273/594/1000
f 1268/595/1004 1269/598/1005 1302/598/1005 1304/595/1004
f 1265/599/1006 1266/598/1007 1305/598/1007 1301/599/1006
f 1262/595/1003 1263/603/1008 1295/603/1008 1309/595/1003
f 1269/595/1005 1270/603/1009 1310/603/1009 1302/595/1005
f 1266/599/1007 1267/603/1010 1292/603/1010 1305/599/1007
f 1263/595/1008 1264/603/1011 1300/603/1011 1295/595/1008
f 1270/599/1009 1261/598/1002 1308/598/1002 1310/599/1009
f 1267/599/1010 1268/598/1004 1304/598/1004 1292/599/1010
f 1264/595/1011 1265/603/1006 1301/603/1006 1300/595/1011
f 1370/591/1035 1353/594/1036 1251/593/971 1253/592/970
f 1368/591/1037 1370/594/1035 1253/593/970 1260/592/974
f 1362/591/1040 1364/594/1041 1258/593/979 1257/592/978
f 1356/591/1042 1358/594/1043 1255/593/983 1254/592/982
f 1358/591/1043 1360/594/1044 1256/593/985 1255/592/983
f 1360/591/1044 1362/594/1040 1257/593/978 1256/592/985
f 1367/597/1045 1365/600/1046 1348/599/1047 1349/598/1047
f 1352/601/1048 1371/600/1049 1351/599/1047 1342/598/1047
f 1357/602/1050 1355/604/1051 1343/595/1047 1344/603/1047
f 1371/605/1049 1369/600/1052 1350/595/1047 1351/603/1047
f 1369/606/1052 1367/600/1045 1349/595/1047 1350/598/1047
f 1366/591/1053 1368/594/1037 1260/593/974 1259/592/996
f 1365/597/1046 1363/600/1054 1347/599/1047 1348/603/1047
f 1363/601/1054 1361/600/1055 1346/599/1047 1347/598/1047
f 1361/602/1055 1359/600/1056 1345/595/1047 1346/603/1047
f 1359/597/1056 1357/600/1050 1344/595/1047 1345/603/1047
f 1354/591/1057 1356/594/1042 1254/593/982 1252/592/1001
f 1364/591/1041 1366/594/1053 1259/593/996 1258/592/979
f 1342/599/1058 1389/599/1058 1390/603/1059 1343/603/1059
f 1355/597/1051 1352/600/1048 1342/599/1047 1343/603/1047
f 1353/591/1036 1352/608/1048 1355/607/1051 1354/594/1057
f 1354/609/1057 1355/604/1051 1357/602/1050 1356/592/1042
f 1356/591/1042 1357/608/1050 1359/607/1056 1358/594/1043
f 1358/609/1043 1359/600/1056 1361/602/1055 1360/592/1044
f 1360/609/1044 1361/600/1055 1363/601/1054 1362/592/1040
f 1362/609/1040 1363/600/1054 1365/597/1046 1364/592/1041
f 1364/591/1041 1365/608/1046 1367/610/1045 1366/594/1053
f 1366/591/1053 1367/608/1045 1369/607/1052 1368/594/1037
f 1368/609/1037 1369/600/1052 1371/605/1049 1370/592/1035
f 1370/591/1035 1371/608/1049 1352/607/1048 1353/594/1036
f 1353/591/1036 1354/594/1057 1252/593/1001 1251/592/971
f 1349/595/1060 1385/595/1060 1383/598/1061 1350/598/1061
f 1346/599/1062 1382/599/1062 1386/598/1063 1347/598/1063
f 1343/595/1059 1390/595/1059 1376/603/1064 1344/603/1064
f 1350/595/1061 1383/595/1061 1391/603/1065 1351/603/1065
f 1347/599/1063 1386/599/1063 1373/603/1066 1348/603/1066
f 1344/595/1064 1376/595/1064 1381/603/1067 1345/603/1067
f 1351/599/1065 1391/599/1065 1389/598/1058 1342/598/1058
f 1348/599/1066 1373/599/1066 1385/598/1060 1349/598/1060
f 1345/595/1067 1381/595/1067 1382/603/1062 1346/603/1062
o wheels.044
v 1.049255 0.725442 -1.038741
v 1.049255 0.711725 -0.853913
v 1.049255 0.628015 -0.738696
v 1.049255 0.492569 -0.694687
v 1.049255 0.312550 -0.738757
v 1.049255 0.215008 -0.896347
v 1.049255 0.215008 -1.038764
v 1.049255 0.298718 -1.153981
v 1.049255 0.470260 -1.219797
v 1.049255 0.641803 -1.153860
v 0.985083 0.470260 -1.454976
v 0.985083 0.176868 -1.359647
v 0.985083 0.763653 -1.359647
v 0.985083 -0.004459 -1.110073
v 0.985083 -0.004459 -0.801581
v 0.985083 0.176868 -0.552007
v 0.985083 0.470260 -0.456678
v 0.985083 0.763653 -0.552007
v 0.985083 0.944980 -0.801581
v 0.985083 0.944980 -1.110073
v 1.141691 0.470260 -1.306511
v 1.141691 0.264133 -1.239537
v 1.141691 0.136740 -1.064194
v 1.141691 0.136740 -0.847460
v 1.141691 0.264133 -0.672117
v 1.141691 0.470260 -0.605143
v 1.141691 0.676387 -0.672117
v 1.141691 0.803781 -0.847460
v 1.141691 0.803781 -1.064194
v 1.141691 0.676387 -1.239537
v 1.141691 0.470260 -1.408227
v 1.097230 0.470260 -1.454976
v 1.097230 0.176868 -1.359647
v 1.141691 0.204346 -1.321826
v 1.097230 -0.004459 -1.110073
v 1.141691 0.040003 -1.095626
v 1.097230 -0.004459 -0.801581
v 1.141691 0.040003 -0.816028
v 1.097230 0.176868 -0.552007
v 1.141691 0.204346 -0.589828
v 1.097230 0.470260 -0.456678
v 1.141691 0.470260 -0.503427
v 1.097230 0.763653 -0.552007
v 1.141691 0.736174 -0.589828
v 1.097230 0.944980 -0.801581
v 1.141691 0.900518 -0.816028
v 1.097230 0.944980 -1.110073
v 1.141691 0.900518 -1.095626
v 1.097230 0.763653 -1.359647
v 1.141691 0.736174 -1.321826
v 1.049255 0.447880 -0.925024
v 1.049255 0.641803 -0.719719
v 1.049255 0.725442 -0.896445
v 1.049255 0.447880 -0.694785
v 1.049255 0.192699 -1.046012
v 1.049255 0.228910 -0.853876
v 1.049255 0.341614 -1.177997
v 1.049255 0.492569 -0.925121
v 1.049255 0.434164 -0.967555
v 1.049255 0.192699 -0.865642
v 1.049255 0.298718 -0.719719
v 1.049255 0.747822 -1.046012
v 1.049255 0.598907 -1.177997
v 1.049255 0.747822 -0.865642
v 1.049255 0.470260 -0.663981
v 1.049255 0.506472 -0.967593
v 1.049255 0.470260 -1.000931
v 1.049255 0.470260 -1.247673
v 1.049255 0.298718 -1.191935
v 1.049255 0.641803 -1.191935
v 1.049255 0.470260 -0.955827
v 0.985083 0.608486 -0.765575
v 0.985083 0.529565 -0.874201
v 0.985083 0.566282 -0.987026
v 0.985083 0.693871 -1.028482
v 0.985083 0.470260 -1.188241
v 0.985083 0.470260 -1.060712
v 0.985083 0.246606 -1.028497
v 0.985083 0.374303 -0.987005
v 0.985083 0.410916 -0.874146
v 0.985083 0.332062 -0.765613
v 0.985083 0.657262 -0.832710
v 0.985083 0.529565 -0.739932
v 0.985083 0.246606 -0.945514
v 0.985083 0.295382 -1.095631
v 0.985083 0.283327 -0.832690
v 0.985083 0.645136 -1.095560
v 0.985083 0.693871 -0.945570
v 0.985083 0.410916 -0.739991
v 0.985083 0.395301 -1.163885
v 0.985083 0.545220 -1.163885
v 0.920910 0.725442 -1.038741
v 0.920910 0.711725 -0.853913
v 0.920910 0.628015 -0.738696
v 0.920910 0.492569 -0.694687
v 0.920910 0.312550 -0.738757
v 0.920910 0.215008 -0.896347
v 0.920910 0.215008 -1.038764
v 0.920910 0.298718 -1.153981
v 0.920910 0.470260 -1.219797
v 0.920910 0.641803 -1.153860
v 0.828475 0.470260 -1.306511
v 0.828475 0.264133 -1.239537
v 0.828475 0.136740 -1.064194
v 0.828475 0.136740 -0.847460
v 0.828475 0.264133 -0.672117
v 0.828475 0.470260 -0.605143
v 0.828475 0.676387 -0.672117
v 0.828475 0.803781 -0.847460
v 0.828475 0.803781 -1.064194
v 0.828475 0.676387 -1.239537
v 0.828475 0.470260 -1.408227
v 0.872936 0.470260 -1.454976
v 0.872936 0.176868 -1.359647
v 0.828475 0.204346 -1.321826
v 0.872936 -0.004459 -1.110073
v 0.828475 0.040003 -1.095626
v 0.872936 -0.004459 -0.801581
v 0.828475 0.040003 -0.816028
v 0.872936 0.176868 -0.552007
v 0.828475 0.204346 -0.589828
v 0.872936 0.470260 -0.456678
v 0.828475 0.470260 -0.503427
v 0.872936 0.763653 -0.552007
v 0.828475 0.736174 -0.589828
v 0.872936 0.944980 -0.801581
v 0.828475 0.900518 -0.816028
v 0.872936 0.944980 -1.110073
v 0.828475 0.900518 -1.095626
v 0.872936 0.763653 -1.359647
v 0.828475 0.736174 -1.321826
v 0.920910 0.447880 -0.925024
v 0.920910 0.641803 -0.719719
v 0.920910 0.725442 -0.896445
v 0.920910 0.447880 -0.694785
v 0.920910 0.192699 -1.046012
v 0.920910 0.228910 -0.853876
v 0.920910 0.341614 -1.177997
v 0.920910 0.492569 -0.925121
v 0.920910 0.434164 -0.967555
v 0.920910 0.192699 -0.865642
v 0.920910 0.298718 -0.719719
v 0.920910 0.747822 -1.046012
v 0.920910 0.598907 -1.177997
v 0.920910 0.747822 -0.865642
v 0.920910 0.470260 -0.663981
v 0.920910 0.506472 -0.967593
v 0.920910 0.470260 -1.000931
v 0.920910 0.470260 -1.247673
v 0.920910 0.298718 -1.191935
v 0.920910 0.641803 -1.191935
v 0.920910 0.470260 -0.955827
vn 0.3686 0.5464 -0.7521
vn 0.3686 -0.0000 -0.9296
vn -0.0000 -0.0000 -1.0000
vn -0.0000 0.5878 -0.8090
vn 0.3686 0.8841 -0.2873
vn -0.0000 0.9511 -0.3090
vn 0.4595 0.5221 -0.7186
vn 0.4414 0.2773 -0.8534
vn 0.3686 -0.0000 0.9296
vn 0.3686 0.5464 0.7521
vn -0.0000 0.5878 0.8090
vn -0.0000 -0.0000 1.0000
vn 0.3686 -0.8841 -0.2873
vn 0.3686 -0.8841 0.2873
vn -0.0000 -0.9511 0.3090
vn -0.0000 -0.9511 -0.3090
vn 0.3686 -0.5464 0.7521
vn -0.0000 -0.5878 0.8090
vn 0.9022 0.4102 0.1333
vn 0.9022 0.2535 0.3490
vn 1.0000 -0.0000 -0.0000
vn 0.9022 -0.0000 -0.4314
vn 0.9022 0.2535 -0.3490
vn 0.9022 -0.4102 -0.1333
vn 0.9022 -0.2535 -0.3490
vn 0.9022 0.4102 -0.1333
vn 0.3686 0.8841 0.2873
vn -0.0000 0.9511 0.3090
vn 0.9022 -0.0000 0.4314
vn 0.9022 -0.2535 0.3490
vn 0.9022 -0.4102 0.1333
vn 0.3686 -0.5464 -0.7521
vn -0.0000 -0.5878 -0.8090
vn 0.5370 -0.0000 0.8436
vn 0.5370 0.4959 0.6825
vn 0.5370 -0.8023 -0.2607
vn 0.5370 -0.8023 0.2607
vn 0.5370 0.4959 -0.6825
vn 0.5370 -0.0000 -0.8436
vn 0.5370 0.8023 0.2607
vn 0.5370 -0.4959 0.6825
vn 0.5370 -0.4959 -0.6825
vn 0.5370 0.8023 -0.2607
vn 0.4995 -0.7009 0.5092
vn 0.4236 -0.2799 0.8615
vn 0.4413 -0.0000 0.8974
vn 0.4414 -0.8973 -0.0000
vn 0.4595 -0.8447 0.2745
vn 0.4417 0.7258 0.5273
vn 0.4598 0.8446 0.2744
vn 0.4236 0.2799 0.8615
vn 0.4414 -0.7259 0.5274
vn 0.4417 0.8971 -0.0000
vn 0.4414 0.7259 -0.5274
vn 0.4417 -0.2772 -0.8532
vn 0.4598 -0.5220 -0.7184
vn 0.4803 -0.7096 -0.5156
vn 0.4995 0.8663 -0.0000
vn 0.4991 0.7010 0.5093
vn 0.4803 0.7096 -0.5156
vn 0.4995 -0.2677 0.8239
vn 0.4991 -0.8665 -0.0000
vn 0.4995 -0.2677 -0.8239
vn 0.4991 0.2678 -0.8241
vn 0.4417 -0.7258 -0.5273
vn 0.4991 0.2678 0.8241
vn -0.3686 0.5464 -0.7521
vn -0.3686 -0.0000 -0.9296
vn -0.3686 0.8841 -0.2873
vn -0.4595 0.5221 -0.7186
vn -0.4414 0.2773 -0.8534
vn -0.3686 -0.0000 0.9296
vn -0.3686 0.5464 0.7521
vn -0.3686 -0.8841 -0.2873
vn -0.3686 -0.8841 0.2873
vn -0.3686 -0.5464 0.7521
vn -0.9022 0.4102 0.1333
vn -1.0000 -0.0000 -0.0000
vn -0.9022 0.2535 0.3490
vn -0.9022 -0.0000 -0.4314
vn -0.9022 0.2535 -0.3490
vn -0.9022 -0.4102 -0.1333
vn -0.9022 -0.2535 -0.3490
vn -0.9022 0.4102 -0.1333
vn -0.3686 0.8841 0.2873
vn -0.9022 -0.0000 0.4314
vn -0.9022 -0.2535 0.3490
vn -0.9022 -0.4102 0.1333
vn -0.3686 -0.5464 -0.7521
vn -0.5370 -0.0000 0.8436
vn -0.5370 0.4959 0.6825
vn -0.5370 -0.8023 -0.2607
vn -0.5370 -0.8023 0.2607
vn -0.5370 0.4959 -0.6825
vn -0.5370 -0.0000 -0.8436
vn -0.5370 0.8023 0.2607
vn -0.5370 -0.4959 0.6825
vn -0.5370 -0.4959 -0.6825
vn -0.5370 0.8023 -0.2607
vn -0.4995 -0.7009 0.5092
vn -0.4236 -0.2799 0.8615
vn -0.4413 -0.0000 0.8974
vn -0.4414 -0.8973 -0.0000
vn -0.4595 -0.8447 0.2745
vn -0.4417 0.7258 0.5273
vn -0.4598 0.8446 0.2744
vn -0.4236 0.2799 0.8615
vn -0.4414 -0.7259 0.5274
vn -0.4417 0.8971 -0.0000
vn -0.4414 0.7259 -0.5274
vn -0.4417 -0.2772 -0.8532
vn -0.4598 -0.5220 -0.7184
vn -0.4803 -0.7096 -0.5156
vn -0.4995 0.8663 -0.0000
vn -0.4991 0.7010 0.5093
vn -0.4803 0.7096 -0.5156
vn -0.4995 -0.2677 0.8239
vn -0.4991 -0.8665 -0.0000
vn -0.4995 -0.2677 -0.8239
vn -0.4991 0.2678 -0.8241
vn -0.4417 -0.7258 -0.5273
vn -0.4991 0.2678 0.8241
vt 0.975777 0.347738
vt 0.975777 0.375608
vt 0.992922 0.375608
vt 0.992922 0.347738
vt 0.969168 0.356028
vt 0.982334 0.356028
vt 0.990697 0.350349
vt 0.969168 0.350349
vt 0.969168 0.356028
vt 0.985856 0.356028
vt 0.990697 0.350349
vt 0.990697 0.350349
vt 0.969168 0.350348
vt 0.985856 0.356028
vt 0.990697 0.350349
vt 0.990697 0.350348
vt 0.969168 0.349043
vt 0.969168 0.374303
vt 0.969168 0.347738
vt 0.969168 0.374303
vt 0.975668 0.528250
vt 0.977838 0.528250
vt 0.971747 0.356028
vt 0.984262 0.356028
vt 0.971345 0.356028
vt 0.984511 0.356028
vt 0.971338 0.356028
vt 0.984515 0.356028
vt 0.969168 0.356028
vt 0.981683 0.356028
vt 0.982334 0.356028
vt 0.982345 0.356028
vt 0.984511 0.356028
vt 0.971338 0.356028
vt 0.988845 0.528250
vt 0.992356 0.528250
vt 0.975668 0.528250
vt 0.991015 0.528250
vt 0.992356 0.528250
vt 0.977838 0.528250
vt 0.975668 0.528250
vt 0.991011 0.528250
vt 0.977845 0.528250
vt 0.988834 0.528250
vt 0.991011 0.528250
vt 0.988833 0.528250
vt 0.988183 0.528250
vt 0.990762 0.528250
vt 0.978247 0.528250
vt 0.982345 0.356028
s 1
usemtl metallic
f 1397/645/1097 1473/645/1097 1481/646/1098 1446/646/1098
f 1451/661/1134 1471/661/1134 1477/662/1134 1400/662/1134
f 1455/663/1135 1483/663/1135 1468/664/1136 1401/664/1136
f 1445/665/1137 1480/665/1137 1467/666/1138 1393/666/1138
f 1400/667/1139 1477/667/1139 1470/668/1140 1399/668/1140
f 1401/669/1136 1468/669/1136 1482/670/1141 1449/670/1141
f 1393/645/1138 1467/645/1138 1479/671/1142 1402/671/1142
f 1399/645/1140 1470/645/1140 1476/672/1143 1398/672/1143
f 1448/665/1144 1478/665/1144 1473/673/1097 1397/673/1097
f 1396/674/1145 1475/674/1145 1464/668/1146 1395/668/1146
f 1394/675/1111 1456/676/1111 1444/677/1111 1395/677/1111
f 1395/678/1111 1444/679/1111 1457/677/1111 1396/680/1111
f 1398/675/1111 1452/679/1111 1447/681/1111 1399/681/1111
f 1399/678/1111 1447/679/1111 1461/681/1111 1400/662/1111
f 1400/662/1111 1461/681/1111 1463/681/1111 1451/661/1111
f 1396/680/1111 1457/677/1111 1463/681/1111 1450/661/1111
f 1450/661/1111 1463/681/1111 1456/676/1111 1394/675/1111
f 1451/661/1111 1463/681/1111 1452/679/1111 1398/675/1111
f 1397/682/1111 1453/679/1111 1452/681/1111 1448/683/1111
f 1402/684/1111 1462/679/1111 1454/681/1111 1393/681/1111
f 1393/685/1111 1454/676/1111 1456/681/1111 1445/683/1111
f 1446/686/1111 1457/676/1111 1453/677/1111 1397/681/1111
f 1458/683/1111 1463/681/1111 1462/679/1111 1402/684/1111
f 1443/683/1111 1463/681/1111 1457/676/1111 1446/686/1111
f 1445/683/1111 1456/681/1111 1463/681/1111 1458/683/1111
f 1448/683/1111 1452/681/1111 1463/681/1111 1443/683/1111
f 1449/687/1111 1461/679/1111 1460/677/1111 1401/677/1111
f 1401/688/1111 1460/676/1111 1462/677/1111 1455/689/1111
f 1455/689/1111 1462/677/1111 1463/681/1111 1459/681/1111
f 1459/681/1111 1463/681/1111 1461/679/1111 1449/687/1111
f 1459/681/1147 1469/681/1147 1483/689/1147 1455/689/1147
f 1450/661/1148 1465/661/1148 1475/680/1148 1396/680/1148
f 1402/684/1149 1479/684/1149 1466/683/1149 1458/683/1149
f 1449/687/1150 1482/687/1150 1469/681/1150 1459/681/1150
f 1394/675/1151 1474/675/1151 1465/661/1151 1450/661/1151
f 1446/686/1152 1481/686/1152 1472/683/1152 1443/683/1152
f 1398/675/1153 1476/675/1153 1471/661/1153 1451/661/1153
f 1458/683/1154 1466/683/1154 1480/683/1154 1445/683/1154
f 1395/649/1146 1464/649/1146 1474/690/1155 1394/690/1155
f 1443/683/1156 1472/683/1156 1478/683/1156 1448/683/1156
f 1488/645/1160 1527/646/1161 1481/646/1161 1473/645/1160
f 1532/661/1190 1491/662/1190 1477/662/1190 1471/661/1190
f 1536/663/1191 1492/664/1192 1468/664/1192 1483/663/1191
f 1526/665/1193 1484/666/1194 1467/666/1194 1480/665/1193
f 1491/667/1195 1490/668/1196 1470/668/1196 1477/667/1195
f 1492/669/1192 1530/670/1197 1482/670/1197 1468/669/1192
f 1484/645/1194 1493/671/1198 1479/671/1198 1467/645/1194
f 1490/645/1196 1489/672/1199 1476/672/1199 1470/645/1196
f 1529/665/1200 1488/673/1160 1473/673/1160 1478/665/1200
f 1487/674/1201 1486/668/1202 1464/668/1202 1475/674/1201
f 1485/675/1168 1486/677/1168 1525/677/1168 1537/676/1168
f 1486/678/1168 1487/680/1168 1538/677/1168 1525/679/1168
f 1489/675/1168 1490/681/1168 1528/681/1168 1533/679/1168
f 1490/678/1168 1491/662/1168 1542/681/1168 1528/679/1168
f 1491/662/1168 1532/661/1168 1544/681/1168 1542/681/1168
f 1487/680/1168 1531/661/1168 1544/681/1168 1538/677/1168
f 1531/661/1168 1485/675/1168 1537/676/1168 1544/681/1168
f 1532/661/1168 1489/675/1168 1533/679/1168 1544/681/1168
f 1488/682/1168 1529/683/1168 1533/681/1168 1534/679/1168
f 1493/684/1168 1484/681/1168 1535/681/1168 1543/679/1168
f 1484/685/1168 1526/683/1168 1537/681/1168 1535/676/1168
f 1527/686/1168 1488/681/1168 1534/677/1168 1538/676/1168
f 1539/683/1168 1493/684/1168 1543/679/1168 1544/681/1168
f 1524/683/1168 1527/686/1168 1538/676/1168 1544/681/1168
f 1526/683/1168 1539/683/1168 1544/681/1168 1537/681/1168
f 1529/683/1168 1524/683/1168 1544/681/1168 1533/681/1168
f 1530/687/1168 1492/677/1168 1541/677/1168 1542/679/1168
f 1492/688/1168 1536/689/1168 1543/677/1168 1541/676/1168
f 1536/689/1168 1540/681/1168 1544/681/1168 1543/677/1168
f 1540/681/1168 1530/687/1168 1542/679/1168 1544/681/1168
f 1540/681/1203 1536/689/1203 1483/689/1203 1469/681/1203
f 1531/661/1204 1487/680/1204 1475/680/1204 1465/661/1204
f 1493/684/1205 1539/683/1205 1466/683/1205 1479/684/1205
f 1530/687/1206 1540/681/1206 1469/681/1206 1482/687/1206
f 1485/675/1207 1531/661/1207 1465/661/1207 1474/675/1207
f 1527/686/1208 1524/683/1208 1472/683/1208 1481/686/1208
f 1489/675/1209 1532/661/1209 1471/661/1209 1476/675/1209
f 1539/683/1210 1526/683/1210 1480/683/1210 1466/683/1210
f 1486/649/1202 1485/690/1211 1474/690/1211 1464/649/1202
f 1524/683/1212 1529/683/1212 1478/683/1212 1472/683/1212
usemtl texture
f 1441/641/1091 1424/642/1092 1403/643/1093 1405/644/1094
f 1439/641/1095 1441/642/1091 1405/643/1094 1412/644/1096
f 1433/641/1099 1435/642/1100 1410/643/1101 1409/644/1102
f 1427/641/1103 1429/642/1104 1407/643/1105 1406/644/1106
f 1429/641/1104 1431/642/1107 1408/643/1108 1407/644/1105
f 1431/641/1107 1433/642/1099 1409/643/1102 1408/644/1108
f 1438/647/1109 1436/648/1110 1419/649/1111 1420/650/1111
f 1423/651/1112 1442/648/1113 1422/649/1111 1413/650/1111
f 1428/652/1114 1426/653/1115 1414/645/1111 1415/654/1111
f 1442/655/1113 1440/648/1116 1421/645/1111 1422/654/1111
f 1440/656/1116 1438/648/1109 1420/645/1111 1421/650/1111
f 1437/641/1117 1439/642/1095 1412/643/1096 1411/644/1118
f 1436/647/1110 1434/648/1119 1418/649/1111 1419/654/1111
f 1434/651/1119 1432/648/1120 1417/649/1111 1418/650/1111
f 1432/652/1120 1430/648/1121 1416/645/1111 1417/654/1111
f 1430/647/1121 1428/648/1114 1415/645/1111 1416/654/1111
f 1425/641/1122 1427/642/1103 1406/643/1106 1404/644/1123
f 1435/641/1100 1437/642/1117 1411/643/1118 1410/644/1101
f 1413/649/1124 1460/649/1124 1461/654/1125 1414/654/1125
f 1426/647/1115 1423/648/1112 1413/649/1111 1414/654/1111
f 1424/641/1092 1423/657/1112 1426/658/1115 1425/642/1122
f 1425/659/1122 1426/653/1115 1428/652/1114 1427/644/1103
f 1427/641/1103 1428/657/1114 1430/658/1121 1429/642/1104
f 1429/659/1104 1430/648/1121 1432/652/1120 1431/644/1107
f 1431/659/1107 1432/648/1120 1434/651/1119 1433/644/1099
f 1433/659/1099 1434/648/1119 1436/647/1110 1435/644/1100
f 1435/641/1100 1436/657/1110 1438/660/1109 1437/642/1117
f 1437/641/1117 1438/657/1109 1440/658/1116 1439/642/1095
f 1439/659/1095 1440/648/1116 1442/655/1113 1441/644/1091
f 1441/641/1091 1442/657/1113 1423/658/1112 1424/642/1092
f 1424/641/1092 1425/642/1122 1404/643/1123 1403/644/1093
f 1420/645/1126 1456/645/1126 1454/650/1127 1421/650/1127
f 1417/649/1128 1453/649/1128 1457/650/1129 1418/650/1129
f 1414/645/1125 1461/645/1125 1447/654/1130 1415/654/1130
f 1421/645/1127 1454/645/1127 1462/654/1131 1422/654/1131
f 1418/649/1129 1457/649/1129 1444/654/1132 1419/654/1132
f 1415/645/1130 1447/645/1130 1452/654/1133 1416/654/1133
f 1422/649/1131 1462/649/1131 1460/650/1124 1413/650/1124
f 1419/649/1132 1444/649/1132 1456/650/1126 1420/650/1126
f 1416/645/1133 1452/645/1133 1453/654/1128 1417/654/1128
f 1522/641/1157 1405/644/1094 1403/643/1093 1505/642/1158
f 1520/641/1159 1412/644/1096 1405/643/1094 1522/642/1157
f 1514/641/1162 1409/644/1102 1410/643/1101 1516/642/1163
f 1508/641/1164 1406/644/1106 1407/643/1105 1510/642/1165
f 1510/641/1165 1407/644/1105 1408/643/1108 1512/642/1166
f 1512/641/1166 1408/644/1108 1409/643/1102 1514/642/1162
f 1519/647/1167 1501/650/1168 1500/649/1168 1517/648/1169
f 1504/651/1170 1494/650/1168 1503/649/1168 1523/648/1171
f 1509/652/1172 1496/654/1168 1495/645/1168 1507/653/1173
f 1523/655/1171 1503/654/1168 1502/645/1168 1521/648/1174
f 1521/656/1174 1502/650/1168 1501/645/1168 1519/648/1167
f 1518/641/1175 1411/644/1118 1412/643/1096 1520/642/1159
f 1517/647/1169 1500/654/1168 1499/649/1168 1515/648/1176
f 1515/651/1176 1499/650/1168 1498/649/1168 1513/648/1177
f 1513/652/1177 1498/654/1168 1497/645/1168 1511/648/1178
f 1511/647/1178 1497/654/1168 1496/645/1168 1509/648/1172
f 1506/641/1179 1404/644/1123 1406/643/1106 1508/642/1164
f 1516/641/1163 1410/644/1101 1411/643/1118 1518/642/1175
f 1494/649/1180 1495/654/1181 1542/654/1181 1541/649/1180
f 1507/647/1173 1495/654/1168 1494/649/1168 1504/648/1170
f 1505/641/1158 1506/642/1179 1507/658/1173 1504/657/1170
f 1506/659/1179 1508/644/1164 1509/652/1172 1507/653/1173
f 1508/641/1164 1510/642/1165 1511/658/1178 1509/657/1172
f 1510/659/1165 1512/644/1166 1513/652/1177 1511/648/1178
f 1512/659/1166 1514/644/1162 1515/651/1176 1513/648/1177
f 1514/659/1162 1516/644/1163 1517/647/1169 1515/648/1176
f 1516/641/1163 1518/642/1175 1519/660/1167 1517/657/1169
f 1518/641/1175 1520/642/1159 1521/658/1174 1519/657/1167
f 1520/659/1159 1522/644/1157 1523/655/1171 1521/648/1174
f 1522/641/1157 1505/642/1158 1504/658/1170 1523/657/1171
f 1505/641/1158 1403/644/1093 1404/643/1123 1506/642/1179
f 1501/645/1182 1502/650/1183 1535/650/1183 1537/645/1182
f 1498/649/1184 1499/650/1185 1538/650/1185 1534/649/1184
f 1495/645/1181 1496/654/1186 1528/654/1186 1542/645/1181
f 1502/645/1183 1503/654/1187 1543/654/1187 1535/645/1183
f 1499/649/1185 1500/654/1188 1525/654/1188 1538/649/1185
f 1496/645/1186 1497/654/1189 1533/654/1189 1528/645/1186
f 1503/649/1187 1494/650/1180 1541/650/1180 1543/649/1187
f 1500/649/1188 1501/650/1182 1537/650/1182 1525/649/1188
f 1497/645/1189 1498/654/1184 1534/654/1184 1533/645/1189
