# Blender 5.1.2
# www.blender.org
mtllib kamaro.mtl
o kamaro
v 0.000000 0.307886 -1.877223
v 0.000000 1.076477 -1.788362
v 0.000000 0.984561 0.721051
v 0.000000 0.325115 2.019060
v 0.000000 0.840549 2.258779
v 0.000000 0.320442 2.254544
v 0.000000 1.363647 0.122593
v 0.000000 1.363740 -0.911230
v 0.000000 1.293087 -1.274837
v 0.000000 0.200441 -1.112444
v 0.000000 0.469543 -2.454870
v 0.000000 0.792204 -2.452713
v 0.000000 0.835725 -2.353405
v 0.000000 0.379104 -2.224719
v 0.000000 0.200441 1.079498
v 0.000000 0.915465 1.769386
v 0.000000 1.085804 -1.756582
v 0.000000 1.275663 -1.308980
v 0.000000 1.062491 -1.749584
v 0.000000 1.252350 -1.298939
v 0.000000 1.008244 0.692980
v 0.000000 1.351047 0.150288
v 0.000000 1.329925 0.136739
v 0.000000 0.987123 0.679431
v 0.000000 0.935162 -2.518605
v 0.000000 0.360419 2.237550
v 0.000000 0.799927 2.241233
v 0.000000 0.800957 2.179330
v 0.000000 0.361595 2.175375
v 0.795293 0.223992 0.705830
v 0.785542 0.957368 0.615395
v 0.779599 0.331356 -1.829396
v 0.749817 0.951675 -1.794845
v 0.691504 0.358851 2.062255
v 0.712526 0.704475 2.076809
v 0.373819 0.360553 2.121794
v 0.369974 0.773244 2.121364
v 0.795293 0.223992 0.122593
v 0.614928 1.284968 0.111479
v 0.614386 1.266021 -0.868857
v 0.795293 0.236180 -1.046266
v 0.563662 1.214875 -1.306045
v 0.588044 0.226203 -1.048328
v 0.700844 0.806410 -2.461313
v 0.718246 0.482843 -2.463692
v 0.731945 0.850278 -2.328586
v 0.793150 0.392455 -2.224719
v 0.795293 0.223992 1.075979
v 0.794750 0.929906 0.708649
v 0.854299 0.958429 -1.264957
v 0.821352 0.954314 -0.793699
v 0.844357 0.893498 0.122593
v 0.952299 0.591721 0.705830
v 0.950417 0.619976 -1.693092
v 0.805926 0.524126 2.066948
v 0.952299 0.602576 0.122593
v 0.952299 0.583188 -1.109206
v 0.952299 0.712108 -1.340943
v 0.805062 0.638514 -2.463784
v 0.859209 0.623740 -2.202034
v 0.965829 0.586492 1.174160
v 0.772089 0.832178 1.473209
v 0.590732 0.229446 1.079498
v 0.758701 0.795971 1.818070
v 0.702143 0.599895 1.802301
v 0.736117 0.696398 1.471109
v 0.724402 0.587398 1.164371
v 0.691499 0.577179 -1.115958
v 0.764394 0.654754 -1.682839
v 0.574599 1.065317 -1.650878
v 0.494356 1.024617 -1.757125
v 0.751691 0.954831 0.682418
v 0.571166 1.299341 0.150132
v 0.596419 1.295050 -0.911230
v 0.839275 0.925506 -0.822396
v 0.826366 0.923376 0.121387
v 0.586911 1.268057 0.110868
v 0.798349 0.906465 0.120776
v 0.757525 0.940457 0.614783
v 0.586369 1.249110 -0.869468
v 0.793335 0.937403 -0.794310
v 0.596419 1.224397 -1.274837
v 0.608597 1.057805 -1.658870
v 0.511161 1.009151 -1.788362
v 0.560478 1.191562 -1.305619
v 0.571415 1.042003 -1.650452
v 0.491172 1.001304 -1.756700
v 0.596419 1.314675 0.122593
v 0.749741 0.933709 0.668869
v 0.569216 1.278219 0.136583
v 0.491667 0.844065 1.815154
v 0.756719 0.912878 -2.506881
v 0.867184 0.562281 1.921747
v 0.728859 0.400450 2.064198
v 0.862879 0.747737 1.477970
v 0.847583 0.647217 1.792084
v 0.801724 0.456190 1.990998
v 0.934888 0.510071 1.871134
v 0.943125 0.620790 1.723481
v 0.944476 0.678123 1.464519
v 0.918665 0.393297 1.942432
v 0.392734 0.876674 1.803217
v 0.150781 0.902464 1.786956
v 0.151821 0.974116 0.718681
v 0.423560 0.955430 0.714441
v 0.140688 0.795751 2.195047
v 0.600857 0.327425 -1.796357
v 0.854119 0.525056 2.060263
v 0.736971 0.743092 2.074591
v 0.141358 0.835545 2.195315
v 0.372928 0.812511 2.121563
v 0.372753 0.320389 2.121236
v 0.706388 0.322256 2.042722
v 0.757887 0.376758 2.059426
v 0.362574 0.361912 2.083873
v 0.358729 0.773939 2.083443
v 0.794681 0.525057 2.029027
v 0.701281 0.705931 2.038888
v 0.129443 0.796727 2.157601
v 0.680259 0.360027 2.024334
v 0.717614 0.401627 2.026277
v 0.727121 0.726025 -1.330562
v 0.593696 0.305471 1.876494
v 0.359123 0.476193 -2.459281
v 0.367472 0.799307 -2.457013
v 0.396575 0.385779 -2.224719
v 0.423085 0.843002 -2.340995
v 0.424584 0.924340 -2.512912
v 0.147808 0.381592 -2.224719
v 0.133850 0.472022 -2.456514
v 0.423484 1.028222 -1.788362
v 0.134355 0.794801 -2.454286
v 0.152195 0.931205 -2.516523
v 0.151647 0.838386 -2.348868
v 0.151793 1.058834 -1.788362
v -0.863967 0.942774 0.644887
v -0.865796 1.025533 0.641309
v -0.986276 0.952532 0.589330
v -0.991039 1.045455 0.586683
v -0.840761 0.925508 0.595524
v -0.843213 1.036454 0.590728
v -0.999514 0.938007 0.538045
v -1.004233 1.061194 0.535446
v -0.789634 0.895685 0.701529
v -0.783585 0.926446 0.710307
v -0.888233 0.943254 0.616933
v -0.891206 0.973022 0.616254
v -0.766131 0.897994 0.677248
v -0.760083 0.928754 0.686026
v -0.864730 0.945562 0.592651
v -0.858682 0.976323 0.601429
v -0.743010 0.376782 2.087799
v -0.743010 0.413969 2.146978
v -0.743010 0.413969 2.028620
v -0.743010 0.451156 2.087799
v -0.379927 0.413969 2.080806
v -0.379927 0.451156 2.139986
v -0.379927 0.376782 2.139986
v -0.379927 0.413969 2.199165
v -0.784411 0.413969 2.001059
v -0.839547 0.376782 2.036223
v -0.894684 0.413969 2.069547
v -0.839547 0.451156 2.036223
v -0.734644 0.413969 1.958934
v -0.788409 0.376782 1.945142
v -0.842173 0.413969 1.929103
v -0.788408 0.451156 1.945142
v -0.904469 0.792928 -0.664406
v -0.891550 0.836652 -0.665512
v -0.904511 0.789495 -0.800519
v -0.891592 0.833219 -0.801626
v -0.870334 0.782848 -0.664162
v -0.857415 0.826572 -0.665269
v -0.870376 0.779416 -0.800276
v -0.857457 0.823140 -0.801382
v -0.214121 0.587725 -2.444747
v -0.193863 0.569339 -2.444747
v -0.193863 0.751608 -2.444747
v -0.214121 0.733223 -2.444747
v -0.186606 0.594311 -2.487801
v -0.186606 0.726637 -2.487801
v 0.210518 0.569339 -2.444747
v 0.230776 0.587725 -2.444747
v 0.230776 0.733223 -2.444747
v 0.210518 0.751608 -2.444747
v 0.203261 0.594311 -2.487801
v 0.203261 0.726637 -2.487801
v -0.214121 0.587725 -2.487801
v -0.193863 0.569339 -2.487801
v -0.193863 0.751608 -2.487801
v -0.214121 0.733223 -2.487801
v 0.210518 0.569339 -2.487801
v 0.230776 0.587725 -2.487801
v 0.230776 0.733223 -2.487801
v 0.210518 0.751608 -2.487801
v -0.517998 0.452262 -2.497309
v -0.517998 0.469805 -1.727650
v -0.449252 0.402328 -2.496171
v -0.449252 0.419871 -1.726511
v -0.475511 0.321534 -2.494329
v -0.475511 0.339077 -1.724670
v -0.560485 0.321534 -2.494329
v -0.560485 0.339077 -1.724670
v -0.586744 0.402328 -2.496171
v -0.586744 0.419871 -1.726511
v -0.517998 0.428908 -2.496777
v -0.471469 0.395111 -2.496006
v -0.489242 0.340427 -2.494760
v -0.546755 0.340427 -2.494760
v -0.564527 0.395111 -2.496006
v -0.517998 0.441834 -1.929687
v -0.471469 0.408037 -1.928917
v -0.489242 0.353353 -1.927670
v -0.546755 0.353353 -1.927670
v -0.564527 0.408037 -1.928917
v 0.000000 0.496346 1.674997
v 0.000000 0.694454 1.674997
v 0.000000 0.496346 2.248222
v 0.000000 0.694454 2.248222
v -0.316378 0.552444 2.133610
v -0.290969 0.525017 2.147461
v -0.290969 0.665784 2.147461
v -0.319417 0.637335 2.133816
v -0.300902 0.496346 1.652127
v -0.345268 0.540712 1.652127
v -0.345268 0.650089 1.652127
v -0.300902 0.694454 1.652127
v -0.300902 0.496346 2.142697
v 0.000000 0.665784 2.246046
v 0.000000 0.525017 2.246046
v -0.345268 0.540712 2.121416
v -0.345268 0.650089 2.121416
v -0.300902 0.694454 2.142697
v 0.000000 0.665784 2.219689
v 0.000000 0.525017 2.219689
v -0.275237 0.525017 2.133197
v -0.300815 0.553465 2.120929
v -0.300815 0.637335 2.120929
v -0.275237 0.665784 2.133197
v -0.313339 0.575829 2.133404
v -0.313339 0.551422 2.034631
v -0.313339 0.575829 2.034631
v 0.000000 0.551422 2.079888
v 0.000000 0.575829 2.079888
v 0.000000 0.551422 2.239086
v 0.000000 0.575829 2.239086
v -0.412707 0.783113 -2.495407
v -0.412707 0.783113 -2.283237
v -0.337693 0.752042 -2.495407
v -0.337693 0.752042 -2.283237
v -0.306622 0.677028 -2.495407
v -0.306622 0.677028 -2.283237
v -0.337693 0.602015 -2.495407
v -0.337693 0.602015 -2.283237
v -0.412707 0.570943 -2.495407
v -0.412707 0.570943 -2.283237
v -0.487720 0.602015 -2.495407
v -0.487720 0.602015 -2.283237
v -0.518791 0.677028 -2.495407
v -0.518791 0.677028 -2.283237
v -0.487720 0.752042 -2.495407
v -0.487720 0.752042 -2.283237
v -0.412707 0.755550 -2.489962
v -0.357183 0.732552 -2.489962
v -0.334185 0.677028 -2.489962
v -0.357183 0.621505 -2.489962
v -0.412707 0.598506 -2.489962
v -0.468230 0.621505 -2.489962
v -0.491229 0.677028 -2.489962
v -0.468230 0.732552 -2.489962
v -0.412707 0.720650 -2.501178
v -0.412707 0.740407 -2.496297
v -0.367891 0.721844 -2.496297
v -0.381861 0.707873 -2.501178
v -0.349327 0.677028 -2.496297
v -0.369085 0.677028 -2.501178
v -0.367891 0.632212 -2.496297
v -0.381861 0.646183 -2.501178
v -0.412707 0.613649 -2.496297
v -0.412707 0.633407 -2.501178
v -0.457522 0.632212 -2.496297
v -0.443552 0.646183 -2.501178
v -0.476086 0.677028 -2.496297
v -0.456328 0.677028 -2.501178
v -0.457522 0.721844 -2.496297
v -0.443552 0.707873 -2.501178
v -0.632594 0.744432 -2.491867
v -0.632594 0.744432 -2.352548
v -0.583337 0.724029 -2.491867
v -0.583337 0.724029 -2.352548
v -0.562935 0.674772 -2.491867
v -0.562935 0.674772 -2.352548
v -0.583337 0.625515 -2.491867
v -0.583337 0.625515 -2.352548
v -0.632594 0.605113 -2.491867
v -0.632594 0.605113 -2.352548
v -0.681851 0.625515 -2.491867
v -0.681851 0.625515 -2.352548
v -0.702254 0.674772 -2.491867
v -0.702254 0.674772 -2.352548
v -0.681851 0.724029 -2.491867
v -0.681851 0.724029 -2.352548
v -0.632594 0.726333 -2.488292
v -0.596135 0.711231 -2.488292
v -0.581033 0.674772 -2.488292
v -0.596135 0.638313 -2.488292
v -0.632594 0.623211 -2.488292
v -0.669053 0.638313 -2.488292
v -0.684155 0.674772 -2.488292
v -0.669053 0.711231 -2.488292
v -0.632594 0.703416 -2.495656
v -0.632594 0.716389 -2.492451
v -0.603166 0.704200 -2.492451
v -0.612340 0.695026 -2.495656
v -0.590977 0.674772 -2.492451
v -0.603950 0.674772 -2.495656
v -0.603166 0.645344 -2.492451
v -0.612340 0.654518 -2.495656
v -0.632594 0.633155 -2.492451
v -0.632594 0.646128 -2.495656
v -0.662022 0.645344 -2.492451
v -0.652848 0.654518 -2.495656
v -0.674211 0.674772 -2.492451
v -0.661238 0.674772 -2.495656
v -0.662022 0.704200 -2.492451
v -0.652848 0.695026 -2.495656
v -0.587006 0.699534 2.086250
v -0.587006 0.699534 1.829423
v -0.677808 0.661922 2.086250
v -0.677808 0.661922 1.829423
v -0.715420 0.571120 2.086250
v -0.715420 0.571120 1.829423
v -0.677808 0.480318 2.086250
v -0.677808 0.480318 1.849704
v -0.587006 0.442707 2.086250
v -0.587006 0.442707 1.829423
v -0.496204 0.480318 2.086250
v -0.496204 0.480318 1.829423
v -0.458593 0.571120 2.086250
v -0.458593 0.571120 1.829423
v -0.496204 0.661922 2.086250
v -0.496204 0.661922 1.829423
v -0.587006 0.677186 2.085811
v -0.662006 0.646120 2.085811
v -0.693072 0.571120 2.085811
v -0.662006 0.496120 2.085811
v -0.587006 0.465054 2.085811
v -0.512006 0.496120 2.085811
v -0.480940 0.571120 2.085811
v -0.512006 0.646120 2.085811
v -0.587006 0.677186 2.073509
v -0.662006 0.646120 2.073509
v -0.693072 0.571120 2.073509
v -0.662006 0.496120 2.073509
v -0.587006 0.465054 2.073509
v -0.512006 0.496120 2.073509
v -0.480940 0.571120 2.073509
v -0.512006 0.646120 2.073509
v -0.587006 0.639586 2.093236
v -0.587006 0.660125 2.087672
v -0.649942 0.634056 2.087672
v -0.635419 0.619533 2.093236
v -0.676011 0.571120 2.087672
v -0.655472 0.571120 2.093236
v -0.649942 0.508184 2.087672
v -0.635419 0.522707 2.093236
v -0.587006 0.482115 2.087672
v -0.587006 0.502654 2.093236
v -0.524070 0.508184 2.087672
v -0.538593 0.522707 2.093236
v -0.498001 0.571120 2.087672
v -0.518540 0.571120 2.093236
v -0.524070 0.634056 2.087672
v -0.538593 0.619533 2.093236
v 0.008327 0.444518 -2.551655
v 0.008327 0.401829 -2.508966
v 0.008327 0.487206 -2.508966
v 0.369652 0.495790 -2.551655
v 0.265345 0.444518 -2.551655
v 0.265345 0.401829 -2.508966
v 0.369652 0.453101 -2.508966
v 0.265345 0.487206 -2.508966
v 0.369652 0.538479 -2.508966
v 0.008327 0.429466 -2.328656
v 0.008327 0.472603 -2.413379
v 0.264719 0.472597 -2.414389
v 0.265345 0.429444 -2.328731
v 0.370278 0.467710 -2.414389
v 0.369652 0.524455 -2.415315
v 0.755932 0.453741 -2.508966
v 0.731977 0.495792 -2.551655
v 0.708023 0.537842 -2.508966
v 0.723405 0.468127 -2.413379
v 0.715905 0.524006 -2.415240
v 0.812356 0.567988 -2.491969
v 0.777751 0.584691 -2.525864
v 0.743145 0.601394 -2.491969
v 0.776186 0.573702 -2.427442
v 0.754531 0.595898 -2.428920
v -0.795293 0.223992 0.705830
v -0.785542 0.957368 0.615395
v -0.779599 0.331356 -1.829396
v -0.749817 0.951675 -1.794845
v -0.691504 0.358851 2.062255
v -0.712526 0.704475 2.076809
v -0.373819 0.360553 2.121794
v -0.369974 0.773244 2.121364
v -0.795293 0.223992 0.122593
v -0.614928 1.284968 0.111479
v -0.614386 1.266021 -0.868857
v -0.795293 0.236180 -1.046266
v -0.563662 1.214875 -1.306045
v -0.588044 0.226203 -1.048328
v -0.700844 0.806410 -2.461313
v -0.718246 0.482843 -2.463692
v -0.731945 0.850278 -2.328586
v -0.793150 0.392455 -2.224719
v -0.795293 0.223992 1.075979
v -0.794750 0.929906 0.708649
v -0.854299 0.958429 -1.264957
v -0.821352 0.954314 -0.793699
v -0.844357 0.893498 0.122593
v -0.952299 0.591721 0.705830
v -0.950417 0.619976 -1.693092
v -0.805926 0.524126 2.066948
v -0.952299 0.602576 0.122593
v -0.952299 0.583188 -1.109206
v -0.952299 0.712108 -1.340943
v -0.805062 0.638514 -2.463784
v -0.859209 0.623740 -2.202034
v -0.965829 0.586492 1.174160
v -0.772089 0.832178 1.473209
v -0.590732 0.229446 1.079498
v -0.758701 0.795971 1.818070
v -0.702143 0.599895 1.802301
v -0.736117 0.696398 1.471109
v -0.724402 0.587398 1.164371
v -0.691499 0.577179 -1.115958
v -0.764394 0.654754 -1.682839
v -0.574599 1.065317 -1.650878
v -0.494356 1.024617 -1.757125
v -0.751691 0.954831 0.682418
v -0.571166 1.299341 0.150132
v -0.596419 1.295050 -0.911230
v -0.839275 0.925506 -0.822396
v -0.826366 0.923376 0.121387
v -0.586911 1.268057 0.110868
v -0.798349 0.906465 0.120776
v -0.757525 0.940457 0.614783
v -0.586369 1.249110 -0.869468
v -0.793335 0.937403 -0.794310
v -0.596419 1.224397 -1.274837
v -0.608597 1.057805 -1.658870
v -0.511161 1.009151 -1.788362
v -0.560478 1.191562 -1.305619
v -0.571415 1.042003 -1.650452
v -0.491172 1.001304 -1.756700
v -0.596419 1.314675 0.122593
v -0.749741 0.933709 0.668869
v -0.569216 1.278219 0.136583
v -0.491667 0.844065 1.815154
v -0.756719 0.912878 -2.506881
v -0.867184 0.562281 1.921747
v -0.728859 0.400450 2.064198
v -0.862879 0.747737 1.477970
v -0.847583 0.647217 1.792084
v -0.801724 0.456190 1.990998
v -0.934888 0.510071 1.871134
v -0.943125 0.620790 1.723481
v -0.944476 0.678123 1.464519
v -0.918665 0.393297 1.942432
v -0.392734 0.876674 1.803217
v -0.150781 0.902464 1.786956
v -0.151821 0.974116 0.718681
v -0.423560 0.955430 0.714441
v -0.140688 0.795751 2.195047
v -0.600857 0.327425 -1.796357
v -0.854119 0.525056 2.060263
v -0.736971 0.743092 2.074591
v -0.141358 0.835545 2.195315
v -0.372928 0.812511 2.121563
v -0.372753 0.320389 2.121236
v -0.706388 0.322256 2.042722
v -0.757887 0.376758 2.059426
v -0.362574 0.361912 2.083873
v -0.358729 0.773939 2.083443
v -0.794681 0.525057 2.029027
v -0.701281 0.705931 2.038888
v -0.129443 0.796727 2.157601
v -0.680259 0.360027 2.024334
v -0.717614 0.401627 2.026277
v -0.727121 0.726025 -1.330562
v -0.593696 0.305471 1.876494
v -0.359123 0.476193 -2.459281
v -0.367472 0.799307 -2.457013
v -0.396575 0.385779 -2.224719
v -0.423085 0.843002 -2.340995
v -0.424584 0.924340 -2.512912
v -0.147808 0.381592 -2.224719
v -0.133850 0.472022 -2.456514
v -0.423484 1.028222 -1.788362
v -0.134355 0.794801 -2.454286
v -0.152195 0.931205 -2.516523
v -0.151647 0.838386 -2.348868
v -0.151793 1.058834 -1.788362
v 0.863967 0.942774 0.644887
v 0.865796 1.025533 0.641309
v 0.986276 0.952532 0.589330
v 0.991039 1.045455 0.586683
v 0.840761 0.925508 0.595524
v 0.843213 1.036454 0.590728
v 0.999514 0.938007 0.538045
v 1.004233 1.061194 0.535446
v 0.789634 0.895685 0.701529
v 0.783585 0.926446 0.710307
v 0.888233 0.943254 0.616933
v 0.891206 0.973022 0.616254
v 0.766131 0.897994 0.677248
v 0.760083 0.928754 0.686026
v 0.864730 0.945562 0.592651
v 0.858682 0.976323 0.601429
v 0.743010 0.376782 2.087799
v 0.743010 0.413969 2.146978
v 0.743010 0.413969 2.028620
v 0.743010 0.451156 2.087799
v 0.000000 0.378106 2.316844
v 0.000000 0.415293 2.317178
v 0.000000 0.415293 2.218415
v 0.000000 0.452480 2.258000
v 0.379927 0.413969 2.080806
v 0.379927 0.451156 2.139986
v 0.379927 0.376782 2.139986
v 0.379927 0.413969 2.199165
v 0.784411 0.413969 2.001059
v 0.839547 0.376782 2.036223
v 0.894684 0.413969 2.069547
v 0.839547 0.451156 2.036223
v 0.734644 0.413969 1.958934
v 0.788409 0.376782 1.945142
v 0.842173 0.413969 1.929103
v 0.788408 0.451156 1.945142
v 0.904469 0.792928 -0.664406
v 0.891550 0.836652 -0.665512
v 0.904511 0.789495 -0.800519
v 0.891592 0.833219 -0.801626
v 0.870334 0.782848 -0.664162
v 0.857415 0.826572 -0.665269
v 0.870376 0.779416 -0.800276
v 0.857457 0.823140 -0.801382
v 0.214121 0.587725 -2.444747
v 0.193863 0.569339 -2.444747
v 0.193863 0.751608 -2.444747
v 0.214121 0.733223 -2.444747
v 0.186606 0.594311 -2.487801
v 0.186606 0.726637 -2.487801
v -0.210518 0.569339 -2.444747
v -0.230776 0.587725 -2.444747
v -0.230776 0.733223 -2.444747
v -0.210518 0.751608 -2.444747
v -0.203261 0.594311 -2.487801
v -0.203261 0.726637 -2.487801
v 0.214121 0.587725 -2.487801
v 0.193863 0.569339 -2.487801
v 0.193863 0.751608 -2.487801
v 0.214121 0.733223 -2.487801
v -0.210518 0.569339 -2.487801
v -0.230776 0.587725 -2.487801
v -0.230776 0.733223 -2.487801
v -0.210518 0.751608 -2.487801
v 0.517998 0.452262 -2.497309
v 0.517998 0.469805 -1.727650
v 0.449252 0.402328 -2.496171
v 0.449252 0.419871 -1.726511
v 0.475511 0.321534 -2.494329
v 0.475511 0.339077 -1.724670
v 0.560485 0.321534 -2.494329
v 0.560485 0.339077 -1.724670
v 0.586744 0.402328 -2.496171
v 0.586744 0.419871 -1.726511
v 0.517998 0.428908 -2.496777
v 0.471469 0.395111 -2.496006
v 0.489242 0.340427 -2.494760
v 0.546755 0.340427 -2.494760
v 0.564527 0.395111 -2.496006
v 0.517998 0.441834 -1.929687
v 0.471469 0.408037 -1.928917
v 0.489242 0.353353 -1.927670
v 0.546755 0.353353 -1.927670
v 0.564527 0.408037 -1.928917
v 0.316378 0.552444 2.133610
v 0.290969 0.525017 2.147461
v 0.290969 0.665784 2.147461
v 0.319417 0.637335 2.133816
v 0.300902 0.496346 1.652127
v 0.345268 0.540712 1.652127
v 0.345268 0.650089 1.652127
v 0.300902 0.694454 1.652127
v 0.300902 0.496346 2.142697
v 0.345268 0.540712 2.121416
v 0.345268 0.650089 2.121416
v 0.300902 0.694454 2.142697
v 0.275237 0.525017 2.133197
v 0.300815 0.553465 2.120929
v 0.300815 0.637335 2.120929
v 0.275237 0.665784 2.133197
v 0.313339 0.575829 2.133404
v 0.313339 0.551422 2.034631
v 0.313339 0.575829 2.034631
v 0.412707 0.783113 -2.495407
v 0.412707 0.783113 -2.283237
v 0.337693 0.752042 -2.495407
v 0.337693 0.752042 -2.283237
v 0.306622 0.677028 -2.495407
v 0.306622 0.677028 -2.283237
v 0.337693 0.602015 -2.495407
v 0.337693 0.602015 -2.283237
v 0.412707 0.570943 -2.495407
v 0.412707 0.570943 -2.283237
v 0.487720 0.602015 -2.495407
v 0.487720 0.602015 -2.283237
v 0.518791 0.677028 -2.495407
v 0.518791 0.677028 -2.283237
v 0.487720 0.752042 -2.495407
v 0.487720 0.752042 -2.283237
v 0.491229 0.677028 -2.489962
v 0.412707 0.755550 -2.489962
v 0.357183 0.732552 -2.489962
v 0.334185 0.677028 -2.489962
v 0.357183 0.621505 -2.489962
v 0.412707 0.598506 -2.489962
v 0.468230 0.621505 -2.489962
v 0.468230 0.732552 -2.489962
v 0.412707 0.720650 -2.501178
v 0.412707 0.740407 -2.496297
v 0.367891 0.721844 -2.496297
v 0.381861 0.707873 -2.501178
v 0.349327 0.677028 -2.496297
v 0.369085 0.677028 -2.501178
v 0.367891 0.632212 -2.496297
v 0.381861 0.646183 -2.501178
v 0.412707 0.613649 -2.496297
v 0.412707 0.633407 -2.501178
v 0.457522 0.632212 -2.496297
v 0.443552 0.646183 -2.501178
v 0.476086 0.677028 -2.496297
v 0.456328 0.677028 -2.501178
v 0.457522 0.721844 -2.496297
v 0.443552 0.707873 -2.501178
v 0.632594 0.744432 -2.491867
v 0.632594 0.744432 -2.352548
v 0.583337 0.724029 -2.491867
v 0.583337 0.724029 -2.352548
v 0.562935 0.674772 -2.491867
v 0.562935 0.674772 -2.352548
v 0.583337 0.625515 -2.491867
v 0.583337 0.625515 -2.352548
v 0.632594 0.605113 -2.491867
v 0.632594 0.605113 -2.352548
v 0.681851 0.625515 -2.491867
v 0.681851 0.625515 -2.352548
v 0.702254 0.674772 -2.491867
v 0.702254 0.674772 -2.352548
v 0.681851 0.724029 -2.491867
v 0.681851 0.724029 -2.352548
v 0.598479 0.640657 -2.489678
v 0.632594 0.726333 -2.488292
v 0.596135 0.711231 -2.488292
v 0.581033 0.674772 -2.488292
v 0.632594 0.623211 -2.488292
v 0.669053 0.638313 -2.488292
v 0.684155 0.674772 -2.488292
v 0.669053 0.711231 -2.488292
v 0.632594 0.703416 -2.495656
v 0.632594 0.716389 -2.492451
v 0.603166 0.704200 -2.492451
v 0.612340 0.695026 -2.495656
v 0.590977 0.674772 -2.492451
v 0.603950 0.674772 -2.495656
v 0.612340 0.654518 -2.495656
v 0.632594 0.633155 -2.492451
v 0.632594 0.646128 -2.495656
v 0.662022 0.645344 -2.492451
v 0.652848 0.654518 -2.495656
v 0.674211 0.674772 -2.492451
v 0.661238 0.674772 -2.495656
v 0.662022 0.704200 -2.492451
v 0.652848 0.695026 -2.495656
v 0.587006 0.699534 2.086250
v 0.587006 0.699534 1.829423
v 0.677808 0.661922 2.086250
v 0.677808 0.661922 1.829423
v 0.715420 0.571120 2.086250
v 0.715420 0.571120 1.829423
v 0.677808 0.480318 2.086250
v 0.677808 0.480318 1.849704
v 0.587006 0.442707 2.086250
v 0.587006 0.442707 1.829423
v 0.496204 0.480318 2.086250
v 0.496204 0.480318 1.829423
v 0.458593 0.571120 2.086250
v 0.458593 0.571120 1.829423
v 0.496204 0.661922 2.086250
v 0.496204 0.661922 1.829423
v 0.587006 0.677186 2.085811
v 0.662006 0.646120 2.085811
v 0.693072 0.571120 2.085811
v 0.662006 0.496120 2.085811
v 0.587006 0.465054 2.085811
v 0.512006 0.496120 2.085811
v 0.480940 0.571120 2.085811
v 0.512006 0.646120 2.085811
v 0.587006 0.677186 2.073509
v 0.662006 0.646120 2.073509
v 0.693072 0.571120 2.073509
v 0.662006 0.496120 2.073509
v 0.587006 0.465054 2.073509
v 0.512006 0.496120 2.073509
v 0.480940 0.571120 2.073509
v 0.512006 0.646120 2.073509
v 0.587006 0.639586 2.093236
v 0.587006 0.660125 2.087672
v 0.649942 0.634056 2.087672
v 0.635419 0.619533 2.093236
v 0.676011 0.571120 2.087672
v 0.655472 0.571120 2.093236
v 0.649942 0.508184 2.087672
v 0.635419 0.522707 2.093236
v 0.587006 0.482115 2.087672
v 0.587006 0.502654 2.093236
v 0.524070 0.508184 2.087672
v 0.538593 0.522707 2.093236
v 0.498001 0.571120 2.087672
v 0.518540 0.571120 2.093236
v 0.524070 0.634056 2.087672
v 0.538593 0.619533 2.093236
v -0.008327 0.444518 -2.551655
v -0.008327 0.401829 -2.508966
v -0.008327 0.487206 -2.508966
v -0.369652 0.495790 -2.551655
v -0.265345 0.444518 -2.551655
v -0.265345 0.401829 -2.508966
v -0.369652 0.453101 -2.508966
v -0.265345 0.487206 -2.508966
v -0.369652 0.538479 -2.508966
v -0.008327 0.429466 -2.328656
v -0.008327 0.472603 -2.413379
v -0.264719 0.472597 -2.414389
v -0.265345 0.429444 -2.328731
v -0.370278 0.467710 -2.414389
v -0.369652 0.524455 -2.415315
v -0.755932 0.453741 -2.508966
v -0.731977 0.495792 -2.551655
v -0.708023 0.537842 -2.508966
v -0.723405 0.468127 -2.413379
v -0.715905 0.524006 -2.415240
v -0.812356 0.567988 -2.491969
v -0.777751 0.584691 -2.525864
v -0.743145 0.601394 -2.491969
v -0.776186 0.573702 -2.427442
v -0.754531 0.595898 -2.428920
vn 0.9247 0.3782 -0.0439
vn 0.8742 0.4605 -0.1543
vn 0.6029 0.7570 -0.2520
vn 0.8571 0.5129 -0.0489
vn 0.9459 -0.3237 0.0201
vn 0.9392 -0.3402 0.0476
vn 0.9419 -0.3339 0.0370
vn -0.9590 -0.0849 0.2703
vn 0.8398 0.5234 -0.1442
vn -0.0000 -0.9989 0.0469
vn -0.0114 -0.9993 0.0367
vn -0.0000 -0.9998 -0.0198
vn 0.1615 0.9689 0.1874
vn 0.1937 0.9688 0.1545
vn 0.1510 0.9790 0.1369
vn -0.0000 0.9950 -0.0998
vn -0.0000 0.9708 0.2399
vn 0.1042 0.9558 0.2750
vn 0.1057 0.9893 -0.1006
vn 0.9140 0.4058 0.0044
vn 0.9331 0.3593 0.0152
vn 0.9032 0.4287 0.0212
vn 0.8921 0.4511 0.0275
vn -0.0000 0.9516 -0.3073
vn 0.4103 0.8778 -0.2472
vn 0.9517 0.3013 0.0598
vn 0.9004 0.4340 0.0306
vn -0.0000 -0.9874 -0.1580
vn 0.0380 -0.9988 -0.0302
vn 0.0407 -0.9982 -0.0447
vn -0.0000 -0.9973 -0.0728
vn -0.0000 0.1554 0.9878
vn 0.0270 0.1554 0.9875
vn 0.0506 0.9313 -0.3608
vn -0.0000 0.9253 -0.3792
vn -0.0000 0.9518 -0.3068
vn 0.0871 0.9505 -0.2983
vn 0.0224 -0.9630 -0.2685
vn 0.0143 -0.9323 -0.3614
vn 0.0144 -0.9330 -0.3596
vn 0.0157 -0.9685 -0.2484
vn 0.0259 -0.9899 -0.1392
vn 0.1073 0.9607 -0.2562
vn 0.0780 0.9506 -0.3006
vn 0.1003 0.9582 -0.2680
vn 0.1229 0.9403 -0.3175
vn 0.8751 0.4796 -0.0649
vn 0.9175 -0.3975 -0.0104
vn 0.9131 -0.4073 -0.0173
vn 0.9175 -0.3976 -0.0104
vn 0.1323 0.9864 0.0975
vn 0.1925 0.9685 0.1577
vn 0.1922 0.9735 0.1238
vn 0.8281 0.5604 0.0172
vn 0.8117 0.5839 -0.0138
vn -0.5159 0.8560 -0.0345
vn -0.5159 0.8559 -0.0349
vn -0.5125 0.8527 -0.1010
vn 0.5164 -0.8562 0.0163
vn 0.9167 -0.3851 -0.1064
vn 0.9103 -0.3639 -0.1972
vn 0.9103 -0.3638 -0.1975
vn 0.0327 -0.8734 -0.4859
vn -0.0165 -0.8490 -0.5282
vn -0.0222 -0.8458 -0.5330
vn 0.9198 -0.3924 -0.0012
vn 0.9178 -0.3971 0.0012
vn 0.9198 -0.3925 -0.0012
vn -0.8569 -0.4562 0.2398
vn 0.8295 0.5316 0.1713
vn 0.8632 0.4705 0.1833
vn 0.7599 0.4816 0.4367
vn 0.7410 0.6178 0.2633
vn 0.8929 -0.3352 -0.3005
vn 0.9431 -0.3316 0.0242
vn 0.8061 0.5819 0.1074
vn 0.7308 0.6757 0.0965
vn -0.0774 -0.9145 -0.3971
vn 0.0578 -0.7357 -0.6748
vn -0.0427 -0.9662 -0.2544
vn -0.0193 -0.6392 -0.7688
vn 0.8303 -0.5515 -0.0797
vn 0.8323 -0.5478 -0.0849
vn 0.8272 -0.5572 -0.0717
vn -0.0261 -0.2411 0.9702
vn 0.0105 -0.2344 0.9721
vn -0.0053 -0.2373 0.9714
vn -0.0402 -0.2435 0.9691
vn 0.0228 -0.1935 -0.9808
vn 0.0265 -0.1924 -0.9810
vn 0.0298 -0.1914 -0.9811
vn 0.0191 -0.1946 -0.9807
vn 0.1218 -0.4049 0.9062
vn -0.0272 -0.4137 0.9100
vn 0.0273 -0.4115 0.9110
vn -0.1038 -0.9700 0.2198
vn 0.2000 0.8914 -0.4066
vn 0.8481 0.5292 0.0267
vn 0.8590 0.5093 0.0528
vn 0.8433 0.5375 -0.0045
vn 0.8451 0.5345 0.0070
vn 0.8652 0.5006 0.0273
vn 0.8493 0.5279 0.0009
vn 0.8543 0.5197 0.0139
vn 0.8559 0.5167 0.0185
vn 0.8622 0.5052 0.0365
vn -0.1171 0.1586 0.9804
vn 0.4266 -0.6855 -0.5901
vn -0.5170 0.8554 0.0318
vn -0.0000 0.9054 -0.4245
vn 0.1053 0.9071 -0.4076
vn 0.1003 0.9099 -0.4026
vn 0.1077 0.9396 -0.3247
vn -0.0000 0.9718 -0.2358
vn -0.0000 0.9186 -0.3951
vn 0.0985 0.9142 -0.3932
vn -0.9871 0.1332 -0.0891
vn -0.8139 0.1215 0.5681
vn -0.0267 -0.2172 -0.9758
vn -0.0000 -0.2173 -0.9761
vn -0.0000 0.7695 0.6387
vn 0.0631 0.7679 0.6374
vn 0.0951 0.8101 0.5785
vn 0.0968 0.8122 0.5753
vn 0.1023 0.8633 0.4942
vn -0.0000 0.8780 0.4787
vn -0.0000 0.8479 0.5301
vn 0.0717 0.8458 0.5287
vn 0.0265 0.5389 -0.8420
vn -0.0000 0.5391 -0.8423
vn -0.0000 -0.5384 0.8427
vn -0.0485 -0.5377 0.8417
vn 0.0997 0.9811 0.1659
vn 0.0915 0.9887 0.1192
vn -0.0000 0.9978 0.0664
vn -0.0000 0.9941 0.1082
vn 0.0791 0.9945 0.0684
vn 0.4858 -0.5468 -0.6819
vn -0.0066 0.8782 0.4782
vn -0.0066 0.8780 0.4787
vn -0.0000 0.8659 0.5001
vn 0.7438 0.5916 0.3111
vn 0.8192 0.5504 0.1614
vn 0.5922 -0.1134 0.7978
vn 0.5949 0.1427 0.7910
vn 0.5984 0.0532 0.7994
vn 0.5800 0.7532 0.3103
vn 0.5999 0.8000 -0.0009
vn 0.6248 0.4763 0.6186
vn 0.1723 -0.4228 -0.8897
vn 0.8354 -0.5416 -0.0935
vn 0.1032 0.9913 0.0818
vn -0.0000 0.9876 0.1569
vn 0.1751 -0.3995 0.8998
vn 0.0113 0.9995 0.0301
vn 0.0087 0.9996 0.0272
vn 0.0089 0.9996 0.0274
vn 0.1202 -0.0445 0.9917
vn 0.1202 -0.0408 0.9919
vn 0.1226 -0.0082 0.9924
vn 0.1224 -0.0071 0.9925
vn 0.2108 -0.0189 0.9773
vn 0.2188 -0.0190 0.9756
vn 0.3282 -0.1161 0.9375
vn 0.3267 -0.1103 0.9387
vn 0.3109 0.1870 0.9319
vn 0.2633 -0.0105 0.9647
vn 0.2618 -0.0162 0.9650
vn 0.1622 -0.2540 0.9535
vn 0.1617 -0.2546 0.9534
vn 0.1208 -0.1906 0.9742
vn 0.1207 -0.1956 0.9732
vn 0.3488 -0.2055 0.9144
vn 0.1361 -0.0243 0.9904
vn 0.1993 -0.0205 0.9797
vn 0.1931 -0.0209 0.9810
vn -0.0000 -0.0179 0.9998
vn 0.2503 -0.0173 0.9680
vn -0.0000 -0.9999 -0.0162
vn -0.0647 -0.9979 -0.0052
vn -0.0653 -0.9979 -0.0049
vn -0.8223 0.5072 0.2579
vn -0.7730 0.5845 0.2466
vn -0.7834 0.5695 0.2490
vn -0.1421 -0.9897 0.0174
vn -0.1463 -0.9891 0.0184
vn -0.1921 -0.9810 0.0291
vn -0.0000 0.9997 0.0246
vn -0.7285 0.6431 0.2360
vn 0.0614 -0.9963 0.0604
vn 0.1926 0.9622 0.1924
vn 0.0339 -0.9994 -0.0000
vn 0.0298 -0.9988 0.0391
vn -0.0000 -0.9984 0.0574
vn 0.9249 -0.3680 0.0955
vn 0.2722 -0.3282 -0.9045
vn -0.0427 -0.9473 0.3176
vn -0.0769 -0.8133 -0.5768
vn 0.1760 -0.9842 -0.0200
vn 0.2770 -0.9565 -0.0912
vn -0.0002 -0.4013 -0.9159
vn -0.0066 -0.1986 -0.9801
vn -0.0065 -0.2051 -0.9787
vn -0.0003 -0.4053 -0.9142
vn 0.0212 -0.9606 -0.2772
vn 0.0143 -0.9313 -0.3639
vn -0.0049 0.9250 0.3798
vn -0.0054 0.9080 0.4189
vn -0.0054 0.9084 0.4181
vn -0.0000 -0.9589 -0.2837
vn -0.0000 -0.9310 -0.3650
vn -0.0124 0.0070 -0.9999
vn -0.0000 0.0070 -1.0000
vn -0.0000 -0.2071 -0.9783
vn -0.0066 -0.2087 -0.9780
vn -0.0003 -0.4141 -0.9102
vn -0.0000 -0.4169 -0.9090
vn -0.4048 0.0172 0.9142
vn -0.9678 -0.0364 0.2491
vn 0.3305 -0.0197 -0.9436
vn 0.9094 0.0380 0.4142
vn -0.1868 -0.9419 0.2790
vn 0.0517 0.9649 0.2574
vn -0.6702 -0.0649 0.7394
vn -0.5761 0.1371 -0.8058
vn 0.6707 0.0786 -0.7375
vn 0.6957 -0.3203 0.6430
vn -0.2049 -0.9357 -0.2873
vn 0.1383 0.9331 0.3320
vn -0.1532 0.8389 0.5222
vn -0.1845 0.8353 0.5179
vn -0.2624 0.8224 0.5048
vn 0.1280 0.8202 -0.5575
vn 0.1432 0.8125 -0.5651
vn 0.1957 0.7834 -0.5899
vn -0.1674 -0.7561 0.6326
vn -0.1981 -0.7208 0.6642
vn -0.1532 -0.8389 0.5222
vn -0.1845 -0.8353 0.5179
vn 0.1200 -0.8666 -0.4844
vn 0.1769 -0.8901 -0.4200
vn 0.1342 -0.8731 -0.4688
vn -0.1156 0.8410 0.5285
vn -0.1263 0.8399 0.5278
vn -0.1659 0.8350 0.5247
vn 0.1969 -0.8384 -0.5083
vn 0.1600 -0.8415 -0.5160
vn -0.2881 -0.5983 0.7477
vn 0.1969 0.8384 -0.5083
vn 0.1600 0.8415 -0.5160
vn -0.5725 -0.7788 -0.2563
vn 0.2800 -0.8267 -0.4881
vn 0.2800 0.8267 -0.4881
vn -0.2624 -0.8224 0.5048
vn 0.2673 -0.0000 -0.9636
vn -0.5725 0.7788 -0.2563
vn 0.5654 -0.7049 0.4283
vn 0.5654 0.7049 0.4283
vn -0.9590 0.2832 -0.0068
vn -0.0003 -0.0252 -0.9997
vn 0.0003 0.0252 0.9997
vn -0.2833 -0.9587 0.0243
vn 0.2833 0.9587 -0.0243
vn 1.0000 -0.0000 -0.0000
vn -0.0000 1.0000 -0.0000
vn -1.0000 -0.0000 -0.0000
vn -0.6720 -0.7405 -0.0000
vn -0.6720 0.7405 -0.0000
vn 0.6720 -0.7405 -0.0000
vn 0.6720 0.7405 -0.0000
vn -0.0000 -1.0000 -0.0000
vn -0.0000 -0.0000 -1.0000
vn 0.5878 0.8088 -0.0184
vn 0.9511 -0.3089 0.0070
vn -0.0000 -0.9997 0.0228
vn -0.9511 -0.3089 0.0070
vn -0.5878 0.8088 -0.0184
vn -0.0000 -0.0228 -0.9997
vn -0.5878 -0.8088 0.0184
vn 0.9511 0.3089 -0.0070
vn -0.9511 0.3089 -0.0070
vn 0.5878 -0.8088 0.0184
vn -0.0000 0.9997 -0.0228
vn 0.5989 0.0098 0.8007
vn -0.7071 -0.7071 -0.0000
vn -0.7071 0.7071 -0.0000
vn -0.3766 0.0216 0.9261
vn -0.4180 0.0115 0.9084
vn -0.4174 0.0099 0.9087
vn -0.3762 0.0215 0.9263
vn -0.4211 -0.0037 0.9070
vn -0.3799 -0.0069 0.9250
vn -0.3798 -0.0069 0.9250
vn -0.4212 -0.0037 0.9069
vn -0.3260 0.0138 0.9453
vn -0.3260 -0.0138 0.9453
vn -0.3097 -0.0000 0.9508
vn 0.4506 -0.6873 0.5697
vn 0.4623 0.6851 0.5630
vn -0.9979 0.0634 -0.0157
vn -0.3178 0.0243 0.9478
vn -0.0026 -1.0000 0.0039
vn -0.0000 -1.0000 0.0039
vn 0.3827 0.9239 -0.0000
vn 0.9239 0.3827 -0.0000
vn 0.9239 -0.3827 -0.0000
vn 0.3827 -0.9239 -0.0000
vn -0.3827 -0.9239 -0.0000
vn -0.9239 -0.3827 -0.0000
vn -0.9239 0.3827 -0.0000
vn -0.3827 0.9239 -0.0000
vn -0.1938 -0.0000 -0.9810
vn -0.1370 0.1370 -0.9810
vn 0.1370 0.1370 -0.9810
vn 0.1938 -0.0000 -0.9810
vn -0.0000 0.1938 -0.9810
vn 0.1370 -0.1370 -0.9810
vn -0.1370 -0.1370 -0.9810
vn -0.0000 -0.1938 -0.9810
vn 0.2729 0.2729 -0.9225
vn 0.3859 -0.0000 -0.9225
vn 0.3309 -0.0000 -0.9437
vn 0.2340 0.2340 -0.9437
vn -0.2729 0.2729 -0.9225
vn -0.0000 0.3859 -0.9225
vn -0.0000 0.3309 -0.9437
vn -0.2340 0.2340 -0.9437
vn -0.3859 -0.0000 -0.9225
vn -0.3309 -0.0000 -0.9437
vn -0.0000 -0.3859 -0.9225
vn -0.2729 -0.2729 -0.9225
vn -0.2340 -0.2340 -0.9437
vn -0.0000 -0.3309 -0.9437
vn 0.2729 -0.2729 -0.9225
vn 0.2340 -0.2340 -0.9437
vn 0.1063 0.1063 -0.9886
vn -0.0000 0.1503 -0.9886
vn 0.1503 -0.0000 -0.9886
vn 0.1063 -0.1063 -0.9886
vn -0.0000 -0.1503 -0.9886
vn -0.1063 -0.1063 -0.9886
vn -0.1503 -0.0000 -0.9886
vn -0.1063 0.1063 -0.9886
vn 0.0196 -0.0000 0.9998
vn 0.0139 0.0139 0.9998
vn -0.0139 0.0139 0.9998
vn -0.0196 -0.0000 0.9998
vn -0.0000 0.0196 0.9998
vn -0.0139 -0.0139 0.9998
vn 0.0139 -0.0139 0.9998
vn -0.0000 -0.0196 0.9998
vn -0.4517 0.4517 0.7694
vn -0.6387 -0.0000 0.7694
vn -0.5002 -0.0000 0.8659
vn -0.3537 0.3537 0.8659
vn 0.4517 0.4517 0.7694
vn -0.0000 0.6387 0.7694
vn -0.0000 0.5002 0.8659
vn 0.3537 0.3537 0.8659
vn 0.6387 -0.0000 0.7694
vn 0.5002 -0.0000 0.8659
vn -0.0000 -0.6387 0.7694
vn 0.4517 -0.4517 0.7694
vn 0.3537 -0.3537 0.8659
vn -0.0000 -0.5002 0.8659
vn -0.4517 -0.4517 0.7694
vn -0.3537 -0.3537 0.8659
vn -0.1159 0.1159 0.9865
vn -0.0000 0.1640 0.9865
vn -0.1640 -0.0000 0.9865
vn -0.1159 -0.1159 0.9865
vn -0.0000 -0.1640 0.9865
vn 0.1159 -0.1159 0.9865
vn 0.1640 -0.0000 0.9865
vn 0.1159 0.1159 0.9865
vn -0.0000 0.7071 -0.7071
vn -0.1817 0.6953 -0.6953
vn -0.1478 0.6993 -0.6993
vn -0.0000 -0.9885 0.1515
vn 0.2189 -0.9645 0.1475
vn 0.1712 -0.9739 0.1490
vn -0.0000 -0.7071 -0.7071
vn 0.1817 -0.6953 -0.6953
vn 0.1478 -0.6993 -0.6993
vn 0.2299 -0.9621 0.1468
vn 0.2587 -0.9549 0.1457
vn 0.0007 0.9520 0.3060
vn -0.0990 0.9052 0.4133
vn -0.2300 0.9621 0.1463
vn 0.0003 0.9884 0.1518
vn -0.1475 0.7009 -0.6978
vn 0.0006 0.7098 -0.7044
vn -0.1814 0.6966 -0.6941
vn -0.2289 0.9627 0.1440
vn -0.2190 0.9650 0.1442
vn 0.1481 -0.7008 -0.6979
vn 0.1821 -0.6965 -0.6941
vn -0.0015 0.0246 0.9997
vn 0.0362 0.0438 0.9984
vn 0.0747 0.0633 0.9952
vn 0.0115 0.8228 0.5682
vn 0.0303 0.6549 0.7551
vn 0.0010 0.8921 0.4518
vn 0.0012 -0.9885 0.1509
vn 0.0016 0.9891 0.1470
vn 0.6954 -0.2048 -0.6888
vn 0.4961 0.8653 0.0720
vn 0.8177 -0.4116 0.4025
vn -0.4920 0.4672 -0.7346
vn -0.8680 0.4686 0.1645
vn 0.1263 0.0894 0.9880
vn 0.0006 -0.7097 -0.7045
vn -0.9247 0.3782 -0.0439
vn -0.8439 0.5360 -0.0231
vn -0.6029 0.7570 -0.2520
vn -0.8742 0.4605 -0.1543
vn -0.9459 -0.3237 0.0201
vn -0.9419 -0.3339 0.0370
vn -0.9392 -0.3402 0.0476
vn 0.9590 -0.0849 0.2703
vn -0.8398 0.5234 -0.1442
vn 0.0114 -0.9993 0.0367
vn -0.1615 0.9689 0.1874
vn -0.1510 0.9790 0.1369
vn -0.1937 0.9688 0.1545
vn -0.1057 0.9893 -0.1006
vn -0.1042 0.9558 0.2750
vn -0.9140 0.4058 0.0044
vn -0.8921 0.4511 0.0275
vn -0.9032 0.4287 0.0212
vn -0.9331 0.3593 0.0152
vn -0.4391 0.8720 -0.2162
vn -0.8941 0.4477 0.0129
vn -0.9517 0.3013 0.0598
vn -0.0407 -0.9982 -0.0447
vn -0.0380 -0.9988 -0.0302
vn -0.0270 0.1554 0.9875
vn -0.0506 0.9313 -0.3608
vn -0.0871 0.9505 -0.2983
vn -0.0224 -0.9630 -0.2685
vn -0.0157 -0.9685 -0.2484
vn -0.0144 -0.9330 -0.3596
vn -0.0143 -0.9323 -0.3614
vn -0.0259 -0.9899 -0.1392
vn -0.1229 0.9403 -0.3175
vn -0.1003 0.9582 -0.2680
vn -0.0780 0.9506 -0.3006
vn -0.1073 0.9607 -0.2562
vn -0.8751 0.4796 -0.0649
vn -0.9175 -0.3975 -0.0104
vn -0.9175 -0.3976 -0.0104
vn -0.9131 -0.4073 -0.0173
vn -0.1323 0.9864 0.0975
vn -0.1922 0.9735 0.1238
vn -0.1925 0.9685 0.1577
vn -0.8281 0.5604 0.0172
vn 0.5159 0.8560 -0.0345
vn 0.5125 0.8527 -0.1010
vn 0.5159 0.8559 -0.0349
vn -0.5164 -0.8562 0.0163
vn -0.9167 -0.3851 -0.1064
vn -0.9103 -0.3638 -0.1975
vn -0.9103 -0.3639 -0.1972
vn -0.0327 -0.8734 -0.4859
vn 0.0222 -0.8458 -0.5330
vn 0.0165 -0.8490 -0.5282
vn -0.9198 -0.3924 -0.0012
vn -0.9198 -0.3925 -0.0012
vn -0.9178 -0.3971 0.0012
vn 0.8569 -0.4562 0.2398
vn -0.8295 0.5316 0.1713
vn -0.7410 0.6178 0.2633
vn -0.7599 0.4816 0.4367
vn -0.8632 0.4705 0.1833
vn -0.8929 -0.3352 -0.3005
vn -0.9431 -0.3316 0.0242
vn -0.7308 0.6757 0.0965
vn -0.8061 0.5819 0.1074
vn 0.0774 -0.9145 -0.3971
vn 0.0427 -0.9662 -0.2544
vn -0.0578 -0.7357 -0.6748
vn 0.0193 -0.6392 -0.7688
vn -0.8303 -0.5515 -0.0797
vn -0.8272 -0.5572 -0.0717
vn -0.8323 -0.5478 -0.0849
vn 0.0261 -0.2411 0.9702
vn 0.0053 -0.2373 0.9714
vn -0.0105 -0.2344 0.9721
vn 0.0402 -0.2435 0.9691
vn -0.0228 -0.1935 -0.9808
vn -0.0298 -0.1914 -0.9811
vn -0.0265 -0.1924 -0.9810
vn -0.0191 -0.1946 -0.9807
vn -0.1218 -0.4049 0.9062
vn -0.0273 -0.4115 0.9110
vn 0.0272 -0.4137 0.9100
vn 0.1038 -0.9700 0.2198
vn -0.2000 0.8914 -0.4066
vn -0.8481 0.5292 0.0267
vn -0.8590 0.5093 0.0528
vn -0.8433 0.5375 -0.0045
vn -0.8438 0.5335 -0.0573
vn -0.8451 0.5345 0.0070
vn -0.8652 0.5006 0.0273
vn -0.8493 0.5279 0.0008
vn -0.8559 0.5167 0.0185
vn -0.8543 0.5197 0.0139
vn -0.8622 0.5052 0.0365
vn 0.1171 0.1586 0.9804
vn -0.4266 -0.6855 -0.5901
vn 0.5170 0.8554 0.0318
vn -0.1053 0.9071 -0.4076
vn -0.1003 0.9099 -0.4026
vn -0.1077 0.9396 -0.3247
vn -0.0985 0.9142 -0.3932
vn 0.9871 0.1332 -0.0891
vn 0.8139 0.1215 0.5681
vn 0.0267 -0.2172 -0.9758
vn -0.0968 0.8122 0.5753
vn -0.0951 0.8101 0.5785
vn -0.0631 0.7679 0.6374
vn -0.1023 0.8633 0.4942
vn -0.0717 0.8458 0.5287
vn -0.0265 0.5389 -0.8420
vn 0.0485 -0.5377 0.8417
vn -0.0997 0.9811 0.1659
vn -0.0915 0.9887 0.1192
vn -0.0791 0.9945 0.0684
vn -0.4858 -0.5468 -0.6819
vn 0.0066 0.8782 0.4782
vn 0.0066 0.8780 0.4787
vn -0.7438 0.5916 0.3111
vn -0.8192 0.5504 0.1614
vn -0.5922 -0.1134 0.7978
vn -0.5984 0.0532 0.7994
vn -0.5949 0.1427 0.7910
vn -0.5999 0.8000 -0.0009
vn -0.5800 0.7532 0.3103
vn -0.6248 0.4763 0.6186
vn -0.1723 -0.4228 -0.8897
vn -0.8354 -0.5416 -0.0935
vn -0.1032 0.9913 0.0818
vn -0.1751 -0.3995 0.8998
vn -0.0113 0.9995 0.0301
vn -0.0089 0.9996 0.0274
vn -0.0087 0.9996 0.0272
vn -0.1202 -0.0445 0.9917
vn -0.1224 -0.0071 0.9925
vn -0.1226 -0.0082 0.9924
vn -0.1202 -0.0408 0.9919
vn -0.2108 -0.0189 0.9773
vn -0.3267 -0.1103 0.9387
vn -0.3282 -0.1161 0.9375
vn -0.2188 -0.0190 0.9756
vn -0.3109 0.1870 0.9319
vn -0.2618 -0.0162 0.9650
vn -0.2633 -0.0105 0.9647
vn -0.1617 -0.2546 0.9534
vn -0.1622 -0.2540 0.9535
vn -0.1208 -0.1906 0.9742
vn -0.1208 -0.1956 0.9732
vn -0.3488 -0.2055 0.9144
vn -0.1361 -0.0243 0.9904
vn -0.1931 -0.0209 0.9810
vn -0.1993 -0.0205 0.9797
vn -0.2503 -0.0173 0.9680
vn 0.0653 -0.9979 -0.0049
vn 0.0647 -0.9979 -0.0052
vn 0.8223 0.5072 0.2579
vn 0.7834 0.5695 0.2490
vn 0.7730 0.5845 0.2466
vn 0.1463 -0.9891 0.0184
vn 0.1421 -0.9897 0.0174
vn 0.1921 -0.9810 0.0291
vn 0.7285 0.6431 0.2360
vn -0.0614 -0.9963 0.0604
vn -0.1926 0.9622 0.1924
vn -0.0298 -0.9988 0.0391
vn -0.0339 -0.9994 -0.0000
vn -0.9249 -0.3680 0.0955
vn -0.2722 -0.3282 -0.9045
vn 0.0427 -0.9473 0.3176
vn 0.0769 -0.8133 -0.5768
vn -0.1760 -0.9842 -0.0200
vn -0.2770 -0.9565 -0.0912
vn 0.0002 -0.4013 -0.9159
vn 0.0003 -0.4053 -0.9142
vn 0.0065 -0.2051 -0.9787
vn 0.0066 -0.1986 -0.9801
vn -0.0212 -0.9606 -0.2772
vn -0.0143 -0.9313 -0.3639
vn 0.0049 0.9250 0.3798
vn 0.0054 0.9084 0.4181
vn 0.0054 0.9080 0.4189
vn 0.0066 -0.2087 -0.9780
vn 0.0124 0.0070 -0.9999
vn 0.0003 -0.4141 -0.9102
vn 0.4048 0.0172 0.9142
vn 0.9678 -0.0364 0.2491
vn -0.3305 -0.0197 -0.9436
vn -0.9094 0.0380 0.4142
vn 0.1868 -0.9419 0.2790
vn -0.0517 0.9649 0.2574
vn 0.6702 -0.0649 0.7394
vn 0.5761 0.1371 -0.8058
vn -0.6707 0.0786 -0.7375
vn -0.6957 -0.3203 0.6430
vn 0.2049 -0.9357 -0.2873
vn -0.1383 0.9331 0.3320
vn 0.1532 0.8389 0.5222
vn 0.2624 0.8224 0.5048
vn 0.1845 0.8353 0.5179
vn -0.1280 0.8202 -0.5575
vn -0.1957 0.7834 -0.5899
vn -0.1432 0.8125 -0.5651
vn 0.1674 -0.7561 0.6326
vn 0.1845 -0.8353 0.5179
vn 0.1532 -0.8389 0.5222
vn 0.1981 -0.7208 0.6642
vn -0.1200 -0.8666 -0.4844
vn -0.1342 -0.8731 -0.4688
vn -0.1769 -0.8901 -0.4200
vn 0.1156 0.8410 0.5285
vn 0.1263 0.8399 0.5278
vn 0.1659 0.8350 0.5247
vn -0.1969 -0.8384 -0.5083
vn -0.1600 -0.8415 -0.5160
vn 0.2881 -0.5983 0.7477
vn -0.1969 0.8384 -0.5083
vn -0.1600 0.8415 -0.5160
vn 0.5725 -0.7788 -0.2563
vn -0.2800 -0.8267 -0.4881
vn -0.2800 0.8267 -0.4881
vn 0.2624 -0.8224 0.5048
vn -0.2673 -0.0000 -0.9636
vn 0.5725 0.7788 -0.2563
vn -0.5654 -0.7049 0.4283
vn -0.5654 0.7049 0.4283
vn 0.9590 0.2832 -0.0068
vn 0.0003 -0.0252 -0.9997
vn -0.0003 0.0252 0.9997
vn 0.2833 -0.9587 0.0243
vn -0.2833 0.9587 -0.0243
vn -0.5989 0.0098 0.8007
vn 0.7071 -0.7071 -0.0000
vn 0.7071 0.7071 -0.0000
vn 0.3766 0.0216 0.9261
vn 0.3762 0.0215 0.9263
vn 0.4174 0.0099 0.9087
vn 0.4180 0.0115 0.9084
vn 0.4211 -0.0037 0.9070
vn 0.4212 -0.0037 0.9069
vn 0.3798 -0.0069 0.9250
vn 0.3799 -0.0069 0.9250
vn 0.3260 0.0138 0.9453
vn 0.3260 -0.0138 0.9453
vn 0.3097 -0.0000 0.9508
vn -0.4505 -0.6873 0.5697
vn -0.4623 0.6851 0.5630
vn 0.9979 0.0634 -0.0157
vn 0.3178 0.0243 0.9478
vn 0.0026 -1.0000 0.0039
vn 0.1650 -0.0010 -0.9863
vn 0.1645 0.0004 -0.9864
vn 0.1070 0.1070 -0.9885
vn 0.0004 0.1645 -0.9864
vn -0.0010 0.1650 -0.9863
vn -0.3318 -0.0041 -0.9433
vn -0.3859 0.0060 -0.9225
vn 0.0060 -0.3859 -0.9225
vn -0.0041 -0.3318 -0.9433
vn -0.2121 -0.2121 -0.9539
vn -0.1581 -0.0084 -0.9874
vn -0.1223 -0.1223 -0.9849
vn -0.0084 -0.1581 -0.9874
vn 0.1478 0.6993 -0.6993
vn 0.1817 0.6953 -0.6953
vn -0.1712 -0.9739 0.1490
vn -0.2189 -0.9645 0.1475
vn -0.1478 -0.6993 -0.6993
vn -0.1817 -0.6953 -0.6953
vn -0.2299 -0.9621 0.1468
vn -0.2587 -0.9549 0.1457
vn -0.0007 0.9520 0.3060
vn -0.0003 0.9884 0.1518
vn 0.2300 0.9621 0.1463
vn 0.0990 0.9052 0.4133
vn 0.1475 0.7009 -0.6978
vn 0.1814 0.6966 -0.6941
vn -0.0006 0.7098 -0.7044
vn 0.2289 0.9627 0.1440
vn 0.2190 0.9650 0.1442
vn -0.1481 -0.7008 -0.6979
vn -0.1821 -0.6965 -0.6941
vn 0.0015 0.0246 0.9997
vn -0.0747 0.0633 0.9952
vn -0.0362 0.0438 0.9984
vn -0.0115 0.8228 0.5682
vn -0.0303 0.6549 0.7551
vn -0.0010 0.8921 0.4518
vn -0.0012 -0.9885 0.1509
vn -0.0016 0.9891 0.1470
vn -0.6954 -0.2048 -0.6888
vn -0.4961 0.8653 0.0720
vn -0.8177 -0.4116 0.4025
vn 0.4920 0.4672 -0.7346
vn 0.8680 0.4686 0.1645
vn -0.1263 0.0894 0.9880
vn -0.0006 -0.7097 -0.7045
vt 0.132116 0.572671
vt 0.132116 0.588440
vt 0.147884 0.588440
vt 0.147884 0.572671
vt 0.971926 0.347732
vt 0.987695 0.363501
vt 0.987695 0.347732
vt 0.133616 0.519893
vt 0.133616 0.535662
vt 0.149384 0.535662
vt 0.149384 0.519893
vt 0.989827 0.412556
vt 0.974058 0.428325
vt 0.989827 0.428325
vt 0.149075 0.592298
vt 0.149075 0.576529
vt 0.145868 0.576529
vt 0.132203 0.577110
vt 0.132203 0.592879
vt 0.147972 0.592879
vt 0.147972 0.577110
vt 0.990000 0.409722
vt 0.974000 0.412500
vt 0.974000 0.425000
vt 0.990000 0.425000
vt 0.127441 0.591095
vt 0.133679 0.578229
vt 0.144722 0.578616
vt 0.139830 0.592263
vt 0.982756 0.410344
vt 0.982756 0.426113
vt 0.990640 0.426113
vt 0.990640 0.410344
vt 0.981665 0.410039
vt 0.981330 0.426124
vt 0.989215 0.426124
vt 0.140087 0.592879
vt 0.130425 0.586591
vt 0.132052 0.582410
vt 0.146775 0.584934
vt 0.147586 0.587431
vt 0.132366 0.575102
vt 0.132366 0.590870
vt 0.148134 0.590870
vt 0.148134 0.575102
vt 0.133306 0.592298
vt 0.134103 0.586395
vt 0.134376 0.575008
vt 0.147884 0.580076
vt 0.143614 0.572671
vt 0.971926 0.360692
vt 0.987695 0.355093
vt 0.142410 0.588440
vt 0.979295 0.368579
vt 0.979342 0.352811
vt 0.143614 0.588440
vt 0.142410 0.572671
vt 0.981523 0.357067
vt 0.979295 0.352811
vt 0.141890 0.578294
vt 0.140479 0.572671
vt 0.971926 0.363501
vt 0.987695 0.356140
vt 0.971356 0.296470
vt 0.971356 0.312239
vt 0.987125 0.312239
vt 0.987125 0.296470
vt 0.136670 0.592879
vt 0.143840 0.592879
vt 0.979241 0.312239
vt 0.971742 0.306791
vt 0.974606 0.297976
vt 0.983875 0.297976
vt 0.986739 0.306791
vt 0.133306 0.576529
vt 0.136320 0.592298
vt 0.141711 0.592298
vt 0.132719 0.518618
vt 0.132719 0.534387
vt 0.148488 0.534387
vt 0.148488 0.518618
vt 0.977698 0.381616
vt 0.987503 0.381616
vt 0.984297 0.365847
vt 0.976454 0.365847
vt 0.138026 0.592298
vt 0.136320 0.576529
vt 0.149162 0.589252
vt 0.149162 0.584278
vt 0.133394 0.573484
vt 0.140637 0.591567
vt 0.140720 0.595677
vt 0.149162 0.584353
vt 0.149162 0.580243
vt 0.149162 0.580173
vt 0.141305 0.581861
vt 0.144526 0.585082
vt 0.145035 0.579888
vt 0.145656 0.588440
vt 0.145703 0.572671
vt 0.143628 0.572671
vt 0.145703 0.588440
vt 0.147884 0.576927
vt 0.145656 0.572671
vt 0.978674 0.360028
vt 0.145868 0.592298
vt 0.141711 0.576529
vt 0.138026 0.576529
vt 0.139269 0.592298
vt 0.976454 0.381616
vt 0.984297 0.381616
vt 0.980139 0.365847
vt 0.974748 0.365847
vt 0.145338 0.574734
vt 0.147866 0.588410
vt 0.147977 0.588486
vt 0.147884 0.578634
vt 0.146309 0.578610
vt 0.133685 0.574198
vt 0.133706 0.588467
vt 0.141703 0.574590
vt 0.141305 0.572671
vt 0.146315 0.574192
vt 0.982000 0.406944
vt 0.974000 0.406944
vt 0.974000 0.419444
vt 0.988000 0.420833
vt 0.985000 0.406944
vt 0.974000 0.420833
vt 0.986000 0.411111
vt 0.986000 0.406944
vt 0.974058 0.412556
vt 0.974000 0.409722
vt 0.978165 0.365221
vt 0.979342 0.368579
vt 0.976526 0.415637
vt 0.975524 0.403337
vt 0.133394 0.584278
vt 0.133394 0.589252
vt 0.141278 0.589252
vt 0.141522 0.584303
vt 0.976509 0.410237
vt 0.976385 0.426124
vt 0.977810 0.410344
vt 0.977810 0.426113
vt 0.133394 0.580173
vt 0.141278 0.580208
vt 0.974871 0.410344
vt 0.974871 0.426113
vt 0.973446 0.410355
vt 0.973446 0.426124
vt 0.147884 0.580556
vt 0.130162 0.577589
vt 0.132116 0.585501
vt 0.147884 0.585557
vt 0.986893 0.409840
vt 0.145868 0.584399
vt 0.145786 0.589311
vt 0.147148 0.591807
vt 0.140152 0.584478
vt 0.139926 0.589413
vt 0.981156 0.357951
vt 0.981382 0.362061
vt 0.981438 0.369745
vt 0.981355 0.365635
vt 0.971930 0.360153
vt 0.968159 0.365163
vt 0.980548 0.366331
vt 0.986652 0.362677
vt 0.130203 0.515689
vt 0.153225 0.515689
vt 0.153225 0.538712
vt 0.130203 0.538712
vt 0.972550 0.962142
vt 0.991612 0.962142
vt 0.991612 0.981204
vt 0.972550 0.981204
vt 0.989569 0.596675
vt 0.990424 0.575318
vt 0.965762 0.572867
vt 0.991164 0.572867
vt 0.991164 0.598270
vt 0.965762 0.598270
vt 0.968212 0.597530
vt 0.967357 0.574463
vt 0.967371 0.571258
vt 0.992773 0.571258
vt 0.992773 0.596661
vt 0.967371 0.596661
vt 0.149596 0.597871
vt 0.127853 0.597871
vt 0.127853 0.576128
vt 0.149596 0.576128
vt 0.967000 0.459722
vt 0.991000 0.459722
vt 0.991000 0.481944
vt 0.967000 0.481944
vt 0.992260 0.579590
vt 0.968260 0.579590
vt 0.967000 0.401389
vt 0.995000 0.401389
vt 0.995000 0.429167
vt 0.967000 0.429167
vt 0.968000 0.515278
vt 0.994000 0.515278
vt 0.994000 0.540278
vt 0.968000 0.540278
vt 0.977000 0.601389
vt 0.988000 0.595833
vt 0.988000 0.581944
vt 0.977000 0.576389
vt 0.966000 0.581944
vt 0.966000 0.595833
vt 0.966000 0.461111
vt 0.992000 0.461111
vt 0.992000 0.486111
vt 0.966000 0.486111
vt 0.967000 0.509722
vt 0.993000 0.509722
vt 0.993000 0.534722
vt 0.967000 0.534722
vt 0.133000 0.737500
vt 0.155000 0.737500
vt 0.155000 0.753212
vt 0.133000 0.753212
vt 0.133000 0.753212
vt 0.144000 0.759722
vt 0.152000 0.756944
vt 0.150407 0.755250
vt 0.144000 0.757647
vt 0.155000 0.748611
vt 0.152896 0.748611
vt 0.152000 0.740278
vt 0.150407 0.741972
vt 0.144000 0.737500
vt 0.144000 0.739575
vt 0.136000 0.740278
vt 0.137593 0.741972
vt 0.133000 0.748611
vt 0.135104 0.748611
vt 0.136000 0.756944
vt 0.137593 0.755250
vt 0.968000 0.959722
vt 0.994000 0.959722
vt 0.994000 0.977824
vt 0.968000 0.977824
vt 0.994000 0.977824
vt 0.968000 0.977824
vt 0.968000 0.977824
vt 0.982000 0.984722
vt 0.991000 0.981944
vt 0.989635 0.980659
vt 0.981869 0.983182
vt 0.994000 0.973611
vt 0.992357 0.973430
vt 0.991000 0.963889
vt 0.989635 0.965174
vt 0.982000 0.959722
vt 0.981870 0.961625
vt 0.972000 0.963889
vt 0.973365 0.965174
vt 0.968000 0.973611
vt 0.969904 0.973430
vt 0.972000 0.981944
vt 0.973364 0.980659
vt 0.974011 0.410063
vt 0.987219 0.410063
vt 0.987219 0.423271
vt 0.974011 0.423271
vt 0.980615 0.423271
vt 0.986896 0.418707
vt 0.984497 0.411324
vt 0.976733 0.411324
vt 0.974334 0.418707
s 1
usemtl metallic
f 58/1/1 54/2/2 33/3/3 50/4/4
f 65/5/5 123/5/5 63/6/6 66/7/7
f 73/8/8 90/9/8 89/10/8 72/11/8
f 60/1/9 59/2/9 44/3/9
f 4/12/10 112/13/11 6/14/12
f 111/15/13 91/16/14 102/17/15
f 8/18/16 7/19/17 88/20/18 74/21/19
f 53/1/20 56/2/21 52/3/22 49/4/23
f 9/18/24 8/19/16 74/20/19 82/21/25
f 56/1/21 57/2/26 75/3/27 52/4/22
f 1/22/28 107/23/29 43/24/30 10/25/31
f 17/18/32 19/19/32 87/20/33 71/21/33
f 57/1/26 58/2/1 50/3/4 75/4/27
f 134/26/34 13/27/35 2/28/36 135/29/37
f 126/30/38 124/31/39 45/32/40 47/33/41
f 32/34/42 126/35/38 47/36/41
f 33/37/3 46/38/43 127/39/44 131/40/45 84/41/46
f 54/1/2 60/2/47 33/4/3
f 53/42/48 61/43/49 48/44/49 30/45/50
f 49/16/51 91/46/14 64/15/52 62/16/53
f 49/1/23 61/3/54 53/4/20
f 33/18/3 82/20/25 50/21/4
f 82/19/25 74/20/55 50/18/4
f 76/8/56 78/9/57 79/10/58 31/11/58
f 39/8/59 77/9/59 80/10/59 40/11/59
f 32/42/60 47/43/61 60/44/62 54/45/60
f 57/5/63 68/6/64 58/7/65
f 38/42/66 41/43/67 57/44/67 56/45/68
f 30/42/50 38/43/66 56/44/68 53/45/48
f 35/47/69 118/47/69 117/48/69 55/48/69
f 64/1/70 109/2/71 108/3/71 93/49/72 96/50/73
f 47/42/61 45/43/74 59/44/74 60/45/62
f 43/5/75 107/51/75 69/6/75 122/52/75 68/7/75
f 49/1/23 62/2/76 95/53/77 61/4/54
f 99/54/78 65/6/79 66/7/80 100/55/80
f 62/1/76 64/2/70 96/56/73 95/57/77
f 98/58/81 65/7/79 99/59/78
f 108/1/82 97/60/83 93/61/84
f 67/7/85 63/62/86 48/6/87
f 48/5/87 61/6/88 67/7/85
f 41/5/89 68/6/90 57/7/91
f 68/5/90 41/6/89 43/7/92
f 32/5/93 54/6/94 69/7/95
f 54/5/96 58/62/96 122/63/96 69/7/96
f 82/18/25 33/20/3 83/21/97
f 83/18/97 33/20/3 84/21/46
f 39/1/98 88/2/98 49/3/23 31/4/99
f 40/1/100 74/2/55 88/3/98 39/4/98
f 51/1/101 75/2/27 74/3/55 40/4/100
f 76/1/102 52/2/22 75/3/27 51/4/101
f 31/1/99 49/2/23 52/3/22 76/4/102
f 40/8/107 80/9/107 81/10/107 51/11/107
f 31/8/108 79/9/108 77/10/108 39/11/108
f 51/8/109 81/9/109 78/10/57 76/11/56
f 18/18/110 9/19/24 82/20/25 42/21/111
f 42/18/111 82/19/25 83/20/97 70/21/112
f 70/18/112 83/19/97 84/20/46 71/21/113
f 71/18/113 84/19/46 131/68/45 135/69/37 2/20/36 17/21/114
f 70/18/117 86/19/117 85/20/117 42/21/117
f 71/18/118 87/19/118 86/20/118 70/21/118
f 42/18/119 85/19/119 20/20/120 18/21/120
f 21/75/121 3/46/121 104/76/122 105/77/122 49/15/123 72/16/124
f 72/1/124 49/2/123 88/3/18 73/4/125
f 73/1/125 88/2/18 7/3/17 22/4/126
f 72/78/129 89/79/129 24/80/130 21/81/130
f 22/8/131 23/9/131 90/10/132 73/11/132
f 110/82/133 111/83/13 102/84/15 103/85/134
f 3/75/135 16/46/136 103/86/134 104/87/137
f 44/88/138 92/89/138 60/90/138
f 134/91/139 133/92/140 25/93/141 13/94/141
f 92/89/142 46/95/143 60/90/47
f 114/96/144 113/97/144 101/98/145 97/60/146
f 96/56/73 99/99/147 100/100/148 95/57/77
f 97/60/146 101/98/145 98/101/149 93/61/72
f 95/53/77 100/102/148 61/4/54
f 93/49/72 98/103/149 99/104/147 96/50/73
f 101/105/150 65/7/79 98/58/81
f 114/96/151 97/60/83 108/1/82
f 102/106/15 91/15/14 49/16/51 105/107/152
f 103/108/134 16/75/136 5/46/153 110/109/133
f 103/110/134 102/111/15 105/112/152 104/113/137
f 107/51/154 32/62/93 69/6/95
f 34/114/155 120/114/155 115/115/156 36/115/157
f 55/48/158 108/1/159 109/2/160 35/47/161
f 37/116/162 111/3/163 110/117/164 106/118/165
f 26/119/166 6/1/166 112/2/167 36/120/168
f 36/115/168 112/3/167 113/4/169 34/114/170
f 94/121/171 114/122/172 108/1/159 55/48/158
f 34/114/170 113/4/169 114/122/172 94/121/171
f 106/118/165 110/117/164 5/4/173 27/123/173
f 35/47/161 109/2/160 111/3/163 37/116/162
f 121/124/174 117/125/174 118/126/174 116/127/175 115/127/176 120/128/174
f 29/125/177 115/129/176 116/127/175 119/130/178 28/131/177
f 27/123/179 28/123/179 119/118/180 106/118/181
f 55/48/182 117/48/182 121/121/183 94/121/184
f 106/118/181 119/118/180 116/116/185 37/116/186
f 37/116/186 116/116/185 118/47/187 35/47/187
f 36/120/157 115/120/156 29/119/188 26/119/188
f 94/121/184 121/121/183 120/114/189 34/114/189
f 123/132/190 112/13/11 4/12/10
f 109/16/191 64/16/52 91/75/14 111/15/13
f 10/22/31 43/133/30 41/24/192 38/24/192 30/24/192 48/24/192 63/24/193 15/25/194
f 63/133/193 123/13/190 4/14/10 15/22/194
f 66/5/7 63/62/6 67/7/195
f 101/105/150 123/134/196 65/7/79
f 100/135/197 66/6/197 67/7/197 61/5/197
f 58/62/65 68/6/64 122/63/198
f 113/136/199 123/132/190 101/137/200
f 112/13/11 123/132/190 113/136/199
f 92/138/201 44/139/202 125/140/203 128/141/204
f 1/142/28 129/143/205 126/35/38 32/34/42
f 129/144/205 130/145/206 124/31/39 126/30/38
f 46/146/207 92/138/207 128/141/208 127/147/209
f 14/148/210 11/149/211 130/145/206 129/144/205
f 1/150/28 14/151/210 129/143/205
f 125/152/203 44/4/202 59/4/212 45/1/212 124/153/212 130/154/212 11/2/213 12/3/214 132/155/215
f 32/133/42 107/23/29 1/156/28
f 133/157/216 132/158/215 12/88/214 25/93/217
f 33/4/3 60/2/47 46/159/143
f 128/160/204 125/161/203 132/158/215 133/157/216
f 127/162/209 128/163/208 133/164/140 134/165/139
f 127/166/44 134/167/34 135/168/37 131/169/45
f 136/170/218 137/171/218 139/172/218 138/173/218
f 138/170/219 139/171/219 143/172/219 142/173/219
f 140/170/221 141/171/221 137/172/221 136/173/221
f 138/170/222 142/171/222 140/172/222 136/173/222
f 143/170/223 139/171/223 137/172/223 141/173/223
f 144/170/224 145/171/224 147/172/224 146/173/224
f 146/170/225 147/171/225 151/172/225 150/173/225
f 150/170/226 151/171/226 149/172/226 148/173/226
f 148/170/227 149/171/227 145/172/227 144/173/227
f 146/170/228 150/171/228 148/172/228 144/173/228
f 151/170/229 147/171/229 145/172/229 149/173/229
f 153/178/230 155/179/231 163/179/232 162/178/232
f 156/180/233 157/181/234 529/182/235 528/183/235
f 158/180/236 159/181/237 153/178/238 152/184/239
f 156/180/240 528/181/241 526/182/241 158/183/242
f 157/180/243 155/179/231 153/178/230 159/183/244
f 529/180/245 157/181/243 159/182/244 527/183/245
f 154/185/246 156/181/240 158/182/242 152/184/247
f 526/180/248 527/181/248 159/182/237 158/183/236
f 154/185/249 155/179/250 157/182/234 156/183/233
f 161/184/251 162/178/251 166/178/251 165/184/251
f 154/185/246 152/184/247 161/184/252 160/185/252
f 155/179/250 154/185/249 160/185/253 163/179/253
f 152/184/239 153/178/238 162/178/254 161/184/254
f 165/186/255 166/187/255 167/188/255 164/189/255
f 162/178/256 163/179/256 167/179/256 166/178/256
f 160/185/257 161/184/257 165/184/257 164/185/257
f 163/179/258 160/185/258 164/185/258 167/179/258
f 168/190/259 169/191/259 171/192/259 170/193/259
f 170/190/260 171/191/260 175/192/260 174/193/260
f 172/190/261 173/191/261 169/192/261 168/193/261
f 170/190/262 174/191/262 172/192/262 168/193/262
f 175/190/263 171/191/263 169/192/263 173/193/263
f 193/194/264 194/195/264 184/196/264 183/197/264
f 195/194/265 190/195/265 178/196/265 185/197/265
f 176/194/266 179/195/266 191/196/266 188/197/266
f 189/194/267 177/195/267 176/196/267 188/197/267
f 178/194/268 190/195/268 191/196/268 179/197/268
f 182/194/269 192/195/269 193/196/269 183/197/269
f 195/194/270 185/195/270 184/196/270 194/197/270
f 189/194/271 192/195/271 182/196/271 177/197/271
f 180/195/272 189/196/272 188/197/272
f 181/195/272 191/196/272 190/197/272
f 186/195/272 193/196/272 192/197/272
f 187/195/272 195/196/272 194/197/272
f 180/194/272 186/195/272 192/196/272 189/197/272
f 181/194/272 180/195/272 188/196/272 191/197/272
f 187/194/272 181/195/272 190/196/272 195/197/272
f 186/194/272 187/195/272 194/196/272 193/197/272
f 180/198/272 181/199/272 187/199/272 186/199/272
f 196/200/273 197/201/273 199/202/273 198/203/273
f 198/200/274 199/201/274 201/202/274 200/203/274
f 200/200/275 201/201/275 203/202/275 202/203/275
f 202/200/276 203/201/276 205/202/276 204/203/276
f 204/200/277 205/201/277 197/202/277 196/203/277
f 198/200/278 200/201/278 208/202/278 207/203/278
f 206/200/279 207/201/279 212/202/279 211/203/279
f 204/200/278 196/201/278 206/202/278 210/203/278
f 196/200/278 198/201/278 207/202/278 206/203/278
f 200/200/278 202/201/278 209/202/278 208/203/278
f 202/200/278 204/201/278 210/202/278 209/203/278
f 209/200/280 210/201/280 215/202/280 214/203/280
f 207/200/281 208/201/281 213/202/281 212/203/281
f 210/200/282 206/201/282 211/202/282 215/203/282
f 208/200/283 209/201/283 214/202/283 213/203/283
f 223/204/284 220/205/284 237/206/284 238/207/284
f 217/204/265 227/205/265 233/206/265 219/207/265
f 231/204/266 232/205/266 226/206/266 225/207/266
f 224/204/285 228/205/285 231/206/285 225/207/285
f 233/204/286 227/205/286 226/206/286 232/207/286
f 224/204/271 216/205/271 218/206/271 228/207/271
f 221/204/287 220/205/288 231/206/289 228/207/290
f 223/204/291 222/205/292 233/206/293 232/207/294
f 230/204/295 221/205/287 228/206/290 218/207/295
f 220/204/288 223/205/291 232/206/294 231/207/289
f 222/204/292 229/205/296 219/206/296 233/207/293
f 235/208/297 234/209/297 239/210/297 238/211/297 237/212/297 236/213/297
f 222/204/298 223/205/298 238/206/298 239/207/298
f 229/204/271 222/205/271 239/206/271 234/207/271
f 221/204/265 230/205/265 235/206/265 236/207/265
f 220/204/299 221/205/299 236/206/299 237/207/299
f 220/214/300 240/215/300 242/216/300 241/217/300
f 245/214/301 246/215/301 240/216/301 220/217/301
f 244/214/265 242/215/265 240/216/265 246/217/265
f 241/214/302 243/215/303 245/216/303 220/217/302
f 247/218/304 248/219/304 250/220/304 249/221/304
f 249/218/305 250/219/305 252/220/305 251/221/305
f 251/218/306 252/219/306 254/220/306 253/221/306
f 253/218/307 254/219/307 256/220/307 255/221/307
f 255/218/308 256/219/308 258/220/308 257/221/308
f 257/218/309 258/219/309 260/220/309 259/221/309
f 259/218/310 260/219/310 262/220/310 261/221/310
f 261/218/311 262/219/311 248/220/311 247/221/311
f 251/218/312 253/219/313 266/220/313 265/221/312
f 257/218/314 259/219/315 269/220/315 268/221/314
f 253/218/313 255/219/316 267/220/316 266/221/313
f 259/218/315 261/219/317 270/220/317 269/221/315
f 249/218/318 251/219/312 265/220/312 264/221/318
f 255/218/316 257/219/314 268/220/314 267/221/316
f 261/218/317 247/219/319 263/220/319 270/221/317
f 247/218/319 249/219/318 264/220/318 263/221/319
f 287/218/304 288/219/304 290/220/304 289/221/304
f 289/218/305 290/219/305 292/220/305 291/221/305
f 291/218/306 292/219/306 294/220/306 293/221/306
f 293/218/307 294/219/307 296/220/307 295/221/307
f 295/218/308 296/219/308 298/220/308 297/221/308
f 297/218/309 298/219/309 300/220/309 299/221/309
f 299/218/310 300/219/310 302/220/310 301/221/310
f 301/218/311 302/219/311 288/220/311 287/221/311
f 291/218/312 293/219/313 306/220/313 305/221/312
f 297/218/314 299/219/315 309/220/315 308/221/314
f 293/218/313 295/219/316 307/220/316 306/221/313
f 299/218/315 301/219/317 310/220/317 309/221/315
f 289/218/318 291/219/312 305/220/312 304/221/318
f 295/218/316 297/219/314 308/220/314 307/221/316
f 301/218/317 287/219/319 303/220/319 310/221/317
f 287/218/319 289/219/318 304/220/318 303/221/319
f 327/218/311 328/219/311 330/220/311 329/221/311
f 329/218/310 330/219/310 332/220/310 331/221/310
f 331/218/309 332/219/309 334/220/309 333/221/309
f 333/218/308 334/219/308 336/220/308 335/221/308
f 335/218/307 336/219/307 338/220/307 337/221/307
f 337/218/306 338/219/306 340/220/306 339/221/306
f 339/218/305 340/219/305 342/220/305 341/221/305
f 341/218/304 342/219/304 328/220/304 327/221/304
f 331/218/344 333/219/345 346/220/345 345/221/344
f 348/218/310 349/219/310 357/220/310 356/221/310
f 337/218/346 339/219/347 349/220/347 348/221/346
f 333/218/345 335/219/348 347/220/348 346/221/345
f 339/218/347 341/219/349 350/220/349 349/221/347
f 329/218/350 331/219/344 345/220/344 344/221/350
f 335/218/348 337/219/346 348/220/346 347/221/348
f 341/218/349 327/219/351 343/220/351 350/221/349
f 327/218/351 329/219/350 344/220/350 343/221/351
f 346/218/304 347/219/304 355/220/304 354/221/304
f 344/218/306 345/219/306 353/220/306 352/221/306
f 349/218/309 350/219/309 358/220/309 357/221/309
f 347/218/311 348/219/311 356/220/311 355/221/311
f 345/218/305 346/219/305 354/220/305 353/221/305
f 343/218/307 344/219/307 352/220/307 351/221/307
f 350/218/308 343/219/308 351/220/308 358/221/308
f 377/266/376 382/267/377 379/268/378 375/269/376
f 376/266/379 380/267/380 387/268/381 384/269/379
f 375/266/382 379/267/383 380/268/384 376/269/382
f 381/266/385 388/267/386 387/268/381 380/269/380
f 385/266/387 386/267/388 382/268/389 377/269/390
f 383/266/391 392/267/392 391/268/392 378/269/393
f 383/266/391 378/267/393 379/268/378 382/269/377
f 389/266/394 383/267/395 382/268/389 386/269/388
f 378/266/396 381/267/397 380/268/384 379/269/383
f 388/266/398 393/267/399 394/268/400 389/269/398
f 387/266/401 388/267/402 389/268/402 386/269/388
f 386/266/388 385/267/387 384/268/403 387/269/401
f 381/266/385 390/267/404 393/268/404 388/269/386
f 389/266/394 394/267/405 392/268/405 383/269/395
f 390/266/406 391/267/406 396/268/406 395/269/406
f 395/270/407 396/271/407 397/272/407 399/273/407 398/274/407
f 393/266/408 390/267/408 395/268/408 398/269/408
f 391/266/409 392/267/409 397/268/409 396/269/409
f 392/266/410 394/267/410 399/268/410 397/269/410
f 394/266/400 393/267/399 398/268/411 399/269/411
f 378/266/396 391/267/412 390/268/412 381/269/397
f 428/1/413 420/4/414 403/3/415 424/2/416
f 435/5/417 436/7/418 433/6/419 493/5/417
f 443/8/420 442/11/420 459/10/420 460/9/420
f 430/1/421 414/3/421 429/2/421
f 4/12/10 6/14/12 482/13/422
f 481/15/423 472/17/424 461/16/425
f 8/18/16 444/21/426 458/20/427 7/19/17
f 423/1/428 419/4/429 422/3/430 426/2/431
f 9/18/24 452/21/432 444/20/426 8/19/16
f 426/1/431 422/4/430 445/3/433 427/2/434
f 1/22/28 10/25/31 413/24/435 477/23/436
f 17/18/32 441/21/437 457/20/437 19/19/32
f 427/1/434 445/4/433 420/3/414 428/2/413
f 504/26/438 505/29/439 2/28/36 13/27/35
f 496/30/440 417/33/441 415/32/442 494/31/443
f 402/34/444 417/36/441 496/35/440
f 403/37/415 454/41/445 501/40/446 497/39/447 416/38/448
f 424/1/416 403/4/415 430/2/449
f 423/42/450 400/45/451 418/44/452 431/43/452
f 419/16/453 432/16/454 434/15/455 461/46/425
f 419/1/429 423/4/428 431/3/456
f 403/18/415 420/21/414 452/20/432
f 420/18/414 445/21/433 452/19/432
f 446/8/457 401/11/458 449/10/458 448/9/459
f 409/8/460 410/11/460 450/10/460 447/9/460
f 402/42/461 424/45/461 430/44/462 417/43/463
f 427/5/464 428/7/465 438/6/466
f 408/42/467 426/45/468 427/44/469 411/43/469
f 400/42/451 423/45/450 426/44/468 408/43/467
f 405/47/470 425/48/470 487/48/470 488/47/470
f 434/1/471 466/50/472 463/49/473 478/3/474 479/2/474
f 417/42/463 430/45/462 429/44/475 415/43/475
f 413/5/476 438/7/476 492/52/476 439/6/476 477/51/476
f 419/1/429 431/4/456 465/53/477 432/2/478
f 469/54/479 470/55/480 436/7/480 435/6/481
f 432/1/478 465/57/477 466/56/472 434/2/471
f 468/58/482 469/59/479 435/7/481
f 478/1/483 463/61/484 467/60/485
f 437/7/486 418/6/487 433/62/488
f 418/5/487 437/7/486 431/6/489
f 411/5/490 427/7/491 438/6/492
f 438/5/492 413/7/493 411/6/490
f 402/5/494 439/7/495 424/6/496
f 424/5/497 439/7/497 492/63/497 428/62/497
f 452/18/432 453/21/498 403/20/415
f 453/18/498 454/21/445 403/20/415
f 409/1/499 401/4/500 419/3/429 458/2/499
f 410/1/501 409/4/499 458/3/499 444/2/502
f 421/1/503 410/4/501 444/3/502 445/2/433
f 446/1/504 421/4/503 445/3/433 422/2/430
f 401/1/500 446/4/504 422/3/430 419/2/429
f 410/8/509 421/11/509 451/10/509 450/9/509
f 401/8/510 409/11/510 447/10/510 449/9/510
f 421/8/511 446/11/457 448/10/459 451/9/511
f 18/18/110 412/21/512 452/20/432 9/19/24
f 412/18/512 440/21/513 453/20/498 452/19/432
f 440/18/513 441/21/514 454/20/445 453/19/498
f 441/18/514 17/21/114 2/20/36 505/69/439 501/68/446 454/19/445
f 440/18/516 412/21/516 455/20/516 456/19/516
f 441/18/517 440/21/517 456/20/517 457/19/517
f 412/18/518 18/21/120 20/20/120 455/19/518
f 21/75/121 442/16/519 419/15/520 475/77/521 474/76/521 3/46/121
f 442/1/519 443/4/522 458/3/427 419/2/520
f 443/1/522 22/4/126 7/3/17 458/2/427
f 442/78/524 21/81/130 24/80/130 459/79/524
f 22/8/131 443/11/525 460/10/525 23/9/131
f 480/82/526 473/85/527 472/84/424 481/83/423
f 3/75/135 474/87/528 473/86/527 16/46/136
f 414/88/529 430/90/529 462/89/529
f 504/91/530 13/94/141 25/93/141 503/92/531
f 462/89/532 430/90/449 416/95/533
f 484/96/534 467/60/535 471/98/536 483/97/534
f 466/56/472 465/57/477 470/100/537 469/99/538
f 467/60/535 463/61/473 468/101/539 471/98/536
f 465/53/477 431/4/456 470/102/537
f 463/49/473 466/50/472 469/104/538 468/103/539
f 471/105/540 468/58/482 435/7/481
f 484/96/541 478/1/483 467/60/485
f 472/106/424 475/107/542 419/16/453 461/15/425
f 473/108/527 480/109/526 5/46/153 16/75/136
f 473/110/527 474/113/528 475/112/542 472/111/424
f 477/51/543 439/6/495 402/62/494
f 404/114/544 406/115/545 485/115/546 490/114/544
f 425/48/547 405/47/548 479/2/549 478/1/550
f 407/116/551 476/118/552 480/117/553 481/3/554
f 26/119/555 406/120/556 482/2/557 6/1/555
f 406/115/556 404/114/558 483/4/559 482/3/557
f 464/121/560 425/48/547 478/1/550 484/122/561
f 404/114/558 464/121/560 484/122/561 483/4/559
f 476/118/552 27/123/562 5/4/562 480/117/553
f 405/47/548 407/116/551 481/3/554 479/2/549
f 491/124/563 490/128/563 485/127/564 486/127/565 488/126/563 487/125/563
f 29/125/177 28/131/177 489/130/566 486/127/565 485/129/564
f 27/123/179 476/118/567 489/118/568 28/123/179
f 425/48/569 464/121/570 491/121/571 487/48/569
f 476/118/567 407/116/572 486/116/573 489/118/568
f 407/116/572 405/47/574 488/47/574 486/116/573
f 406/120/545 26/119/188 29/119/188 485/120/546
f 464/121/570 404/114/575 490/114/575 491/121/571
f 493/132/576 4/12/10 482/13/422
f 479/16/577 481/15/423 461/75/425 434/16/455
f 10/22/31 15/25/194 433/24/578 418/24/579 400/24/579 408/24/579 411/24/579 413/133/435
f 433/133/578 15/22/194 4/14/10 493/13/576
f 436/5/418 437/7/580 433/62/419
f 471/105/540 435/7/481 493/134/581
f 470/135/582 431/5/582 437/7/582 436/6/582
f 428/62/465 492/63/583 438/6/466
f 483/136/584 471/137/585 493/132/576
f 482/13/422 483/136/584 493/132/576
f 462/138/586 498/141/587 495/140/588 414/139/589
f 1/142/28 402/34/444 496/35/440 499/143/590
f 499/144/590 496/30/440 494/31/443 500/145/591
f 416/146/592 497/147/593 498/141/594 462/138/592
f 14/148/210 499/144/590 500/145/591 11/149/211
f 1/150/28 499/143/590 14/151/210
f 495/152/588 502/155/595 12/3/214 11/2/213 500/154/596 494/153/596 415/1/596 429/4/596 414/4/589
f 402/133/444 1/156/28 477/23/436
f 503/157/597 25/93/217 12/88/214 502/158/595
f 403/4/415 416/159/533 430/2/449
f 445/21/433 444/20/502 452/19/432
f 498/160/587 503/157/597 502/158/595 495/161/588
f 497/162/593 504/165/530 503/164/531 498/163/594
f 497/166/447 501/169/446 505/168/439 504/167/438
f 506/170/598 508/173/598 509/172/598 507/171/598
f 508/170/599 512/173/599 513/172/599 509/171/599
f 510/170/601 506/173/601 507/172/601 511/171/601
f 508/170/602 506/173/602 510/172/602 512/171/602
f 513/170/603 511/173/603 507/172/603 509/171/603
f 514/170/604 516/173/604 517/172/604 515/171/604
f 516/170/605 520/173/605 521/172/605 517/171/605
f 520/170/606 518/173/606 519/172/606 521/171/606
f 518/170/607 514/173/607 515/172/607 519/171/607
f 516/170/608 514/173/608 518/172/608 520/171/608
f 521/170/609 519/173/609 515/172/609 517/171/609
f 523/178/610 536/178/611 537/179/611 525/179/612
f 530/180/613 528/183/614 529/182/614 531/181/615
f 528/180/266 526/183/266 527/182/266 529/181/266
f 532/180/616 522/184/617 523/178/618 533/181/619
f 530/180/620 532/183/621 526/182/622 528/181/622
f 531/180/623 533/183/624 523/178/610 525/179/612
f 529/180/625 527/183/625 533/182/624 531/181/623
f 524/185/626 522/184/627 532/182/621 530/181/620
f 526/180/628 532/183/616 533/182/619 527/181/628
f 524/185/629 530/183/613 531/182/615 525/179/630
f 535/184/631 539/184/631 540/178/631 536/178/631
f 524/185/626 534/185/632 535/184/632 522/184/627
f 525/179/630 537/179/633 534/185/633 524/185/629
f 522/184/617 535/184/634 536/178/634 523/178/618
f 539/186/635 538/189/635 541/188/635 540/187/635
f 536/178/636 540/178/636 541/179/636 537/179/636
f 534/185/637 538/185/637 539/184/637 535/184/637
f 537/179/638 541/179/638 538/185/638 534/185/638
f 542/190/639 544/193/639 545/192/639 543/191/639
f 544/190/640 548/193/640 549/192/640 545/191/640
f 546/190/641 542/193/641 543/192/641 547/191/641
f 544/190/642 542/193/642 546/192/642 548/191/642
f 549/190/643 547/193/643 543/192/643 545/191/643
f 567/194/266 557/197/266 558/196/266 568/195/266
f 569/194/265 559/197/265 552/196/265 564/195/265
f 550/194/264 562/197/264 565/196/264 553/195/264
f 563/194/269 562/197/269 550/196/269 551/195/269
f 552/194/270 553/197/270 565/196/270 564/195/270
f 556/194/267 557/197/267 567/196/267 566/195/267
f 569/194/268 568/197/268 558/196/268 559/195/268
f 563/194/271 551/197/271 556/196/271 566/195/271
f 554/195/272 562/197/272 563/196/272
f 555/195/272 564/197/272 565/196/272
f 560/195/272 566/197/272 567/196/272
f 561/195/272 568/197/272 569/196/272
f 554/194/272 563/197/272 566/196/272 560/195/272
f 555/194/272 565/197/272 562/196/272 554/195/272
f 561/194/272 569/197/272 564/196/272 555/195/272
f 560/194/272 567/197/272 568/196/272 561/195/272
f 554/198/272 560/199/272 561/199/272 555/199/272
f 570/200/277 572/203/277 573/202/277 571/201/277
f 572/200/276 574/203/276 575/202/276 573/201/276
f 574/200/275 576/203/275 577/202/275 575/201/275
f 576/200/274 578/203/274 579/202/274 577/201/274
f 578/200/273 570/203/273 571/202/273 579/201/273
f 572/200/278 581/203/278 582/202/278 574/201/278
f 580/200/282 585/203/282 586/202/282 581/201/282
f 578/200/278 584/203/278 580/202/278 570/201/278
f 570/200/278 580/203/278 581/202/278 572/201/278
f 574/200/278 582/203/278 583/202/278 576/201/278
f 576/200/278 583/203/278 584/202/278 578/201/278
f 583/200/281 588/203/281 589/202/281 584/201/281
f 581/200/280 586/203/280 587/202/280 582/201/280
f 584/200/279 589/203/279 585/202/279 580/201/279
f 582/200/283 587/203/283 588/202/283 583/201/283
f 593/204/644 604/207/644 603/206/644 590/205/644
f 217/204/265 219/207/265 601/206/265 597/205/265
f 599/204/264 595/207/264 596/206/264 600/205/264
f 594/204/645 595/207/645 599/206/645 598/205/645
f 601/204/646 600/207/646 596/206/646 597/205/646
f 594/204/271 598/207/271 218/206/271 216/205/271
f 591/204/647 598/207/648 599/206/649 590/205/650
f 593/204/651 600/207/652 601/206/653 592/205/654
f 230/204/655 218/207/655 598/206/648 591/205/647
f 590/204/650 599/207/649 600/206/652 593/205/651
f 592/204/654 601/207/653 219/206/656 229/205/656
f 235/208/657 602/213/657 603/212/657 604/211/657 605/210/657 234/209/657
f 592/204/658 605/207/658 604/206/658 593/205/658
f 229/204/271 234/207/271 605/206/271 592/205/271
f 591/204/265 602/207/265 235/206/265 230/205/265
f 590/204/659 603/207/659 602/206/659 591/205/659
f 590/214/660 607/217/660 608/216/660 606/215/660
f 245/214/661 590/217/661 606/216/661 246/215/661
f 244/214/265 246/217/265 606/216/265 608/215/265
f 607/214/662 590/217/662 245/216/303 243/215/303
f 609/218/311 611/221/311 612/220/311 610/219/311
f 611/218/310 613/221/310 614/220/310 612/219/310
f 613/218/309 615/221/309 616/220/309 614/219/309
f 615/218/308 617/221/308 618/220/308 616/219/308
f 617/218/307 619/221/307 620/220/307 618/219/307
f 619/218/306 621/221/306 622/220/306 620/219/306
f 621/218/305 623/221/305 624/220/305 622/219/305
f 623/218/304 609/221/304 610/220/304 624/219/304
f 613/218/315 628/221/315 629/220/314 615/219/314
f 619/218/313 631/221/313 625/220/312 621/219/312
f 615/218/314 629/221/314 630/220/316 617/219/316
f 621/218/312 625/221/312 632/220/318 623/219/318
f 611/218/317 627/221/317 628/220/315 613/219/315
f 617/218/316 630/221/316 631/220/313 619/219/313
f 623/218/318 632/221/318 626/220/319 609/219/319
f 609/218/319 626/221/319 627/220/317 611/219/317
f 649/218/311 651/221/311 652/220/311 650/219/311
f 651/218/310 653/221/310 654/220/310 652/219/310
f 653/218/309 655/221/309 656/220/309 654/219/309
f 655/218/308 657/221/308 658/220/308 656/219/308
f 657/218/307 659/221/307 660/220/307 658/219/307
f 659/218/306 661/221/306 662/220/306 660/219/306
f 661/218/305 663/221/305 664/220/305 662/219/305
f 663/218/304 649/221/304 650/220/304 664/219/304
f 653/218/663 668/221/664 665/220/665 655/219/665
f 659/218/313 670/221/313 671/220/312 661/219/312
f 655/218/665 665/221/665 669/220/666 657/219/667
f 661/218/312 671/221/312 672/220/318 663/219/318
f 651/218/317 667/221/317 668/220/664 653/219/663
f 657/218/667 669/221/666 670/220/313 659/219/313
f 663/218/318 672/221/318 666/220/319 649/219/319
f 649/218/319 666/221/319 667/220/317 651/219/317
f 688/218/304 690/221/304 691/220/304 689/219/304
f 690/218/305 692/221/305 693/220/305 691/219/305
f 692/218/306 694/221/306 695/220/306 693/219/306
f 694/218/307 696/221/307 697/220/307 695/219/307
f 696/218/308 698/221/308 699/220/308 697/219/308
f 698/218/309 700/221/309 701/220/309 699/219/309
f 700/218/310 702/221/310 703/220/310 701/219/310
f 702/218/311 688/221/311 689/220/311 703/219/311
f 692/218/347 706/221/347 707/220/346 694/219/346
f 709/218/305 717/221/305 718/220/305 710/219/305
f 698/218/345 709/221/345 710/220/344 700/219/344
f 694/218/346 707/221/346 708/220/348 696/219/348
f 700/218/344 710/221/344 711/220/350 702/219/350
f 690/218/349 705/221/349 706/220/347 692/219/347
f 696/218/348 708/221/348 709/220/345 698/219/345
f 702/218/350 711/221/350 704/220/351 688/219/351
f 688/218/351 704/221/351 705/220/349 690/219/349
f 707/218/311 715/221/311 716/220/311 708/219/311
f 705/218/309 713/221/309 714/220/309 706/219/309
f 710/218/306 718/221/306 719/220/306 711/219/306
f 708/218/304 716/221/304 717/220/304 709/219/304
f 706/218/310 714/221/310 715/220/310 707/219/310
f 704/218/308 712/221/308 713/220/308 705/219/308
f 711/218/307 719/221/307 712/220/307 704/219/307
f 738/266/376 736/269/376 740/268/676 743/267/677
f 737/266/379 745/269/379 748/268/678 741/267/679
f 736/266/382 737/269/382 741/268/680 740/267/681
f 742/266/682 741/269/679 748/268/678 749/267/683
f 746/266/684 738/269/685 743/268/686 747/267/687
f 744/266/688 739/269/689 752/268/690 753/267/690
f 744/266/688 743/269/677 740/268/676 739/267/689
f 750/266/691 747/269/687 743/268/686 744/267/692
f 739/266/693 740/269/681 741/268/680 742/267/694
f 749/266/695 750/269/695 755/268/696 754/267/697
f 748/266/698 747/269/687 750/268/699 749/267/699
f 747/266/687 748/269/698 745/268/700 746/267/684
f 742/266/682 749/269/683 754/268/701 751/267/701
f 750/266/691 744/269/692 753/268/702 755/267/702
f 751/266/703 756/269/703 757/268/703 752/267/703
f 756/270/704 759/274/704 760/273/704 758/272/704 757/271/704
f 754/266/705 759/269/705 756/268/705 751/267/705
f 752/266/706 757/269/706 758/268/706 753/267/706
f 753/266/707 758/269/707 760/268/707 755/267/707
f 755/266/696 760/269/708 759/268/708 754/267/697
f 739/266/693 742/269/694 751/268/709 752/267/709
f 74/20/55 75/21/27 50/18/4
usemtl glass
f 81/64/103 80/65/103 77/66/104 78/67/105
f 78/64/105 77/66/104 79/67/106
f 19/70/115 20/71/115 85/72/116 86/73/116 87/74/116
f 23/64/127 24/65/127 89/66/128 90/67/128
f 142/174/220 143/175/220 141/176/220 140/177/220
f 451/64/505 448/67/506 447/66/507 450/65/505
f 448/64/506 449/67/508 447/66/507
f 19/70/115 457/74/515 456/73/515 455/72/515 20/71/115
f 23/64/127 460/67/523 459/66/523 24/65/127
f 512/174/600 510/177/600 511/176/600 513/175/600
usemtl light
f 264/222/320 265/223/321 275/224/322 273/225/323
f 270/222/324 263/223/325 272/224/326 285/226/327
f 263/222/325 264/223/320 273/224/323 272/226/326
f 269/222/328 270/223/324 285/224/327 283/226/329
f 267/222/330 268/223/331 281/224/332 279/225/333
f 265/222/321 266/223/334 277/224/335 275/226/322
f 268/222/331 269/223/328 283/224/329 281/225/332
f 266/222/334 267/223/330 279/224/333 277/226/335
f 272/227/326 273/228/323 274/229/336 271/230/337
f 273/228/323 275/231/322 276/232/338 274/229/336
f 275/231/322 277/233/335 278/234/339 276/232/338
f 277/233/335 279/235/333 280/236/340 278/234/339
f 279/235/333 281/237/332 282/238/341 280/236/340
f 281/237/332 283/239/329 284/240/342 282/238/341
f 283/239/329 285/241/327 286/242/343 284/240/342
f 285/241/327 272/227/326 271/230/337 286/242/343
f 271/230/337 274/229/336 276/232/338 278/234/339 280/236/340 282/238/341 284/240/342 286/242/343
f 304/222/320 305/223/321 315/224/322 313/225/323
f 310/222/324 303/223/325 312/224/326 325/226/327
f 303/222/325 304/223/320 313/224/323 312/226/326
f 309/222/328 310/223/324 325/224/327 323/226/329
f 307/222/330 308/223/331 321/224/332 319/225/333
f 305/222/321 306/223/334 317/224/335 315/226/322
f 308/222/331 309/223/328 323/224/329 321/225/332
f 306/222/334 307/223/330 319/224/333 317/226/335
f 312/227/326 313/228/323 314/229/336 311/230/337
f 313/228/323 315/231/322 316/232/338 314/229/336
f 315/231/322 317/233/335 318/234/339 316/232/338
f 317/233/335 319/235/333 320/236/340 318/234/339
f 319/235/333 321/237/332 322/238/341 320/236/340
f 321/237/332 323/239/329 324/240/342 322/238/341
f 323/239/329 325/241/327 326/242/343 324/240/342
f 325/241/327 312/227/326 311/230/337 326/242/343
f 311/230/337 314/229/336 316/232/338 318/234/339 320/236/340 322/238/341 324/240/342 326/242/343
f 352/243/352 353/244/353 363/245/354 361/246/355
f 358/243/356 351/244/357 360/247/358 373/248/359
f 351/243/357 352/244/352 361/247/355 360/246/358
f 357/243/360 358/244/356 373/247/359 371/249/361
f 355/243/362 356/244/363 369/247/364 367/246/365
f 353/243/353 354/244/366 365/247/367 363/246/354
f 356/243/363 357/244/360 371/247/361 369/246/364
f 354/243/366 355/244/362 367/247/365 365/248/367
f 360/250/358 361/251/355 362/252/368 359/253/369
f 361/251/355 363/254/354 364/255/370 362/252/368
f 363/254/354 365/256/367 366/257/371 364/255/370
f 365/256/367 367/258/365 368/259/372 366/257/371
f 367/258/365 369/260/364 370/261/373 368/259/372
f 369/260/364 371/262/361 372/263/374 370/261/373
f 371/262/361 373/264/359 374/265/375 372/263/374
f 373/264/359 360/250/358 359/253/369 374/265/375
f 359/253/369 362/252/368 364/255/370 366/257/371 368/259/372 370/261/373 372/263/374 374/265/375
f 627/222/324 635/225/327 637/224/329 628/223/328
f 632/222/320 647/226/323 634/224/326 626/223/325
f 626/222/325 634/226/326 635/224/327 627/223/324
f 625/222/321 645/226/322 647/224/323 632/223/320
f 630/222/330 641/225/333 643/224/335 631/223/334
f 628/222/328 637/226/329 639/224/332 629/223/331
f 631/222/334 643/225/335 645/224/322 625/223/321
f 629/222/331 639/226/332 641/224/333 630/223/330
f 634/227/326 633/230/337 636/229/343 635/228/327
f 635/228/327 636/229/343 638/232/342 637/231/329
f 637/231/329 638/232/342 640/234/341 639/233/332
f 639/233/332 640/234/341 642/236/340 641/235/333
f 641/235/333 642/236/340 644/238/339 643/237/335
f 643/237/335 644/238/339 646/240/338 645/239/322
f 645/239/322 646/240/338 648/242/336 647/241/323
f 647/241/323 648/242/336 633/230/337 634/227/326
f 633/230/337 648/242/336 646/240/338 644/238/339 642/236/340 640/234/341 638/232/342 636/229/343
f 667/222/324 675/225/327 677/224/668 668/223/669
f 672/222/320 686/226/323 674/224/326 666/223/325
f 666/222/325 674/226/326 675/224/327 667/223/324
f 671/222/321 684/226/322 686/224/323 672/223/320
f 669/222/670 680/225/671 682/224/335 670/223/334
f 668/222/669 677/226/668 665/223/672
f 670/222/334 682/225/335 684/224/322 671/223/321
f 665/226/672 680/224/671 669/223/670
f 674/227/326 673/230/337 676/229/343 675/228/327
f 675/228/327 676/229/343 678/232/673 677/231/668
f 677/231/668 678/232/673 679/234/674 665/233/672
f 665/233/672 679/234/674 681/236/675 680/235/671
f 680/235/671 681/236/675 683/238/339 682/237/335
f 682/237/335 683/238/339 685/240/338 684/239/322
f 684/239/322 685/240/338 687/242/336 686/241/323
f 686/241/323 687/242/336 673/230/337 674/227/326
f 673/230/337 687/242/336 685/240/338 683/238/339 681/236/675 679/234/674 678/232/673 676/229/343
f 713/243/356 722/246/359 724/245/361 714/244/360
f 719/243/352 734/248/355 721/247/358 712/244/357
f 712/243/357 721/246/358 722/247/359 713/244/356
f 718/243/353 732/249/354 734/247/355 719/244/352
f 716/243/362 728/246/365 730/247/367 717/244/366
f 714/243/360 724/246/361 726/247/364 715/244/363
f 717/243/366 730/246/367 732/247/354 718/244/353
f 715/243/363 726/248/364 728/247/365 716/244/362
f 721/250/358 720/253/369 723/252/375 722/251/359
f 722/251/359 723/252/375 725/255/374 724/254/361
f 724/254/361 725/255/374 727/257/373 726/256/364
f 726/256/364 727/257/373 729/259/372 728/258/365
f 728/258/365 729/259/372 731/261/371 730/260/367
f 730/260/367 731/261/371 733/263/370 732/262/354
f 732/262/354 733/263/370 735/265/368 734/264/355
f 734/264/355 735/265/368 720/253/369 721/250/358
f 720/253/369 735/265/368 733/263/370 731/261/371 729/259/372 727/257/373 725/255/374 723/252/375
o wheels.002
v -0.898795 0.388801 1.265039
v -0.857847 0.423201 1.137892
v -0.898795 0.280121 1.264776
v -0.857847 0.246338 1.137463
v -0.898795 0.185869 1.318887
v -0.857847 0.092957 1.225523
v -0.898795 0.131300 1.412876
v -0.857847 0.004154 1.378476
v -0.898795 0.131037 1.521556
v -0.857847 0.003725 1.555339
v -0.898795 0.185149 1.615808
v -0.857847 0.091784 1.708720
v -0.898795 0.279137 1.670377
v -0.857847 0.244737 1.797523
v -0.898795 0.387817 1.670640
v -0.857847 0.421600 1.797952
v -0.898795 0.482069 1.616528
v -0.857847 0.574982 1.709893
v -0.898795 0.536638 1.522540
v -0.857847 0.663784 1.556940
v -0.898795 0.536901 1.413859
v -0.857847 0.664213 1.380077
v -0.898795 0.482790 1.319608
v -0.857847 0.576154 1.226695
v -0.901458 0.257143 1.178182
v -0.901458 0.412199 1.178559
v -0.901458 0.122673 1.255384
v -0.901458 0.044820 1.389478
v -0.901458 0.044444 1.544534
v -0.901458 0.121646 1.679004
v -0.901458 0.255739 1.756857
v -0.901458 0.410795 1.757233
v -0.901458 0.545265 1.680031
v -0.901458 0.623118 1.545937
v -0.901458 0.623494 1.390882
v -0.901458 0.546293 1.256412
v -0.820813 0.351401 1.403277
v -0.820813 0.316850 1.403194
v -0.820813 0.286887 1.420396
v -0.820813 0.269539 1.450276
v -0.820813 0.269455 1.484827
v -0.820813 0.286658 1.514790
v -0.820813 0.316537 1.532138
v -0.820813 0.351088 1.532222
v -0.820813 0.381052 1.515019
v -0.820813 0.398399 1.485140
v -0.820813 0.398483 1.450589
v -0.820813 0.381281 1.420626
v -0.783367 0.423201 1.137892
v -0.783367 0.246338 1.137463
v -0.783367 0.576154 1.226695
v -0.783367 0.092957 1.225523
v -0.783367 0.004154 1.378476
v -0.783367 0.003725 1.555339
v -0.783367 0.091784 1.708720
v -0.783367 0.244737 1.797523
v -0.783367 0.421600 1.797952
v -0.783367 0.574982 1.709893
v -0.783367 0.663784 1.556940
v -0.783367 0.664213 1.380077
v -0.783367 0.372564 1.277436
v -0.783367 0.296298 1.277251
v -0.783367 0.188486 1.339148
v -0.783367 0.150193 1.405104
v -0.783367 0.149891 1.529420
v -0.783367 0.187864 1.595561
v -0.783367 0.295374 1.657980
v -0.783367 0.371640 1.658165
v -0.783367 0.479452 1.596268
v -0.783367 0.517745 1.530312
v -0.783367 0.518047 1.405996
v -0.783367 0.480074 1.339855
v -0.783367 0.334167 1.386267
v -0.783367 0.263538 1.426816
v -0.783367 0.263340 1.508257
v -0.783367 0.333772 1.549149
v -0.783367 0.404400 1.508600
v -0.783367 0.404598 1.427158
v -0.667938 0.388801 1.265039
v -0.708886 0.423201 1.137892
v -0.667938 0.280121 1.264776
v -0.708886 0.246338 1.137463
v -0.667938 0.185869 1.318887
v -0.708886 0.092957 1.225523
v -0.667938 0.131300 1.412876
v -0.708886 0.004154 1.378476
v -0.667938 0.131037 1.521556
v -0.708886 0.003725 1.555339
v -0.667938 0.185149 1.615808
v -0.708886 0.091784 1.708720
v -0.667938 0.279137 1.670377
v -0.708886 0.244737 1.797523
v -0.667938 0.387817 1.670640
v -0.708886 0.421600 1.797952
v -0.667938 0.482069 1.616528
v -0.708886 0.574982 1.709893
v -0.667938 0.536638 1.522540
v -0.708886 0.663784 1.556940
v -0.667938 0.536901 1.413859
v -0.708886 0.664213 1.380077
v -0.667938 0.482790 1.319608
v -0.708886 0.576154 1.226695
v -0.665275 0.257143 1.178182
v -0.665275 0.412199 1.178559
v -0.665275 0.122673 1.255384
v -0.665275 0.044820 1.389478
v -0.665275 0.044444 1.544534
v -0.665275 0.121646 1.679004
v -0.665275 0.255739 1.756857
v -0.665275 0.410795 1.757233
v -0.665275 0.545265 1.680031
v -0.665275 0.623118 1.545937
v -0.665275 0.623494 1.390882
v -0.665275 0.546293 1.256412
v -0.745920 0.351401 1.403277
v -0.745920 0.316850 1.403194
v -0.745920 0.286887 1.420396
v -0.745920 0.269539 1.450276
v -0.745920 0.269455 1.484827
v -0.745920 0.286658 1.514790
v -0.745920 0.316537 1.532138
v -0.745920 0.351088 1.532222
v -0.745920 0.381052 1.515019
v -0.745920 0.398399 1.485140
v -0.745920 0.398483 1.450589
v -0.745920 0.381281 1.420626
vn -0.9877 0.0834 -0.1322
vn -0.9877 0.0734 -0.1380
vn -0.9784 0.1037 -0.1787
vn -0.3548 0.2442 -0.9025
vn -0.3548 -0.2398 -0.9037
vn -0.9020 -0.1107 -0.4173
vn -0.9020 0.1127 -0.4167
vn -0.3548 -0.6595 -0.6627
vn -0.9020 -0.3045 -0.3060
vn -0.3548 -0.9025 -0.2442
vn -0.9020 -0.4167 -0.1127
vn -0.3548 -0.9037 0.2398
vn -0.9020 -0.4173 0.1107
vn -0.3548 -0.6627 0.6595
vn -0.9020 -0.3060 0.3045
vn -0.3548 -0.2442 0.9025
vn -0.9020 -0.1127 0.4167
vn -0.3548 0.2398 0.9037
vn -0.9020 0.1107 0.4173
vn -0.3548 0.6595 0.6627
vn -0.9020 0.3045 0.3060
vn -0.3548 0.9025 0.2442
vn -0.9020 0.4167 0.1127
vn -0.3548 0.9037 -0.2398
vn -0.9020 0.4173 -0.1107
vn -0.3548 0.6627 -0.6595
vn -0.9020 0.3060 -0.3045
vn -0.9877 0.1562 0.0061
vn -0.9877 0.1562 -0.0054
vn -0.9784 0.2066 0.0005
vn -0.9877 0.0728 0.1383
vn -0.9877 -0.0734 0.1380
vn -0.9877 0.0828 0.1326
vn -0.9877 -0.0728 -0.1383
vn -0.9877 -0.0828 -0.1326
vn -0.9877 -0.1562 -0.0061
vn -0.9877 -0.1562 0.0054
vn -0.9877 -0.0834 0.1322
vn -0.9784 0.1029 0.1792
vn -0.9784 -0.1037 0.1787
vn -0.9784 -0.2066 -0.0005
vn -0.9784 -0.1029 -0.1792
vn -0.0000 0.2612 -0.9653
vn -0.0000 -0.2565 -0.9666
vn -0.0000 -0.7054 -0.7088
vn -0.0000 0.9666 -0.2565
vn -0.0000 0.7088 -0.7054
vn -0.0000 0.9653 0.2612
vn -0.0000 0.7054 0.7088
vn -0.0000 0.2565 0.9666
vn -0.0000 -0.2612 0.9653
vn -0.0000 -0.7088 0.7054
vn -0.0000 -0.9666 0.2565
vn -0.0000 -0.9653 -0.2612
vn -0.2149 0.2815 0.9352
vn -0.0000 0.2882 0.9576
vn -0.2149 0.6692 -0.7114
vn -0.0000 0.6852 -0.7284
vn -0.1071 0.8622 -0.4950
vn -0.0000 0.8672 -0.4979
vn -0.2149 0.9517 -0.2192
vn -0.0000 0.9745 -0.2244
vn -0.4128 0.7899 -0.4535
vn -0.2149 -0.6692 0.7114
vn -0.0000 -0.6852 0.7284
vn -0.4128 0.0022 -0.9108
vn -0.1071 0.0024 -0.9942
vn -0.0000 0.0024 -1.0000
vn -0.2149 0.6657 0.7146
vn -0.0000 0.6816 0.7317
vn -0.4128 -0.7877 -0.4573
vn -0.2149 -0.9506 -0.2238
vn -0.0000 -0.9734 -0.2292
vn -0.1071 -0.0024 0.9942
vn -0.0000 -0.0024 1.0000
vn -0.2149 -0.6657 -0.7146
vn -0.0000 -0.6816 -0.7317
vn -0.4128 -0.7899 0.4535
vn -0.1071 -0.8598 -0.4992
vn -0.0000 -0.8648 -0.5021
vn -0.2149 -0.2860 0.9338
vn -0.0000 -0.2929 0.9562
vn -0.2149 0.9506 0.2238
vn -0.0000 0.9734 0.2292
vn -0.4128 -0.0022 0.9108
vn -0.2149 -0.2815 -0.9352
vn -0.0000 -0.2882 -0.9576
vn -0.1071 0.8598 0.4992
vn -0.0000 0.8648 0.5021
vn -0.2149 0.2860 -0.9338
vn -0.0000 0.2929 -0.9562
vn -0.4128 0.7877 0.4573
vn -0.1071 -0.8622 0.4950
vn -0.0000 -0.8672 0.4979
vn -0.2149 -0.9517 0.2192
vn -0.0000 -0.9745 0.2244
vn 0.9877 0.0834 -0.1322
vn 0.9784 0.1037 -0.1787
vn 0.9877 0.0734 -0.1380
vn 0.3548 0.2442 -0.9025
vn 0.9020 0.1127 -0.4167
vn 0.9020 -0.1107 -0.4173
vn 0.3548 -0.2398 -0.9037
vn 0.9020 -0.3045 -0.3060
vn 0.3548 -0.6595 -0.6627
vn 0.9020 -0.4167 -0.1127
vn 0.3548 -0.9025 -0.2442
vn 0.9020 -0.4173 0.1107
vn 0.3548 -0.9037 0.2398
vn 0.9020 -0.3060 0.3045
vn 0.3548 -0.6627 0.6595
vn 0.9020 -0.1127 0.4167
vn 0.3548 -0.2442 0.9025
vn 0.9020 0.1107 0.4173
vn 0.3548 0.2398 0.9037
vn 0.9020 0.3045 0.3060
vn 0.3548 0.6595 0.6627
vn 0.9020 0.4167 0.1127
vn 0.3548 0.9025 0.2442
vn 0.9020 0.4173 -0.1107
vn 0.3548 0.9037 -0.2398
vn 0.9020 0.3060 -0.3045
vn 0.3548 0.6627 -0.6595
vn 0.9877 0.1562 0.0061
vn 0.9784 0.2066 0.0005
vn 0.9877 0.1562 -0.0054
vn 0.9877 0.0728 0.1383
vn 0.9877 -0.0734 0.1380
vn 0.9877 0.0828 0.1326
vn 0.9877 -0.0728 -0.1383
vn 0.9877 -0.0828 -0.1326
vn 0.9877 -0.1562 -0.0061
vn 0.9877 -0.1562 0.0054
vn 0.9877 -0.0834 0.1322
vn 0.9784 0.1029 0.1792
vn 0.9784 -0.1037 0.1787
vn 0.9784 -0.2066 -0.0005
vn 0.9784 -0.1029 -0.1792
vn 0.2149 0.2815 0.9352
vn 0.2149 0.6692 -0.7114
vn 0.1071 0.8622 -0.4950
vn 0.2149 0.9517 -0.2192
vn 0.4128 0.7899 -0.4535
vn 0.2149 -0.6692 0.7114
vn 0.4128 0.0022 -0.9108
vn 0.1071 0.0024 -0.9942
vn 0.2149 0.6657 0.7146
vn 0.4128 -0.7877 -0.4573
vn 0.2149 -0.9506 -0.2238
vn 0.1071 -0.0024 0.9942
vn 0.2149 -0.6657 -0.7146
vn 0.4128 -0.7899 0.4535
vn 0.1071 -0.8598 -0.4992
vn 0.2149 -0.2860 0.9338
vn 0.2149 0.9506 0.2238
vn 0.4128 -0.0022 0.9108
vn 0.2149 -0.2815 -0.9352
vn 0.1071 0.8598 0.4992
vn 0.2149 0.2860 -0.9338
vn 0.4128 0.7877 0.4573
vn 0.1071 -0.8622 0.4950
vn 0.2149 -0.9517 0.2192
vt 0.985511 0.850634
vt 0.981014 0.849429
vt 0.967964 0.406325
vt 0.992476 0.406325
vt 0.992476 0.430836
vt 0.967964 0.430836
vt 0.990008 0.858423
vt 0.988803 0.853926
vt 0.984717 0.426369
vt 0.980220 0.427574
vt 0.980220 0.430836
vt 0.986348 0.429194
vt 0.988009 0.423077
vt 0.990834 0.424708
vt 0.989214 0.418580
vt 0.992476 0.418581
vt 0.988009 0.414084
vt 0.990834 0.412453
vt 0.984717 0.410792
vt 0.986348 0.407967
vt 0.980220 0.409587
vt 0.980220 0.406325
vt 0.975723 0.410792
vt 0.974092 0.407967
vt 0.972431 0.414084
vt 0.969606 0.412453
vt 0.971226 0.418581
vt 0.967964 0.418581
vt 0.972431 0.423077
vt 0.969606 0.424708
vt 0.975723 0.426369
vt 0.974092 0.429194
vt 0.985511 0.866212
vt 0.988803 0.862920
vt 0.976517 0.866212
vt 0.981014 0.867417
vt 0.972020 0.858423
vt 0.973225 0.862920
vt 0.976517 0.850634
vt 0.973225 0.853926
vt 0.980220 0.406325
vt 0.980220 0.430836
s 1
usemtl texture
f 771/275/710 773/276/711 803/276/712 802/275/712
f 762/277/713 764/278/714 785/279/715 786/280/716
f 764/277/714 766/278/717 787/279/718 785/280/715
f 766/277/717 768/278/719 788/279/720 787/280/718
f 768/277/719 770/278/721 789/279/722 788/280/720
f 770/277/721 772/278/723 790/279/724 789/280/722
f 772/277/723 774/278/725 791/279/726 790/280/724
f 774/277/725 776/278/727 792/279/728 791/280/726
f 776/277/727 778/278/729 793/279/730 792/280/728
f 778/277/729 780/278/731 794/279/732 793/280/730
f 780/277/731 782/278/733 795/279/734 794/280/732
f 782/277/733 784/278/735 796/279/736 795/280/734
f 784/277/735 762/278/713 786/279/716 796/280/736
f 767/281/737 769/282/738 801/282/739 800/281/739
f 763/283/740 761/284/741 786/285/716 785/286/715
f 765/287/742 763/283/740 785/286/715 787/288/718
f 767/289/737 765/287/742 787/288/718 788/290/720
f 769/291/738 767/289/737 788/290/720 789/292/722
f 771/293/710 769/291/738 789/292/722 790/294/724
f 773/295/711 771/293/710 790/294/724 791/296/726
f 775/297/743 773/295/711 791/296/726 792/298/728
f 777/299/744 775/297/743 792/298/728 793/300/730
f 779/301/745 777/299/744 793/300/730 794/302/732
f 781/303/746 779/301/745 794/302/732 795/304/734
f 783/305/747 781/303/746 795/304/734 796/306/736
f 761/284/741 783/305/747 796/306/736 786/285/716
f 763/307/740 765/308/742 799/308/748 798/307/748
f 783/309/747 761/310/741 797/310/749 808/309/749
f 779/311/745 781/312/746 807/312/750 806/311/750
f 775/313/743 777/314/744 805/314/751 804/313/751
f 799/308/748 800/281/739 801/282/739 802/275/712 803/276/712 804/313/751 805/314/751 806/311/750 807/312/750 808/309/749 797/310/749 798/307/748
f 762/277/713 809/315/752 810/316/753 764/280/714
f 764/277/714 810/315/753 812/316/754 766/280/717
f 782/277/733 820/315/755 811/316/756 784/280/735
f 780/277/731 819/315/757 820/316/755 782/280/733
f 778/277/729 818/315/758 819/316/757 780/280/731
f 776/277/727 817/315/759 818/316/758 778/280/729
f 774/277/725 816/315/760 817/316/759 776/280/727
f 772/277/723 815/315/761 816/316/760 774/280/725
f 770/277/721 814/315/762 815/316/761 772/280/723
f 768/277/719 813/315/763 814/316/762 770/280/721
f 766/277/717 812/315/754 813/316/763 768/280/719
f 784/277/735 811/315/756 809/316/752 762/280/713
f 801/282/764 769/282/764 825/282/765 835/282/765
f 805/314/766 777/314/766 829/314/767 837/314/767
f 769/291/768 771/293/768 826/293/769 825/291/769
f 763/307/770 798/307/770 833/307/771 822/307/771
f 808/309/772 807/312/772 838/309/772
f 799/308/773 765/308/773 823/308/774 834/308/774
f 798/307/775 797/310/775 833/307/775
f 773/295/776 775/297/776 828/297/777 827/295/777
f 783/309/778 808/309/778 838/309/779 832/309/779
f 800/281/780 799/308/780 834/281/780
f 797/310/781 761/310/781 821/310/782 833/310/782
f 761/284/783 763/283/783 822/283/784 821/284/784
f 771/275/785 802/275/785 835/275/786 826/275/786
f 802/275/787 801/282/787 835/275/787
f 777/299/788 779/301/788 830/301/789 829/299/789
f 779/311/790 806/311/790 837/311/791 830/311/791
f 803/276/792 773/276/792 827/276/793 836/276/793
f 804/313/794 803/276/794 836/313/794
f 807/312/795 781/312/795 831/312/796 838/312/796
f 765/287/797 767/289/797 824/289/798 823/287/798
f 767/281/799 800/281/799 834/281/800 824/281/800
f 806/311/801 805/314/801 837/311/801
f 781/303/802 783/305/802 832/305/803 831/303/803
f 775/313/804 804/313/804 836/313/805 828/313/805
f 849/275/806 880/275/807 881/276/807 851/276/808
f 840/277/809 864/280/810 863/279/811 842/278/812
f 842/277/812 863/280/811 865/279/813 844/278/814
f 844/277/814 865/280/813 866/279/815 846/278/816
f 846/277/816 866/280/815 867/279/817 848/278/818
f 848/277/818 867/280/817 868/279/819 850/278/820
f 850/277/820 868/280/819 869/279/821 852/278/822
f 852/277/822 869/280/821 870/279/823 854/278/824
f 854/277/824 870/280/823 871/279/825 856/278/826
f 856/277/826 871/280/825 872/279/827 858/278/828
f 858/277/828 872/280/827 873/279/829 860/278/830
f 860/277/830 873/280/829 874/279/831 862/278/832
f 862/277/832 874/280/831 864/279/810 840/278/809
f 845/281/833 878/281/834 879/282/834 847/282/835
f 841/283/836 863/286/811 864/285/810 839/284/837
f 843/287/838 865/288/813 863/286/811 841/283/836
f 845/289/833 866/290/815 865/288/813 843/287/838
f 847/291/835 867/292/817 866/290/815 845/289/833
f 849/293/806 868/294/819 867/292/817 847/291/835
f 851/295/808 869/296/821 868/294/819 849/293/806
f 853/297/839 870/298/823 869/296/821 851/295/808
f 855/299/840 871/300/825 870/298/823 853/297/839
f 857/301/841 872/302/827 871/300/825 855/299/840
f 859/303/842 873/304/829 872/302/827 857/301/841
f 861/305/843 874/306/831 873/304/829 859/303/842
f 839/284/837 864/285/810 874/306/831 861/305/843
f 841/307/836 876/307/844 877/308/844 843/308/838
f 861/309/843 886/309/845 875/310/845 839/310/837
f 857/311/841 884/311/846 885/312/846 859/312/842
f 853/313/839 882/313/847 883/314/847 855/314/840
f 877/308/844 876/307/844 875/310/845 886/309/845 885/312/846 884/311/846 883/314/847 882/313/847 881/276/807 880/275/807 879/282/834 878/281/834
f 840/277/809 842/280/812 810/316/753 809/315/752
f 842/277/812 844/280/814 812/316/754 810/315/753
f 860/277/830 862/280/832 811/316/756 820/315/755
f 858/277/828 860/280/830 820/316/755 819/315/757
f 856/277/826 858/280/828 819/316/757 818/315/758
f 854/277/824 856/280/826 818/316/758 817/315/759
f 852/277/822 854/280/824 817/316/759 816/315/760
f 850/277/820 852/280/822 816/316/760 815/315/761
f 848/277/818 850/280/820 815/316/761 814/315/762
f 846/277/816 848/280/818 814/316/762 813/315/763
f 844/277/814 846/280/816 813/316/763 812/315/754
f 862/277/832 840/280/809 809/316/752 811/315/756
f 879/282/848 835/282/765 825/282/765 847/282/848
f 883/314/849 837/314/767 829/314/767 855/314/849
f 847/291/850 825/291/769 826/293/769 849/293/850
f 841/307/851 822/307/771 833/307/771 876/307/851
f 886/309/852 838/312/852 885/312/852
f 877/308/853 834/308/774 823/308/774 843/308/853
f 876/307/854 833/310/854 875/310/854
f 851/295/855 827/295/777 828/297/777 853/297/855
f 861/309/856 832/309/779 838/309/779 886/309/856
f 878/281/857 834/308/857 877/308/857
f 875/310/858 833/310/782 821/310/782 839/310/858
f 839/284/859 821/284/784 822/283/784 841/283/859
f 849/275/860 826/275/786 835/275/786 880/275/860
f 880/275/861 835/282/861 879/282/861
f 855/299/862 829/299/789 830/301/789 857/301/862
f 857/311/863 830/311/791 837/311/791 884/311/863
f 881/276/864 836/276/793 827/276/793 851/276/864
f 882/313/865 836/276/865 881/276/865
f 885/312/866 838/312/796 831/312/796 859/312/866
f 843/287/867 823/287/798 824/289/798 845/289/867
f 845/281/868 824/281/800 834/281/800 878/281/868
f 884/311/869 837/314/869 883/314/869
f 859/303/870 831/303/803 832/305/803 861/305/870
f 853/313/871 828/313/805 836/313/805 882/313/871
o wheels.003
v -0.898795 0.388801 -1.642049
v -0.857847 0.423201 -1.769195
v -0.898795 0.280121 -1.642312
v -0.857847 0.246338 -1.769624
v -0.898795 0.185869 -1.588200
v -0.857847 0.092957 -1.681565
v -0.898795 0.131300 -1.494212
v -0.857847 0.004154 -1.528612
v -0.898795 0.131037 -1.385531
v -0.857847 0.003725 -1.351749
v -0.898795 0.185149 -1.291280
v -0.857847 0.091784 -1.198367
v -0.898795 0.279137 -1.236711
v -0.857847 0.244737 -1.109564
v -0.898795 0.387817 -1.236447
v -0.857847 0.421600 -1.109135
v -0.898795 0.482069 -1.290559
v -0.857847 0.574982 -1.197195
v -0.898795 0.536638 -1.384548
v -0.857847 0.663784 -1.350148
v -0.898795 0.536901 -1.493228
v -0.857847 0.664213 -1.527011
v -0.898795 0.482790 -1.587480
v -0.857847 0.576154 -1.680392
v -0.901458 0.257143 -1.728905
v -0.901458 0.412199 -1.728529
v -0.901458 0.122673 -1.651703
v -0.901458 0.044820 -1.517609
v -0.901458 0.044444 -1.362554
v -0.901458 0.121646 -1.228084
v -0.901458 0.255739 -1.150231
v -0.901458 0.410795 -1.149854
v -0.901458 0.545265 -1.227056
v -0.901458 0.623118 -1.361150
v -0.901458 0.623494 -1.516206
v -0.901458 0.546293 -1.650676
v -0.820813 0.351401 -1.503810
v -0.820813 0.316850 -1.503894
v -0.820813 0.286887 -1.486691
v -0.820813 0.269539 -1.456811
v -0.820813 0.269455 -1.422261
v -0.820813 0.286658 -1.392297
v -0.820813 0.316537 -1.374949
v -0.820813 0.351088 -1.374866
v -0.820813 0.381052 -1.392068
v -0.820813 0.398399 -1.421948
v -0.820813 0.398483 -1.456499
v -0.820813 0.381281 -1.486462
v -0.783367 0.423201 -1.769195
v -0.783367 0.246338 -1.769624
v -0.783367 0.576154 -1.680392
v -0.783367 0.092957 -1.681565
v -0.783367 0.004154 -1.528612
v -0.783367 0.003725 -1.351749
v -0.783367 0.091784 -1.198367
v -0.783367 0.244737 -1.109564
v -0.783367 0.421600 -1.109135
v -0.783367 0.574982 -1.197195
v -0.783367 0.663784 -1.350148
v -0.783367 0.664213 -1.527011
v -0.783367 0.372564 -1.629652
v -0.783367 0.296298 -1.629837
v -0.783367 0.188486 -1.567940
v -0.783367 0.150193 -1.501984
v -0.783367 0.149891 -1.377668
v -0.783367 0.187864 -1.311527
v -0.783367 0.295374 -1.249108
v -0.783367 0.371640 -1.248923
v -0.783367 0.479452 -1.310820
v -0.783367 0.517745 -1.376776
v -0.783367 0.518047 -1.501092
v -0.783367 0.480074 -1.567232
v -0.783367 0.334167 -1.520821
v -0.783367 0.263538 -1.480271
v -0.783367 0.263340 -1.398830
v -0.783367 0.333772 -1.357939
v -0.783367 0.404400 -1.398488
v -0.783367 0.404598 -1.479929
v -0.667938 0.388801 -1.642049
v -0.708886 0.423201 -1.769195
v -0.667938 0.280121 -1.642312
v -0.708886 0.246338 -1.769624
v -0.667938 0.185869 -1.588200
v -0.708886 0.092957 -1.681565
v -0.667938 0.131300 -1.494212
v -0.708886 0.004154 -1.528612
v -0.667938 0.131037 -1.385531
v -0.708886 0.003725 -1.351749
v -0.667938 0.185149 -1.291280
v -0.708886 0.091784 -1.198367
v -0.667938 0.279137 -1.236711
v -0.708886 0.244737 -1.109564
v -0.667938 0.387817 -1.236447
v -0.708886 0.421600 -1.109135
v -0.667938 0.482069 -1.290559
v -0.708886 0.574982 -1.197195
v -0.667938 0.536638 -1.384548
v -0.708886 0.663784 -1.350148
v -0.667938 0.536901 -1.493228
v -0.708886 0.664213 -1.527011
v -0.667938 0.482790 -1.587480
v -0.708886 0.576154 -1.680392
v -0.665275 0.257143 -1.728905
v -0.665275 0.412199 -1.728529
v -0.665275 0.122673 -1.651703
v -0.665275 0.044820 -1.517609
v -0.665275 0.044444 -1.362554
v -0.665275 0.121646 -1.228084
v -0.665275 0.255739 -1.150231
v -0.665275 0.410795 -1.149854
v -0.665275 0.545265 -1.227056
v -0.665275 0.623118 -1.361150
v -0.665275 0.623494 -1.516206
v -0.665275 0.546293 -1.650676
v -0.745920 0.351401 -1.503810
v -0.745920 0.316850 -1.503894
v -0.745920 0.286887 -1.486691
v -0.745920 0.269539 -1.456811
v -0.745920 0.269455 -1.422261
v -0.745920 0.286658 -1.392297
v -0.745920 0.316537 -1.374949
v -0.745920 0.351088 -1.374866
v -0.745920 0.381052 -1.392068
v -0.745920 0.398399 -1.421948
v -0.745920 0.398483 -1.456499
v -0.745920 0.381281 -1.486462
vn -0.9877 0.0834 -0.1322
vn -0.9877 0.0734 -0.1380
vn -0.9784 0.1037 -0.1787
vn -0.3548 0.2442 -0.9025
vn -0.3548 -0.2398 -0.9037
vn -0.9020 -0.1107 -0.4173
vn -0.9020 0.1127 -0.4167
vn -0.3548 -0.6595 -0.6627
vn -0.9020 -0.3045 -0.3060
vn -0.3548 -0.9025 -0.2442
vn -0.9020 -0.4167 -0.1127
vn -0.3548 -0.9037 0.2398
vn -0.9020 -0.4173 0.1107
vn -0.3548 -0.6627 0.6595
vn -0.9020 -0.3060 0.3045
vn -0.3548 -0.2442 0.9025
vn -0.9020 -0.1127 0.4167
vn -0.3548 0.2398 0.9037
vn -0.9020 0.1107 0.4173
vn -0.3548 0.6595 0.6627
vn -0.9020 0.3045 0.3060
vn -0.3548 0.9025 0.2442
vn -0.9020 0.4167 0.1127
vn -0.3548 0.9037 -0.2398
vn -0.9020 0.4173 -0.1107
vn -0.3548 0.6627 -0.6595
vn -0.9020 0.3060 -0.3045
vn -0.9877 0.1562 0.0061
vn -0.9877 0.1562 -0.0054
vn -0.9784 0.2066 0.0005
vn -0.9877 0.0728 0.1383
vn -0.9877 -0.0734 0.1380
vn -0.9877 0.0828 0.1326
vn -0.9877 -0.0728 -0.1383
vn -0.9877 -0.0828 -0.1326
vn -0.9877 -0.1562 -0.0061
vn -0.9877 -0.1562 0.0054
vn -0.9877 -0.0834 0.1322
vn -0.9784 0.1029 0.1792
vn -0.9784 -0.1037 0.1787
vn -0.9784 -0.2066 -0.0005
vn -0.9784 -0.1029 -0.1792
vn -0.0000 0.2612 -0.9653
vn -0.0000 -0.2565 -0.9666
vn -0.0000 -0.7054 -0.7088
vn -0.0000 0.9666 -0.2565
vn -0.0000 0.7088 -0.7054
vn -0.0000 0.9653 0.2612
vn -0.0000 0.7054 0.7088
vn -0.0000 0.2565 0.9666
vn -0.0000 -0.2612 0.9653
vn -0.0000 -0.7088 0.7054
vn -0.0000 -0.9666 0.2565
vn -0.0000 -0.9653 -0.2612
vn -0.2149 0.2815 0.9352
vn -0.0000 0.2882 0.9576
vn -0.2149 0.6692 -0.7114
vn -0.0000 0.6852 -0.7284
vn -0.1071 0.8622 -0.4950
vn -0.0000 0.8672 -0.4979
vn -0.2149 0.9517 -0.2192
vn -0.0000 0.9745 -0.2244
vn -0.4128 0.7899 -0.4535
vn -0.2149 -0.6692 0.7114
vn -0.0000 -0.6852 0.7284
vn -0.4128 0.0022 -0.9108
vn -0.1071 0.0024 -0.9942
vn -0.0000 0.0024 -1.0000
vn -0.2149 0.6657 0.7146
vn -0.0000 0.6816 0.7317
vn -0.4128 -0.7877 -0.4573
vn -0.2149 -0.9506 -0.2238
vn -0.0000 -0.9734 -0.2292
vn -0.1071 -0.0024 0.9942
vn -0.0000 -0.0024 1.0000
vn -0.2149 -0.6657 -0.7146
vn -0.0000 -0.6816 -0.7317
vn -0.4128 -0.7899 0.4535
vn -0.1071 -0.8598 -0.4992
vn -0.0000 -0.8648 -0.5021
vn -0.2149 -0.2860 0.9338
vn -0.0000 -0.2929 0.9562
vn -0.2149 0.9506 0.2238
vn -0.0000 0.9734 0.2292
vn -0.4128 -0.0022 0.9108
vn -0.2149 -0.2815 -0.9352
vn -0.0000 -0.2882 -0.9576
vn -0.1071 0.8598 0.4992
vn -0.0000 0.8648 0.5021
vn -0.2149 0.2860 -0.9338
vn -0.0000 0.2929 -0.9562
vn -0.4128 0.7877 0.4573
vn -0.1071 -0.8622 0.4950
vn -0.0000 -0.8672 0.4979
vn -0.2149 -0.9517 0.2192
vn -0.0000 -0.9745 0.2244
vn 0.9877 0.0834 -0.1322
vn 0.9784 0.1037 -0.1787
vn 0.9877 0.0734 -0.1380
vn 0.3548 0.2442 -0.9025
vn 0.9020 0.1127 -0.4167
vn 0.9020 -0.1107 -0.4173
vn 0.3548 -0.2398 -0.9037
vn 0.9020 -0.3045 -0.3060
vn 0.3548 -0.6595 -0.6627
vn 0.9020 -0.4167 -0.1127
vn 0.3548 -0.9025 -0.2442
vn 0.9020 -0.4173 0.1107
vn 0.3548 -0.9037 0.2398
vn 0.9020 -0.3060 0.3045
vn 0.3548 -0.6627 0.6595
vn 0.9020 -0.1127 0.4167
vn 0.3548 -0.2442 0.9025
vn 0.9020 0.1107 0.4173
vn 0.3548 0.2398 0.9037
vn 0.9020 0.3045 0.3060
vn 0.3548 0.6595 0.6627
vn 0.9020 0.4167 0.1127
vn 0.3548 0.9025 0.2442
vn 0.9020 0.4173 -0.1107
vn 0.3548 0.9037 -0.2398
vn 0.9020 0.3060 -0.3045
vn 0.3548 0.6627 -0.6595
vn 0.9877 0.1562 0.0061
vn 0.9784 0.2066 0.0005
vn 0.9877 0.1562 -0.0054
vn 0.9877 0.0728 0.1383
vn 0.9877 -0.0734 0.1380
vn 0.9877 0.0828 0.1326
vn 0.9877 -0.0728 -0.1383
vn 0.9877 -0.0828 -0.1326
vn 0.9877 -0.1562 -0.0061
vn 0.9877 -0.1562 0.0054
vn 0.9877 -0.0834 0.1322
vn 0.9784 0.1029 0.1792
vn 0.9784 -0.1037 0.1787
vn 0.9784 -0.2066 -0.0005
vn 0.9784 -0.1029 -0.1792
vn 0.2149 0.2815 0.9352
vn 0.2149 0.6692 -0.7114
vn 0.1071 0.8622 -0.4950
vn 0.2149 0.9517 -0.2192
vn 0.4128 0.7899 -0.4535
vn 0.2149 -0.6692 0.7114
vn 0.4128 0.0022 -0.9108
vn 0.1071 0.0024 -0.9942
vn 0.2149 0.6657 0.7146
vn 0.4128 -0.7877 -0.4573
vn 0.2149 -0.9506 -0.2238
vn 0.1071 -0.0024 0.9942
vn 0.2149 -0.6657 -0.7146
vn 0.4128 -0.7899 0.4535
vn 0.1071 -0.8598 -0.4992
vn 0.2149 -0.2860 0.9338
vn 0.2149 0.9506 0.2238
vn 0.4128 -0.0022 0.9108
vn 0.2149 -0.2815 -0.9352
vn 0.1071 0.8598 0.4992
vn 0.2149 0.2860 -0.9338
vn 0.4128 0.7877 0.4573
vn 0.1071 -0.8622 0.4950
vn 0.2149 -0.9517 0.2192
vt 0.985511 0.850634
vt 0.981014 0.849429
vt 0.967964 0.406325
vt 0.992476 0.406325
vt 0.992476 0.430836
vt 0.967964 0.430836
vt 0.990008 0.858423
vt 0.988803 0.853926
vt 0.984717 0.426369
vt 0.980220 0.427574
vt 0.980220 0.430836
vt 0.986348 0.429194
vt 0.988009 0.423077
vt 0.990834 0.424708
vt 0.989214 0.418580
vt 0.992476 0.418581
vt 0.988009 0.414084
vt 0.990834 0.412453
vt 0.984717 0.410792
vt 0.986348 0.407967
vt 0.980220 0.409587
vt 0.980220 0.406325
vt 0.975723 0.410792
vt 0.974092 0.407967
vt 0.972431 0.414084
vt 0.969606 0.412453
vt 0.971226 0.418581
vt 0.967964 0.418581
vt 0.972431 0.423077
vt 0.969606 0.424708
vt 0.975723 0.426369
vt 0.974092 0.429194
vt 0.985511 0.866212
vt 0.988803 0.862920
vt 0.976517 0.866212
vt 0.981014 0.867417
vt 0.972020 0.858423
vt 0.973225 0.862920
vt 0.976517 0.850634
vt 0.973225 0.853926
vt 0.980220 0.406325
vt 0.980220 0.430836
s 1
usemtl texture
f 897/317/872 899/318/873 929/318/874 928/317/874
f 888/319/875 890/320/876 911/321/877 912/322/878
f 890/319/876 892/320/879 913/321/880 911/322/877
f 892/319/879 894/320/881 914/321/882 913/322/880
f 894/319/881 896/320/883 915/321/884 914/322/882
f 896/319/883 898/320/885 916/321/886 915/322/884
f 898/319/885 900/320/887 917/321/888 916/322/886
f 900/319/887 902/320/889 918/321/890 917/322/888
f 902/319/889 904/320/891 919/321/892 918/322/890
f 904/319/891 906/320/893 920/321/894 919/322/892
f 906/319/893 908/320/895 921/321/896 920/322/894
f 908/319/895 910/320/897 922/321/898 921/322/896
f 910/319/897 888/320/875 912/321/878 922/322/898
f 893/323/899 895/324/900 927/324/901 926/323/901
f 889/325/902 887/326/903 912/327/878 911/328/877
f 891/329/904 889/325/902 911/328/877 913/330/880
f 893/331/899 891/329/904 913/330/880 914/332/882
f 895/333/900 893/331/899 914/332/882 915/334/884
f 897/335/872 895/333/900 915/334/884 916/336/886
f 899/337/873 897/335/872 916/336/886 917/338/888
f 901/339/905 899/337/873 917/338/888 918/340/890
f 903/341/906 901/339/905 918/340/890 919/342/892
f 905/343/907 903/341/906 919/342/892 920/344/894
f 907/345/908 905/343/907 920/344/894 921/346/896
f 909/347/909 907/345/908 921/346/896 922/348/898
f 887/326/903 909/347/909 922/348/898 912/327/878
f 889/349/902 891/350/904 925/350/910 924/349/910
f 909/351/909 887/352/903 923/352/911 934/351/911
f 905/353/907 907/354/908 933/354/912 932/353/912
f 901/355/905 903/356/906 931/356/913 930/355/913
f 925/350/910 926/323/901 927/324/901 928/317/874 929/318/874 930/355/913 931/356/913 932/353/912 933/354/912 934/351/911 923/352/911 924/349/910
f 888/319/875 935/357/914 936/358/915 890/322/876
f 890/319/876 936/357/915 938/358/916 892/322/879
f 908/319/895 946/357/917 937/358/918 910/322/897
f 906/319/893 945/357/919 946/358/917 908/322/895
f 904/319/891 944/357/920 945/358/919 906/322/893
f 902/319/889 943/357/921 944/358/920 904/322/891
f 900/319/887 942/357/922 943/358/921 902/322/889
f 898/319/885 941/357/923 942/358/922 900/322/887
f 896/319/883 940/357/924 941/358/923 898/322/885
f 894/319/881 939/357/925 940/358/924 896/322/883
f 892/319/879 938/357/916 939/358/925 894/322/881
f 910/319/897 937/357/918 935/358/914 888/322/875
f 927/324/926 895/324/926 951/324/927 961/324/927
f 931/356/928 903/356/928 955/356/929 963/356/929
f 895/333/930 897/335/930 952/335/931 951/333/931
f 889/349/932 924/349/932 959/349/933 948/349/933
f 934/351/934 933/354/934 964/351/934
f 925/350/935 891/350/935 949/350/936 960/350/936
f 924/349/937 923/352/937 959/349/937
f 899/337/938 901/339/938 954/339/939 953/337/939
f 909/351/940 934/351/940 964/351/941 958/351/941
f 926/323/942 925/350/942 960/323/942
f 923/352/943 887/352/943 947/352/944 959/352/944
f 887/326/945 889/325/945 948/325/946 947/326/946
f 897/317/947 928/317/947 961/317/948 952/317/948
f 928/317/949 927/324/949 961/317/949
f 903/341/950 905/343/950 956/343/951 955/341/951
f 905/353/952 932/353/952 963/353/953 956/353/953
f 929/318/954 899/318/954 953/318/955 962/318/955
f 930/355/956 929/318/956 962/355/956
f 933/354/957 907/354/957 957/354/958 964/354/958
f 891/329/959 893/331/959 950/331/960 949/329/960
f 893/323/961 926/323/961 960/323/962 950/323/962
f 932/353/963 931/356/963 963/353/963
f 907/345/964 909/347/964 958/347/965 957/345/965
f 901/355/966 930/355/966 962/355/967 954/355/967
f 975/317/968 1006/317/969 1007/318/969 977/318/970
f 966/319/971 990/322/972 989/321/973 968/320/974
f 968/319/974 989/322/973 991/321/975 970/320/976
f 970/319/976 991/322/975 992/321/977 972/320/978
f 972/319/978 992/322/977 993/321/979 974/320/980
f 974/319/980 993/322/979 994/321/981 976/320/982
f 976/319/982 994/322/981 995/321/983 978/320/984
f 978/319/984 995/322/983 996/321/985 980/320/986
f 980/319/986 996/322/985 997/321/987 982/320/988
f 982/319/988 997/322/987 998/321/989 984/320/990
f 984/319/990 998/322/989 999/321/991 986/320/992
f 986/319/992 999/322/991 1000/321/993 988/320/994
f 988/319/994 1000/322/993 990/321/972 966/320/971
f 971/323/995 1004/323/996 1005/324/996 973/324/997
f 967/325/998 989/328/973 990/327/972 965/326/999
f 969/329/1000 991/330/975 989/328/973 967/325/998
f 971/331/995 992/332/977 991/330/975 969/329/1000
f 973/333/997 993/334/979 992/332/977 971/331/995
f 975/335/968 994/336/981 993/334/979 973/333/997
f 977/337/970 995/338/983 994/336/981 975/335/968
f 979/339/1001 996/340/985 995/338/983 977/337/970
f 981/341/1002 997/342/987 996/340/985 979/339/1001
f 983/343/1003 998/344/989 997/342/987 981/341/1002
f 985/345/1004 999/346/991 998/344/989 983/343/1003
f 987/347/1005 1000/348/993 999/346/991 985/345/1004
f 965/326/999 990/327/972 1000/348/993 987/347/1005
f 967/349/998 1002/349/1006 1003/350/1006 969/350/1000
f 987/351/1005 1012/351/1007 1001/352/1007 965/352/999
f 983/353/1003 1010/353/1008 1011/354/1008 985/354/1004
f 979/355/1001 1008/355/1009 1009/356/1009 981/356/1002
f 1003/350/1006 1002/349/1006 1001/352/1007 1012/351/1007 1011/354/1008 1010/353/1008 1009/356/1009 1008/355/1009 1007/318/969 1006/317/969 1005/324/996 1004/323/996
f 966/319/971 968/322/974 936/358/915 935/357/914
f 968/319/974 970/322/976 938/358/916 936/357/915
f 986/319/992 988/322/994 937/358/918 946/357/917
f 984/319/990 986/322/992 946/358/917 945/357/919
f 982/319/988 984/322/990 945/358/919 944/357/920
f 980/319/986 982/322/988 944/358/920 943/357/921
f 978/319/984 980/322/986 943/358/921 942/357/922
f 976/319/982 978/322/984 942/358/922 941/357/923
f 974/319/980 976/322/982 941/358/923 940/357/924
f 972/319/978 974/322/980 940/358/924 939/357/925
f 970/319/976 972/322/978 939/358/925 938/357/916
f 988/319/994 966/322/971 935/358/914 937/357/918
f 1005/324/1010 961/324/927 951/324/927 973/324/1010
f 1009/356/1011 963/356/929 955/356/929 981/356/1011
f 973/333/1012 951/333/931 952/335/931 975/335/1012
f 967/349/1013 948/349/933 959/349/933 1002/349/1013
f 1012/351/1014 964/354/1014 1011/354/1014
f 1003/350/1015 960/350/936 949/350/936 969/350/1015
f 1002/349/1016 959/352/1016 1001/352/1016
f 977/337/1017 953/337/939 954/339/939 979/339/1017
f 987/351/1018 958/351/941 964/351/941 1012/351/1018
f 1004/323/1019 960/350/1019 1003/350/1019
f 1001/352/1020 959/352/944 947/352/944 965/352/1020
f 965/326/1021 947/326/946 948/325/946 967/325/1021
f 975/317/1022 952/317/948 961/317/948 1006/317/1022
f 1006/317/1023 961/324/1023 1005/324/1023
f 981/341/1024 955/341/951 956/343/951 983/343/1024
f 983/353/1025 956/353/953 963/353/953 1010/353/1025
f 1007/318/1026 962/318/955 953/318/955 977/318/1026
f 1008/355/1027 962/318/1027 1007/318/1027
f 1011/354/1028 964/354/958 957/354/958 985/354/1028
f 969/329/1029 949/329/960 950/331/960 971/331/1029
f 971/323/1030 950/323/962 960/323/962 1004/323/1030
f 1010/353/1031 963/356/1031 1009/356/1031
f 985/345/1032 957/345/965 958/347/965 987/347/1032
f 979/355/1033 954/355/967 962/355/967 1008/355/1033
o wheels.058
v 0.898795 0.388801 -1.642049
v 0.898795 0.280121 -1.642312
v 0.898795 0.482790 -1.587480
v 0.901458 0.412199 -1.728529
v 0.820813 0.351401 -1.503810
v 0.783367 0.372564 -1.629652
v 0.783367 0.296298 -1.629837
v 0.667938 0.388801 -1.642049
v 0.667938 0.280121 -1.642312
v 0.667938 0.482790 -1.587480
v 0.665275 0.412199 -1.728529
v 0.745921 0.351401 -1.503810
v 0.745921 0.381281 -1.486462
v 0.745921 0.316850 -1.503894
v 0.745921 0.286887 -1.486691
v 0.783367 0.334167 -1.520821
v 0.820813 0.316850 -1.503894
v 0.820813 0.286887 -1.486691
v 0.898795 0.185869 -1.588200
v 0.820813 0.269539 -1.456811
v 0.783367 0.263538 -1.480271
v 0.783367 0.188486 -1.567940
v 0.783367 0.150193 -1.501984
v 0.745921 0.269539 -1.456811
v 0.745921 0.269455 -1.422261
v 0.667938 0.131300 -1.494212
v 0.667938 0.185869 -1.588200
v 0.667938 0.131037 -1.385531
v 0.665275 0.044820 -1.517609
v 0.708886 0.004154 -1.528612
v 0.665275 0.122673 -1.651703
v 0.665275 0.044444 -1.362554
v 0.708886 0.003725 -1.351749
v 0.665275 0.121646 -1.228084
v 0.708886 0.091784 -1.198367
v 0.665275 0.255739 -1.150231
v 0.667938 0.185149 -1.291280
v 0.667938 0.279137 -1.236711
v 0.745921 0.286658 -1.392297
v 0.783367 0.187864 -1.311527
v 0.783367 0.149891 -1.377668
v 0.898795 0.185149 -1.291280
v 0.898795 0.131037 -1.385531
v 0.898795 0.279137 -1.236711
v 0.901458 0.121646 -1.228084
v 0.820813 0.286658 -1.392297
v 0.820813 0.316537 -1.374949
v 0.820813 0.269455 -1.422261
v 0.783367 0.263340 -1.398830
v 0.820813 0.351088 -1.374866
v 0.783367 0.295374 -1.249108
v 0.783367 0.333771 -1.357939
v 0.745921 0.316537 -1.374949
v 0.745921 0.351088 -1.374866
v 0.745921 0.381052 -1.392068
v 0.667938 0.387817 -1.236447
v 0.667938 0.482069 -1.290559
v 0.665275 0.410795 -1.149854
v 0.783367 0.371640 -1.248923
v 0.898795 0.387817 -1.236447
v 0.898795 0.482069 -1.290559
v 0.901458 0.410795 -1.149854
v 0.857847 0.421600 -1.109135
v 0.901458 0.255739 -1.150231
v 0.901458 0.545265 -1.227056
v 0.857847 0.574982 -1.197195
v 0.901458 0.623118 -1.361150
v 0.857847 0.663784 -1.350148
v 0.901458 0.623494 -1.516206
v 0.898795 0.536638 -1.384548
v 0.898795 0.536901 -1.493228
v 0.820813 0.398399 -1.421948
v 0.783367 0.517745 -1.376776
v 0.783367 0.479452 -1.310820
v 0.667938 0.536638 -1.384548
v 0.667938 0.536901 -1.493228
v 0.665275 0.623118 -1.361150
v 0.745921 0.398399 -1.421948
v 0.745921 0.398483 -1.456499
v 0.783367 0.518047 -1.501092
v 0.783367 0.404598 -1.479929
v 0.820813 0.398483 -1.456499
v 0.820813 0.381281 -1.486462
v 0.783367 0.480074 -1.567232
v 0.708886 0.663784 -1.350148
v 0.665275 0.545265 -1.227056
v 0.665275 0.623494 -1.516206
v 0.708886 0.664213 -1.527010
v 0.665275 0.546293 -1.650676
v 0.708886 0.576154 -1.680392
v 0.708886 0.423201 -1.769195
v 0.783367 0.576154 -1.680392
v 0.857847 0.576154 -1.680392
v 0.783367 0.664213 -1.527010
v 0.783367 0.423201 -1.769195
v 0.857847 0.423201 -1.769195
v 0.783367 0.246338 -1.769624
v 0.857847 0.246338 -1.769624
v 0.783367 0.092957 -1.681565
v 0.708886 0.246338 -1.769624
v 0.665275 0.257143 -1.728905
v 0.708886 0.092957 -1.681565
v 0.857847 0.092957 -1.681565
v 0.783367 0.004154 -1.528612
v 0.857847 0.004154 -1.528612
v 0.783367 0.003725 -1.351749
v 0.857847 0.003725 -1.351749
v 0.783367 0.091784 -1.198367
v 0.857847 0.091784 -1.198367
v 0.783367 0.244737 -1.109564
v 0.857847 0.244737 -1.109564
v 0.783367 0.421600 -1.109135
v 0.708886 0.244737 -1.109564
v 0.708886 0.421600 -1.109135
v 0.708886 0.574982 -1.197195
v 0.783367 0.574982 -1.197195
v 0.783367 0.663784 -1.350148
v 0.901458 0.044444 -1.362554
v 0.901458 0.044820 -1.517609
v 0.901458 0.122673 -1.651703
v 0.898795 0.131300 -1.494212
v 0.901458 0.257143 -1.728905
v 0.857847 0.664213 -1.527010
v 0.901458 0.546293 -1.650676
v 0.783367 0.404400 -1.398488
v 0.820813 0.381052 -1.392068
vn 0.1071 -0.0024 0.9942
vn -0.0000 -0.0024 1.0000
vn 0.9877 0.0728 0.1383
vn 0.9020 -0.1107 -0.4173
vn 0.9020 0.1127 -0.4167
vn 0.9877 -0.0734 0.1380
vn 0.9877 -0.0834 0.1322
vn 0.9784 -0.1037 0.1787
vn 0.9020 0.3060 -0.3045
vn 0.2149 -0.9506 -0.2238
vn -0.0000 -0.9734 -0.2292
vn -0.1071 -0.0024 0.9942
vn -0.2149 -0.9506 -0.2238
vn -0.9877 0.0728 0.1383
vn -0.9877 -0.0734 0.1380
vn -0.9020 0.1127 -0.4167
vn -0.9020 -0.1107 -0.4173
vn -0.9877 -0.0834 0.1322
vn -0.9784 -0.1037 0.1787
vn -0.9020 0.3060 -0.3045
vn -0.9784 0.1029 0.1792
vn -0.9784 0.2066 0.0005
vn -0.9784 0.1037 -0.1787
vn -0.9784 -0.1029 -0.1792
vn -0.9784 -0.2066 -0.0005
vn -0.4128 0.0022 -0.9108
vn -0.9877 0.0828 0.1326
vn -0.2149 0.9517 -0.2192
vn -0.0000 0.9745 -0.2244
vn 0.2149 0.9517 -0.2192
vn 0.4128 0.0022 -0.9108
vn 0.9784 0.1029 0.1792
vn 0.9784 -0.2066 -0.0005
vn 0.9784 -0.1029 -0.1792
vn 0.9784 0.1037 -0.1787
vn 0.9784 0.2066 0.0005
vn 0.9877 0.0828 0.1326
vn 0.2149 -0.6692 0.7114
vn -0.0000 -0.6852 0.7284
vn 0.4128 -0.7877 -0.4573
vn -0.2149 -0.6692 0.7114
vn -0.4128 -0.7877 -0.4573
vn -0.2149 0.2860 -0.9338
vn -0.0000 0.2929 -0.9562
vn 0.2149 0.2860 -0.9338
vn -0.9877 0.1562 0.0061
vn -0.9877 0.1562 -0.0054
vn -0.1071 0.8598 0.4992
vn -0.0000 0.8648 0.5021
vn -0.9020 -0.3045 -0.3060
vn -0.9020 -0.4167 -0.1127
vn -0.9020 -0.4173 0.1107
vn -0.3548 -0.9025 -0.2442
vn -0.3548 -0.9037 0.2398
vn -0.3548 -0.6595 -0.6627
vn -0.3548 -0.6627 0.6595
vn -0.9020 -0.3060 0.3045
vn -0.9877 0.0834 -0.1322
vn -0.3548 -0.2442 0.9025
vn -0.9020 -0.1127 0.4167
vn -0.9877 0.0734 -0.1380
vn -0.1071 0.8622 -0.4950
vn -0.0000 0.8672 -0.4979
vn -0.2149 -0.6657 -0.7146
vn -0.0000 -0.6816 -0.7317
vn 0.1071 0.8622 -0.4950
vn 0.2149 -0.6657 -0.7146
vn 0.9877 0.0834 -0.1322
vn 0.9020 -0.3060 0.3045
vn 0.9020 -0.4173 0.1107
vn 0.9877 0.1562 -0.0054
vn 0.9877 0.0734 -0.1380
vn 0.9020 -0.1127 0.4167
vn 0.4128 -0.7899 0.4535
vn 0.9877 0.1562 0.0061
vn 0.2149 0.2815 0.9352
vn -0.0000 0.2882 0.9576
vn -0.2149 0.2815 0.9352
vn -0.4128 -0.7899 0.4535
vn 0.2149 0.9506 0.2238
vn -0.0000 0.9734 0.2292
vn 0.4128 -0.0022 0.9108
vn -0.2149 0.9506 0.2238
vn -0.4128 -0.0022 0.9108
vn -0.9877 -0.0728 -0.1383
vn -0.9877 -0.0828 -0.1326
vn -0.2149 -0.9517 0.2192
vn -0.0000 -0.9745 0.2244
vn -0.1071 0.0024 -0.9942
vn -0.0000 0.0024 -1.0000
vn -0.9020 0.1107 0.4173
vn -0.9020 0.3045 0.3060
vn 0.1071 0.0024 -0.9942
vn 0.2149 -0.9517 0.2192
vn 0.9877 -0.0728 -0.1383
vn 0.9020 0.1107 0.4173
vn 0.9877 -0.0828 -0.1326
vn 0.9020 0.3045 0.3060
vn 0.3548 0.2398 0.9037
vn 0.3548 0.6595 0.6627
vn 0.3548 -0.2442 0.9025
vn 0.9020 0.4167 0.1127
vn 0.3548 0.9025 0.2442
vn 0.9877 -0.1562 -0.0061
vn 0.9020 0.4173 -0.1107
vn 0.3548 0.9037 -0.2398
vn 0.9877 -0.1562 0.0054
vn 0.1071 -0.8598 -0.4992
vn -0.0000 -0.8648 -0.5021
vn 0.2149 -0.2860 0.9338
vn -0.0000 -0.2929 0.9562
vn -0.1071 -0.8598 -0.4992
vn -0.2149 -0.2860 0.9338
vn -0.9877 -0.1562 -0.0061
vn -0.9020 0.4167 0.1127
vn -0.9877 -0.1562 0.0054
vn -0.9020 0.4173 -0.1107
vn -0.4128 0.7877 0.4573
vn -0.2149 -0.2815 -0.9352
vn -0.0000 -0.2882 -0.9576
vn -0.4128 0.7899 -0.4535
vn 0.2149 -0.2815 -0.9352
vn 0.4128 0.7899 -0.4535
vn 0.2149 0.6657 0.7146
vn -0.0000 0.6816 0.7317
vn -0.2149 0.6657 0.7146
vn -0.1071 -0.8622 0.4950
vn -0.0000 -0.8672 0.4979
vn 0.1071 -0.8622 0.4950
vn -0.3548 0.9025 0.2442
vn -0.3548 0.9037 -0.2398
vn -0.3548 0.6595 0.6627
vn -0.3548 0.6627 -0.6595
vn -0.3548 0.2442 -0.9025
vn -0.0000 0.9666 -0.2565
vn -0.0000 0.7088 -0.7054
vn -0.0000 0.2612 -0.9653
vn 0.3548 0.6627 -0.6595
vn 0.3548 0.2442 -0.9025
vn 0.3548 -0.2398 -0.9037
vn -0.0000 -0.2565 -0.9666
vn -0.3548 -0.2398 -0.9037
vn 0.3548 -0.6595 -0.6627
vn -0.0000 -0.7054 -0.7088
vn -0.0000 -0.9653 -0.2612
vn 0.3548 -0.9025 -0.2442
vn 0.3548 -0.9037 0.2398
vn -0.0000 -0.9666 0.2565
vn 0.3548 -0.6627 0.6595
vn -0.0000 -0.7088 0.7054
vn -0.0000 -0.2612 0.9653
vn -0.0000 0.2565 0.9666
vn -0.3548 0.2398 0.9037
vn -0.0000 0.7054 0.7088
vn -0.0000 0.9653 0.2612
vn 0.9020 -0.4167 -0.1127
vn 0.9020 -0.3045 -0.3060
vn 0.1071 0.8598 0.4992
vn 0.4128 0.7877 0.4573
vn -0.2149 0.6692 -0.7114
vn -0.0000 0.6852 -0.7284
vn 0.2149 0.6692 -0.7114
vt 0.980220 0.427574
vt 0.984717 0.426369
vt 0.986348 0.429194
vt 0.980220 0.430836
vt 0.976517 0.866212
vt 0.981014 0.867417
vt 0.974092 0.429194
vt 0.975723 0.426369
vt 0.988803 0.862920
vt 0.990008 0.858423
vt 0.988803 0.853926
vt 0.985511 0.850634
vt 0.981014 0.849429
vt 0.976517 0.850634
vt 0.973225 0.853926
vt 0.972020 0.858423
vt 0.973225 0.862920
vt 0.985511 0.866212
vt 0.988009 0.423077
vt 0.989214 0.418580
vt 0.990834 0.424708
vt 0.992476 0.418581
vt 0.988009 0.414084
vt 0.990834 0.412453
vt 0.967964 0.406325
vt 0.992476 0.406325
vt 0.992476 0.430836
vt 0.967964 0.430836
vt 0.984717 0.410792
vt 0.986348 0.407967
vt 0.980220 0.409587
vt 0.980220 0.406325
vt 0.975723 0.410792
vt 0.974092 0.407967
vt 0.972431 0.414084
vt 0.969606 0.412453
vt 0.971226 0.418581
vt 0.967964 0.418581
vt 0.972431 0.423077
vt 0.969606 0.424708
vt 0.980220 0.406325
vt 0.980220 0.430836
s 1
usemtl texture
f 1013/359/1034 1018/359/1035 1019/360/1035 1014/360/1034
f 1014/360/1036 1134/361/1037 1016/362/1038 1013/359/1039
f 1015/363/1040 1095/363/1041 1017/364/1041 1013/364/1039
f 1013/359/1039 1016/362/1038 1136/365/1042 1015/366/1040
f 1017/364/1043 1028/364/1044 1018/364/1044 1013/364/1043
f 1020/359/1045 1021/360/1045 1019/360/1035 1018/359/1035
f 1024/364/1046 1020/364/1046 1018/364/1044 1028/364/1044
f 1021/360/1047 1020/359/1048 1023/362/1049 1113/361/1050
f 1022/363/1051 1020/364/1048 1024/364/1052 1025/363/1052
f 1020/359/1048 1022/366/1051 1101/365/1053 1023/362/1049
f 1027/367/1054 1036/368/1055 1037/369/1055 1051/370/1056 1065/371/1056 1066/372/1057 1067/373/1057 1090/374/1058 1091/375/1058 1025/363/1052 1024/364/1052 1026/376/1054
f 1026/376/1059 1024/364/1059 1028/376/1059
f 1021/376/1047 1039/367/1060 1027/367/1054 1026/376/1054
f 1021/376/1061 1026/376/1061 1028/376/1062 1019/376/1062
f 1014/376/1063 1019/376/1062 1028/376/1062 1029/376/1063
f 1029/376/1064 1028/364/1064 1017/364/1064
f 1030/367/1065 1029/376/1065 1017/364/1041 1095/363/1041 1094/375/1066 1084/374/1066 1138/373/1067 1062/372/1067 1059/371/1068 1058/370/1068 1060/369/1069 1032/368/1069
f 1014/376/1036 1029/376/1065 1030/367/1065 1031/367/1070
f 1030/367/1071 1033/367/1072 1034/367/1072 1031/367/1071
f 1032/368/1073 1033/367/1073 1030/367/1073
f 1027/367/1074 1039/367/1074 1034/367/1072 1033/367/1072
f 1036/368/1075 1027/367/1075 1033/368/1075
f 1038/368/1076 1036/368/1076 1033/368/1077 1035/368/1077
f 1133/368/1078 1035/368/1077 1033/368/1077 1032/368/1078
f 1038/368/1079 1040/369/1080 1037/369/1055 1036/368/1055
f 1039/377/1081 1038/378/1081 1035/378/1082 1034/377/1082
f 1038/378/1079 1039/377/1060 1043/379/1083 1041/380/1084
f 1040/381/1080 1038/378/1079 1041/380/1084 1044/382/1085
f 1042/383/1086 1045/384/1087 1044/385/1085 1041/386/1084
f 1114/383/1088 1042/384/1086 1041/385/1084 1043/386/1083
f 1045/383/1087 1047/384/1089 1046/385/1090 1044/386/1085
f 1049/387/1091 1040/381/1080 1044/382/1085 1046/388/1090
f 1047/383/1089 1125/384/1092 1048/385/1093 1046/386/1090
f 1050/389/1094 1049/387/1091 1046/388/1090 1048/390/1093
f 1040/381/1095 1049/387/1095 1052/387/1096 1053/381/1096
f 1049/370/1091 1050/371/1094 1065/371/1056 1051/370/1056
f 1049/370/1097 1051/370/1097 1061/370/1098 1052/370/1098
f 1055/381/1099 1053/381/1096 1052/387/1096 1054/387/1099
f 1054/370/1100 1052/370/1098 1061/370/1098 1058/370/1100
f 1054/387/1101 1057/388/1102 1130/382/1103 1055/381/1104
f 1056/389/1105 1076/390/1106 1057/388/1102 1054/387/1101
f 1054/370/1101 1058/370/1068 1059/371/1068 1056/371/1105
f 1058/370/1107 1061/369/1107 1060/369/1107
f 1133/368/1108 1032/368/1069 1060/369/1069 1055/369/1104
f 1060/369/1109 1061/369/1110 1053/369/1110 1055/369/1109
f 1037/369/1111 1040/369/1111 1053/369/1110 1061/369/1110
f 1051/370/1112 1037/369/1112 1061/370/1112
f 1059/371/1113 1064/371/1114 1063/371/1114 1056/371/1113
f 1062/372/1115 1064/371/1115 1059/371/1115
f 1065/371/1116 1050/371/1116 1063/371/1114 1064/371/1114
f 1066/372/1117 1065/371/1117 1064/372/1117
f 1068/372/1118 1069/373/1119 1067/373/1057 1066/372/1057
f 1068/372/1120 1066/372/1120 1064/372/1121 1071/372/1121
f 1050/389/1122 1068/391/1122 1071/391/1123 1063/389/1123
f 1068/391/1118 1050/389/1094 1048/390/1093 1070/392/1124
f 1069/393/1119 1068/391/1118 1070/392/1124 1098/394/1125
f 1056/389/1126 1063/389/1123 1071/391/1123 1072/391/1126
f 1072/372/1127 1071/372/1121 1064/372/1121 1062/372/1127
f 1072/391/1128 1074/392/1129 1076/390/1106 1056/389/1105
f 1072/372/1128 1062/372/1067 1138/373/1067 1073/373/1130
f 1073/393/1130 1077/394/1131 1074/392/1129 1072/391/1128
f 1075/383/1132 1074/386/1129 1077/385/1131 1078/384/1133
f 1123/383/1134 1076/386/1106 1074/385/1129 1075/384/1132
f 1078/383/1133 1077/386/1131 1079/385/1135 1080/384/1136
f 1082/395/1137 1079/396/1135 1077/394/1131 1073/393/1130
f 1080/383/1136 1079/386/1135 1081/385/1138 1135/384/1139
f 1083/397/1140 1081/398/1138 1079/396/1135 1082/395/1137
f 1073/393/1141 1086/393/1142 1085/395/1142 1082/395/1141
f 1082/374/1137 1084/374/1066 1094/375/1066 1083/375/1140
f 1082/374/1143 1085/374/1144 1137/374/1144 1084/374/1143
f 1069/393/1145 1087/395/1145 1085/395/1142 1086/393/1142
f 1087/374/1146 1090/374/1146 1137/374/1144 1085/374/1144
f 1087/395/1147 1069/393/1119 1098/394/1125 1089/396/1148
f 1087/374/1147 1088/375/1149 1091/375/1058 1090/374/1058
f 1088/397/1149 1087/395/1147 1089/396/1148 1099/398/1150
f 1090/374/1151 1067/373/1151 1137/374/1151
f 1091/375/1152 1088/375/1152 1092/375/1153 1093/375/1153
f 1025/363/1154 1091/375/1154 1093/363/1154
f 1094/375/1155 1093/375/1153 1092/375/1153 1083/375/1155
f 1095/363/1156 1093/375/1156 1094/375/1156
f 1015/363/1157 1096/363/1158 1093/363/1158 1095/363/1157
f 1022/363/1159 1025/363/1159 1093/363/1158 1096/363/1158
f 1088/397/1160 1022/366/1160 1096/366/1161 1092/397/1161
f 1083/397/1162 1092/397/1161 1096/366/1161 1015/366/1162
f 1097/383/1163 1100/384/1164 1099/385/1150 1089/386/1148
f 1127/383/1165 1097/384/1163 1089/385/1148 1098/386/1125
f 1100/383/1164 1102/384/1166 1101/385/1053 1099/386/1150
f 1022/366/1051 1088/397/1149 1099/398/1150 1101/365/1053
f 1102/383/1166 1103/384/1167 1023/385/1049 1101/386/1053
f 1100/383/1164 1106/399/1168 1104/400/1169 1102/386/1166
f 1102/383/1166 1104/399/1169 1107/400/1170 1103/386/1167
f 1105/383/1171 1108/386/1172 1107/400/1170 1104/399/1169
f 1135/383/1139 1105/386/1171 1104/400/1169 1106/399/1168
f 1108/383/1172 1110/386/1173 1109/400/1174 1107/399/1170
f 1103/383/1167 1107/399/1170 1109/400/1174 1112/386/1175
f 1110/383/1173 1115/386/1176 1111/400/1177 1109/399/1174
f 1112/383/1175 1109/399/1174 1111/400/1177 1114/386/1088
f 1103/383/1167 1112/384/1175 1113/385/1050 1023/386/1049
f 1112/383/1175 1114/384/1088 1043/385/1083 1113/386/1050
f 1114/383/1088 1111/399/1177 1116/400/1178 1042/386/1086
f 1039/377/1060 1021/360/1047 1113/361/1050 1043/379/1083
f 1115/383/1176 1117/386/1179 1116/400/1178 1111/399/1177
f 1117/383/1179 1119/386/1180 1118/400/1181 1116/399/1178
f 1042/383/1086 1116/399/1178 1118/400/1181 1045/386/1087
f 1119/383/1180 1121/386/1182 1120/400/1183 1118/399/1181
f 1045/383/1087 1118/399/1181 1120/400/1183 1047/386/1089
f 1121/383/1182 1123/386/1134 1122/400/1184 1120/399/1183
f 1047/383/1089 1120/399/1183 1122/400/1184 1125/386/1092
f 1123/383/1134 1075/386/1132 1124/400/1185 1122/399/1184
f 1125/383/1092 1122/399/1184 1124/400/1185 1126/386/1186
f 1125/383/1092 1126/384/1186 1070/385/1124 1048/386/1093
f 1126/383/1186 1127/384/1165 1098/385/1125 1070/386/1124
f 1126/383/1186 1124/399/1185 1128/400/1187 1127/386/1165
f 1127/383/1165 1128/399/1187 1129/400/1188 1097/386/1163
f 1075/383/1132 1078/386/1133 1128/400/1187 1124/399/1185
f 1078/383/1133 1080/386/1136 1129/400/1188 1128/399/1187
f 1080/383/1136 1135/386/1139 1106/400/1168 1129/399/1188
f 1097/383/1163 1129/399/1188 1106/400/1168 1100/386/1164
f 1121/383/1182 1057/386/1102 1076/385/1106 1123/384/1134
f 1119/383/1180 1130/386/1103 1057/385/1102 1121/384/1182
f 1117/383/1179 1131/386/1189 1130/385/1103 1119/384/1180
f 1055/381/1104 1130/382/1103 1131/380/1189 1133/378/1108
f 1115/383/1176 1132/386/1190 1131/385/1189 1117/384/1179
f 1133/378/1108 1131/380/1189 1132/379/1190 1031/377/1070
f 1031/377/1191 1034/377/1082 1035/378/1082 1133/378/1191
f 1110/383/1173 1134/386/1037 1132/385/1190 1115/384/1176
f 1031/377/1070 1132/379/1190 1134/361/1037 1014/360/1036
f 1108/383/1172 1016/386/1038 1134/385/1037 1110/384/1173
f 1105/383/1171 1136/386/1042 1016/385/1038 1108/384/1172
f 1135/383/1139 1081/386/1138 1136/385/1042 1105/384/1171
f 1015/366/1040 1136/365/1042 1081/398/1138 1083/397/1140
f 1084/374/1192 1137/373/1192 1138/373/1192
f 1067/373/1193 1069/373/1193 1086/373/1194 1137/373/1194
f 1138/373/1195 1137/373/1194 1086/373/1194 1073/373/1195
o wheels.059
v 0.898795 0.388801 1.265039
v 0.898795 0.280121 1.264776
v 0.898795 0.482790 1.319608
v 0.901458 0.412199 1.178559
v 0.820813 0.351401 1.403278
v 0.783367 0.372564 1.277436
v 0.783367 0.296298 1.277251
v 0.667938 0.388801 1.265039
v 0.667938 0.280121 1.264776
v 0.667938 0.482790 1.319608
v 0.665275 0.412199 1.178559
v 0.745921 0.351401 1.403278
v 0.745921 0.381281 1.420626
v 0.745921 0.316850 1.403194
v 0.745921 0.286887 1.420396
v 0.783367 0.334167 1.386267
v 0.820813 0.316850 1.403194
v 0.820813 0.286887 1.420396
v 0.898795 0.185869 1.318887
v 0.820813 0.269539 1.450276
v 0.783367 0.263538 1.426816
v 0.783367 0.188486 1.339148
v 0.783367 0.150193 1.405104
v 0.745921 0.269539 1.450276
v 0.745921 0.269455 1.484827
v 0.667938 0.131300 1.412876
v 0.667938 0.185869 1.318887
v 0.667938 0.131037 1.521556
v 0.665275 0.044820 1.389478
v 0.708886 0.004154 1.378476
v 0.665275 0.122673 1.255384
v 0.665275 0.044444 1.544534
v 0.708886 0.003725 1.555339
v 0.665275 0.121646 1.679004
v 0.708886 0.091784 1.708720
v 0.665275 0.255739 1.756857
v 0.667938 0.185149 1.615808
v 0.667938 0.279137 1.670377
v 0.745921 0.286658 1.514790
v 0.783367 0.187864 1.595561
v 0.783367 0.149891 1.529420
v 0.898795 0.185149 1.615808
v 0.898795 0.131037 1.521556
v 0.898795 0.279137 1.670377
v 0.901458 0.121646 1.679004
v 0.820813 0.286658 1.514790
v 0.820813 0.316537 1.532138
v 0.820813 0.269455 1.484827
v 0.783367 0.263340 1.508257
v 0.820813 0.351088 1.532222
v 0.783367 0.295374 1.657980
v 0.783367 0.333771 1.549149
v 0.745921 0.316537 1.532138
v 0.745921 0.351088 1.532222
v 0.745921 0.381052 1.515019
v 0.667938 0.387817 1.670640
v 0.667938 0.482069 1.616528
v 0.665275 0.410795 1.757233
v 0.783367 0.371640 1.658165
v 0.898795 0.387817 1.670640
v 0.898795 0.482069 1.616528
v 0.901458 0.410795 1.757233
v 0.857847 0.421600 1.797952
v 0.901458 0.255739 1.756857
v 0.901458 0.545265 1.680031
v 0.857847 0.574982 1.709893
v 0.901458 0.623118 1.545937
v 0.857847 0.663784 1.556940
v 0.901458 0.623494 1.390882
v 0.898795 0.536638 1.522540
v 0.898795 0.536901 1.413859
v 0.820813 0.398399 1.485140
v 0.783367 0.517745 1.530312
v 0.783367 0.479452 1.596268
v 0.667938 0.536638 1.522540
v 0.667938 0.536901 1.413859
v 0.665275 0.623118 1.545937
v 0.745921 0.398399 1.485140
v 0.745921 0.398483 1.450589
v 0.783367 0.518047 1.405996
v 0.783367 0.404598 1.427158
v 0.820813 0.398483 1.450589
v 0.820813 0.381281 1.420626
v 0.783367 0.480074 1.339855
v 0.708886 0.663784 1.556940
v 0.665275 0.545265 1.680031
v 0.665275 0.623494 1.390882
v 0.708886 0.664213 1.380077
v 0.665275 0.546293 1.256412
v 0.708886 0.576154 1.226695
v 0.708886 0.423201 1.137892
v 0.783367 0.576154 1.226695
v 0.857847 0.576154 1.226695
v 0.783367 0.664213 1.380077
v 0.783367 0.423201 1.137892
v 0.857847 0.423201 1.137892
v 0.783367 0.246338 1.137463
v 0.857847 0.246338 1.137463
v 0.783367 0.092957 1.225523
v 0.708886 0.246338 1.137463
v 0.665275 0.257143 1.178182
v 0.708886 0.092957 1.225523
v 0.857847 0.092957 1.225523
v 0.783367 0.004154 1.378476
v 0.857847 0.004154 1.378476
v 0.783367 0.003725 1.555339
v 0.857847 0.003725 1.555339
v 0.783367 0.091784 1.708720
v 0.857847 0.091784 1.708720
v 0.783367 0.244737 1.797523
v 0.857847 0.244737 1.797523
v 0.783367 0.421600 1.797952
v 0.708886 0.244737 1.797523
v 0.708886 0.421600 1.797952
v 0.708886 0.574982 1.709893
v 0.783367 0.574982 1.709893
v 0.783367 0.663784 1.556940
v 0.901458 0.044444 1.544534
v 0.901458 0.044820 1.389478
v 0.901458 0.122673 1.255384
v 0.898795 0.131300 1.412876
v 0.901458 0.257143 1.178182
v 0.857847 0.664213 1.380077
v 0.901458 0.546293 1.256412
v 0.783367 0.404400 1.508600
v 0.820813 0.381052 1.515019
vn 0.1071 -0.0024 0.9942
vn -0.0000 -0.0024 1.0000
vn 0.9877 0.0728 0.1383
vn 0.9020 -0.1107 -0.4173
vn 0.9020 0.1127 -0.4167
vn 0.9877 -0.0734 0.1380
vn 0.9877 -0.0834 0.1322
vn 0.9784 -0.1037 0.1787
vn 0.9020 0.3060 -0.3045
vn 0.2149 -0.9506 -0.2238
vn -0.0000 -0.9734 -0.2292
vn -0.1071 -0.0024 0.9942
vn -0.2149 -0.9506 -0.2238
vn -0.9877 0.0728 0.1383
vn -0.9877 -0.0734 0.1380
vn -0.9020 0.1127 -0.4167
vn -0.9020 -0.1107 -0.4173
vn -0.9877 -0.0834 0.1322
vn -0.9784 -0.1037 0.1787
vn -0.9020 0.3060 -0.3045
vn -0.9784 0.1029 0.1792
vn -0.9784 0.2066 0.0005
vn -0.9784 0.1037 -0.1787
vn -0.9784 -0.1029 -0.1792
vn -0.9784 -0.2066 -0.0005
vn -0.4128 0.0022 -0.9108
vn -0.9877 0.0828 0.1326
vn -0.2149 0.9517 -0.2192
vn -0.0000 0.9745 -0.2244
vn 0.2149 0.9517 -0.2192
vn 0.4128 0.0022 -0.9108
vn 0.9784 0.1029 0.1792
vn 0.9784 -0.2066 -0.0005
vn 0.9784 -0.1029 -0.1792
vn 0.9784 0.1037 -0.1787
vn 0.9784 0.2066 0.0005
vn 0.9877 0.0828 0.1326
vn 0.2149 -0.6692 0.7114
vn -0.0000 -0.6852 0.7284
vn 0.4128 -0.7877 -0.4573
vn -0.2149 -0.6692 0.7114
vn -0.4128 -0.7877 -0.4573
vn -0.2149 0.2860 -0.9338
vn -0.0000 0.2929 -0.9562
vn 0.2149 0.2860 -0.9338
vn -0.9877 0.1562 0.0061
vn -0.9877 0.1562 -0.0054
vn -0.1071 0.8598 0.4992
vn -0.0000 0.8648 0.5021
vn -0.9020 -0.3045 -0.3060
vn -0.9020 -0.4167 -0.1127
vn -0.9020 -0.4173 0.1107
vn -0.3548 -0.9025 -0.2442
vn -0.3548 -0.9037 0.2398
vn -0.3548 -0.6595 -0.6627
vn -0.3548 -0.6627 0.6595
vn -0.9020 -0.3060 0.3045
vn -0.9877 0.0834 -0.1322
vn -0.3548 -0.2442 0.9025
vn -0.9020 -0.1127 0.4167
vn -0.9877 0.0734 -0.1380
vn -0.1071 0.8622 -0.4950
vn -0.0000 0.8672 -0.4979
vn -0.2149 -0.6657 -0.7146
vn -0.0000 -0.6816 -0.7317
vn 0.1071 0.8622 -0.4950
vn 0.2149 -0.6657 -0.7146
vn 0.9877 0.0834 -0.1322
vn 0.9020 -0.3060 0.3045
vn 0.9020 -0.4173 0.1107
vn 0.9877 0.1562 -0.0054
vn 0.9877 0.0734 -0.1380
vn 0.9020 -0.1127 0.4167
vn 0.4128 -0.7899 0.4535
vn 0.9877 0.1562 0.0061
vn 0.2149 0.2815 0.9352
vn -0.0000 0.2882 0.9576
vn -0.2149 0.2815 0.9352
vn -0.4128 -0.7899 0.4535
vn 0.2149 0.9506 0.2238
vn -0.0000 0.9734 0.2292
vn 0.4128 -0.0022 0.9108
vn -0.2149 0.9506 0.2238
vn -0.4128 -0.0022 0.9108
vn -0.9877 -0.0728 -0.1383
vn -0.9877 -0.0828 -0.1326
vn -0.2149 -0.9517 0.2192
vn -0.0000 -0.9745 0.2244
vn -0.1071 0.0024 -0.9942
vn -0.0000 0.0024 -1.0000
vn -0.9020 0.1107 0.4173
vn -0.9020 0.3045 0.3060
vn 0.1071 0.0024 -0.9942
vn 0.2149 -0.9517 0.2192
vn 0.9877 -0.0728 -0.1383
vn 0.9020 0.1107 0.4173
vn 0.9877 -0.0828 -0.1326
vn 0.9020 0.3045 0.3060
vn 0.3548 0.2398 0.9037
vn 0.3548 0.6595 0.6627
vn 0.3548 -0.2442 0.9025
vn 0.9020 0.4167 0.1127
vn 0.3548 0.9025 0.2442
vn 0.9877 -0.1562 -0.0061
vn 0.9020 0.4173 -0.1107
vn 0.3548 0.9037 -0.2398
vn 0.9877 -0.1562 0.0054
vn 0.1071 -0.8598 -0.4992
vn -0.0000 -0.8648 -0.5021
vn 0.2149 -0.2860 0.9338
vn -0.0000 -0.2929 0.9562
vn -0.1071 -0.8598 -0.4992
vn -0.2149 -0.2860 0.9338
vn -0.9877 -0.1562 -0.0061
vn -0.9020 0.4167 0.1127
vn -0.9877 -0.1562 0.0054
vn -0.9020 0.4173 -0.1107
vn -0.4128 0.7877 0.4573
vn -0.2149 -0.2815 -0.9352
vn -0.0000 -0.2882 -0.9576
vn -0.4128 0.7899 -0.4535
vn 0.2149 -0.2815 -0.9352
vn 0.4128 0.7899 -0.4535
vn 0.2149 0.6657 0.7146
vn -0.0000 0.6816 0.7317
vn -0.2149 0.6657 0.7146
vn -0.1071 -0.8622 0.4950
vn -0.0000 -0.8672 0.4979
vn 0.1071 -0.8622 0.4950
vn -0.3548 0.9025 0.2442
vn -0.3548 0.9037 -0.2398
vn -0.3548 0.6595 0.6627
vn -0.3548 0.6627 -0.6595
vn -0.3548 0.2442 -0.9025
vn -0.0000 0.9666 -0.2565
vn -0.0000 0.7088 -0.7054
vn -0.0000 0.2612 -0.9653
vn 0.3548 0.6627 -0.6595
vn 0.3548 0.2442 -0.9025
vn 0.3548 -0.2398 -0.9037
vn -0.0000 -0.2565 -0.9666
vn -0.3548 -0.2398 -0.9037
vn 0.3548 -0.6595 -0.6627
vn -0.0000 -0.7054 -0.7088
vn -0.0000 -0.9653 -0.2612
vn 0.3548 -0.9025 -0.2442
vn 0.3548 -0.9037 0.2398
vn -0.0000 -0.9666 0.2565
vn 0.3548 -0.6627 0.6595
vn -0.0000 -0.7088 0.7054
vn -0.0000 -0.2612 0.9653
vn -0.0000 0.2565 0.9666
vn -0.3548 0.2398 0.9037
vn -0.0000 0.7054 0.7088
vn -0.0000 0.9653 0.2612
vn 0.9020 -0.4167 -0.1127
vn 0.9020 -0.3045 -0.3060
vn 0.1071 0.8598 0.4992
vn 0.4128 0.7877 0.4573
vn -0.2149 0.6692 -0.7114
vn -0.0000 0.6852 -0.7284
vn 0.2149 0.6692 -0.7114
vt 0.980220 0.427574
vt 0.984717 0.426369
vt 0.986348 0.429194
vt 0.980220 0.430836
vt 0.976517 0.866212
vt 0.981014 0.867417
vt 0.974092 0.429194
vt 0.975723 0.426369
vt 0.988803 0.862920
vt 0.990008 0.858423
vt 0.988803 0.853926
vt 0.985511 0.850634
vt 0.981014 0.849429
vt 0.976517 0.850634
vt 0.973225 0.853926
vt 0.972020 0.858423
vt 0.973225 0.862920
vt 0.985511 0.866212
vt 0.988009 0.423077
vt 0.989214 0.418580
vt 0.990834 0.424708
vt 0.992476 0.418581
vt 0.988009 0.414084
vt 0.990834 0.412453
vt 0.967964 0.406325
vt 0.992476 0.406325
vt 0.992476 0.430836
vt 0.967964 0.430836
vt 0.984717 0.410792
vt 0.986348 0.407967
vt 0.980220 0.409587
vt 0.980220 0.406325
vt 0.975723 0.410792
vt 0.974092 0.407967
vt 0.972431 0.414084
vt 0.969606 0.412453
vt 0.971226 0.418581
vt 0.967964 0.418581
vt 0.972431 0.423077
vt 0.969606 0.424708
vt 0.980220 0.406325
vt 0.980220 0.430836
s 1
usemtl texture
f 1139/401/1196 1144/401/1197 1145/402/1197 1140/402/1196
f 1140/402/1198 1260/403/1199 1142/404/1200 1139/401/1201
f 1141/405/1202 1221/405/1203 1143/406/1203 1139/406/1201
f 1139/401/1201 1142/404/1200 1262/407/1204 1141/408/1202
f 1143/406/1205 1154/406/1206 1144/406/1206 1139/406/1205
f 1146/401/1207 1147/402/1207 1145/402/1197 1144/401/1197
f 1150/406/1208 1146/406/1208 1144/406/1206 1154/406/1206
f 1147/402/1209 1146/401/1210 1149/404/1211 1239/403/1212
f 1148/405/1213 1146/406/1210 1150/406/1214 1151/405/1214
f 1146/401/1210 1148/408/1213 1227/407/1215 1149/404/1211
f 1153/409/1216 1162/410/1217 1163/411/1217 1177/412/1218 1191/413/1218 1192/414/1219 1193/415/1219 1216/416/1220 1217/417/1220 1151/405/1214 1150/406/1214 1152/418/1216
f 1152/418/1221 1150/406/1221 1154/418/1221
f 1147/418/1209 1165/409/1222 1153/409/1216 1152/418/1216
f 1147/418/1223 1152/418/1223 1154/418/1224 1145/418/1224
f 1140/418/1225 1145/418/1224 1154/418/1224 1155/418/1225
f 1155/418/1226 1154/406/1226 1143/406/1226
f 1156/409/1227 1155/418/1227 1143/406/1203 1221/405/1203 1220/417/1228 1210/416/1228 1264/415/1229 1188/414/1229 1185/413/1230 1184/412/1230 1186/411/1231 1158/410/1231
f 1140/418/1198 1155/418/1227 1156/409/1227 1157/409/1232
f 1156/409/1233 1159/409/1234 1160/409/1234 1157/409/1233
f 1158/410/1235 1159/409/1235 1156/409/1235
f 1153/409/1236 1165/409/1236 1160/409/1234 1159/409/1234
f 1162/410/1237 1153/409/1237 1159/410/1237
f 1164/410/1238 1162/410/1238 1159/410/1239 1161/410/1239
f 1259/410/1240 1161/410/1239 1159/410/1239 1158/410/1240
f 1164/410/1241 1166/411/1242 1163/411/1217 1162/410/1217
f 1165/419/1243 1164/420/1243 1161/420/1244 1160/419/1244
f 1164/420/1241 1165/419/1222 1169/421/1245 1167/422/1246
f 1166/423/1242 1164/420/1241 1167/422/1246 1170/424/1247
f 1168/425/1248 1171/426/1249 1170/427/1247 1167/428/1246
f 1240/425/1250 1168/426/1248 1167/427/1246 1169/428/1245
f 1171/425/1249 1173/426/1251 1172/427/1252 1170/428/1247
f 1175/429/1253 1166/423/1242 1170/424/1247 1172/430/1252
f 1173/425/1251 1251/426/1254 1174/427/1255 1172/428/1252
f 1176/431/1256 1175/429/1253 1172/430/1252 1174/432/1255
f 1166/423/1257 1175/429/1257 1178/429/1258 1179/423/1258
f 1175/412/1253 1176/413/1256 1191/413/1218 1177/412/1218
f 1175/412/1259 1177/412/1259 1187/412/1260 1178/412/1260
f 1181/423/1261 1179/423/1258 1178/429/1258 1180/429/1261
f 1180/412/1262 1178/412/1260 1187/412/1260 1184/412/1262
f 1180/429/1263 1183/430/1264 1256/424/1265 1181/423/1266
f 1182/431/1267 1202/432/1268 1183/430/1264 1180/429/1263
f 1180/412/1263 1184/412/1230 1185/413/1230 1182/413/1267
f 1184/412/1269 1187/411/1269 1186/411/1269
f 1259/410/1270 1158/410/1231 1186/411/1231 1181/411/1266
f 1186/411/1271 1187/411/1272 1179/411/1272 1181/411/1271
f 1163/411/1273 1166/411/1273 1179/411/1272 1187/411/1272
f 1177/412/1274 1163/411/1274 1187/412/1274
f 1185/413/1275 1190/413/1276 1189/413/1276 1182/413/1275
f 1188/414/1277 1190/413/1277 1185/413/1277
f 1191/413/1278 1176/413/1278 1189/413/1276 1190/413/1276
f 1192/414/1279 1191/413/1279 1190/414/1279
f 1194/414/1280 1195/415/1281 1193/415/1219 1192/414/1219
f 1194/414/1282 1192/414/1282 1190/414/1283 1197/414/1283
f 1176/431/1284 1194/433/1284 1197/433/1285 1189/431/1285
f 1194/433/1280 1176/431/1256 1174/432/1255 1196/434/1286
f 1195/435/1281 1194/433/1280 1196/434/1286 1224/436/1287
f 1182/431/1288 1189/431/1285 1197/433/1285 1198/433/1288
f 1198/414/1289 1197/414/1283 1190/414/1283 1188/414/1289
f 1198/433/1290 1200/434/1291 1202/432/1268 1182/431/1267
f 1198/414/1290 1188/414/1229 1264/415/1229 1199/415/1292
f 1199/435/1292 1203/436/1293 1200/434/1291 1198/433/1290
f 1201/425/1294 1200/428/1291 1203/427/1293 1204/426/1295
f 1249/425/1296 1202/428/1268 1200/427/1291 1201/426/1294
f 1204/425/1295 1203/428/1293 1205/427/1297 1206/426/1298
f 1208/437/1299 1205/438/1297 1203/436/1293 1199/435/1292
f 1206/425/1298 1205/428/1297 1207/427/1300 1261/426/1301
f 1209/439/1302 1207/440/1300 1205/438/1297 1208/437/1299
f 1199/435/1303 1212/435/1304 1211/437/1304 1208/437/1303
f 1208/416/1299 1210/416/1228 1220/417/1228 1209/417/1302
f 1208/416/1305 1211/416/1306 1263/416/1306 1210/416/1305
f 1195/435/1307 1213/437/1307 1211/437/1304 1212/435/1304
f 1213/416/1308 1216/416/1308 1263/416/1306 1211/416/1306
f 1213/437/1309 1195/435/1281 1224/436/1287 1215/438/1310
f 1213/416/1309 1214/417/1311 1217/417/1220 1216/416/1220
f 1214/439/1311 1213/437/1309 1215/438/1310 1225/440/1312
f 1216/416/1313 1193/415/1313 1263/416/1313
f 1217/417/1314 1214/417/1314 1218/417/1315 1219/417/1315
f 1151/405/1316 1217/417/1316 1219/405/1316
f 1220/417/1317 1219/417/1315 1218/417/1315 1209/417/1317
f 1221/405/1318 1219/417/1318 1220/417/1318
f 1141/405/1319 1222/405/1320 1219/405/1320 1221/405/1319
f 1148/405/1321 1151/405/1321 1219/405/1320 1222/405/1320
f 1214/439/1322 1148/408/1322 1222/408/1323 1218/439/1323
f 1209/439/1324 1218/439/1323 1222/408/1323 1141/408/1324
f 1223/425/1325 1226/426/1326 1225/427/1312 1215/428/1310
f 1253/425/1327 1223/426/1325 1215/427/1310 1224/428/1287
f 1226/425/1326 1228/426/1328 1227/427/1215 1225/428/1312
f 1148/408/1213 1214/439/1311 1225/440/1312 1227/407/1215
f 1228/425/1328 1229/426/1329 1149/427/1211 1227/428/1215
f 1226/425/1326 1232/441/1330 1230/442/1331 1228/428/1328
f 1228/425/1328 1230/441/1331 1233/442/1332 1229/428/1329
f 1231/425/1333 1234/428/1334 1233/442/1332 1230/441/1331
f 1261/425/1301 1231/428/1333 1230/442/1331 1232/441/1330
f 1234/425/1334 1236/428/1335 1235/442/1336 1233/441/1332
f 1229/425/1329 1233/441/1332 1235/442/1336 1238/428/1337
f 1236/425/1335 1241/428/1338 1237/442/1339 1235/441/1336
f 1238/425/1337 1235/441/1336 1237/442/1339 1240/428/1250
f 1229/425/1329 1238/426/1337 1239/427/1212 1149/428/1211
f 1238/425/1337 1240/426/1250 1169/427/1245 1239/428/1212
f 1240/425/1250 1237/441/1339 1242/442/1340 1168/428/1248
f 1165/419/1222 1147/402/1209 1239/403/1212 1169/421/1245
f 1241/425/1338 1243/428/1341 1242/442/1340 1237/441/1339
f 1243/425/1341 1245/428/1342 1244/442/1343 1242/441/1340
f 1168/425/1248 1242/441/1340 1244/442/1343 1171/428/1249
f 1245/425/1342 1247/428/1344 1246/442/1345 1244/441/1343
f 1171/425/1249 1244/441/1343 1246/442/1345 1173/428/1251
f 1247/425/1344 1249/428/1296 1248/442/1346 1246/441/1345
f 1173/425/1251 1246/441/1345 1248/442/1346 1251/428/1254
f 1249/425/1296 1201/428/1294 1250/442/1347 1248/441/1346
f 1251/425/1254 1248/441/1346 1250/442/1347 1252/428/1348
f 1251/425/1254 1252/426/1348 1196/427/1286 1174/428/1255
f 1252/425/1348 1253/426/1327 1224/427/1287 1196/428/1286
f 1252/425/1348 1250/441/1347 1254/442/1349 1253/428/1327
f 1253/425/1327 1254/441/1349 1255/442/1350 1223/428/1325
f 1201/425/1294 1204/428/1295 1254/442/1349 1250/441/1347
f 1204/425/1295 1206/428/1298 1255/442/1350 1254/441/1349
f 1206/425/1298 1261/428/1301 1232/442/1330 1255/441/1350
f 1223/425/1325 1255/441/1350 1232/442/1330 1226/428/1326
f 1247/425/1344 1183/428/1264 1202/427/1268 1249/426/1296
f 1245/425/1342 1256/428/1265 1183/427/1264 1247/426/1344
f 1243/425/1341 1257/428/1351 1256/427/1265 1245/426/1342
f 1181/423/1266 1256/424/1265 1257/422/1351 1259/420/1270
f 1241/425/1338 1258/428/1352 1257/427/1351 1243/426/1341
f 1259/420/1270 1257/422/1351 1258/421/1352 1157/419/1232
f 1157/419/1353 1160/419/1244 1161/420/1244 1259/420/1353
f 1236/425/1335 1260/428/1199 1258/427/1352 1241/426/1338
f 1157/419/1232 1258/421/1352 1260/403/1199 1140/402/1198
f 1234/425/1334 1142/428/1200 1260/427/1199 1236/426/1335
f 1231/425/1333 1262/428/1204 1142/427/1200 1234/426/1334
f 1261/425/1301 1207/428/1300 1262/427/1204 1231/426/1333
f 1141/408/1202 1262/407/1204 1207/440/1300 1209/439/1302
f 1210/416/1354 1263/415/1354 1264/415/1354
f 1193/415/1355 1195/415/1355 1212/415/1356 1263/415/1356
f 1264/415/1357 1263/415/1356 1212/415/1356 1199/415/1357
