# Blender 5.1.2
# www.blender.org
mtllib lamb.mtl
o lamb
v -0.545762 0.987732 -1.448309
v 0.000000 0.248814 -1.922985
v 0.000000 0.994996 -1.501467
v 0.000000 0.638509 2.231292
v -0.564990 1.236365 0.268856
v 0.000000 1.331574 0.278335
v 0.000000 0.881287 1.025563
v -0.731437 0.977411 0.752068
v -0.645479 1.183683 -0.559808
v -0.817353 0.232046 -0.578027
v 0.000000 1.281766 -0.641645
v -0.681719 0.861222 -2.119261
v -0.722807 0.352606 -2.143079
v 0.000000 0.433938 -2.247741
v 0.000000 0.966300 -2.136074
v -0.789724 0.847006 -1.745684
v -0.749279 0.932233 -0.382650
v -0.770353 0.882632 0.166384
v -0.693709 0.955524 0.857473
v -0.514156 1.251673 0.333126
v -0.566437 1.174764 -0.816300
v -0.771392 0.902938 -0.417161
v -0.792211 0.841408 0.166706
v -0.563037 1.222163 0.264746
v -0.739666 0.868051 0.166264
v -0.704796 0.955455 0.739179
v -0.639598 1.169371 -0.559929
v -0.719490 0.918215 -0.382553
v -0.757776 0.933179 0.892309
v -0.549339 1.282762 0.285340
v 0.000000 1.276668 0.310627
v 0.000000 1.300486 0.326122
v 0.000000 0.912030 0.977776
v 0.000000 0.888211 0.962281
v -0.726773 0.914215 0.859677
v -0.516326 1.227370 0.307029
v -0.459758 0.248814 -1.947879
v -0.288580 0.635676 2.233145
v -0.350602 0.264773 2.170912
v -0.437195 0.877786 0.987189
v -0.471005 0.421705 -2.263494
v -0.409744 0.935900 -2.122758
v -0.400670 0.909362 0.937353
v -0.390656 0.879447 0.931761
v -0.663655 0.256329 1.968577
v -0.756861 0.663111 1.956405
v -0.862907 0.745784 -0.639773
v -0.767455 0.949133 1.412549
v -0.769374 0.564569 -2.150057
v -0.809492 0.831941 -1.212157
v -0.986490 0.219481 -1.029634
v -0.990539 0.626516 -1.041978
v -0.993967 0.534216 -1.790183
v -0.940584 0.313092 -1.829409
v -0.997624 0.714568 -1.250063
v -1.018567 0.736513 -1.587155
v -0.847610 0.711506 0.544801
v -0.856039 0.235257 0.393119
v -0.903252 0.239989 1.521889
v -1.004147 0.239580 0.576684
v -1.033602 0.773017 0.857764
v -1.007977 0.643219 0.683188
v -0.990843 0.610510 1.431868
v -0.528143 0.685772 2.163525
v -0.735722 0.686284 -0.781994
v -0.484953 0.493609 -2.285192
v 0.000000 0.485990 -2.275860
v -0.419600 0.722599 -2.280504
v 0.000000 0.752257 -2.283061
v 0.000000 0.480395 2.236347
v -0.252066 0.484116 2.221721
v -0.359102 0.275045 2.084095
v 0.000000 0.480184 2.136432
v -0.252441 0.483905 2.121806
v -0.366593 0.846760 1.502260
v 0.000000 0.849819 1.430471
v -0.778258 0.919580 1.666702
v -0.683605 0.234379 0.555466
v -0.683551 0.680820 1.404077
v -0.678929 0.677854 0.626950
v -0.681884 0.796584 0.955659
v -0.646470 0.230259 -0.980385
v -0.663882 0.226944 -1.812822
v -0.616012 0.757835 -1.686651
v -0.645492 0.593867 -1.029248
v -0.613582 0.539324 -1.850181
v -0.650381 0.741508 -1.235648
v -0.924649 0.509870 -0.641181
v -0.805703 0.505353 -0.739690
v -1.013459 0.769718 1.154189
v -0.629501 1.229851 -0.641645
v -0.599615 0.959746 -1.513149
v 0.000000 1.015157 -1.439951
v 0.000000 1.214536 -0.814866
v 0.000000 0.986609 -1.427063
v 0.000000 1.185987 -0.803991
v -0.564413 1.146215 -0.805425
v -0.543738 0.959183 -1.435610
v -0.677878 0.237081 1.516310
v 0.545761 0.987732 -1.448309
v 0.564990 1.236365 0.268856
v 0.731437 0.977411 0.752068
v 0.645479 1.183683 -0.559808
v 0.817353 0.232046 -0.578027
v 0.681719 0.861222 -2.119261
v 0.722806 0.352606 -2.143079
v 0.789723 0.847006 -1.745684
v 0.749279 0.932233 -0.382650
v 0.770353 0.882632 0.166384
v 0.693709 0.955524 0.857473
v 0.514156 1.251673 0.333126
v 0.566437 1.174764 -0.816300
v 0.771392 0.902938 -0.417161
v 0.792211 0.841408 0.166706
v 0.563036 1.222163 0.264746
v 0.739666 0.868051 0.166264
v 0.704796 0.955455 0.739179
v 0.639598 1.169371 -0.559929
v 0.719490 0.918215 -0.382553
v 0.757776 0.933179 0.892309
v 0.549339 1.282762 0.285340
v 0.726773 0.914215 0.859677
v 0.516325 1.227370 0.307029
v 0.459758 0.248814 -1.947879
v 0.288580 0.635676 2.233145
v 0.350602 0.264773 2.170912
v 0.437195 0.877786 0.987189
v 0.471005 0.421705 -2.263494
v 0.409744 0.935900 -2.122758
v 0.400670 0.909362 0.937353
v 0.390656 0.879447 0.931761
v 0.663655 0.256329 1.968577
v 0.756860 0.663111 1.956405
v 0.862907 0.745784 -0.639773
v 0.767455 0.949133 1.412549
v 0.769374 0.564569 -2.150057
v 0.809492 0.831941 -1.212157
v 0.986490 0.219481 -1.029634
v 0.990539 0.626516 -1.041978
v 0.993967 0.534216 -1.790183
v 0.940584 0.313092 -1.829409
v 0.997624 0.714568 -1.250063
v 1.018567 0.736513 -1.587155
v 0.847610 0.711506 0.544801
v 0.856039 0.235257 0.393119
v 0.903252 0.239989 1.521889
v 1.004147 0.239580 0.576684
v 1.033602 0.773017 0.857764
v 1.007977 0.643219 0.683188
v 0.990843 0.610510 1.431868
v 0.528143 0.685772 2.163525
v 0.735722 0.686284 -0.781994
v 0.484953 0.493609 -2.285192
v 0.419600 0.722599 -2.280504
v 0.252066 0.484116 2.221721
v 0.359102 0.275045 2.084095
v 0.252441 0.483905 2.121806
v 0.366593 0.846760 1.502260
v 0.778257 0.919580 1.666702
v 0.683605 0.234379 0.555466
v 0.683551 0.680820 1.404077
v 0.678928 0.677854 0.626950
v 0.681884 0.796584 0.955659
v 0.646469 0.230259 -0.980385
v 0.663882 0.226944 -1.812822
v 0.616012 0.757835 -1.686651
v 0.645492 0.593867 -1.029248
v 0.613582 0.539324 -1.850181
v 0.650381 0.741508 -1.235648
v 0.924649 0.509870 -0.641181
v 0.805703 0.505353 -0.739690
v 1.013460 0.769718 1.154189
v 0.629500 1.229851 -0.641645
v 0.599615 0.959746 -1.513149
v 0.564413 1.146215 -0.805425
v 0.543738 0.959183 -1.435610
v 0.677878 0.237081 1.516310
v -0.860218 0.990318 0.800130
v -0.847551 1.014365 0.819591
v -0.845616 0.994824 0.789213
v -0.819750 1.018871 0.795927
v -0.747867 0.847185 0.894255
v -0.730564 0.880034 0.920837
v -0.736475 0.873151 0.853930
v -0.719173 0.906000 0.880513
v -0.950512 0.959440 0.788606
v -0.981951 1.057062 0.780880
v -0.948132 0.949443 0.729689
v -0.988865 1.075925 0.719680
v -0.820556 0.967870 0.842323
v -0.837371 1.056931 0.840626
v -0.779757 0.960366 0.799287
v -0.801543 1.075756 0.797089
v 0.860218 0.990318 0.800131
v 0.847551 1.014365 0.819591
v 0.845616 0.994824 0.789213
v 0.819750 1.018871 0.795927
v 0.747867 0.847185 0.894255
v 0.730564 0.880034 0.920837
v 0.736475 0.873152 0.853930
v 0.719172 0.906000 0.880513
v 0.950512 0.959440 0.788606
v 0.981951 1.057062 0.780880
v 0.948132 0.949443 0.729689
v 0.988865 1.075925 0.719680
v 0.820556 0.967870 0.842323
v 0.837371 1.056931 0.840626
v 0.779757 0.960366 0.799287
v 0.801543 1.075756 0.797089
v -0.595131 1.077750 -1.901000
v -0.625448 1.133421 -1.901000
v -0.595131 1.067836 -2.074707
v -0.625448 1.102693 -2.074707
v -0.001152 1.067836 -2.074707
v -0.001152 1.102693 -2.074707
v -0.001152 1.077750 -1.901000
v -0.001152 1.133421 -1.901000
v -0.278095 0.966409 -1.906336
v -0.278095 1.114459 -1.966234
v -0.278095 0.943463 -1.981682
v -0.278095 1.091512 -2.041580
v -0.237873 0.966409 -1.906336
v -0.237873 1.114459 -1.966234
v -0.237873 0.943463 -1.981682
v -0.237873 1.091512 -2.041580
v 0.592826 1.077750 -1.901000
v 0.623143 1.133421 -1.901000
v 0.592826 1.067836 -2.074707
v 0.623143 1.102693 -2.074707
v 0.275790 0.966409 -1.906336
v 0.275790 1.114459 -1.966234
v 0.275790 0.943463 -1.981682
v 0.275790 1.091512 -2.041580
v 0.235568 0.966409 -1.906336
v 0.235568 1.114459 -1.966234
v 0.235568 0.943463 -1.981682
v 0.235568 1.091512 -2.041580
v -0.000576 0.266273 2.101232
v -0.291074 0.264873 2.102692
v -0.614742 0.267772 1.911809
v -0.820249 0.263080 1.519909
v -0.001152 0.268111 2.266433
v -0.342217 0.264694 2.268260
v -0.723636 0.268111 2.043319
v -0.965812 0.262582 1.581492
v -0.291074 0.219170 2.102692
v -0.001152 0.222070 2.101142
v -0.614742 0.222070 1.911809
v -0.820249 0.217378 1.519909
v -0.342217 0.218991 2.268260
v -0.001152 0.222408 2.266433
v -0.723636 0.222408 2.043319
v -0.965812 0.216879 1.581492
v 0.288769 0.264873 2.102692
v 0.612437 0.267772 1.911809
v 0.817944 0.263080 1.519909
v 0.339912 0.264694 2.268260
v 0.721331 0.268111 2.043319
v 0.963507 0.262582 1.581492
v 0.288769 0.219170 2.102692
v 0.612437 0.222070 1.911809
v 0.817944 0.217378 1.519909
v 0.339912 0.218991 2.268260
v 0.721331 0.222408 2.043319
v 0.963507 0.216879 1.581492
v -0.076852 0.601539 -2.350908
v -0.076852 0.621816 -2.092865
v -0.038479 0.579385 -2.350908
v -0.020919 0.589523 -2.092865
v -0.038479 0.535076 -2.350908
v -0.020919 0.524938 -2.092865
v -0.076852 0.512922 -2.350908
v -0.076852 0.492645 -2.092865
v -0.115224 0.535076 -2.350908
v -0.132785 0.524938 -2.092865
v -0.115224 0.579385 -2.350908
v -0.132785 0.589523 -2.092865
v -0.076852 0.621816 -2.350908
v -0.020919 0.589523 -2.350908
v -0.020919 0.524938 -2.350908
v -0.076852 0.492645 -2.350908
v -0.132785 0.524938 -2.350908
v -0.132785 0.589523 -2.350908
v -0.076852 0.601539 -2.072277
v -0.038479 0.579385 -2.072277
v -0.038479 0.535076 -2.072277
v -0.076852 0.512922 -2.072277
v -0.115224 0.535076 -2.072277
v -0.115224 0.579385 -2.072277
v 0.076852 0.601539 -2.350908
v 0.076852 0.621816 -2.092865
v 0.038479 0.579385 -2.350908
v 0.020919 0.589523 -2.092865
v 0.038479 0.535076 -2.350908
v 0.020919 0.524938 -2.092865
v 0.076852 0.512922 -2.350908
v 0.076852 0.492645 -2.092865
v 0.115224 0.535076 -2.350908
v 0.132785 0.524938 -2.092865
v 0.115224 0.579385 -2.350908
v 0.132785 0.589523 -2.092865
v 0.076852 0.621816 -2.350908
v 0.020919 0.589523 -2.350908
v 0.020919 0.524938 -2.350908
v 0.076852 0.492645 -2.350908
v 0.132785 0.524938 -2.350908
v 0.132785 0.589523 -2.350908
v 0.076852 0.601539 -2.072277
v 0.038479 0.579385 -2.072277
v 0.038479 0.535076 -2.072277
v 0.076852 0.512922 -2.072277
v 0.115224 0.535076 -2.072277
v 0.115224 0.579385 -2.072277
v -0.221518 0.590930 -2.338260
v -0.221518 0.606353 -2.142000
v -0.192333 0.574080 -2.338260
v -0.178977 0.581792 -2.142000
v -0.192333 0.540380 -2.338260
v -0.178977 0.532669 -2.142000
v -0.221518 0.523531 -2.338260
v -0.221518 0.508108 -2.142000
v -0.250703 0.540380 -2.338260
v -0.264059 0.532669 -2.142000
v -0.250703 0.574080 -2.338260
v -0.264059 0.581792 -2.142000
v -0.221518 0.606353 -2.338260
v -0.178977 0.581792 -2.338260
v -0.178977 0.532669 -2.338260
v -0.221518 0.508108 -2.338260
v -0.264059 0.532669 -2.338260
v -0.264059 0.581792 -2.338260
v -0.221518 0.590930 -2.126342
v -0.192333 0.574080 -2.126342
v -0.192333 0.540381 -2.126342
v -0.221518 0.523531 -2.126342
v -0.250703 0.540381 -2.126342
v -0.250703 0.574080 -2.126342
v 0.221518 0.590930 -2.338260
v 0.221518 0.606353 -2.142000
v 0.192333 0.574080 -2.338260
v 0.178977 0.581792 -2.142000
v 0.192333 0.540381 -2.338260
v 0.178977 0.532669 -2.142000
v 0.221518 0.523531 -2.338260
v 0.221518 0.508108 -2.142000
v 0.250703 0.540381 -2.338260
v 0.264059 0.532669 -2.142000
v 0.250703 0.574080 -2.338260
v 0.264059 0.581792 -2.142000
v 0.221518 0.606353 -2.338260
v 0.178977 0.581792 -2.338260
v 0.178977 0.532669 -2.338260
v 0.221518 0.508108 -2.338260
v 0.264059 0.532669 -2.338260
v 0.264059 0.581792 -2.338260
v 0.221518 0.590930 -2.126342
v 0.192333 0.574080 -2.126342
v 0.192333 0.540381 -2.126342
v 0.221518 0.523531 -2.126342
v 0.250703 0.540381 -2.126342
v 0.250703 0.574080 -2.126342
v -0.372305 0.614357 -2.174558
v -0.372305 0.614357 -2.325447
v -0.339976 0.601241 -2.325447
v -0.372305 0.557519 -2.174558
v -0.372305 0.557519 -2.325447
v -0.339976 0.557519 -2.325447
v -0.311413 0.687661 -2.174558
v -0.311413 0.687661 -2.325447
v -0.295141 0.656366 -2.325447
v 0.000000 0.685812 -2.174556
v 0.000000 0.685812 -2.325445
v 0.000000 0.656367 -2.325445
v 0.000000 0.557519 -2.294553
v -0.339976 0.601241 -2.294555
v -0.339976 0.557519 -2.294555
v -0.295141 0.656366 -2.294555
v 0.000000 0.656367 -2.294552
v -0.372305 0.500682 -2.174558
v -0.372305 0.500682 -2.325447
v -0.339976 0.513798 -2.325447
v -0.311413 0.427378 -2.174558
v -0.311413 0.427378 -2.325447
v -0.295141 0.458672 -2.325447
v 0.000000 0.429226 -2.174556
v 0.000000 0.429226 -2.325445
v 0.000000 0.458672 -2.325445
v -0.339976 0.513798 -2.294555
v -0.295141 0.458672 -2.294555
v 0.000000 0.458672 -2.294552
v 0.372305 0.614357 -2.174558
v 0.372305 0.614357 -2.325447
v 0.339976 0.601241 -2.325447
v 0.372305 0.557519 -2.174558
v 0.372305 0.557519 -2.325447
v 0.339976 0.557519 -2.325447
v 0.311413 0.687661 -2.174558
v 0.311413 0.687661 -2.325447
v 0.295141 0.656366 -2.325447
v 0.339976 0.601241 -2.294555
v 0.339976 0.557519 -2.294555
v 0.295141 0.656366 -2.294555
v 0.372305 0.500682 -2.174558
v 0.372305 0.500682 -2.325447
v 0.339976 0.513798 -2.325447
v 0.311413 0.427378 -2.174558
v 0.311413 0.427378 -2.325447
v 0.295141 0.458672 -2.325447
v 0.339976 0.513798 -2.294555
v 0.295141 0.458672 -2.294555
v -0.637291 1.228740 -1.871674
v -0.678624 1.190589 -2.127836
v -0.690482 1.228934 -1.865394
v -0.721524 1.191413 -2.115525
v -0.577455 1.004643 -2.090857
v -0.541440 1.036570 -1.879550
v -0.620355 1.005467 -2.078546
v -0.594631 1.036764 -1.873270
v 0.637291 1.228740 -1.871674
v 0.678624 1.190589 -2.127836
v 0.690482 1.228934 -1.865394
v 0.721524 1.191413 -2.115525
v 0.577455 1.004643 -2.090857
v 0.541440 1.036570 -1.879550
v 0.620355 1.005467 -2.078546
v 0.594631 1.036764 -1.873270
v -0.324483 0.402605 2.187356
v -0.324483 0.433831 2.187356
v -0.324483 0.402605 2.030793
v -0.324483 0.433831 2.030793
v 0.322178 0.402605 2.187356
v 0.322178 0.433831 2.187356
v 0.322178 0.402605 2.030793
v 0.322178 0.433831 2.030793
v -0.356572 0.314513 2.151030
v -0.356572 0.345739 2.151030
v -0.356572 0.314513 1.994468
v -0.356572 0.345739 1.994468
v 0.354267 0.314513 2.151030
v 0.354267 0.345739 2.151030
v 0.354267 0.314513 1.994468
v 0.354267 0.345739 1.994468
v -0.179431 0.313874 -2.011461
v -0.179431 0.435956 -2.011461
v -0.179431 0.276744 -2.174122
v -0.179431 0.435956 -2.223449
v -0.139927 0.313874 -2.011461
v -0.139927 0.435956 -2.011461
v -0.139927 0.276744 -2.174122
v -0.139927 0.435956 -2.223449
v 0.179431 0.313874 -2.011461
v 0.179431 0.435956 -2.011461
v 0.179431 0.276744 -2.174122
v 0.179431 0.435956 -2.223449
v 0.139927 0.313874 -2.011461
v 0.139927 0.435956 -2.011461
v 0.139927 0.276744 -2.174122
v 0.139927 0.435956 -2.223449
v -0.469966 0.298922 -1.971475
v -0.469966 0.432518 -1.971475
v -0.469966 0.258290 -2.134136
v -0.469966 0.432518 -2.183463
v -0.437528 0.298922 -1.971475
v -0.437528 0.432518 -1.971475
v -0.437528 0.258290 -2.134136
v -0.437528 0.432518 -2.183463
v 0.469966 0.298922 -1.971475
v 0.469966 0.432518 -1.971475
v 0.469966 0.258290 -2.134136
v 0.469966 0.432518 -2.183463
v 0.437528 0.298922 -1.971475
v 0.437528 0.432518 -1.971475
v 0.437528 0.258290 -2.134136
v 0.437528 0.432518 -2.183463
v 0.739471 0.293472 -1.857722
v 0.739471 0.334952 -1.857722
v 0.739471 0.261635 -2.101537
v 0.739471 0.303115 -2.101537
v 0.183654 0.268711 -2.201126
v 0.261450 0.224658 -2.201126
v 0.261450 0.266138 -2.201126
v 0.183654 0.310191 -2.201126
v 0.261450 0.267751 -1.871113
v 0.183654 0.311803 -1.871113
v 0.183654 0.353283 -1.871113
v 0.261450 0.309231 -1.871113
v -0.001152 0.268711 -2.201126
v -0.001152 0.310191 -2.201126
v -0.001152 0.311803 -1.871113
v -0.001152 0.353283 -1.871113
v -0.741776 0.293472 -1.857722
v -0.741776 0.334952 -1.857722
v -0.741776 0.261635 -2.101537
v -0.741776 0.303115 -2.101537
v -0.185959 0.268711 -2.201126
v -0.263755 0.224658 -2.201126
v -0.263755 0.266138 -2.201126
v -0.185959 0.310191 -2.201126
v -0.263755 0.267751 -1.871113
v -0.185959 0.311803 -1.871113
v -0.185959 0.353283 -1.871113
v -0.263755 0.309231 -1.871113
v -0.229995 0.284846 -2.227672
v -0.208278 0.269103 -2.227672
v -0.208278 0.425181 -2.227672
v -0.229995 0.409437 -2.227672
v -0.200498 0.290486 -2.258108
v -0.200498 0.403798 -2.258108
v 0.225231 0.269103 -2.227672
v 0.246948 0.284846 -2.227672
v 0.246948 0.409437 -2.227672
v 0.225231 0.425181 -2.227672
v 0.217451 0.290486 -2.258108
v 0.217451 0.403798 -2.258108
v -0.229995 0.284846 -2.258108
v -0.208278 0.269103 -2.258108
v -0.208278 0.425181 -2.258108
v -0.229995 0.409437 -2.258108
v 0.225231 0.269103 -2.258108
v 0.246948 0.284846 -2.258108
v 0.246948 0.409437 -2.258108
v 0.225231 0.425181 -2.258108
vn -0.5021 -0.1470 0.8522
vn -0.7260 -0.1850 0.6623
vn -0.4299 -0.1719 0.8864
vn -0.1004 0.9416 -0.3214
vn -0.0000 0.9821 -0.1882
vn -0.2948 0.9480 -0.1204
vn -0.0000 0.9990 -0.0452
vn -0.1472 0.9860 -0.0788
vn -0.0000 0.5301 -0.8480
vn 0.1701 0.2245 -0.9595
vn 0.2167 0.2490 -0.9440
vn -0.0000 0.9790 -0.2039
vn -0.0864 0.9949 -0.0523
vn -0.0000 0.9985 -0.0541
vn 0.0096 -0.8925 -0.4510
vn -0.0611 -0.9345 -0.3508
vn -0.0826 -0.9745 -0.2086
vn -0.9795 0.2013 -0.0085
vn -0.9471 0.3185 -0.0407
vn -0.9951 -0.0884 -0.0448
vn -0.1613 -0.3208 -0.9333
vn -0.0000 -0.2447 -0.9696
vn -0.0000 -0.4753 -0.8798
vn -0.9950 0.0848 -0.0524
vn -0.9994 0.0326 -0.0116
vn -0.9879 0.1196 -0.0985
vn -0.5873 0.8082 0.0428
vn -0.8667 0.4713 0.1632
vn -0.8843 0.4615 0.0715
vn -0.6797 -0.5229 -0.5143
vn 0.2472 0.5042 0.8274
vn 0.6180 0.2670 0.7395
vn 0.6330 0.2539 0.7313
vn -0.3047 0.9458 -0.1125
vn -0.4458 0.8940 -0.0449
vn -0.8859 0.4626 0.0355
vn -0.9314 0.3591 -0.0595
vn -0.9391 0.3178 -0.1307
vn -0.8715 0.4904 -0.0100
vn -0.9410 0.3370 -0.0305
vn -0.9858 0.1570 -0.0599
vn -0.9643 0.2519 0.0817
vn -0.8437 0.5296 0.0877
vn -0.8835 0.4684 -0.0046
vn -0.8957 0.4445 -0.0088
vn -0.9275 0.3703 0.0503
vn -0.9020 0.4317 0.0057
vn -0.9368 0.3439 0.0650
vn -0.8947 0.4466 -0.0011
vn -0.8932 0.4495 -0.0142
vn 0.4318 0.9014 -0.0329
vn 0.4237 0.9005 0.0976
vn 0.4235 0.9006 0.0976
vn -0.9894 -0.1097 -0.0951
vn 0.5731 0.8022 -0.1676
vn 0.4289 0.9028 -0.0317
vn -0.0227 0.8610 0.5081
vn -0.0106 0.8365 0.5479
vn -0.0220 0.8594 0.5107
vn 0.0273 -0.3542 -0.9348
vn -0.0000 -0.3559 -0.9345
vn 0.0528 0.9633 0.2632
vn -0.0358 0.8549 0.5176
vn 0.0051 0.8405 0.5417
vn -0.0000 0.8366 0.5478
vn 0.7840 -0.6185 -0.0528
vn 0.9436 -0.2891 0.1613
vn 0.9475 -0.2695 0.1722
vn -0.0000 0.9538 0.3004
vn -0.0000 0.8410 0.5410
vn -0.0000 -0.8720 -0.4895
vn -0.0000 -0.9666 -0.2565
vn -0.6362 -0.1831 -0.7495
vn -0.2189 -0.1071 -0.9699
vn 0.1913 -0.1800 -0.9649
vn 0.1856 -0.1999 -0.9621
vn 0.1273 0.9782 0.1639
vn -0.0000 0.9877 0.1561
vn 0.8984 -0.4262 -0.1060
vn 0.9096 -0.4144 -0.0311
vn 0.9124 -0.4093 -0.0026
vn -0.7804 0.1966 0.5936
vn -0.8886 -0.1409 0.4366
vn -0.8946 0.2826 0.3462
vn -0.8413 0.4637 0.2779
vn -0.8206 0.5502 0.1547
vn -0.9954 0.0661 -0.0696
vn -0.9664 0.2541 -0.0390
vn -0.4580 0.8885 0.0293
vn -0.5476 0.8097 0.2107
vn -0.7898 0.6131 -0.0169
vn -0.7683 0.4702 -0.4343
vn -0.9199 0.2982 -0.2546
vn -0.8437 0.4192 -0.3352
vn -0.7006 0.5261 -0.4821
vn -0.6430 0.5021 -0.5782
vn -0.5955 -0.0297 -0.8028
vn -0.8270 -0.1334 -0.5462
vn -0.8393 -0.1081 -0.5329
vn -0.6529 0.4661 -0.5971
vn -0.7409 0.2025 -0.6404
vn -0.6914 0.3855 -0.6110
vn -0.5213 0.8183 -0.2423
vn -0.5035 0.8500 -0.1546
vn -0.7675 0.5271 0.3647
vn -0.0347 0.4044 0.9139
vn -0.0000 0.4112 0.9115
vn -0.0000 0.4115 0.9114
vn -0.5721 0.5927 0.5669
vn 0.5961 0.3898 0.7019
vn -0.1618 0.3026 -0.9393
vn -0.0000 -0.0270 -0.9996
vn -0.3350 0.3730 -0.8653
vn -0.1073 0.5885 -0.8013
vn -0.0000 0.5770 -0.8167
vn -0.0000 0.5661 -0.8243
vn -0.1326 -0.0904 0.9870
vn -0.1666 -0.0978 0.9812
vn -0.0000 -0.0046 1.0000
vn -0.0001 -0.1579 0.9874
vn -0.0539 -0.1556 0.9863
vn -0.0509 -0.1522 0.9870
vn -0.0149 -0.9999 0.0022
vn -0.0000 -1.0000 0.0021
vn 0.2196 0.9739 0.0569
vn 0.1779 0.9837 -0.0269
vn -0.5420 0.8404 -0.0046
vn 0.1694 0.9473 0.2720
vn 0.0460 0.9610 0.2726
vn -0.0109 -0.9999 0.0062
vn 0.0203 -0.9998 0.0051
vn -0.0155 -0.9998 0.0110
vn -1.0000 -0.0067 0.0005
vn -0.9999 -0.0147 -0.0075
vn -1.0000 -0.0007 -0.0015
vn -0.0320 -0.2431 -0.9695
vn -0.0304 -0.2439 -0.9693
vn -0.0290 -0.2446 -0.9692
vn 0.0381 -0.9699 -0.2405
vn -0.0186 -0.9982 0.0569
vn 0.0368 -0.9252 -0.3777
vn 0.1129 -0.2135 0.9704
vn 0.1345 -0.1967 0.9712
vn 0.0598 -0.2541 0.9653
vn 0.0457 -0.8968 0.4400
vn 0.0767 -0.9566 0.2810
vn 0.1848 -0.7755 0.6037
vn 0.0027 -1.0000 0.0057
vn 0.0292 -0.9994 0.0169
vn 0.0296 -0.9995 0.0070
vn -0.0238 -0.9358 -0.3518
vn -0.2670 -0.9156 -0.3007
vn 0.0810 -0.0256 0.9964
vn 0.1007 -0.3169 0.9431
vn 0.1781 -0.4467 0.8768
vn 0.1641 -0.6291 0.7598
vn 0.2097 -0.6798 0.7028
vn 0.0843 -0.0757 -0.9936
vn 0.0926 -0.0833 -0.9922
vn 0.0340 -0.0300 -0.9990
vn 0.0312 -0.8825 -0.4692
vn 0.0300 -0.9569 -0.2887
vn -0.0555 -0.8127 -0.5800
vn 0.0599 -0.9970 -0.0485
vn 0.0847 -0.9703 -0.2265
vn 0.0409 -0.9988 0.0278
vn 0.0398 -0.9991 -0.0110
vn 0.1089 -0.9859 -0.1273
vn 0.6652 -0.1461 0.7323
vn 0.6788 -0.1382 0.7212
vn 0.6250 -0.1681 0.7623
vn 0.1844 -0.8371 0.5151
vn -0.9661 -0.0016 0.2580
vn -0.0231 0.9505 -0.3100
vn -0.0713 0.9791 -0.1902
vn -0.0000 0.9322 -0.3618
vn -0.0000 0.9557 -0.2944
vn -0.0563 0.9535 -0.2959
vn -0.0000 0.9524 -0.3048
vn 0.9971 0.0747 0.0105
vn 0.9971 0.0753 0.0103
vn 0.0653 -0.7275 0.6830
vn -0.0000 -0.5539 0.8326
vn -0.0000 -0.5453 0.8382
vn -0.0118 -0.9990 0.0429
vn 0.0185 -0.9995 0.0260
vn -0.9615 0.2739 0.0226
vn -0.9990 0.0190 -0.0399
vn -0.9651 -0.1114 0.2369
vn -0.8995 -0.2691 0.3444
vn -0.0000 0.8639 0.5037
vn -0.0477 0.8649 0.4996
vn -0.0000 0.8590 0.5120
vn -0.0000 0.9624 0.2717
vn -0.0677 0.8658 0.4958
vn -0.0146 0.8723 0.4887
vn 0.7260 -0.1850 0.6623
vn 0.7804 0.1966 0.5936
vn 0.5021 -0.1470 0.8522
vn 0.1004 0.9416 -0.3214
vn -0.0000 0.9503 -0.3114
vn 0.1472 0.9860 -0.0788
vn -0.1701 0.2245 -0.9595
vn -0.2167 0.2490 -0.9440
vn 0.0864 0.9949 -0.0523
vn 0.0713 0.9791 -0.1902
vn -0.0096 -0.8925 -0.4510
vn 0.0826 -0.9745 -0.2086
vn 0.0611 -0.9345 -0.3508
vn 0.9795 0.2013 -0.0085
vn 0.9471 0.3185 -0.0407
vn 0.9664 0.2541 -0.0390
vn 0.1613 -0.3208 -0.9333
vn 0.2189 -0.1071 -0.9699
vn 0.9879 0.1196 -0.0985
vn 0.9962 0.0445 -0.0743
vn 0.9994 0.0326 -0.0116
vn 0.8667 0.4713 0.1632
vn 0.5873 0.8082 0.0428
vn 0.8843 0.4615 0.0715
vn 0.6797 -0.5229 -0.5143
vn -0.6180 0.2670 0.7395
vn -0.2472 0.5042 0.8274
vn -0.6330 0.2539 0.7313
vn 0.3047 0.9458 -0.1125
vn 0.2948 0.9480 -0.1204
vn 0.4458 0.8940 -0.0449
vn 0.8859 0.4626 0.0355
vn 0.9391 0.3178 -0.1307
vn 0.9314 0.3591 -0.0595
vn 0.9410 0.3370 -0.0305
vn 0.8715 0.4904 -0.0100
vn 0.9858 0.1570 -0.0599
vn 0.9643 0.2519 0.0817
vn 0.8437 0.5296 0.0877
vn 0.8835 0.4684 -0.0046
vn 0.9275 0.3703 0.0503
vn 0.9020 0.4317 0.0057
vn 0.8947 0.4466 -0.0011
vn 0.8932 0.4495 -0.0142
vn -0.4237 0.9005 0.0976
vn -0.4318 0.9014 -0.0329
vn -0.4235 0.9006 0.0976
vn 0.9894 -0.1097 -0.0951
vn -0.5731 0.8022 -0.1676
vn -0.5774 0.7991 -0.1677
vn 0.0227 0.8610 0.5081
vn 0.0106 0.8365 0.5479
vn -0.0051 0.8405 0.5417
vn -0.0273 -0.3542 -0.9348
vn -0.0000 -0.3560 -0.9345
vn -0.0528 0.9633 0.2632
vn 0.0358 0.8549 0.5176
vn -0.0000 0.8382 0.5453
vn -0.9436 -0.2891 0.1613
vn -0.7840 -0.6185 -0.0528
vn -0.9475 -0.2695 0.1722
vn 0.6362 -0.1831 -0.7495
vn 0.5955 -0.0297 -0.8028
vn -0.1913 -0.1800 -0.9649
vn -0.1273 0.9782 0.1639
vn -0.9096 -0.4144 -0.0311
vn -0.8984 -0.4262 -0.1060
vn -0.9124 -0.4093 -0.0026
vn 0.8886 -0.1409 0.4366
vn 0.8413 0.4637 0.2779
vn 0.8946 0.2826 0.3462
vn 0.8206 0.5502 0.1547
vn 0.9954 0.0661 -0.0696
vn 0.4580 0.8885 0.0293
vn 0.8957 0.4445 -0.0088
vn 0.7898 0.6131 -0.0169
vn 0.7683 0.4702 -0.4343
vn 0.8437 0.4192 -0.3352
vn 0.9199 0.2982 -0.2546
vn 0.7006 0.5261 -0.4821
vn 0.8270 -0.1334 -0.5462
vn 0.6529 0.4661 -0.5971
vn 0.7409 0.2025 -0.6404
vn 0.7585 0.2099 -0.6169
vn 0.5213 0.8183 -0.2423
vn 0.5035 0.8500 -0.1546
vn 0.7675 0.5271 0.3647
vn 0.0347 0.4044 0.9139
vn 0.5721 0.5927 0.5669
vn -0.5961 0.3898 0.7019
vn 0.1618 0.3026 -0.9393
vn 0.1073 0.5885 -0.8013
vn 0.3350 0.3730 -0.8653
vn 0.4299 -0.1719 0.8864
vn 0.1666 -0.0978 0.9812
vn 0.1326 -0.0904 0.9870
vn -0.0000 0.0320 0.9995
vn 0.0538 -0.1558 0.9863
vn 0.0001 -0.1624 0.9867
vn 0.0149 -0.9999 0.0022
vn -0.2196 0.9739 0.0569
vn -0.1779 0.9837 -0.0269
vn 0.5420 0.8404 -0.0046
vn 0.5641 0.8250 -0.0358
vn -0.0460 0.9610 0.2726
vn -0.1694 0.9473 0.2720
vn 0.0109 -0.9999 0.0062
vn 0.0155 -0.9998 0.0110
vn -0.0202 -0.9998 0.0050
vn 1.0000 -0.0007 -0.0015
vn 0.9999 -0.0147 -0.0075
vn 1.0000 -0.0067 0.0005
vn 0.0320 -0.2431 -0.9695
vn 0.0290 -0.2446 -0.9692
vn 0.0304 -0.2439 -0.9693
vn 0.0186 -0.9982 0.0569
vn -0.0767 -0.9566 0.2810
vn -0.0381 -0.9699 -0.2405
vn -0.1129 -0.2135 0.9704
vn -0.1345 -0.1967 0.9712
vn -0.1825 -0.1583 0.9704
vn -0.0457 -0.8968 0.4400
vn -0.1848 -0.7755 0.6037
vn -0.0027 -1.0000 0.0057
vn -0.0296 -0.9995 0.0070
vn -0.0292 -0.9994 0.0169
vn 0.0238 -0.9358 -0.3518
vn 0.2670 -0.9156 -0.3007
vn -0.0810 -0.0256 0.9964
vn -0.1007 -0.3169 0.9431
vn 0.0215 0.1221 0.9923
vn -0.1781 -0.4467 0.8768
vn -0.1641 -0.6291 0.7598
vn -0.0926 -0.0833 -0.9922
vn -0.0843 -0.0757 -0.9936
vn -0.0340 -0.0300 -0.9990
vn -0.0312 -0.8825 -0.4692
vn -0.0300 -0.9569 -0.2887
vn -0.0847 -0.9703 -0.2265
vn -0.0599 -0.9970 -0.0485
vn -0.0409 -0.9988 0.0278
vn -0.1089 -0.9859 -0.1273
vn -0.0399 -0.9991 -0.0111
vn -0.6788 -0.1382 0.7212
vn -0.6652 -0.1461 0.7323
vn -0.6250 -0.1681 0.7623
vn -0.1844 -0.8371 0.5151
vn 0.9661 -0.0016 0.2580
vn 0.0231 0.9505 -0.3100
vn 0.0563 0.9535 -0.2959
vn 0.0438 0.9574 -0.2856
vn -0.9971 0.0753 0.0103
vn -0.9971 0.0747 0.0105
vn -0.0653 -0.7275 0.6830
vn 0.0272 -0.2454 -0.9690
vn 0.9990 0.0190 -0.0399
vn 0.9615 0.2739 0.0226
vn 0.9651 -0.1114 0.2369
vn 0.0477 0.8649 0.4996
vn 0.0677 0.8658 0.4958
vn 0.0146 0.8723 0.4887
vn -0.0000 0.5453 -0.8382
vn -0.9997 0.0036 0.0226
vn -0.9996 0.0065 0.0283
vn -0.9962 0.0445 -0.0743
vn -0.9506 -0.0418 -0.3075
vn 0.2369 0.5091 0.8275
vn -0.9191 -0.3785 0.1096
vn 0.5774 0.7991 -0.1677
vn 0.7779 -0.6257 -0.0584
vn 0.8919 -0.4305 -0.1383
vn -0.7585 0.2099 -0.6169
vn -0.0348 0.4041 0.9140
vn -0.5641 0.8250 -0.0358
vn 0.2529 0.9432 0.2154
vn -0.9998 0.0127 -0.0136
vn -1.0000 0.0034 -0.0004
vn 0.1497 -0.8524 -0.5009
vn 0.1825 -0.1583 0.9704
vn -0.0215 0.1221 0.9923
vn 0.1462 -0.1321 -0.9804
vn 0.0448 -0.9985 -0.0327
vn 0.7158 -0.1159 0.6886
vn -0.0438 0.9574 -0.2856
vn 0.9972 0.0747 0.0105
vn 0.0653 -0.7330 0.6771
vn -0.0272 -0.2454 -0.9690
vn -0.0000 -0.9993 0.0380
vn 0.9951 -0.0884 -0.0448
vn 0.9996 0.0065 0.0283
vn 0.9997 0.0036 0.0226
vn 0.9950 0.0848 -0.0524
vn 0.5476 0.8097 0.2107
vn 0.9506 -0.0418 -0.3075
vn -0.2369 0.5091 0.8275
vn 0.9368 0.3439 0.0650
vn -0.4289 0.9028 -0.0317
vn 0.9191 -0.3785 0.1096
vn 0.0220 0.8594 0.5107
vn -0.7779 -0.6257 -0.0584
vn -0.1856 -0.1999 -0.9621
vn -0.8919 -0.4305 -0.1383
vn 0.6430 0.5021 -0.5782
vn 0.8393 -0.1081 -0.5329
vn 0.6914 0.3855 -0.6110
vn 0.0348 0.4041 0.9140
vn 0.0507 -0.1523 0.9870
vn -0.2529 0.9432 0.2154
vn 1.0000 0.0034 -0.0004
vn 0.9998 0.0127 -0.0136
vn -0.1497 -0.8524 -0.5009
vn -0.0368 -0.9252 -0.3777
vn -0.0598 -0.2541 0.9653
vn -0.2097 -0.6798 0.7028
vn -0.1462 -0.1321 -0.9804
vn 0.0555 -0.8127 -0.5800
vn -0.0448 -0.9985 -0.0327
vn -0.7158 -0.1159 0.6886
vn -0.9972 0.0747 0.0105
vn -0.0653 -0.7330 0.6771
vn 0.0118 -0.9990 0.0429
vn -0.0185 -0.9995 0.0260
vn 0.8995 -0.2691 0.3444
vn 0.5943 0.0196 -0.8040
vn 0.8951 -0.4445 -0.0334
vn -0.7375 -0.1452 0.6595
vn -0.3897 -0.6911 -0.6087
vn 0.3548 0.7409 0.5702
vn -0.9521 -0.3056 0.0134
vn 0.3801 0.0516 -0.9235
vn 0.7304 0.1506 0.6662
vn -0.3801 -0.0516 0.9235
vn -0.0051 -0.9859 0.1671
vn -0.1252 0.9440 0.3051
vn -0.5943 0.0196 -0.8040
vn -0.8951 -0.4445 -0.0334
vn 0.7375 -0.1452 0.6595
vn 0.3897 -0.6911 -0.6087
vn -0.3548 0.7409 0.5702
vn 0.9521 -0.3056 0.0134
vn -0.3801 0.0516 -0.9235
vn -0.7304 0.1506 0.6662
vn 0.3801 -0.0516 0.9235
vn 0.0051 -0.9859 0.1671
vn 0.1252 0.9440 0.3051
vn -0.0000 -0.0000 1.0000
vn -0.0000 0.9847 -0.1742
vn -0.0000 -0.9984 0.0570
vn -0.0000 -0.0000 -1.0000
vn -1.0000 -0.0000 -0.0000
vn -0.0000 -0.3751 -0.9270
vn 1.0000 -0.0000 -0.0000
vn -0.0000 0.3751 0.9270
vn -0.0000 -0.9566 0.2913
vn -0.0000 0.9566 -0.2913
vn -0.0069 0.9999 -0.0083
vn 0.0070 1.0000 0.0033
vn -0.0077 1.0000 -0.0062
vn 0.0069 -0.9999 0.0083
vn -0.0070 -1.0000 -0.0033
vn 0.0100 -0.9999 0.0020
vn -0.0052 0.0010 -1.0000
vn -0.3896 -0.0000 -0.9210
vn -0.8856 -0.0000 0.4644
vn 0.0054 -0.0000 1.0000
vn 0.5080 -0.0000 -0.8614
vn -0.5080 -0.0000 0.8614
vn 0.8856 -0.0000 -0.4644
vn 0.0069 0.9999 -0.0083
vn -0.0070 1.0000 0.0033
vn 0.0077 1.0000 -0.0062
vn -0.0069 -0.9999 0.0083
vn 0.0070 -1.0000 -0.0033
vn -0.0100 -0.9999 0.0020
vn 0.0052 0.0010 -1.0000
vn 0.3896 -0.0000 -0.9210
vn 0.8856 -0.0000 0.4644
vn -0.0054 -0.0000 1.0000
vn -0.5080 -0.0000 -0.8614
vn 0.5080 -0.0000 0.8614
vn -0.8856 -0.0000 -0.4644
vn 0.5000 0.8660 -0.0000
vn 0.5000 -0.8660 -0.0000
vn -0.5000 -0.8660 -0.0000
vn -0.5000 0.8660 -0.0000
vn 0.7758 -0.6310 -0.0000
vn -0.7692 0.6390 -0.0000
vn -0.0000 -1.0000 -0.0000
vn 0.0059 1.0000 -0.0000
vn 0.7758 0.6310 -0.0000
vn -0.7692 -0.6390 -0.0000
vn -0.0000 1.0000 -0.0000
vn 0.0059 -1.0000 -0.0000
vn -0.7758 -0.6310 -0.0000
vn 0.7692 0.6390 -0.0000
vn -0.0059 1.0000 -0.0000
vn -0.7758 0.6310 -0.0000
vn 0.7692 -0.6390 -0.0000
vn -0.0059 -1.0000 -0.0000
vn -0.0176 0.9892 -0.1453
vn 0.1173 0.0178 0.9929
vn -0.8784 -0.4441 0.1766
vn -0.2666 -0.3255 -0.9072
vn 0.0180 -0.9889 0.1474
vn 0.8735 0.4390 -0.2103
vn 0.0176 0.9892 -0.1453
vn -0.1173 0.0178 0.9929
vn 0.8784 -0.4441 0.1766
vn 0.2666 -0.3255 -0.9072
vn -0.0180 -0.9889 0.1474
vn -0.8735 0.4390 -0.2103
vn -0.0000 -0.2959 -0.9552
vn -0.0000 -0.9749 0.2225
vn -0.0000 -0.2724 -0.9622
vn -0.0000 -0.9702 0.2423
vn -0.0497 0.9904 -0.1293
vn 0.2040 -0.0000 -0.9790
vn -0.0280 -0.0000 0.9996
vn -0.0000 -0.9916 0.1295
vn 0.4896 0.8646 -0.1129
vn -0.4896 -0.8646 0.1129
vn 0.0497 -0.9904 0.1293
vn -0.0000 0.9916 -0.1295
vn 0.0497 0.9904 -0.1293
vn -0.2040 -0.0000 -0.9790
vn 0.0280 -0.0000 0.9996
vn -0.4896 0.8646 -0.1129
vn 0.4896 -0.8646 0.1129
vn -0.0497 -0.9904 0.1293
vn -0.5869 -0.8096 -0.0000
vn -0.5869 0.8096 -0.0000
vn 0.5869 -0.8096 -0.0000
vn 0.5869 0.8096 -0.0000
vt 0.030514 0.530533
vt 0.019426 0.519229
vt 0.016922 0.530533
vt 0.027720 0.518304
vt 0.016572 0.516813
vt 0.030864 0.516813
vt 0.030864 0.537776
vt 0.030864 0.537775
vt 0.030864 0.516812
vt 0.016572 0.537776
vt 0.030864 0.537776
vt 0.975363 0.430900
vt 0.975363 0.409937
vt 0.989654 0.422630
vt 0.030864 0.537776
vt 0.975363 0.416627
vt 0.989654 0.422630
vt 0.030864 0.516812
vt 0.016572 0.537775
vt 0.016572 0.516812
vt 0.016572 0.516812
vt 0.974767 0.296099
vt 0.989059 0.317062
vt 0.974767 0.317062
vt 0.989059 0.296099
vt 0.016572 0.537775
vt 0.028199 0.532881
vt 0.019120 0.532880
vt 0.030864 0.537775
vt 0.989654 0.409937
vt 0.975363 0.430900
vt 0.016572 0.516813
vt 0.989654 0.409937
vt 0.016727 0.516812
vt 0.030864 0.537776
vt 0.030864 0.516813
vt 0.016572 0.516812
vt 0.030864 0.537775
vt 0.030864 0.537776
vt 0.016572 0.537776
vt 0.016572 0.527900
vt 0.018914 0.518305
vt 0.974910 0.962889
vt 0.989201 0.962889
vt 0.989201 0.983852
vt 0.016572 0.516813
vt 0.024919 0.516813
vt 0.016572 0.528394
vt 0.989654 0.430900
vt 0.989654 0.409937
vt 0.019518 0.518814
vt 0.966437 0.401520
vt 0.992563 0.401520
vt 0.992563 0.427647
vt 0.982508 0.409937
vt 0.982509 0.409937
vt 0.979764 0.412261
vt 0.966436 0.401520
vt 0.992563 0.427647
vt 0.980256 0.401520
vt 0.992563 0.427647
vt 0.966437 0.427647
vt 0.966436 0.401520
vt 0.992563 0.427647
vt 0.992563 0.427647
vt 0.988697 0.415206
vt 0.988405 0.425906
vt 0.988697 0.425659
vt 0.989654 0.430900
vt 0.016572 0.537775
vt 0.030864 0.516813
vt 0.024468 0.516813
vt 0.978816 0.298265
vt 0.988101 0.312842
vt 0.979022 0.312841
vt 0.024919 0.537776
vt 0.977020 0.414585
vt 0.975363 0.423317
vt 0.975561 0.314337
vt 0.989852 0.314337
vt 0.027918 0.518814
vt 0.030864 0.516813
vt 0.030864 0.516813
vt 0.030864 0.537775
vt 0.016572 0.516813
vt 0.987622 0.298265
vt 0.023718 0.537776
vt 0.975362 0.423317
vt 0.989654 0.430900
vt 0.977020 0.414585
vt 0.976320 0.415178
vt 0.030864 0.537776
vt 0.029322 0.539583
vt 0.011888 0.539583
vt 0.011888 0.522149
vt 0.029322 0.522149
vt 0.990539 0.982693
vt 0.975829 0.982693
vt 0.975829 0.967983
vt 0.990539 0.967983
vt 0.007240 0.517555
vt 0.034474 0.517555
vt 0.034474 0.544789
vt 0.007240 0.544789
vt 0.012865 0.469985
vt 0.028354 0.469985
vt 0.028354 0.485474
vt 0.012865 0.485474
vt 0.968338 0.407306
vt 0.993611 0.407306
vt 0.993611 0.432579
vt 0.968338 0.432579
vt 0.967819 0.462415
vt 0.992241 0.462415
vt 0.992241 0.486838
vt 0.967819 0.486838
vt 0.972902 0.457484
vt 0.987828 0.457484
vt 0.987828 0.482672
vt 0.972902 0.482672
vt 0.981625 0.373742
vt 0.988722 0.365039
vt 0.986012 0.350959
vt 0.977239 0.350959
vt 0.974528 0.365039
vt 0.007801 0.503653
vt 0.033913 0.503653
vt 0.012903 0.523219
vt 0.029726 0.540042
vt 0.012903 0.523219
vt 0.029726 0.540042
vt 0.007240 0.544789
vt 0.009659 0.540041
vt 0.028583 0.523219
vt 0.007475 0.523219
vt 0.035228 0.532377
vt 0.035226 0.559545
vt 0.966164 0.517037
vt 0.986336 0.517037
vt 0.986336 0.537210
vt 0.966164 0.537210
vt 0.976240 0.513357
vt 0.989660 0.513357
vt 0.989660 0.526776
vt 0.976240 0.526776
vt 0.975446 0.465955
vt 0.988866 0.465955
vt 0.988866 0.479375
vt 0.975446 0.479375
vt 0.967000 0.459722
vt 0.991000 0.459722
vt 0.991000 0.481944
vt 0.967000 0.481944
vt 0.992260 0.579590
vt 0.968260 0.579590
s 1
usemtl metallic
f 64/1/1 45/2/2 39/3/3
f 1/4/4 3/5/5 92/6/6
f 3/6/5 15/7/7 42/8/8
f 33/9/9 44/10/10 43/5/11
f 11/5/12 30/11/13 6/10/14
f 41/12/15 37/13/16 83/14/17
f 65/5/18 23/15/19 22/10/20
f 41/5/21 67/7/22 14/10/23
f 83/14/24 87/16/25 86/17/26
f 50/18/27 52/10/28 47/5/29
f 5/6/30 26/19/30 8/5/30
f 17/9/31 27/10/32 9/20/33
f 12/5/34 16/6/35 92/7/6
f 22/21/36 91/6/37 92/7/38
f 8/6/39 30/10/40 5/5/41
f 9/20/42 30/11/40 91/10/37
f 9/6/42 22/10/36 17/5/43
f 17/9/43 23/19/19 18/5/44
f 8/5/39 23/15/19 29/10/45
f 18/18/51 28/10/52 17/5/53
f 9/6/42 24/10/54 5/5/41
f 18/5/51 26/7/55 25/26/56
f 19/5/57 30/11/58 29/10/59
f 21/27/60 96/28/61 97/27/60
f 19/6/57 40/10/62 43/5/63
f 20/5/64 6/29/65 30/10/58
f 19/6/66 36/19/67 20/5/68
f 43/6/63 7/10/69 33/5/70
f 37/30/16 14/31/71 2/13/72
f 13/32/73 66/7/74 41/10/21
f 19/5/75 44/7/10 35/10/76
f 7/5/69 75/7/77 76/10/78
f 39/33/79 74/31/80 71/13/81
f 46/6/82 59/10/83 45/34/2
f 63/35/84 77/10/85 48/36/86
f 65/7/18 58/10/87 57/5/88
f 50/5/27 56/7/89 55/10/90
f 57/5/88 29/6/45 23/15/19
f 50/18/27 92/10/6 16/37/35
f 50/5/27 47/6/29 22/7/91
f 16/37/92 12/6/93 49/7/94
f 16/37/92 53/7/95 56/10/96
f 49/5/97 54/38/98 53/19/99
f 57/5/100 60/39/101 62/26/102
f 57/18/100 61/40/103 29/5/104
f 63/5/84 48/36/86 90/41/105
f 1/4/106 95/42/107 93/42/108
f 10/46/110 89/47/110 88/48/110
f 67/5/22 68/7/111 69/10/112
f 49/18/97 68/10/111 66/5/74
f 68/5/111 12/7/113 42/10/114
f 69/32/115 42/8/114 15/10/116
f 39/5/3 71/6/117 38/7/118
f 71/5/117 4/7/119 38/10/118
f 238/13/120 74/49/121 72/31/122
f 71/50/123 73/31/124 70/13/124
f 48/36/125 40/5/62 29/5/126
f 90/41/127 29/7/104 61/40/103
f 64/51/128 38/7/129 75/5/77
f 58/52/130 78/53/131 60/54/132
f 99/55/133 79/56/134 81/57/135
f 63/58/136 79/53/137 59/59/138
f 90/60/139 81/61/140 79/62/141
f 78/52/142 62/59/143 60/62/144
f 80/53/145 61/62/146 62/52/147
f 10/63/148 51/53/149 82/64/150
f 13/52/151 83/53/17 54/59/152
f 54/52/153 86/54/154 53/62/155
f 53/52/155 84/65/156 56/62/157
f 85/53/158 51/62/159 52/52/160
f 52/52/161 87/59/162 85/62/163
f 56/53/164 87/62/162 55/63/165
f 45/66/166 72/67/167 39/68/168
f 41/12/15 83/14/17 13/69/151
f 89/47/169 47/70/170 88/48/171
f 47/70/172 65/71/172 22/7/172
f 88/72/173 47/6/29 52/38/28
f 21/27/174 92/6/6 91/7/175
f 21/27/174 11/10/12 94/28/176
f 21/27/180 98/4/181 1/4/181
f 20/6/182 31/10/183 32/5/184
f 59/59/185 99/55/186 45/66/166
f 58/10/87 89/76/187 10/10/188
f 78/77/131 10/31/148 82/78/150
f 88/72/173 51/10/189 10/46/190
f 31/79/191 44/79/192 34/80/193
f 4/10/194 75/6/77 38/7/129
f 36/80/195 35/79/196 44/79/192
f 132/2/197 133/81/198 151/1/199
f 100/4/200 3/5/5 93/42/201
f 129/8/202 15/7/7 3/6/5
f 131/10/203 33/9/9 130/5/204
f 11/5/12 121/11/205 173/6/206
f 128/12/207 165/14/208 124/13/209
f 152/5/210 114/15/211 144/6/212
f 128/5/213 67/7/22 153/82/214
f 168/17/215 166/33/216 169/16/217
f 139/10/218 137/18/219 134/5/220
f 117/19/221 101/6/221 102/5/221
f 118/10/222 108/9/223 103/20/224
f 105/5/225 174/8/226 107/6/227
f 113/21/228 174/8/229 173/6/230
f 121/10/231 102/83/232 101/5/233
f 103/20/234 121/11/231 101/6/233
f 113/10/228 103/6/234 108/5/235
f 114/19/211 108/9/235 109/5/236
f 102/5/232 114/15/211 109/6/236
f 119/10/241 109/6/242 108/5/243
f 115/10/244 103/6/234 101/5/233
f 109/5/242 117/7/245 102/83/246
f 110/5/247 121/11/248 111/6/249
f 112/27/250 96/28/61 94/28/251
f 127/10/252 110/6/247 130/5/253
f 111/5/249 6/29/65 32/6/254
f 123/19/255 110/6/256 111/5/257
f 7/10/69 130/6/253 33/5/70
f 14/31/71 124/30/209 2/13/72
f 106/32/258 153/7/214 136/18/259
f 110/5/260 131/7/203 130/6/204
f 7/5/69 158/7/261 127/6/252
f 157/31/262 126/33/263 155/13/264
f 146/10/265 133/6/198 132/34/197
f 159/10/266 150/35/267 135/36/268
f 145/10/269 152/7/210 144/5/212
f 137/5/219 143/7/270 107/6/227
f 144/5/212 114/15/211 120/6/271
f 174/10/226 137/18/219 107/37/227
f 137/5/219 113/84/272 134/6/220
f 107/37/273 136/7/274 105/6/275
f 107/37/273 140/7/276 136/18/274
f 136/5/259 141/38/277 106/83/258
f 144/5/278 147/39/279 145/6/280
f 148/40/281 144/6/278 120/85/282
f 150/5/267 172/41/283 135/36/268
f 95/42/107 100/4/284 93/42/108
f 104/46/286 170/48/286 171/47/286
f 67/5/22 154/7/287 153/82/214
f 154/10/287 136/18/259 153/5/214
f 154/5/287 129/10/288 105/7/289
f 69/32/115 129/8/288 154/6/287
f 126/5/290 125/7/291 155/6/292
f 155/5/292 4/7/119 70/6/293
f 238/13/120 157/49/294 73/30/295
f 73/31/124 155/50/296 70/13/124
f 127/5/252 135/36/297 120/85/298
f 172/41/299 120/8/282 135/7/300
f 158/5/261 125/7/301 151/51/302
f 145/52/303 147/54/304 160/53/305
f 163/57/306 161/56/307 177/55/308
f 150/58/309 146/59/310 161/53/311
f 163/61/312 148/53/313 172/60/314
f 160/52/315 149/59/316 162/53/317
f 148/62/313 162/53/318 149/52/319
f 104/63/320 164/64/321 138/53/322
f 106/52/323 141/59/324 165/53/208
f 141/52/325 168/54/326 165/53/327
f 140/52/328 166/65/329 168/53/326
f 138/62/330 167/53/331 139/52/332
f 139/52/333 169/59/334 142/53/335
f 169/62/334 143/53/336 142/63/335
f 132/66/337 126/68/338 156/67/339
f 128/12/207 106/69/323 165/14/208
f 134/70/340 171/47/341 170/48/342
f 134/70/343 113/84/343 152/71/343
f 170/72/344 139/38/218 134/6/220
f 112/27/345 174/6/226 100/4/200
f 11/10/12 112/27/345 94/28/176
f 176/4/348 112/27/349 100/4/348
f 31/10/183 111/6/350 32/5/184
f 146/59/310 177/55/351 161/53/311
f 145/10/269 104/10/352 171/76/353
f 2/30/72 164/78/321 160/77/305
f 170/72/344 138/10/354 139/38/218
f 131/79/355 31/79/191 34/80/193
f 158/6/261 4/10/194 125/7/301
f 123/80/356 131/79/355 122/79/357
f 39/3/3 38/87/118 64/1/1
f 64/1/1 46/81/82 45/2/2
f 1/4/4 93/42/201 3/5/5
f 12/10/34 92/21/6 42/8/8
f 92/21/6 3/6/5 42/8/8
f 33/9/9 34/7/358 44/10/10
f 11/5/12 91/6/175 30/11/13
f 65/5/18 57/18/88 23/15/19
f 41/5/21 66/82/74 67/7/22
f 83/14/24 82/78/359 87/16/25
f 82/78/359 85/88/360 87/16/25
f 87/16/25 84/33/361 86/17/26
f 50/18/27 55/7/90 52/10/28
f 5/6/41 24/7/54 26/19/362
f 17/9/31 28/29/363 27/10/32
f 8/6/39 29/7/45 30/10/40
f 9/20/42 5/6/41 30/11/40
f 9/6/42 91/7/37 22/10/36
f 17/9/43 22/7/36 23/19/19
f 8/5/39 18/18/44 23/15/19
f 18/18/51 25/7/56 28/10/52
f 9/6/42 27/7/364 24/10/54
f 18/5/51 8/6/365 26/7/55
f 19/5/57 20/6/64 30/11/58
f 21/27/60 94/28/251 96/28/61
f 19/6/57 29/7/59 40/10/62
f 20/5/64 32/6/254 6/29/65
f 19/6/66 35/7/366 36/19/67
f 43/6/63 40/7/62 7/10/69
f 37/30/16 41/69/15 14/31/71
f 13/32/73 49/18/97 66/7/74
f 19/5/75 43/6/11 44/7/10
f 7/5/69 40/6/62 75/7/77
f 39/33/79 72/89/367 74/31/80
f 46/6/82 63/35/84 59/10/83
f 63/35/84 46/7/82 77/10/85
f 65/7/18 89/76/187 58/10/87
f 50/5/27 16/6/35 56/7/89
f 50/18/27 22/7/91 92/10/6
f 16/37/92 49/18/94 53/7/95
f 49/5/97 13/83/73 54/38/98
f 57/5/100 58/6/368 60/39/101
f 57/18/100 62/11/102 61/40/103
f 1/4/106 98/4/369 95/42/107
f 67/5/22 66/82/74 68/7/111
f 49/18/97 12/7/113 68/10/111
f 69/32/115 68/6/111 42/8/114
f 71/5/117 70/6/293 4/7/119
f 238/13/120 73/30/295 74/49/121
f 71/50/123 74/49/123 73/31/124
f 48/36/125 75/10/77 40/5/62
f 90/41/127 48/7/370 29/7/104
f 48/1/125 77/81/371 75/5/77
f 77/81/371 64/51/128 75/5/77
f 80/90/372 78/77/373 81/57/135
f 78/77/373 99/55/133 81/57/135
f 79/62/141 63/58/374 90/60/139
f 90/60/139 61/53/146 81/61/140
f 78/52/142 80/53/375 62/59/143
f 80/53/145 81/61/140 61/62/146
f 54/52/153 83/53/376 86/54/154
f 53/52/155 86/53/154 84/65/156
f 85/53/158 82/64/377 51/62/159
f 52/52/161 55/53/165 87/59/162
f 56/53/164 84/65/378 87/62/162
f 89/47/169 65/71/379 47/70/170
f 21/27/174 1/4/4 92/6/6
f 21/27/174 91/7/175 11/10/12
f 21/27/180 97/27/381 98/4/181
f 20/6/182 36/7/382 31/10/183
f 59/59/138 79/53/137 99/55/383
f 37/13/16 2/30/72 83/14/17
f 2/30/72 238/13/384 78/77/131
f 82/78/150 2/30/72 78/77/131
f 238/13/384 72/67/167 99/55/186
f 72/67/167 45/66/166 99/55/186
f 99/55/186 78/77/131 238/13/384
f 78/77/131 58/91/130 10/31/148
f 82/78/150 83/14/17 2/30/72
f 88/72/173 52/38/28 51/10/189
f 31/79/191 36/80/195 44/79/192
f 4/10/194 76/5/78 75/6/77
f 151/1/199 125/87/291 126/3/290
f 126/3/290 132/2/197 151/1/199
f 100/4/200 174/6/226 3/5/5
f 3/6/5 174/21/226 129/8/202
f 174/21/226 105/10/225 129/8/202
f 131/10/203 34/7/358 33/9/9
f 11/5/12 6/10/14 121/11/205
f 152/5/210 113/10/385 114/15/211
f 128/5/213 14/10/23 67/7/22
f 167/88/386 164/78/387 169/16/217
f 164/78/387 165/14/388 169/16/217
f 165/14/388 168/17/215 169/16/217
f 139/10/218 142/7/389 137/18/219
f 117/19/390 115/7/244 101/6/233
f 118/10/222 119/29/391 108/9/223
f 121/10/231 120/8/271 102/83/232
f 103/20/234 173/10/230 121/11/231
f 113/10/228 173/92/230 103/6/234
f 114/19/211 113/84/228 108/9/235
f 102/5/232 120/10/271 114/15/211
f 119/10/241 116/7/393 109/6/242
f 115/10/244 118/7/394 103/6/234
f 109/5/242 116/26/393 117/7/245
f 110/5/247 120/10/395 121/11/248
f 112/27/250 175/27/250 96/28/61
f 127/10/252 120/8/395 110/6/247
f 111/5/249 121/10/248 6/29/65
f 123/19/255 122/7/396 110/6/256
f 7/10/69 127/7/252 130/6/253
f 14/31/71 128/69/207 124/30/209
f 106/32/258 128/10/213 153/7/214
f 110/5/260 122/10/397 131/7/203
f 7/5/69 76/10/78 158/7/261
f 157/31/262 156/89/398 126/33/263
f 146/10/265 150/35/267 133/6/198
f 159/10/266 133/7/198 150/35/267
f 145/10/269 171/76/353 152/7/210
f 137/5/219 142/10/389 143/7/270
f 174/10/226 113/84/272 137/18/219
f 107/37/273 143/10/399 140/7/276
f 136/5/259 140/19/400 141/38/277
f 144/5/278 149/26/401 147/39/279
f 148/40/281 149/11/401 144/6/278
f 95/42/107 176/4/402 100/4/284
f 67/5/22 69/10/112 154/7/287
f 154/10/287 105/7/289 136/18/259
f 69/32/115 15/10/116 129/8/288
f 155/5/292 125/10/291 4/7/119
f 238/13/120 156/31/403 157/49/294
f 73/31/124 157/49/296 155/50/296
f 127/5/252 158/10/261 135/36/297
f 172/41/299 148/40/281 120/8/282
f 151/51/302 159/81/404 158/5/261
f 159/81/404 135/1/297 158/5/261
f 177/55/308 160/77/405 163/57/306
f 160/77/405 162/90/406 163/57/306
f 172/60/314 150/58/407 161/62/408
f 161/62/408 163/61/312 172/60/314
f 160/52/315 147/62/409 149/59/316
f 148/62/313 163/61/312 162/53/318
f 141/52/325 140/62/328 168/54/326
f 140/52/328 143/62/410 166/65/329
f 138/62/330 164/64/411 167/53/331
f 139/52/333 167/62/412 169/59/334
f 169/62/334 166/65/413 143/53/336
f 134/70/340 152/71/414 171/47/341
f 112/27/345 173/92/206 174/6/226
f 11/10/12 173/92/206 112/27/345
f 176/4/348 175/27/415 112/27/349
f 31/10/183 123/7/416 111/6/350
f 146/59/417 132/66/337 177/55/418
f 238/13/384 2/30/72 160/77/305
f 2/30/72 124/13/209 165/14/208
f 164/78/321 2/30/72 165/14/208
f 164/78/321 104/31/320 160/77/305
f 104/31/320 145/91/303 160/77/305
f 160/77/305 177/55/418 238/13/384
f 177/55/418 132/66/337 156/67/339
f 238/13/384 177/55/418 156/67/339
f 170/72/344 104/46/419 138/10/354
f 131/79/355 123/80/356 31/79/191
f 158/6/261 76/5/78 4/10/194
s 0
f 180/93/420 181/94/420 185/95/420 184/96/420
f 184/93/421 185/94/421 183/95/421 182/96/421
f 182/93/422 183/94/422 179/95/422 178/96/422
f 180/93/423 184/94/423 182/95/423 178/96/423
f 185/93/424 181/94/424 179/95/424 183/96/424
f 186/93/425 187/94/425 189/95/425 188/96/425
f 192/93/427 193/94/427 191/95/427 190/96/427
f 190/93/428 191/94/428 187/95/428 186/96/428
f 188/93/429 192/94/429 190/95/429 186/96/429
f 193/93/430 189/94/430 187/95/430 191/96/430
f 196/93/431 200/96/431 201/95/431 197/94/431
f 200/93/432 198/96/432 199/95/432 201/94/432
f 198/93/433 194/96/433 195/95/433 199/94/433
f 196/93/434 194/96/434 198/95/434 200/94/434
f 201/93/435 199/96/435 195/95/435 197/94/435
f 202/93/436 204/96/436 205/95/436 203/94/436
f 208/93/438 206/96/438 207/95/438 209/94/438
f 206/93/439 202/96/439 203/95/439 207/94/439
f 204/93/440 202/96/440 206/95/440 208/94/440
f 209/93/441 207/96/441 203/95/441 205/94/441
f 216/101/442 217/102/442 211/103/442 210/104/442
f 215/101/443 213/102/443 211/103/443 217/104/443
f 212/101/444 214/102/444 216/103/444 210/104/444
f 212/101/445 213/102/445 215/103/445 214/104/445
f 218/105/446 219/106/446 221/107/446 220/108/446
f 220/105/447 221/106/447 225/107/447 224/108/447
f 224/105/448 225/106/448 223/107/448 222/108/448
f 222/105/449 223/106/449 219/107/449 218/108/449
f 220/105/450 224/106/450 222/107/450 218/108/450
f 225/105/451 221/106/451 219/107/451 223/108/451
f 216/101/442 226/104/442 227/103/442 217/102/442
f 215/101/443 217/104/443 227/103/443 229/102/443
f 228/101/444 226/104/444 216/103/444 214/102/444
f 228/101/445 214/104/445 215/103/445 229/102/445
f 230/105/448 232/108/448 233/107/448 231/106/448
f 232/105/447 236/108/447 237/107/447 233/106/447
f 236/105/446 234/108/446 235/107/446 237/106/446
f 234/105/449 230/108/449 231/107/449 235/106/449
f 232/105/450 230/108/450 234/107/450 236/106/450
f 237/105/451 235/108/451 231/107/451 233/106/451
f 240/109/452 241/110/452 245/111/452 244/112/452
f 239/109/453 240/110/453 244/111/453 243/112/453
f 238/109/454 239/110/454 243/111/454 242/112/454
f 248/109/455 252/112/455 253/111/455 249/110/455
f 246/109/456 250/112/456 252/111/456 248/110/456
f 247/109/457 251/112/457 250/111/457 246/110/457
f 238/109/458 247/109/458 246/110/458 239/110/458
f 241/110/459 249/110/459 253/111/459 245/111/459
f 245/111/460 253/111/460 252/112/460 244/112/460
f 243/111/461 250/111/461 251/112/461 242/112/461
f 239/109/462 246/109/462 248/110/462 240/110/462
f 244/111/463 252/111/463 250/112/463 243/112/463
f 240/109/464 248/109/464 249/110/464 241/110/464
f 255/109/465 258/112/465 259/111/465 256/110/465
f 254/109/466 257/112/466 258/111/466 255/110/466
f 238/109/467 242/112/467 257/111/467 254/110/467
f 261/109/468 262/110/468 265/111/468 264/112/468
f 260/109/469 261/110/469 264/111/469 263/112/469
f 247/109/470 260/110/470 263/111/470 251/112/470
f 238/109/471 254/110/471 260/110/471 247/109/471
f 256/110/472 259/111/472 265/111/472 262/110/472
f 259/111/473 258/112/473 264/112/473 265/111/473
f 257/111/474 242/112/474 251/112/474 263/111/474
f 254/109/475 255/110/475 261/110/475 260/109/475
f 258/111/476 257/112/476 263/112/476 264/111/476
f 255/109/477 256/110/477 262/110/477 261/109/477
f 278/113/478 267/114/478 269/115/478 279/116/478
f 279/113/448 269/114/448 271/115/448 280/116/448
f 280/113/479 271/114/479 273/115/479 281/116/479
f 281/113/480 273/114/480 275/115/480 282/116/480
f 282/113/446 275/114/446 277/115/446 283/116/446
f 283/113/481 277/114/481 267/115/481 278/116/481
f 270/113/481 272/114/481 287/115/481 286/116/481
f 268/113/445 266/114/445 278/115/445 279/116/445
f 270/113/445 268/114/445 279/115/445 280/116/445
f 272/113/445 270/114/445 280/115/445 281/116/445
f 274/113/445 272/114/445 281/115/445 282/116/445
f 276/113/445 274/114/445 282/115/445 283/116/445
f 266/113/445 276/114/445 283/115/445 278/116/445
f 266/113/480 268/114/480 285/115/480 284/116/480
f 276/113/479 266/114/479 284/115/479 289/116/479
f 272/113/478 274/114/478 288/115/478 287/116/478
f 268/113/446 270/114/446 286/115/446 285/116/446
f 274/113/448 276/114/448 289/115/448 288/116/448
f 302/113/481 303/116/481 293/115/481 291/114/481
f 303/113/446 304/116/446 295/115/446 293/114/446
f 304/113/480 305/116/480 297/115/480 295/114/480
f 305/113/479 306/116/479 299/115/479 297/114/479
f 306/113/448 307/116/448 301/115/448 299/114/448
f 307/113/478 302/116/478 291/115/478 301/114/478
f 294/113/478 310/116/478 311/115/478 296/114/478
f 292/113/445 303/116/445 302/115/445 290/114/445
f 294/113/445 304/116/445 303/115/445 292/114/445
f 296/113/445 305/116/445 304/115/445 294/114/445
f 298/113/445 306/116/445 305/115/445 296/114/445
f 300/113/445 307/116/445 306/115/445 298/114/445
f 290/113/445 302/116/445 307/115/445 300/114/445
f 290/113/479 308/116/479 309/115/479 292/114/479
f 300/113/480 313/116/480 308/115/480 290/114/480
f 296/113/481 311/116/481 312/115/481 298/114/481
f 292/113/448 309/116/448 310/115/448 294/114/448
f 298/113/446 312/116/446 313/115/446 300/114/446
f 326/113/478 315/114/478 317/115/478 327/116/478
f 327/113/448 317/114/448 319/115/448 328/116/448
f 328/113/479 319/114/479 321/115/479 329/116/479
f 329/113/480 321/114/480 323/115/480 330/116/480
f 330/113/446 323/114/446 325/115/446 331/116/446
f 331/113/481 325/114/481 315/115/481 326/116/481
f 318/113/481 320/114/481 335/115/481 334/116/481
f 316/113/445 314/114/445 326/115/445 327/116/445
f 318/113/445 316/114/445 327/115/445 328/116/445
f 320/113/445 318/114/445 328/115/445 329/116/445
f 322/113/445 320/114/445 329/115/445 330/116/445
f 324/113/445 322/114/445 330/115/445 331/116/445
f 314/113/445 324/114/445 331/115/445 326/116/445
f 314/113/480 316/114/480 333/115/480 332/116/480
f 324/113/479 314/114/479 332/115/479 337/116/479
f 320/113/478 322/114/478 336/115/478 335/116/478
f 316/113/446 318/114/446 334/115/446 333/116/446
f 322/113/448 324/114/448 337/115/448 336/116/448
f 350/113/481 351/116/481 341/115/481 339/114/481
f 351/113/446 352/116/446 343/115/446 341/114/446
f 352/113/480 353/116/480 345/115/480 343/114/480
f 353/113/479 354/116/479 347/115/479 345/114/479
f 354/113/448 355/116/448 349/115/448 347/114/448
f 355/113/478 350/116/478 339/115/478 349/114/478
f 342/113/478 358/116/478 359/115/478 344/114/478
f 340/113/445 351/116/445 350/115/445 338/114/445
f 342/113/445 352/116/445 351/115/445 340/114/445
f 344/113/445 353/116/445 352/115/445 342/114/445
f 346/113/445 354/116/445 353/115/445 344/114/445
f 348/113/445 355/116/445 354/115/445 346/114/445
f 338/113/445 350/116/445 355/115/445 348/114/445
f 338/113/479 356/116/479 357/115/479 340/114/479
f 348/113/480 361/116/480 356/115/480 338/114/480
f 344/113/481 359/116/481 360/115/481 346/114/481
f 340/113/448 357/116/448 358/115/448 342/114/448
f 346/113/446 360/116/446 361/115/446 348/114/446
f 365/117/446 362/118/446 363/119/446 366/120/446
f 366/117/445 363/118/445 364/119/445 367/120/445
f 364/117/445 363/118/445 369/119/445 370/120/445
f 375/117/482 364/118/482 370/119/482 377/120/482
f 363/117/483 362/118/483 368/119/483 369/120/483
f 370/117/445 369/118/445 372/119/445 373/120/445
f 377/117/484 370/118/484 373/119/484 378/120/484
f 369/117/485 368/118/485 371/119/485 372/120/485
f 378/121/445 374/122/445 376/123/445 375/124/445 377/125/445
f 367/117/448 364/118/448 375/119/448 376/120/448
f 365/117/446 366/120/446 380/119/446 379/118/446
f 366/117/445 367/120/445 381/119/445 380/118/445
f 381/117/445 384/120/445 383/119/445 380/118/445
f 388/117/486 389/120/486 384/119/486 381/118/486
f 380/117/487 383/120/487 382/119/487 379/118/487
f 384/117/445 387/120/445 386/119/445 383/118/445
f 389/117/488 390/120/488 387/119/488 384/118/488
f 383/117/489 386/120/489 385/119/489 382/118/489
f 390/121/445 389/125/445 388/124/445 376/123/445 374/122/445
f 367/117/448 376/120/448 388/119/448 381/118/448
f 394/117/448 395/120/448 392/119/448 391/118/448
f 395/117/445 396/120/445 393/119/445 392/118/445
f 393/117/445 399/120/445 398/119/445 392/118/445
f 400/117/490 402/120/490 399/119/490 393/118/490
f 392/117/491 398/120/491 397/119/491 391/118/491
f 399/117/445 373/120/445 372/119/445 398/118/445
f 402/117/484 378/120/484 373/119/484 399/118/484
f 398/117/492 372/120/492 371/119/492 397/118/492
f 378/121/445 402/125/445 400/124/445 401/123/445 374/122/445
f 396/117/446 401/120/446 400/119/446 393/118/446
f 394/117/448 403/118/448 404/119/448 395/120/448
f 395/117/445 404/118/445 405/119/445 396/120/445
f 405/117/445 404/118/445 407/119/445 408/120/445
f 409/117/493 405/118/493 408/119/493 410/120/493
f 404/117/494 403/118/494 406/119/494 407/120/494
f 408/117/445 407/118/445 386/119/445 387/120/445
f 410/117/488 408/118/488 387/119/488 390/120/488
f 407/117/495 406/118/495 385/119/495 386/120/495
f 390/121/445 374/122/445 401/123/445 409/124/445 410/125/445
f 396/117/446 405/118/446 409/119/446 401/120/446
f 411/126/496 412/127/496 414/103/496 413/104/496
f 418/104/497 416/128/497 411/129/497 413/104/497
f 418/130/498 413/131/498 414/132/498 417/104/498
f 412/133/499 415/134/499 417/103/499 414/103/499
f 415/135/500 416/136/500 418/137/500 417/104/500
f 411/129/501 416/128/501 415/135/501 412/133/501
f 419/126/502 421/104/502 422/103/502 420/127/502
f 426/104/503 421/104/503 419/129/503 424/128/503
f 426/130/504 425/104/504 422/132/504 421/131/504
f 420/133/505 422/103/505 425/103/505 423/134/505
f 423/135/506 425/104/506 426/137/506 424/136/506
f 419/129/507 420/133/507 423/135/507 424/128/507
f 427/138/446 428/139/446 430/140/446 429/141/446
f 429/138/445 430/139/445 434/140/445 433/141/445
f 433/138/448 434/139/448 432/140/448 431/141/448
f 431/138/442 432/139/442 428/140/442 427/141/442
f 429/138/484 433/139/484 431/140/484 427/141/484
f 434/138/488 430/139/488 428/140/488 432/141/488
f 435/138/446 436/139/446 438/140/446 437/141/446
f 437/138/445 438/139/445 442/140/445 441/141/445
f 441/138/448 442/139/448 440/140/448 439/141/448
f 439/138/442 440/139/442 436/140/442 435/141/442
f 437/138/484 441/139/484 439/140/484 435/141/484
f 442/138/488 438/139/488 436/140/488 440/141/488
f 443/142/446 444/143/446 446/144/446 445/145/446
f 445/142/508 446/143/508 450/144/508 449/145/508
f 449/142/448 450/143/448 448/144/448 447/145/448
f 447/142/442 448/143/442 444/144/442 443/145/442
f 445/142/509 449/143/509 447/144/509 443/145/509
f 450/142/488 446/143/488 444/144/488 448/145/488
f 451/142/448 453/145/448 454/144/448 452/143/448
f 453/142/508 457/145/508 458/144/508 454/143/508
f 457/142/446 455/145/446 456/144/446 458/143/446
f 455/142/442 451/145/442 452/144/442 456/143/442
f 453/142/509 451/145/509 455/144/509 457/143/509
f 458/142/488 456/145/488 452/144/488 454/143/488
f 459/142/446 460/143/446 462/144/446 461/145/446
f 461/142/510 462/143/510 466/144/510 465/145/510
f 465/142/448 466/143/448 464/144/448 463/145/448
f 463/142/442 464/143/442 460/144/442 459/145/442
f 461/142/511 465/143/511 463/144/511 459/145/511
f 466/142/488 462/143/488 460/144/488 464/145/488
f 467/142/448 469/145/448 470/144/448 468/143/448
f 469/142/510 473/145/510 474/144/510 470/143/510
f 473/142/446 471/145/446 472/144/446 474/143/446
f 471/142/442 467/145/442 468/144/442 472/143/442
f 469/142/511 467/145/511 471/144/511 473/143/511
f 474/142/488 472/145/488 468/144/488 470/143/488
f 477/146/448 478/147/448 476/148/448 475/149/448
f 487/146/445 488/147/445 482/148/445 479/149/445
f 478/146/512 481/147/512 486/148/512 476/149/512
f 480/146/513 481/147/513 478/148/513 477/149/513
f 475/146/514 476/147/514 486/148/514 483/149/514
f 487/146/515 479/147/515 484/148/515 489/149/515
f 482/146/516 485/147/516 486/148/516 481/149/516
f 480/146/517 483/147/517 484/148/517 479/149/517
f 485/146/442 484/147/442 483/148/442 486/149/442
f 481/146/445 480/147/445 479/148/445 482/149/445
f 480/146/518 477/147/518 475/148/518 483/149/518
f 482/146/519 488/147/519 490/148/519 485/149/519
f 484/146/442 485/147/442 490/148/442 489/149/442
f 493/146/446 491/149/446 492/148/446 494/147/446
f 487/146/445 495/149/445 498/148/445 488/147/445
f 494/146/520 492/149/520 502/148/520 497/147/520
f 496/146/521 493/149/521 494/148/521 497/147/521
f 491/146/522 499/149/522 502/148/522 492/147/522
f 487/146/515 489/149/515 500/148/515 495/147/515
f 498/146/523 497/149/523 502/148/523 501/147/523
f 496/146/524 495/149/524 500/148/524 499/147/524
f 501/146/442 502/149/442 499/148/442 500/147/442
f 497/146/445 498/149/445 495/148/445 496/147/445
f 496/146/525 499/149/525 491/148/525 493/147/525
f 498/146/519 501/149/519 490/148/519 488/147/519
f 500/146/442 489/149/442 490/148/442 501/147/442
f 520/150/448 521/151/448 511/152/448 510/153/448
f 522/150/488 517/151/488 505/152/488 512/153/488
f 503/150/446 506/151/446 518/152/446 515/153/446
f 516/150/526 504/151/526 503/152/526 515/153/526
f 505/150/527 517/151/527 518/152/527 506/153/527
f 509/150/528 519/151/528 520/152/528 510/153/528
f 522/150/529 512/151/529 511/152/529 521/153/529
f 516/150/484 519/151/484 509/152/484 504/153/484
f 507/151/445 516/152/445 515/153/445
f 508/151/445 518/152/445 517/153/445
f 513/151/445 520/152/445 519/153/445
f 514/151/445 522/152/445 521/153/445
f 507/150/445 513/151/445 519/152/445 516/153/445
f 508/150/445 507/151/445 515/152/445 518/153/445
f 514/150/445 508/151/445 517/152/445 522/153/445
f 513/150/445 514/151/445 521/152/445 520/153/445
f 507/154/445 508/155/445 514/155/445 513/155/445
f 504/153/442 509/152/442 510/153/442 511/152/442 512/151/442 505/152/442 506/153/442 503/150/442
s 1
usemtl light
f 64/43/109 77/44/85 46/45/82
f 151/43/285 133/45/198 159/44/266
usemtl glass
f 28/22/46 24/23/47 27/24/48
f 25/22/49 26/25/50 24/23/47
f 95/73/177 97/74/178 96/75/179
f 119/22/237 115/23/238 116/25/239
f 116/22/239 115/23/238 117/25/240
f 95/73/177 175/74/346 176/86/347
f 28/22/46 25/25/49 24/23/47
f 95/73/177 98/86/380 97/74/178
f 119/22/237 118/24/392 115/23/238
f 95/73/177 96/75/179 175/74/346
s 0
f 188/97/426 189/98/426 193/99/426 192/100/426
f 204/97/437 208/100/437 209/99/437 205/98/437
o wheels.001
v -1.012910 0.372948 0.665528
v -0.965802 0.372948 0.621316
v -0.993770 0.237142 0.822828
v -0.993769 0.153209 0.938351
v -1.012910 0.170620 0.731268
v -0.965802 0.144633 0.695500
v -0.993769 0.153209 1.081147
v -0.993770 0.237142 1.196670
v -1.012910 0.045574 0.903379
v -0.965802 0.003526 0.889717
v -0.993770 0.372948 1.240797
v -0.993770 0.508754 1.196670
v -1.012910 0.045574 1.116119
v -0.965802 0.003526 1.129781
v -0.993770 0.592687 1.081147
v -0.993770 0.592687 0.938351
v -1.012910 0.170620 1.288230
v -0.965802 0.144633 1.323998
v -0.993770 0.508754 0.822828
v -0.993770 0.372948 0.778701
v -1.012910 0.372948 1.353970
v -0.965802 0.372948 1.398182
v -1.012910 0.521957 0.804656
v -1.012910 0.614049 0.931410
v -1.012910 0.575276 1.288230
v -0.965802 0.601263 1.323998
v -1.012910 0.614049 1.088088
v -1.012910 0.521957 1.214842
v -1.012910 0.700322 1.116119
v -0.965802 0.742370 1.129781
v -1.012910 0.372948 1.263258
v -1.012910 0.223939 1.214842
v -1.012910 0.700322 0.903379
v -0.965802 0.742370 0.889717
v -1.012910 0.131847 1.088088
v -1.012910 0.131847 0.931410
v -1.012910 0.575276 0.731268
v -0.965802 0.601263 0.695500
v -1.012910 0.372948 0.756240
v -1.012910 0.223939 0.804656
v -0.888561 0.372948 0.621316
v -0.888561 0.144633 0.695500
v -0.888561 0.601263 0.695500
v -0.888561 0.003526 0.889717
v -0.888561 0.003526 1.129781
v -0.888561 0.144633 1.323998
v -0.888561 0.372948 1.398182
v -0.888561 0.601263 1.323998
v -0.888561 0.742370 1.129781
v -0.888561 0.742370 0.889717
v -0.939800 0.343654 0.969429
v -0.939800 0.372948 0.959911
v -0.939800 0.325549 0.994348
v -0.939800 0.325549 1.025150
v -0.939800 0.343654 1.050069
v -0.939800 0.372948 1.059588
v -0.939800 0.402242 1.050069
v -0.939800 0.420347 1.025150
v -0.939800 0.420347 0.994348
v -0.939800 0.402242 0.969429
v -0.961604 0.359725 0.991549
v -0.961604 0.372948 0.987252
v -0.961604 0.351552 1.002797
v -0.961604 0.351552 1.016701
v -0.961604 0.359725 1.027949
v -0.961604 0.372948 1.032246
v -0.961604 0.386171 1.027949
v -0.961604 0.394344 1.016701
v -0.961604 0.394344 1.002797
v -0.961604 0.386171 0.991549
v -0.764211 0.372948 0.665528
v -0.811320 0.372948 0.621316
v -0.783352 0.237142 0.822828
v -0.783352 0.153209 0.938351
v -0.764211 0.170620 0.731268
v -0.811320 0.144633 0.695500
v -0.783352 0.153209 1.081147
v -0.783352 0.237142 1.196670
v -0.764211 0.045574 0.903379
v -0.811320 0.003526 0.889717
v -0.783352 0.372948 1.240797
v -0.783352 0.508754 1.196670
v -0.764211 0.045574 1.116119
v -0.811320 0.003526 1.129781
v -0.783352 0.592687 1.081147
v -0.783352 0.592687 0.938351
v -0.764211 0.170620 1.288230
v -0.811320 0.144633 1.323998
v -0.783352 0.508754 0.822828
v -0.783352 0.372948 0.778701
v -0.764211 0.372948 1.353970
v -0.811320 0.372948 1.398182
v -0.764211 0.521957 0.804656
v -0.764211 0.614049 0.931410
v -0.764211 0.575276 1.288230
v -0.811320 0.601263 1.323998
v -0.764211 0.614049 1.088088
v -0.764211 0.521957 1.214842
v -0.764211 0.700322 1.116119
v -0.811320 0.742370 1.129781
v -0.764211 0.372948 1.263258
v -0.764211 0.223939 1.214842
v -0.764211 0.700322 0.903379
v -0.811320 0.742370 0.889717
v -0.764211 0.131847 1.088088
v -0.764211 0.131847 0.931410
v -0.764211 0.575276 0.731268
v -0.811320 0.601263 0.695500
v -0.764211 0.372948 0.756240
v -0.764211 0.223939 0.804656
v -0.837321 0.343654 0.969429
v -0.837321 0.372948 0.959911
v -0.837321 0.325549 0.994348
v -0.837321 0.325549 1.025150
v -0.837321 0.343654 1.050069
v -0.837321 0.372948 1.059588
v -0.837321 0.402242 1.050069
v -0.837321 0.420347 1.025150
v -0.837321 0.420347 0.994348
v -0.837321 0.402242 0.969429
v -0.815518 0.359725 0.991549
v -0.815518 0.372948 0.987252
v -0.815518 0.351552 1.002797
v -0.815518 0.351552 1.016701
v -0.815518 0.359725 1.027949
v -0.815518 0.372948 1.032246
v -0.815518 0.386171 1.027949
v -0.815518 0.394344 1.016701
v -0.815518 0.394344 1.002797
v -0.815518 0.386171 0.991549
vn -0.7818 0.3665 0.5044
vn -0.7818 0.5930 0.1927
vn -0.9223 0.3675 0.1194
vn -0.9223 0.2271 0.3126
vn -0.9594 0.1658 -0.2282
vn -0.9594 -0.0000 -0.2821
vn -0.8614 -0.0000 -0.5079
vn -0.8614 0.2985 -0.4109
vn -0.9594 0.1658 0.2282
vn -0.9594 0.2683 0.0872
vn -0.8614 0.4830 0.1569
vn -0.8614 0.2985 0.4109
vn -0.9594 -0.2683 -0.0872
vn -0.9594 -0.2683 0.0872
vn -0.8614 -0.4830 0.1569
vn -0.8614 -0.4830 -0.1569
vn -0.9594 -0.1658 -0.2282
vn -0.8614 -0.2985 -0.4109
vn -0.9594 0.2683 -0.0872
vn -0.8614 0.4830 -0.1569
vn -0.9594 -0.1658 0.2282
vn -0.9594 -0.0000 0.2821
vn -0.8614 -0.0000 0.5079
vn -0.8614 -0.2985 0.4109
vn -0.9584 -0.2715 -0.0882
vn -0.9584 -0.1678 -0.2309
vn -0.8880 -0.0000 0.4598
vn -0.8880 0.2703 0.3720
vn -0.3453 -0.0000 -0.9385
vn -0.3453 -0.5516 -0.7593
vn -0.8880 -0.2703 -0.3720
vn -0.8880 -0.0000 -0.4598
vn -0.8880 -0.4373 -0.1421
vn -0.3453 -0.8926 -0.2900
vn -0.3453 -0.8926 0.2900
vn -0.8880 -0.4373 0.1421
vn -0.8880 0.4373 0.1421
vn -0.3453 -0.5516 0.7593
vn -0.8880 -0.2703 0.3720
vn -0.8880 0.2703 -0.3720
vn -0.3453 -0.0000 0.9385
vn -0.3453 0.5516 0.7593
vn -0.8880 0.4373 -0.1421
vn -0.3453 0.8926 0.2900
vn -0.3453 0.8926 -0.2900
vn -0.3453 0.5516 -0.7593
vn -0.0000 -0.0000 -1.0000
vn -0.0000 -0.5878 -0.8090
vn -0.0000 -0.9511 -0.3090
vn -0.0000 0.9511 -0.3090
vn -0.0000 0.5878 -0.8090
vn -0.0000 0.9511 0.3090
vn -0.0000 0.5878 0.8090
vn -0.0000 -0.0000 1.0000
vn -0.0000 -0.5878 0.8090
vn -0.0000 -0.9511 0.3090
vn -0.9584 0.2715 -0.0882
vn -0.9584 0.2715 0.0882
vn -0.9584 0.1678 -0.2309
vn -0.9584 -0.2715 0.0882
vn -0.9584 0.1678 0.2309
vn -0.9584 -0.0000 0.2854
vn -0.9584 -0.0000 -0.2854
vn -0.9584 -0.1678 0.2309
vn -0.9223 -0.0000 -0.3864
vn -0.9223 -0.2271 -0.3126
vn -0.9223 -0.3675 -0.1194
vn -0.9223 -0.3675 0.1194
vn -0.9223 -0.2271 0.3126
vn -0.9223 -0.0000 0.3864
vn -0.9223 0.3675 -0.1194
vn -0.9223 0.2271 -0.3126
vn -0.7818 -0.5930 0.1927
vn -0.7818 -0.3665 0.5044
vn -0.7818 -0.0000 -0.6235
vn -0.7818 -0.3665 -0.5044
vn -0.7818 0.5930 -0.1927
vn -0.7818 -0.0000 0.6235
vn -0.7818 -0.5930 -0.1927
vn -0.7818 0.3665 -0.5044
vn 0.7818 0.3665 0.5044
vn 0.9223 0.2271 0.3126
vn 0.9223 0.3675 0.1194
vn 0.7818 0.5930 0.1927
vn 0.9594 0.1658 -0.2282
vn 0.8614 0.2985 -0.4109
vn 0.8614 -0.0000 -0.5079
vn 0.9594 -0.0000 -0.2821
vn 0.9594 0.1658 0.2282
vn 0.8614 0.2985 0.4109
vn 0.8614 0.4830 0.1569
vn 0.9594 0.2683 0.0872
vn 0.9594 -0.2683 -0.0872
vn 0.8614 -0.4830 -0.1569
vn 0.8614 -0.4830 0.1569
vn 0.9594 -0.2683 0.0872
vn 0.8614 -0.2985 -0.4109
vn 0.9594 -0.1658 -0.2282
vn 0.8614 0.4830 -0.1569
vn 0.9594 0.2683 -0.0872
vn 0.9594 -0.1658 0.2282
vn 0.8614 -0.2985 0.4109
vn 0.8614 -0.0000 0.5079
vn 0.9594 -0.0000 0.2821
vn 0.9584 -0.1678 -0.2309
vn 0.9584 -0.2715 -0.0882
vn 0.8880 -0.0000 0.4598
vn 0.8880 0.2703 0.3720
vn 0.3453 -0.0000 -0.9385
vn 0.8880 -0.0000 -0.4598
vn 0.8880 -0.2703 -0.3720
vn 0.3453 -0.5516 -0.7593
vn 0.8880 -0.4373 -0.1421
vn 0.3453 -0.8926 -0.2900
vn 0.8880 -0.4373 0.1421
vn 0.3453 -0.8926 0.2900
vn 0.8880 0.4373 0.1421
vn 0.8880 -0.2703 0.3720
vn 0.3453 -0.5516 0.7593
vn 0.8880 0.2703 -0.3720
vn 0.3453 -0.0000 0.9385
vn 0.3453 0.5516 0.7593
vn 0.8880 0.4373 -0.1421
vn 0.3453 0.8926 0.2900
vn 0.3453 0.8926 -0.2900
vn 0.3453 0.5516 -0.7593
vn 0.9584 0.2715 0.0882
vn 0.9584 0.2715 -0.0882
vn 0.9584 0.1678 -0.2309
vn 0.9584 -0.2715 0.0882
vn 0.9584 -0.0000 0.2854
vn 0.9584 0.1678 0.2309
vn 0.9584 -0.0000 -0.2854
vn 0.9584 -0.1678 0.2309
vn 0.9223 -0.0000 -0.3864
vn 0.9223 0.2271 -0.3126
vn 0.9223 0.3675 -0.1194
vn 0.9223 -0.0000 0.3864
vn 0.9223 -0.2271 0.3126
vn 0.9223 -0.3675 0.1194
vn 0.9223 -0.3675 -0.1194
vn 0.9223 -0.2271 -0.3126
vn 0.7818 -0.5930 0.1927
vn 0.7818 -0.3665 0.5044
vn 0.7818 -0.0000 -0.6235
vn 0.7818 -0.3665 -0.5044
vn 0.7818 0.5930 -0.1927
vn 0.7818 -0.0000 0.6235
vn 0.7818 -0.5930 -0.1927
vn 0.7818 0.3665 -0.5044
vt 0.969168 0.347738
vt 0.992922 0.347738
vt 0.992922 0.375608
vt 0.969168 0.375608
vt 0.968653 0.403951
vt 0.992407 0.403951
vt 0.992407 0.431821
vt 0.968653 0.431821
vt 0.968145 0.512614
vt 0.990709 0.512614
vt 0.990709 0.541678
vt 0.968145 0.541678
vt 0.981045 0.375608
vt 0.988026 0.372947
vt 0.992340 0.365979
vt 0.992340 0.357367
vt 0.988026 0.350400
vt 0.981045 0.347738
vt 0.974064 0.350400
vt 0.969749 0.357367
vt 0.969749 0.365979
vt 0.974064 0.372947
s 1
usemtl metallic
f 579/156/530 580/157/531 590/158/532 589/159/533
f 554/160/534 553/161/535 533/162/536 530/163/537
f 562/160/538 558/161/539 526/162/540 525/163/541
f 549/160/542 546/161/543 538/162/544 537/163/545
f 553/160/535 550/161/546 534/162/547 533/163/536
f 558/160/539 557/161/548 529/162/549 526/163/540
f 545/160/550 561/161/551 542/162/552 541/163/553
f 550/160/546 549/161/542 537/162/545 534/163/547
f 557/160/548 554/161/534 530/162/537 529/163/549
f 546/160/543 545/161/550 541/162/553 538/163/544
f 534/164/547 537/165/545 580/166/554 579/167/555
f 543/156/556 547/157/557 550/158/546 553/159/535
f 524/156/558 528/157/559 527/158/560 523/159/561
f 527/156/560 531/157/562 558/158/539 562/159/538
f 528/156/559 532/157/563 531/158/562 527/159/560
f 523/156/561 527/157/560 562/158/538 561/159/551
f 532/156/563 536/157/564 535/158/565 531/159/562
f 547/156/557 551/157/566 549/158/542 550/159/546
f 536/156/564 540/157/567 539/158/568 535/159/565
f 559/156/569 523/157/561 561/158/551 545/159/550
f 540/156/567 544/157/570 543/158/556 539/159/568
f 531/156/562 535/157/565 557/158/548 558/159/539
f 544/156/570 548/157/571 547/158/557 543/159/556
f 551/156/566 555/157/572 546/158/543 549/159/542
f 548/156/571 552/157/573 551/158/566 547/159/557
f 535/156/565 539/157/568 554/158/534 557/159/548
f 552/156/573 556/157/574 555/158/572 551/159/566
f 555/156/572 559/157/569 545/158/550 546/159/543
f 556/156/574 560/157/575 559/158/569 555/159/572
f 561/160/551 562/161/538 525/162/541 542/163/552
f 539/156/568 543/157/556 553/158/535 554/159/534
f 524/156/558 563/157/576 564/158/577 528/159/559
f 528/156/559 564/157/577 566/158/578 532/159/563
f 556/156/574 572/157/579 565/158/580 560/159/575
f 552/156/573 571/157/581 572/158/579 556/159/574
f 548/156/571 570/157/582 571/158/581 552/159/573
f 544/156/570 569/157/583 570/158/582 548/159/571
f 540/156/567 568/157/584 569/158/583 544/159/570
f 536/156/564 567/157/585 568/158/584 540/159/567
f 532/156/563 566/157/578 567/158/585 536/159/564
f 560/156/575 565/157/580 563/158/576 524/159/558
f 526/164/540 529/165/549 576/166/586 575/167/587
f 529/164/549 530/165/537 577/166/588 576/167/586
f 537/164/545 538/165/544 581/166/589 580/167/554
f 542/164/552 525/165/541 573/166/590 574/167/591
f 530/164/537 533/165/536 578/166/592 577/167/588
f 538/164/544 541/165/553 582/166/593 581/167/589
f 541/164/553 542/165/552 574/166/591 582/167/593
f 525/164/541 526/165/540 575/166/587 573/167/590
f 533/164/536 534/165/547 579/166/555 578/167/592
f 584/168/594 583/169/595 585/170/596 586/171/597 587/172/598 588/173/599 589/174/533 590/175/532 591/176/600 592/177/601
f 576/156/602 577/157/603 587/158/598 586/159/597
f 574/156/604 573/157/605 583/158/595 584/159/594
f 580/156/531 581/157/606 591/158/600 590/159/532
f 577/156/603 578/157/607 588/158/599 587/159/598
f 573/156/605 575/157/608 585/158/596 583/159/595
f 581/156/606 582/157/609 592/158/601 591/159/600
f 578/156/607 579/157/530 589/158/533 588/159/599
f 575/156/608 576/157/602 586/158/597 585/159/596
f 582/156/609 574/157/604 584/158/594 592/159/601
f 560/156/575 524/157/558 523/158/561 559/159/569
f 639/156/610 649/159/611 650/158/612 640/157/613
f 624/160/614 600/163/615 603/162/616 623/161/617
f 632/160/618 595/163/619 596/162/620 628/161/621
f 619/160/622 607/163/623 608/162/624 616/161/625
f 623/160/617 603/163/616 604/162/626 620/161/627
f 628/160/621 596/163/620 599/162/628 627/161/629
f 615/160/630 611/163/631 612/162/632 631/161/633
f 620/160/627 604/163/626 607/162/623 619/161/622
f 627/160/629 599/163/628 600/162/615 624/161/614
f 616/160/625 608/163/624 611/162/631 615/161/630
f 604/164/626 639/167/634 640/166/635 607/165/623
f 613/156/636 623/159/617 620/158/627 617/157/637
f 594/156/638 593/159/639 597/158/640 598/157/641
f 597/156/640 632/159/618 628/158/621 601/157/642
f 598/156/641 597/159/640 601/158/642 602/157/643
f 593/156/639 631/159/633 632/158/618 597/157/640
f 602/156/643 601/159/642 605/158/644 606/157/645
f 617/156/637 620/159/627 619/158/622 621/157/646
f 606/156/645 605/159/644 609/158/647 610/157/648
f 629/156/649 615/159/630 631/158/633 593/157/639
f 610/156/648 609/159/647 613/158/636 614/157/650
f 601/156/642 628/159/621 627/158/629 605/157/644
f 614/156/650 613/159/636 617/158/637 618/157/651
f 621/156/646 619/159/622 616/158/625 625/157/652
f 618/156/651 617/159/637 621/158/646 622/157/653
f 605/156/644 627/159/629 624/158/614 609/157/647
f 622/156/653 621/159/646 625/158/652 626/157/654
f 625/156/652 616/159/625 615/158/630 629/157/649
f 626/156/654 625/159/652 629/158/649 630/157/655
f 631/160/633 612/163/632 595/162/619 632/161/618
f 609/156/647 624/159/614 623/158/617 613/157/636
f 594/156/638 598/159/641 564/158/577 563/157/576
f 598/156/641 602/159/643 566/158/578 564/157/577
f 626/156/654 630/159/655 565/158/580 572/157/579
f 622/156/653 626/159/654 572/158/579 571/157/581
f 618/156/651 622/159/653 571/158/581 570/157/582
f 614/156/650 618/159/651 570/158/582 569/157/583
f 610/156/648 614/159/650 569/158/583 568/157/584
f 606/156/645 610/159/648 568/158/584 567/157/585
f 602/156/643 606/159/645 567/158/585 566/157/578
f 630/156/655 594/159/638 563/158/576 565/157/580
f 596/164/620 635/167/656 636/166/657 599/165/628
f 599/164/628 636/167/657 637/166/658 600/165/615
f 607/164/623 640/167/635 641/166/659 608/165/624
f 612/164/632 634/167/660 633/166/661 595/165/619
f 600/164/615 637/167/658 638/166/662 603/165/616
f 608/164/624 641/167/659 642/166/663 611/165/631
f 611/164/631 642/167/663 634/166/660 612/165/632
f 595/164/619 633/167/661 635/166/656 596/165/620
f 603/164/616 638/167/662 639/166/634 604/165/626
f 644/168/664 652/177/665 651/176/666 650/175/612 649/174/611 648/173/667 647/172/668 646/171/669 645/170/670 643/169/671
f 636/156/672 646/159/669 647/158/668 637/157/673
f 634/156/674 644/159/664 643/158/671 633/157/675
f 640/156/613 650/159/612 651/158/666 641/157/676
f 637/156/673 647/159/668 648/158/667 638/157/677
f 633/156/675 643/159/671 645/158/670 635/157/678
f 641/156/676 651/159/666 652/158/665 642/157/679
f 638/156/677 648/159/667 649/158/611 639/157/610
f 635/156/678 645/159/670 646/158/669 636/157/672
f 642/156/679 652/159/665 644/158/664 634/157/674
f 630/156/655 629/159/649 593/158/639 594/157/638
o wheels
v -0.996248 0.372948 -1.757401
v -0.949139 0.372948 -1.801613
v -0.977107 0.237142 -1.600101
v -0.977107 0.153209 -1.484578
v -0.996248 0.170620 -1.691661
v -0.949139 0.144633 -1.727429
v -0.977107 0.153209 -1.341782
v -0.977107 0.237142 -1.226259
v -0.996248 0.045574 -1.519550
v -0.949139 0.003526 -1.533212
v -0.977107 0.372948 -1.182132
v -0.977107 0.508754 -1.226259
v -0.996248 0.045574 -1.306810
v -0.949139 0.003526 -1.293148
v -0.977107 0.592687 -1.341782
v -0.977107 0.592687 -1.484578
v -0.996248 0.170620 -1.134699
v -0.949139 0.144633 -1.098931
v -0.977107 0.508754 -1.600101
v -0.977107 0.372948 -1.644228
v -0.996248 0.372948 -1.068959
v -0.949139 0.372948 -1.024747
v -0.996248 0.521957 -1.618273
v -0.996248 0.614049 -1.491519
v -0.996248 0.575276 -1.134699
v -0.949139 0.601263 -1.098931
v -0.996248 0.614049 -1.334841
v -0.996248 0.521957 -1.208087
v -0.996248 0.700322 -1.306810
v -0.949139 0.742370 -1.293148
v -0.996248 0.372948 -1.159671
v -0.996248 0.223939 -1.208087
v -0.996248 0.700322 -1.519550
v -0.949139 0.742370 -1.533212
v -0.996248 0.131847 -1.334841
v -0.996248 0.131847 -1.491519
v -0.996248 0.575276 -1.691661
v -0.949139 0.601263 -1.727429
v -0.996248 0.372948 -1.666689
v -0.996248 0.223939 -1.618273
v -0.871898 0.372948 -1.801613
v -0.871898 0.144633 -1.727429
v -0.871898 0.601263 -1.727429
v -0.871898 0.003526 -1.533212
v -0.871898 0.003526 -1.293148
v -0.871898 0.144633 -1.098931
v -0.871898 0.372948 -1.024747
v -0.871898 0.601263 -1.098931
v -0.871898 0.742370 -1.293148
v -0.871898 0.742370 -1.533212
v -0.936977 0.343654 -1.453500
v -0.936977 0.372948 -1.463018
v -0.936977 0.325549 -1.428581
v -0.936977 0.325549 -1.397779
v -0.936977 0.343654 -1.372860
v -0.936977 0.372948 -1.363341
v -0.936977 0.402242 -1.372860
v -0.936977 0.420347 -1.397779
v -0.936977 0.420347 -1.428581
v -0.936977 0.402242 -1.453500
v -0.958780 0.359725 -1.431380
v -0.958780 0.372948 -1.435677
v -0.958780 0.351552 -1.420132
v -0.958780 0.351552 -1.406228
v -0.958780 0.359725 -1.394980
v -0.958780 0.372948 -1.390683
v -0.958780 0.386171 -1.394980
v -0.958780 0.394344 -1.406228
v -0.958780 0.394344 -1.420132
v -0.958780 0.386171 -1.431380
v -0.747549 0.372948 -1.757401
v -0.794657 0.372948 -1.801613
v -0.766690 0.237142 -1.600101
v -0.766690 0.153209 -1.484578
v -0.747549 0.170620 -1.691661
v -0.794657 0.144633 -1.727429
v -0.766690 0.153209 -1.341782
v -0.766690 0.237142 -1.226259
v -0.747549 0.045574 -1.519550
v -0.794657 0.003526 -1.533212
v -0.766690 0.372948 -1.182132
v -0.766690 0.508754 -1.226259
v -0.747549 0.045574 -1.306810
v -0.794657 0.003526 -1.293148
v -0.766690 0.592687 -1.341782
v -0.766690 0.592687 -1.484578
v -0.747549 0.170620 -1.134699
v -0.794657 0.144633 -1.098931
v -0.766690 0.508754 -1.600101
v -0.766690 0.372948 -1.644228
v -0.747549 0.372948 -1.068959
v -0.794657 0.372948 -1.024747
v -0.747549 0.521957 -1.618273
v -0.747549 0.614049 -1.491519
v -0.747549 0.575276 -1.134699
v -0.794657 0.601263 -1.098931
v -0.747549 0.614049 -1.334841
v -0.747549 0.521957 -1.208087
v -0.747549 0.700322 -1.306810
v -0.794657 0.742370 -1.293148
v -0.747549 0.372948 -1.159671
v -0.747549 0.223939 -1.208087
v -0.747549 0.700322 -1.519550
v -0.794657 0.742370 -1.533212
v -0.747549 0.131847 -1.334841
v -0.747549 0.131847 -1.491519
v -0.747549 0.575276 -1.691661
v -0.794657 0.601263 -1.727429
v -0.747549 0.372948 -1.666689
v -0.747549 0.223939 -1.618273
v -0.806820 0.343654 -1.453500
v -0.806820 0.372948 -1.463018
v -0.806820 0.325549 -1.428581
v -0.806820 0.325549 -1.397779
v -0.806820 0.343654 -1.372860
v -0.806820 0.372948 -1.363341
v -0.806820 0.402242 -1.372860
v -0.806820 0.420347 -1.397779
v -0.806820 0.420347 -1.428581
v -0.806820 0.402242 -1.453500
v -0.785016 0.359725 -1.431380
v -0.785016 0.372948 -1.435677
v -0.785016 0.351552 -1.420132
v -0.785016 0.351552 -1.406228
v -0.785016 0.359725 -1.394980
v -0.785016 0.372948 -1.390683
v -0.785016 0.386171 -1.394980
v -0.785016 0.394344 -1.406228
v -0.785016 0.394344 -1.420132
v -0.785016 0.386171 -1.431380
vn -0.7818 0.3665 0.5044
vn -0.7818 0.5930 0.1927
vn -0.9223 0.3675 0.1194
vn -0.9223 0.2271 0.3126
vn -0.9594 0.1658 -0.2282
vn -0.9594 -0.0000 -0.2821
vn -0.8759 -0.0000 -0.4825
vn -0.8759 0.2836 -0.3904
vn -0.9594 0.1658 0.2282
vn -0.9594 0.2683 0.0872
vn -0.8759 0.4589 0.1491
vn -0.8759 0.2836 0.3904
vn -0.9594 -0.2683 -0.0872
vn -0.9594 -0.2683 0.0872
vn -0.8759 -0.4589 0.1491
vn -0.8759 -0.4589 -0.1491
vn -0.9594 -0.1658 -0.2282
vn -0.8759 -0.2836 -0.3904
vn -0.9594 0.2683 -0.0872
vn -0.8759 0.4589 -0.1491
vn -0.9594 -0.1658 0.2282
vn -0.9594 -0.0000 0.2821
vn -0.8759 -0.0000 0.4825
vn -0.8759 -0.2836 0.3904
vn -0.9763 -0.2056 -0.0668
vn -0.9763 -0.1271 -0.1749
vn -0.3453 -0.0000 -0.9385
vn -0.3453 -0.5516 -0.7593
vn -0.8880 -0.2703 -0.3720
vn -0.8880 -0.0000 -0.4598
vn -0.8880 -0.0000 0.4598
vn -0.8880 0.2703 0.3720
vn -0.3453 -0.8926 -0.2900
vn -0.8880 -0.4373 -0.1421
vn -0.3453 -0.8926 0.2900
vn -0.8880 -0.4373 0.1421
vn -0.3453 -0.5516 0.7593
vn -0.8880 -0.2703 0.3720
vn -0.8880 0.4373 0.1421
vn -0.3453 -0.0000 0.9385
vn -0.8880 0.2703 -0.3720
vn -0.3453 0.5516 0.7593
vn -0.3453 0.8926 0.2900
vn -0.8880 0.4373 -0.1421
vn -0.3453 0.8926 -0.2900
vn -0.3453 0.5516 -0.7593
vn -0.0000 -0.0000 -1.0000
vn -0.0000 -0.5878 -0.8090
vn -0.0000 -0.9511 -0.3090
vn -0.0000 0.9511 -0.3090
vn -0.0000 0.5878 -0.8090
vn -0.0000 0.9511 0.3090
vn -0.0000 0.5878 0.8090
vn -0.0000 -0.0000 1.0000
vn -0.0000 -0.5878 0.8090
vn -0.0000 -0.9511 0.3090
vn -0.9763 0.2056 -0.0668
vn -0.9763 0.2056 0.0668
vn -0.9763 0.1271 -0.1749
vn -0.9763 -0.2056 0.0668
vn -0.9763 0.1271 0.1749
vn -0.9763 -0.0000 0.2162
vn -0.9763 -0.0000 -0.2162
vn -0.9763 -0.1271 0.1749
vn -0.9223 -0.0000 -0.3864
vn -0.9223 -0.2271 -0.3126
vn -0.9223 -0.3675 -0.1194
vn -0.9223 -0.3675 0.1194
vn -0.9223 -0.2271 0.3126
vn -0.9223 -0.0000 0.3864
vn -0.9223 0.3675 -0.1194
vn -0.9223 0.2271 -0.3126
vn -0.7818 -0.5930 0.1927
vn -0.7818 -0.3665 0.5044
vn -0.7818 -0.0000 -0.6235
vn -0.7818 -0.3665 -0.5044
vn -0.7818 0.5930 -0.1927
vn -0.7818 -0.0000 0.6235
vn -0.7818 -0.5930 -0.1927
vn -0.7818 0.3665 -0.5044
vn 0.7818 0.3665 0.5044
vn 0.9223 0.2271 0.3126
vn 0.9223 0.3675 0.1194
vn 0.7818 0.5930 0.1927
vn 0.9594 0.1658 -0.2282
vn 0.8759 0.2836 -0.3904
vn 0.8759 -0.0000 -0.4825
vn 0.9594 -0.0000 -0.2821
vn 0.9594 0.1658 0.2282
vn 0.8759 0.2836 0.3904
vn 0.8759 0.4589 0.1491
vn 0.9594 0.2683 0.0872
vn 0.9594 -0.2683 -0.0872
vn 0.8759 -0.4589 -0.1491
vn 0.8759 -0.4589 0.1491
vn 0.9594 -0.2683 0.0872
vn 0.8759 -0.2836 -0.3904
vn 0.9594 -0.1658 -0.2282
vn 0.8759 0.4589 -0.1491
vn 0.9594 0.2683 -0.0872
vn 0.9594 -0.1658 0.2282
vn 0.8759 -0.2836 0.3904
vn 0.8759 -0.0000 0.4825
vn 0.9594 -0.0000 0.2821
vn 0.9763 -0.1271 -0.1749
vn 0.9763 -0.2056 -0.0668
vn 0.3453 -0.0000 -0.9385
vn 0.8880 -0.0000 -0.4598
vn 0.8880 -0.2703 -0.3720
vn 0.3453 -0.5516 -0.7593
vn 0.8880 -0.0000 0.4598
vn 0.8880 0.2703 0.3720
vn 0.8880 -0.4373 -0.1421
vn 0.3453 -0.8926 -0.2900
vn 0.8880 -0.4373 0.1421
vn 0.3453 -0.8926 0.2900
vn 0.8880 -0.2703 0.3720
vn 0.3453 -0.5516 0.7593
vn 0.8880 0.4373 0.1421
vn 0.3453 -0.0000 0.9385
vn 0.8880 0.2703 -0.3720
vn 0.3453 0.5516 0.7593
vn 0.3453 0.8926 0.2900
vn 0.8880 0.4373 -0.1421
vn 0.3453 0.8926 -0.2900
vn 0.3453 0.5516 -0.7593
vn 0.9763 0.2056 0.0668
vn 0.9763 0.2056 -0.0668
vn 0.9763 0.1271 -0.1749
vn 0.9763 -0.2056 0.0668
vn 0.9763 -0.0000 0.2162
vn 0.9763 0.1271 0.1749
vn 0.9763 -0.0000 -0.2162
vn 0.9763 -0.1271 0.1749
vn 0.9223 -0.0000 -0.3864
vn 0.9223 0.2271 -0.3126
vn 0.9223 0.3675 -0.1194
vn 0.9223 -0.0000 0.3864
vn 0.9223 -0.2271 0.3126
vn 0.9223 -0.3675 0.1194
vn 0.9223 -0.3675 -0.1194
vn 0.9223 -0.2271 -0.3126
vn 0.7818 -0.5930 0.1927
vn 0.7818 -0.3665 0.5044
vn 0.7818 -0.0000 -0.6235
vn 0.7818 -0.3665 -0.5044
vn 0.7818 0.5930 -0.1927
vn 0.7818 -0.0000 0.6235
vn 0.7818 -0.5930 -0.1927
vn 0.7818 0.3665 -0.5044
vt 0.966570 0.345937
vt 0.995634 0.345937
vt 0.995634 0.375001
vt 0.966570 0.375001
vt 0.966885 0.408495
vt 0.995949 0.408495
vt 0.995949 0.437560
vt 0.966885 0.437560
vt 0.968145 0.512614
vt 0.997209 0.512614
vt 0.997209 0.541678
vt 0.968145 0.541678
vt 0.981102 0.375001
vt 0.989644 0.372226
vt 0.994923 0.364960
vt 0.994923 0.355978
vt 0.989644 0.348712
vt 0.981102 0.345937
vt 0.972560 0.348712
vt 0.967281 0.355978
vt 0.967281 0.364960
vt 0.972560 0.372226
s 1
usemtl metallic
f 709/178/680 710/179/681 720/180/682 719/181/683
f 684/182/684 683/183/685 663/184/686 660/185/687
f 692/182/688 688/183/689 656/184/690 655/185/691
f 679/182/692 676/183/693 668/184/694 667/185/695
f 683/182/685 680/183/696 664/184/697 663/185/686
f 688/182/689 687/183/698 659/184/699 656/185/690
f 675/182/700 691/183/701 672/184/702 671/185/703
f 680/182/696 679/183/692 667/184/695 664/185/697
f 687/182/698 684/183/684 660/184/687 659/185/699
f 676/182/693 675/183/700 671/184/703 668/185/694
f 664/186/697 667/187/695 710/188/704 709/189/705
f 654/178/706 658/179/707 657/180/708 653/181/709
f 673/178/710 677/179/711 680/180/696 683/181/685
f 658/178/707 662/179/712 661/180/713 657/181/708
f 657/178/708 661/179/713 688/180/689 692/181/688
f 662/178/712 666/179/714 665/180/715 661/181/713
f 653/178/709 657/179/708 692/180/688 691/181/701
f 666/178/714 670/179/716 669/180/717 665/181/715
f 677/178/711 681/179/718 679/180/692 680/181/696
f 670/178/716 674/179/719 673/180/710 669/181/717
f 689/178/720 653/179/709 691/180/701 675/181/700
f 674/178/719 678/179/721 677/180/711 673/181/710
f 661/178/713 665/179/715 687/180/698 688/181/689
f 678/178/721 682/179/722 681/180/718 677/181/711
f 681/178/718 685/179/723 676/180/693 679/181/692
f 682/178/722 686/179/724 685/180/723 681/181/718
f 665/178/715 669/179/717 684/180/684 687/181/698
f 686/178/724 690/179/725 689/180/720 685/181/723
f 685/178/723 689/179/720 675/180/700 676/181/693
f 690/178/725 654/179/706 653/180/709 689/181/720
f 691/182/701 692/183/688 655/184/691 672/185/702
f 669/178/717 673/179/710 683/180/685 684/181/684
f 654/178/706 693/179/726 694/180/727 658/181/707
f 658/178/707 694/179/727 696/180/728 662/181/712
f 686/178/724 702/179/729 695/180/730 690/181/725
f 682/178/722 701/179/731 702/180/729 686/181/724
f 678/178/721 700/179/732 701/180/731 682/181/722
f 674/178/719 699/179/733 700/180/732 678/181/721
f 670/178/716 698/179/734 699/180/733 674/181/719
f 666/178/714 697/179/735 698/180/734 670/181/716
f 662/178/712 696/179/728 697/180/735 666/181/714
f 690/178/725 695/179/730 693/180/726 654/181/706
f 656/186/690 659/187/699 706/188/736 705/189/737
f 659/186/699 660/187/687 707/188/738 706/189/736
f 667/186/695 668/187/694 711/188/739 710/189/704
f 672/186/702 655/187/691 703/188/740 704/189/741
f 660/186/687 663/187/686 708/188/742 707/189/738
f 668/186/694 671/187/703 712/188/743 711/189/739
f 671/186/703 672/187/702 704/188/741 712/189/743
f 655/186/691 656/187/690 705/188/737 703/189/740
f 663/186/686 664/187/697 709/188/705 708/189/742
f 714/190/744 713/191/745 715/192/746 716/193/747 717/194/748 718/195/749 719/196/683 720/197/682 721/198/750 722/199/751
f 706/178/752 707/179/753 717/180/748 716/181/747
f 704/178/754 703/179/755 713/180/745 714/181/744
f 710/178/681 711/179/756 721/180/750 720/181/682
f 707/178/753 708/179/757 718/180/749 717/181/748
f 703/178/755 705/179/758 715/180/746 713/181/745
f 711/178/756 712/179/759 722/180/751 721/181/750
f 708/178/757 709/179/680 719/180/683 718/181/749
f 705/178/758 706/179/752 716/180/747 715/181/746
f 712/178/759 704/179/754 714/180/744 722/181/751
f 769/178/760 779/181/761 780/180/762 770/179/763
f 754/182/764 730/185/765 733/184/766 753/183/767
f 762/182/768 725/185/769 726/184/770 758/183/771
f 749/182/772 737/185/773 738/184/774 746/183/775
f 753/182/767 733/185/766 734/184/776 750/183/777
f 758/182/771 726/185/770 729/184/778 757/183/779
f 745/182/780 741/185/781 742/184/782 761/183/783
f 750/182/777 734/185/776 737/184/773 749/183/772
f 757/182/779 729/185/778 730/184/765 754/183/764
f 746/182/775 738/185/774 741/184/781 745/183/780
f 734/186/776 769/189/784 770/188/785 737/187/773
f 724/178/786 723/181/787 727/180/788 728/179/789
f 743/178/790 753/181/767 750/180/777 747/179/791
f 728/178/789 727/181/788 731/180/792 732/179/793
f 727/178/788 762/181/768 758/180/771 731/179/792
f 732/178/793 731/181/792 735/180/794 736/179/795
f 723/178/787 761/181/783 762/180/768 727/179/788
f 736/178/795 735/181/794 739/180/796 740/179/797
f 747/178/791 750/181/777 749/180/772 751/179/798
f 740/178/797 739/181/796 743/180/790 744/179/799
f 759/178/800 745/181/780 761/180/783 723/179/787
f 744/178/799 743/181/790 747/180/791 748/179/801
f 731/178/792 758/181/771 757/180/779 735/179/794
f 748/178/801 747/181/791 751/180/798 752/179/802
f 751/178/798 749/181/772 746/180/775 755/179/803
f 752/178/802 751/181/798 755/180/803 756/179/804
f 735/178/794 757/181/779 754/180/764 739/179/796
f 756/178/804 755/181/803 759/180/800 760/179/805
f 755/178/803 746/181/775 745/180/780 759/179/800
f 760/178/805 759/181/800 723/180/787 724/179/786
f 761/182/783 742/185/782 725/184/769 762/183/768
f 739/178/796 754/181/764 753/180/767 743/179/790
f 724/178/786 728/181/789 694/180/727 693/179/726
f 728/178/789 732/181/793 696/180/728 694/179/727
f 756/178/804 760/181/805 695/180/730 702/179/729
f 752/178/802 756/181/804 702/180/729 701/179/731
f 748/178/801 752/181/802 701/180/731 700/179/732
f 744/178/799 748/181/801 700/180/732 699/179/733
f 740/178/797 744/181/799 699/180/733 698/179/734
f 736/178/795 740/181/797 698/180/734 697/179/735
f 732/178/793 736/181/795 697/180/735 696/179/728
f 760/178/805 724/181/786 693/180/726 695/179/730
f 726/186/770 765/189/806 766/188/807 729/187/778
f 729/186/778 766/189/807 767/188/808 730/187/765
f 737/186/773 770/189/785 771/188/809 738/187/774
f 742/186/782 764/189/810 763/188/811 725/187/769
f 730/186/765 767/189/808 768/188/812 733/187/766
f 738/186/774 771/189/809 772/188/813 741/187/781
f 741/186/781 772/189/813 764/188/810 742/187/782
f 725/186/769 763/189/811 765/188/806 726/187/770
f 733/186/766 768/189/812 769/188/784 734/187/776
f 774/190/814 782/199/815 781/198/816 780/197/762 779/196/761 778/195/817 777/194/818 776/193/819 775/192/820 773/191/821
f 766/178/822 776/181/819 777/180/818 767/179/823
f 764/178/824 774/181/814 773/180/821 763/179/825
f 770/178/763 780/181/762 781/180/816 771/179/826
f 767/178/823 777/181/818 778/180/817 768/179/827
f 763/178/825 773/181/821 775/180/820 765/179/828
f 771/178/826 781/181/816 782/180/815 772/179/829
f 768/178/827 778/181/817 779/180/761 769/179/760
f 765/178/828 775/181/820 776/180/819 766/179/822
f 772/178/829 782/181/815 774/180/814 764/179/824
o wheels.056
v 0.996248 0.372948 -1.757401
v 0.949139 0.372948 -1.801613
v 0.996248 0.170620 -1.691661
v 0.996248 0.372948 -1.666689
v 0.996248 0.575276 -1.691661
v 0.949139 0.601263 -1.727429
v 0.996248 0.700322 -1.519550
v 0.996248 0.521957 -1.618273
v 0.977107 0.508754 -1.600101
v 0.996248 0.614049 -1.491519
v 0.977107 0.592687 -1.484578
v 0.996248 0.614049 -1.334842
v 0.977107 0.592687 -1.341782
v 0.996248 0.700322 -1.306810
v 0.996248 0.521957 -1.208087
v 0.977107 0.508754 -1.226259
v 0.996248 0.575276 -1.134699
v 0.996248 0.372948 -1.159671
v 0.977107 0.372948 -1.182133
v 0.996248 0.372948 -1.068959
v 0.996248 0.223939 -1.208087
v 0.977107 0.237142 -1.226259
v 0.996248 0.170620 -1.134699
v 0.996248 0.131847 -1.334842
v 0.977107 0.153209 -1.341782
v 0.996248 0.045574 -1.306810
v 0.996248 0.131847 -1.491519
v 0.977107 0.153209 -1.484578
v 0.996248 0.045574 -1.519550
v 0.996248 0.223939 -1.618273
v 0.977107 0.237142 -1.600101
v 0.977107 0.372948 -1.644228
v 0.936977 0.343654 -1.453500
v 0.936977 0.372948 -1.463019
v 0.936977 0.325549 -1.428581
v 0.958780 0.359725 -1.431380
v 0.958780 0.372948 -1.435677
v 0.958780 0.351552 -1.420132
v 0.958780 0.351552 -1.406228
v 0.958780 0.359725 -1.394980
v 0.936977 0.325549 -1.397779
v 0.936977 0.343654 -1.372860
v 0.936977 0.372948 -1.363342
v 0.936977 0.402242 -1.372860
v 0.958780 0.372948 -1.390683
v 0.958780 0.386171 -1.394980
v 0.958780 0.394344 -1.406228
v 0.958780 0.394344 -1.420132
v 0.936977 0.420347 -1.397779
v 0.936977 0.420347 -1.428581
v 0.936977 0.402242 -1.453500
v 0.958780 0.386171 -1.431380
v 0.949139 0.003526 -1.533213
v 0.949139 0.144633 -1.727429
v 0.949139 0.003526 -1.293148
v 0.871898 0.003526 -1.533213
v 0.871898 0.144633 -1.727429
v 0.871898 0.003526 -1.293148
v 0.794657 0.003526 -1.533213
v 0.794657 0.144633 -1.727429
v 0.747549 0.045574 -1.519550
v 0.794657 0.003526 -1.293148
v 0.747549 0.045574 -1.306810
v 0.794657 0.144633 -1.098931
v 0.747549 0.170620 -1.134699
v 0.794657 0.372948 -1.024747
v 0.871898 0.144633 -1.098931
v 0.949139 0.144633 -1.098931
v 0.871898 0.372948 -1.024747
v 0.949139 0.372948 -1.024747
v 0.871898 0.601263 -1.098931
v 0.949139 0.601263 -1.098931
v 0.871898 0.742370 -1.293148
v 0.794657 0.601263 -1.098931
v 0.747549 0.575276 -1.134699
v 0.794657 0.742370 -1.293148
v 0.747549 0.700322 -1.306810
v 0.794657 0.742370 -1.533213
v 0.747549 0.700322 -1.519550
v 0.794657 0.601263 -1.727429
v 0.871898 0.742370 -1.533213
v 0.949139 0.742370 -1.533213
v 0.871898 0.601263 -1.727429
v 0.871898 0.372948 -1.801613
v 0.794657 0.372948 -1.801613
v 0.747549 0.372948 -1.757401
v 0.747549 0.170620 -1.691661
v 0.747549 0.372948 -1.666689
v 0.747549 0.575276 -1.691661
v 0.747549 0.521957 -1.618273
v 0.766689 0.508754 -1.600101
v 0.747549 0.614049 -1.491519
v 0.766689 0.592687 -1.484578
v 0.747549 0.614049 -1.334842
v 0.766689 0.592687 -1.341782
v 0.747549 0.521957 -1.208087
v 0.766689 0.508754 -1.226259
v 0.747549 0.372948 -1.159671
v 0.766689 0.372948 -1.182133
v 0.747549 0.372948 -1.068959
v 0.747549 0.223939 -1.208087
v 0.766689 0.237142 -1.226259
v 0.747549 0.131847 -1.334842
v 0.766689 0.153209 -1.341782
v 0.747549 0.131847 -1.491519
v 0.766689 0.153209 -1.484578
v 0.747549 0.223939 -1.618273
v 0.766689 0.237142 -1.600101
v 0.766689 0.372948 -1.644228
v 0.806820 0.343654 -1.453500
v 0.806820 0.372948 -1.463019
v 0.806820 0.325549 -1.428581
v 0.785016 0.359725 -1.431380
v 0.785016 0.372948 -1.435677
v 0.785016 0.351552 -1.420132
v 0.785016 0.351552 -1.406228
v 0.785016 0.359725 -1.394980
v 0.806820 0.325549 -1.397779
v 0.806820 0.343654 -1.372860
v 0.806820 0.372948 -1.363342
v 0.806820 0.402242 -1.372860
v 0.785016 0.372948 -1.390683
v 0.785016 0.386171 -1.394980
v 0.785016 0.394344 -1.406228
v 0.785016 0.394344 -1.420132
v 0.806820 0.420347 -1.397779
v 0.806820 0.420347 -1.428581
v 0.806820 0.402242 -1.453500
v 0.785016 0.386171 -1.431380
v 0.949139 0.742370 -1.293148
vn 0.3453 0.5516 -0.7593
vn 0.8880 0.2703 -0.3720
vn 0.8880 -0.0000 -0.4598
vn 0.3453 -0.0000 -0.9385
vn 0.8880 -0.2703 -0.3720
vn 0.3453 -0.5516 -0.7593
vn 0.9594 -0.0000 0.2821
vn 0.9594 0.1658 0.2282
vn 0.9594 -0.1658 0.2282
vn 0.3453 0.8926 -0.2900
vn 0.8880 0.4373 -0.1421
vn 0.9594 -0.2683 0.0872
vn 0.8759 -0.4589 0.1491
vn 0.8759 -0.2836 0.3904
vn 0.8759 -0.0000 0.4825
vn 0.9594 -0.2683 -0.0872
vn 0.8759 -0.4589 -0.1491
vn 0.8880 0.4373 0.1421
vn 0.9594 -0.1658 -0.2282
vn 0.8759 -0.2836 -0.3904
vn 0.8880 0.2703 0.3720
vn 0.9594 -0.0000 -0.2821
vn 0.8759 -0.0000 -0.4825
vn 0.8880 -0.0000 0.4598
vn 0.9594 0.1658 -0.2282
vn 0.8759 0.2836 -0.3904
vn 0.8880 -0.2703 0.3720
vn 0.9594 0.2683 -0.0872
vn 0.8759 0.4589 -0.1491
vn 0.8880 -0.4373 0.1421
vn 0.9594 0.2683 0.0872
vn 0.8759 0.4589 0.1491
vn 0.8880 -0.4373 -0.1421
vn 0.8759 0.2836 0.3904
vn 0.9763 -0.0000 0.2162
vn 0.9763 0.1271 0.1749
vn 0.9763 0.2056 0.0668
vn 0.7818 -0.0000 -0.6235
vn 0.9223 -0.0000 -0.3864
vn 0.9223 -0.2271 -0.3126
vn 0.7818 -0.3665 -0.5044
vn 0.9223 -0.3675 -0.1194
vn 0.7818 -0.5930 -0.1927
vn 0.9223 0.2271 -0.3126
vn 0.9223 0.3675 -0.1194
vn 0.9223 0.3675 0.1194
vn 0.9223 0.2271 0.3126
vn 0.9223 -0.0000 0.3864
vn 0.9223 -0.2271 0.3126
vn 0.9223 -0.3675 0.1194
vn 0.7818 -0.5930 0.1927
vn 0.7818 -0.3665 0.5044
vn 0.9763 0.2056 -0.0668
vn 0.9763 0.1271 -0.1749
vn 0.7818 -0.0000 0.6235
vn 0.9763 -0.0000 -0.2162
vn 0.7818 0.3665 0.5044
vn 0.9763 -0.1271 -0.1749
vn 0.7818 0.5930 0.1927
vn 0.7818 0.5930 -0.1927
vn 0.9763 -0.2056 -0.0668
vn 0.9763 -0.2056 0.0668
vn 0.7818 0.3665 -0.5044
vn 0.9763 -0.1271 0.1749
vn 0.3453 -0.8926 -0.2900
vn 0.3453 -0.8926 0.2900
vn -0.0000 -0.9511 -0.3090
vn -0.0000 -0.5878 -0.8090
vn -0.0000 -0.9511 0.3090
vn -0.3453 -0.5516 -0.7593
vn -0.3453 -0.8926 -0.2900
vn -0.3453 -0.8926 0.2900
vn -0.8880 -0.4373 -0.1421
vn -0.8880 -0.2703 -0.3720
vn -0.8880 -0.4373 0.1421
vn -0.3453 -0.5516 0.7593
vn -0.8880 -0.2703 0.3720
vn -0.0000 -0.5878 0.8090
vn -0.3453 -0.0000 0.9385
vn -0.8880 -0.0000 0.4598
vn -0.0000 -0.0000 1.0000
vn 0.3453 -0.5516 0.7593
vn 0.3453 -0.0000 0.9385
vn 0.3453 0.5516 0.7593
vn -0.0000 0.5878 0.8090
vn -0.3453 0.5516 0.7593
vn 0.3453 0.8926 0.2900
vn -0.0000 0.9511 0.3090
vn -0.3453 0.8926 0.2900
vn -0.8880 0.2703 0.3720
vn -0.8880 0.4373 0.1421
vn -0.3453 0.8926 -0.2900
vn -0.8880 0.4373 -0.1421
vn -0.0000 0.9511 -0.3090
vn -0.3453 0.5516 -0.7593
vn -0.8880 0.2703 -0.3720
vn -0.0000 0.5878 -0.8090
vn -0.0000 -0.0000 -1.0000
vn -0.3453 -0.0000 -0.9385
vn -0.8880 -0.0000 -0.4598
vn -0.9594 0.1658 0.2282
vn -0.9594 -0.0000 0.2821
vn -0.9594 -0.1658 0.2282
vn -0.9594 -0.2683 0.0872
vn -0.8759 -0.2836 0.3904
vn -0.8759 -0.4589 0.1491
vn -0.8759 -0.0000 0.4825
vn -0.9594 -0.2683 -0.0872
vn -0.8759 -0.4589 -0.1491
vn -0.9594 -0.1658 -0.2282
vn -0.8759 -0.2836 -0.3904
vn -0.9594 -0.0000 -0.2821
vn -0.8759 -0.0000 -0.4825
vn -0.9594 0.1658 -0.2282
vn -0.8759 0.2836 -0.3904
vn -0.9594 0.2683 -0.0872
vn -0.8759 0.4589 -0.1491
vn -0.9594 0.2683 0.0872
vn -0.8759 0.4589 0.1491
vn -0.8759 0.2836 0.3904
vn -0.9763 0.1271 0.1749
vn -0.9763 -0.0000 0.2162
vn -0.9763 0.2056 0.0668
vn -0.7818 -0.0000 -0.6235
vn -0.7818 -0.3665 -0.5044
vn -0.9223 -0.2271 -0.3126
vn -0.9223 -0.0000 -0.3864
vn -0.7818 -0.5930 -0.1927
vn -0.9223 -0.3675 -0.1194
vn -0.9223 -0.3675 0.1194
vn -0.9223 -0.2271 0.3126
vn -0.9223 -0.0000 0.3864
vn -0.9223 0.2271 0.3126
vn -0.9223 0.3675 0.1194
vn -0.9223 0.3675 -0.1194
vn -0.9223 0.2271 -0.3126
vn -0.7818 -0.5930 0.1927
vn -0.7818 -0.3665 0.5044
vn -0.9763 0.2056 -0.0668
vn -0.9763 0.1271 -0.1749
vn -0.7818 -0.0000 0.6235
vn -0.9763 -0.0000 -0.2162
vn -0.7818 0.3665 0.5044
vn -0.9763 -0.1271 -0.1749
vn -0.7818 0.5930 0.1927
vn -0.7818 0.5930 -0.1927
vn -0.9763 -0.2056 -0.0668
vn -0.9763 -0.2056 0.0668
vn -0.7818 0.3665 -0.5044
vn -0.9763 -0.1271 0.1749
vt 0.966570 0.345937
vt 0.966570 0.375001
vt 0.995634 0.375001
vt 0.995634 0.345937
vt 0.966885 0.408495
vt 0.966885 0.437560
vt 0.995949 0.437560
vt 0.995949 0.408495
vt 0.968145 0.512614
vt 0.968145 0.541678
vt 0.997209 0.541678
vt 0.997209 0.512614
vt 0.981102 0.375001
vt 0.972560 0.372226
vt 0.967281 0.364960
vt 0.967281 0.355978
vt 0.972560 0.348712
vt 0.981102 0.345937
vt 0.989644 0.348712
vt 0.994923 0.355978
vt 0.994923 0.364960
vt 0.989644 0.372226
s 1
usemtl metallic
f 788/200/830 787/201/831 783/202/832 784/203/833
f 784/200/833 783/201/832 785/202/834 836/203/835
f 783/200/832 786/201/836 812/202/837 785/203/834
f 787/200/831 790/201/838 786/202/836 783/203/832
f 864/200/839 789/201/840 787/202/831 788/203/830
f 789/200/840 792/201/841 790/202/838 787/203/831
f 792/204/841 793/205/842 791/206/843 790/207/838
f 790/204/838 791/205/843 814/206/844 786/207/836
f 794/204/845 795/205/846 793/206/842 792/207/841
f 796/200/847 794/201/845 792/202/841 789/203/840
f 797/204/848 798/205/849 795/206/846 794/207/845
f 799/200/850 797/201/848 794/202/845 796/203/847
f 800/204/851 801/205/852 798/206/849 797/207/848
f 802/200/853 800/201/851 797/202/848 799/203/850
f 803/204/854 804/205/855 801/206/852 800/207/851
f 805/200/856 803/201/854 800/202/851 802/203/853
f 806/204/857 807/205/858 804/206/855 803/207/854
f 808/200/859 806/201/857 803/202/854 805/203/856
f 809/204/860 810/205/861 807/206/858 806/207/857
f 811/200/862 809/201/860 806/202/857 808/203/859
f 812/204/837 813/205/863 810/206/861 809/207/860
f 785/200/834 812/201/837 809/202/860 811/203/862
f 786/204/836 814/205/844 813/206/863 812/207/837
f 814/208/844 816/209/864 815/210/865 813/211/863
f 813/208/863 815/209/865 817/210/866 810/211/861
f 816/200/867 819/201/868 818/202/869 815/203/870
f 815/200/870 818/201/869 820/202/871 817/203/872
f 819/212/868 834/213/873 830/214/874 829/215/875 828/216/876 827/217/877 822/218/878 821/219/879 820/220/871 818/221/869
f 817/200/872 820/201/871 821/202/879 823/203/880
f 823/200/880 821/201/879 822/202/878 824/203/881
f 810/208/861 817/209/866 823/210/882 807/211/858
f 807/208/858 823/209/882 824/210/883 804/211/855
f 824/200/881 822/201/878 827/202/877 825/203/884
f 804/208/855 824/209/883 825/210/885 801/211/852
f 825/200/884 827/201/877 828/202/876 826/203/886
f 801/208/852 825/209/885 826/210/887 798/211/849
f 826/200/886 828/201/876 829/202/875 831/203/888
f 831/200/888 829/201/875 830/202/874 832/203/889
f 798/208/849 826/209/887 831/210/890 795/211/846
f 795/208/846 831/209/890 832/210/891 793/211/842
f 832/200/889 830/201/874 834/202/873 833/203/892
f 793/208/842 832/209/891 833/210/893 791/211/843
f 833/200/892 834/201/873 819/202/868 816/203/867
f 791/208/843 833/209/893 816/210/864 814/211/844
f 835/200/894 811/201/862 808/202/859 837/203/895
f 836/200/835 785/201/834 811/202/862 835/203/894
f 836/200/835 835/201/894 838/202/896 839/203/897
f 835/200/894 837/201/895 840/202/898 838/203/896
f 842/200/899 839/203/897 838/202/896 841/201/900
f 841/200/900 838/203/896 840/202/898 844/201/901
f 842/200/899 841/203/900 843/202/902 869/201/903
f 841/200/900 844/203/901 845/202/904 843/201/902
f 844/200/901 846/203/905 847/202/906 845/201/904
f 844/200/901 840/203/898 849/202/907 846/201/905
f 846/200/905 848/203/908 882/202/909 847/201/906
f 846/200/905 849/203/907 851/202/910 848/201/908
f 837/200/895 850/201/911 849/202/907 840/203/898
f 850/200/911 852/201/912 851/202/910 849/203/907
f 852/200/912 854/201/913 853/202/914 851/203/910
f 848/200/908 851/203/910 853/202/914 856/201/915
f 854/200/913 912/201/916 855/202/917 853/203/914
f 856/200/915 853/203/914 855/202/917 858/201/918
f 848/200/908 856/203/915 857/202/919 882/201/909
f 856/200/915 858/203/918 859/202/920 857/201/919
f 858/200/918 860/203/921 861/202/922 859/201/920
f 858/200/918 855/203/917 863/202/923 860/201/921
f 860/200/921 862/203/924 871/202/925 861/201/922
f 860/200/921 863/203/923 865/202/926 862/201/924
f 912/200/916 864/201/839 863/202/923 855/203/917
f 864/200/839 788/201/830 865/202/926 863/203/923
f 788/200/830 784/201/833 866/202/927 865/203/926
f 862/200/924 865/203/926 866/202/927 867/201/928
f 784/200/833 836/201/835 839/202/897 866/203/927
f 867/200/928 866/203/927 839/202/897 842/201/899
f 862/200/924 867/203/928 868/202/929 871/201/925
f 867/200/928 842/203/899 869/202/903 868/201/929
f 868/200/929 869/203/903 889/202/930 870/201/931
f 871/200/925 868/203/929 870/202/931 872/201/932
f 861/200/922 871/203/925 872/202/932 874/201/933
f 874/204/933 872/207/932 873/206/934 875/205/935
f 872/204/932 870/207/931 891/206/936 873/205/934
f 876/204/937 874/207/933 875/206/935 877/205/938
f 859/200/920 861/203/922 874/202/933 876/201/937
f 878/204/939 876/207/937 877/206/938 879/205/940
f 857/200/919 859/203/920 876/202/937 878/201/939
f 880/204/941 878/207/939 879/206/940 881/205/942
f 882/200/909 857/203/919 878/202/939 880/201/941
f 883/204/943 880/207/941 881/206/942 884/205/944
f 847/200/906 882/203/909 880/202/941 883/201/943
f 885/204/945 883/207/943 884/206/944 886/205/946
f 845/200/904 847/203/906 883/202/943 885/201/945
f 887/204/947 885/207/945 886/206/946 888/205/948
f 843/200/902 845/203/904 885/202/945 887/201/947
f 889/204/930 887/207/947 888/206/948 890/205/949
f 869/200/903 843/203/902 887/202/947 889/201/930
f 870/204/931 889/207/930 890/206/949 891/205/936
f 891/208/936 890/211/949 892/210/950 893/209/951
f 890/208/949 888/211/948 894/210/952 892/209/950
f 893/200/953 892/203/954 895/202/955 896/201/956
f 892/200/954 894/203/957 897/202/958 895/201/955
f 896/212/956 895/221/955 897/220/958 898/219/959 899/218/960 904/217/961 905/216/962 906/215/963 907/214/964 911/213/965
f 894/200/957 900/203/966 898/202/959 897/201/958
f 900/200/966 901/203/967 899/202/960 898/201/959
f 888/208/948 886/211/946 900/210/968 894/209/952
f 886/208/946 884/211/944 901/210/969 900/209/968
f 901/200/967 902/203/970 904/202/961 899/201/960
f 884/208/944 881/211/942 902/210/971 901/209/969
f 902/200/970 903/203/972 905/202/962 904/201/961
f 881/208/942 879/211/940 903/210/973 902/209/971
f 903/200/972 908/203/974 906/202/963 905/201/962
f 908/200/974 909/203/975 907/202/964 906/201/963
f 879/208/940 877/211/938 908/210/976 903/209/973
f 877/208/938 875/211/935 909/210/977 908/209/976
f 909/200/975 910/203/978 911/202/965 907/201/964
f 875/208/935 873/211/934 910/210/979 909/209/977
f 910/200/978 893/203/953 896/202/956 911/201/965
f 873/208/934 891/211/936 893/210/951 910/209/979
f 912/200/916 796/201/847 789/202/840 864/203/839
f 854/200/913 799/201/850 796/202/847 912/203/916
f 852/200/912 802/201/853 799/202/850 854/203/913
f 850/200/911 805/201/856 802/202/853 852/203/912
f 837/200/895 808/201/859 805/202/856 850/203/911
o wheels.057
v 1.012911 0.372948 0.665528
v 1.012911 0.170620 0.731268
v 1.012911 0.372948 0.756240
v 1.012911 0.575276 0.731268
v 0.965802 0.372948 0.621316
v 0.965802 0.144633 0.695500
v 0.965802 0.601263 0.695500
v 0.888561 0.372948 0.621316
v 0.888561 0.144633 0.695500
v 0.888561 0.601263 0.695500
v 0.811320 0.372948 0.621316
v 0.811320 0.144633 0.695500
v 0.811320 0.601263 0.695500
v 0.764211 0.372948 0.665528
v 0.764211 0.170620 0.731268
v 0.764211 0.372948 0.756240
v 0.764211 0.575276 0.731268
v 0.764211 0.700322 0.903379
v 0.764211 0.521957 0.804656
v 0.783352 0.508754 0.822828
v 0.764211 0.614049 0.931410
v 0.783352 0.592687 0.938351
v 0.764211 0.614049 1.088088
v 0.783352 0.592687 1.081147
v 0.764211 0.700322 1.116119
v 0.764211 0.521957 1.214842
v 0.783352 0.508754 1.196670
v 0.764211 0.575276 1.288230
v 0.764211 0.372948 1.263258
v 0.783352 0.372948 1.240797
v 0.764211 0.372948 1.353970
v 0.764211 0.223939 1.214842
v 0.783352 0.237142 1.196670
v 0.764211 0.170620 1.288230
v 0.764211 0.131847 1.088088
v 0.783352 0.153209 1.081147
v 0.764211 0.045574 1.116119
v 0.764211 0.131847 0.931410
v 0.783352 0.153209 0.938351
v 0.764211 0.045574 0.903379
v 0.764211 0.223939 0.804656
v 0.783352 0.237142 0.822828
v 0.783352 0.372948 0.778701
v 0.837321 0.343654 0.969429
v 0.837321 0.372948 0.959911
v 0.837321 0.325549 0.994348
v 0.815518 0.359725 0.991549
v 0.815518 0.372948 0.987252
v 0.815518 0.351552 1.002797
v 0.815518 0.351552 1.016701
v 0.815518 0.359725 1.027949
v 0.837321 0.325549 1.025150
v 0.837321 0.343654 1.050069
v 0.837321 0.372948 1.059588
v 0.837321 0.402242 1.050069
v 0.815518 0.372948 1.032246
v 0.815518 0.386171 1.027949
v 0.815518 0.394344 1.016701
v 0.815518 0.394344 1.002797
v 0.837321 0.420347 1.025150
v 0.837321 0.420347 0.994348
v 0.837321 0.402242 0.969429
v 0.815518 0.386171 0.991549
v 0.811320 0.003526 0.889717
v 0.811320 0.003526 1.129781
v 0.888561 0.003526 0.889717
v 0.965802 0.003526 0.889717
v 0.888561 0.003526 1.129781
v 0.965802 0.003526 1.129781
v 0.888561 0.144633 1.323998
v 0.965802 0.144633 1.323998
v 0.888561 0.372948 1.398182
v 0.811320 0.144633 1.323998
v 0.811320 0.372948 1.398182
v 0.811320 0.601263 1.323998
v 0.811320 0.742370 1.129781
v 0.888561 0.601263 1.323998
v 0.965802 0.601263 1.323998
v 0.888561 0.742370 1.129781
v 0.965802 0.742370 1.129781
v 0.888561 0.742370 0.889717
v 0.965802 0.742370 0.889717
v 0.811320 0.742370 0.889717
v 1.012911 0.700322 0.903379
v 1.012911 0.700322 1.116119
v 1.012911 0.614049 0.931410
v 0.993770 0.592687 0.938351
v 1.012911 0.521957 0.804656
v 1.012911 0.614049 1.088088
v 0.993770 0.592687 1.081147
v 1.012911 0.521957 1.214842
v 0.993770 0.508754 1.196670
v 1.012911 0.575276 1.288230
v 1.012911 0.372948 1.263258
v 0.993770 0.372948 1.240797
v 1.012911 0.372948 1.353970
v 1.012911 0.223939 1.214842
v 0.993770 0.237142 1.196670
v 1.012911 0.170620 1.288230
v 1.012911 0.131847 1.088088
v 0.993770 0.153209 1.081147
v 1.012911 0.045574 1.116119
v 1.012911 0.131847 0.931410
v 0.993770 0.153209 0.938351
v 1.012911 0.045574 0.903379
v 1.012911 0.223939 0.804656
v 0.993770 0.237142 0.822828
v 0.993770 0.372948 0.778701
v 0.939801 0.343654 0.969429
v 0.939801 0.372948 0.959911
v 0.939801 0.325549 0.994348
v 0.961604 0.359725 0.991549
v 0.961604 0.372948 0.987252
v 0.961604 0.351552 1.002797
v 0.961604 0.351552 1.016701
v 0.961604 0.359725 1.027949
v 0.939801 0.325549 1.025150
v 0.939801 0.343654 1.050069
v 0.939801 0.372948 1.059588
v 0.939801 0.402242 1.050069
v 0.961604 0.372948 1.032246
v 0.961604 0.386171 1.027949
v 0.961604 0.394344 1.016701
v 0.961604 0.394344 1.002797
v 0.939801 0.420347 1.025150
v 0.939801 0.420347 0.994348
v 0.939801 0.402242 0.969429
v 0.993770 0.508754 0.822828
v 0.961604 0.386171 0.991549
v 0.965802 0.372948 1.398182
vn 0.8880 -0.0000 -0.4598
vn 0.9594 -0.0000 0.2821
vn 0.9594 0.1658 0.2282
vn 0.8880 -0.2703 -0.3720
vn 0.3453 -0.0000 -0.9385
vn 0.3453 -0.5516 -0.7593
vn 0.8880 0.2703 -0.3720
vn 0.9594 -0.1658 0.2282
vn 0.3453 0.5516 -0.7593
vn -0.0000 -0.5878 -0.8090
vn -0.0000 -0.0000 -1.0000
vn -0.0000 0.5878 -0.8090
vn -0.3453 -0.0000 -0.9385
vn -0.3453 -0.5516 -0.7593
vn -0.3453 0.5516 -0.7593
vn -0.8880 -0.2703 -0.3720
vn -0.8880 -0.0000 -0.4598
vn -0.8880 0.2703 -0.3720
vn -0.9594 0.1658 0.2282
vn -0.9594 -0.0000 0.2821
vn -0.9594 -0.1658 0.2282
vn -0.3453 0.8926 -0.2900
vn -0.8880 0.4373 -0.1421
vn -0.9594 -0.2683 0.0872
vn -0.8614 -0.2985 0.4109
vn -0.8614 -0.4830 0.1569
vn -0.8614 -0.0000 0.5079
vn -0.9594 -0.2683 -0.0872
vn -0.8614 -0.4830 -0.1569
vn -0.8880 0.4373 0.1421
vn -0.9594 -0.1658 -0.2282
vn -0.8614 -0.2985 -0.4109
vn -0.8880 0.2703 0.3720
vn -0.9594 -0.0000 -0.2821
vn -0.8614 -0.0000 -0.5079
vn -0.8880 -0.0000 0.4598
vn -0.9594 0.1658 -0.2282
vn -0.8614 0.2985 -0.4109
vn -0.8880 -0.2703 0.3720
vn -0.9594 0.2683 -0.0872
vn -0.8614 0.4830 -0.1569
vn -0.8880 -0.4373 0.1421
vn -0.9594 0.2683 0.0872
vn -0.8614 0.4830 0.1569
vn -0.8880 -0.4373 -0.1421
vn -0.8614 0.2985 0.4109
vn -0.9584 0.1678 0.2309
vn -0.9584 -0.0000 0.2854
vn -0.9584 0.2715 0.0882
vn -0.7818 -0.0000 -0.6235
vn -0.7818 -0.3665 -0.5044
vn -0.9223 -0.2271 -0.3126
vn -0.9223 -0.0000 -0.3864
vn -0.7818 -0.5930 -0.1927
vn -0.9223 -0.3675 -0.1194
vn -0.9223 -0.3675 0.1194
vn -0.9223 -0.2271 0.3126
vn -0.9223 -0.0000 0.3864
vn -0.9223 0.2271 0.3126
vn -0.9223 0.3675 0.1194
vn -0.9223 0.3675 -0.1194
vn -0.9223 0.2271 -0.3126
vn -0.7818 -0.5930 0.1927
vn -0.7818 -0.3665 0.5044
vn -0.9584 0.2715 -0.0882
vn -0.9584 0.1678 -0.2309
vn -0.7818 -0.0000 0.6235
vn -0.9584 -0.0000 -0.2854
vn -0.7818 0.3665 0.5044
vn -0.9584 -0.1678 -0.2309
vn -0.7818 0.5930 0.1927
vn -0.7818 0.5930 -0.1927
vn -0.9584 -0.2715 -0.0882
vn -0.9584 -0.2715 0.0882
vn -0.7818 0.3665 -0.5044
vn -0.9584 -0.1678 0.2309
vn -0.3453 -0.8926 -0.2900
vn -0.3453 -0.8926 0.2900
vn -0.0000 -0.9511 -0.3090
vn -0.0000 -0.9511 0.3090
vn 0.3453 -0.8926 -0.2900
vn 0.3453 -0.8926 0.2900
vn 0.3453 -0.5516 0.7593
vn -0.0000 -0.5878 0.8090
vn -0.3453 -0.5516 0.7593
vn 0.3453 -0.0000 0.9385
vn -0.0000 -0.0000 1.0000
vn -0.3453 -0.0000 0.9385
vn -0.0000 0.5878 0.8090
vn -0.3453 0.5516 0.7593
vn -0.0000 0.9511 0.3090
vn -0.3453 0.8926 0.2900
vn 0.3453 0.5516 0.7593
vn 0.3453 0.8926 0.2900
vn 0.3453 0.8926 -0.2900
vn -0.0000 0.9511 -0.3090
vn 0.8880 0.4373 0.1421
vn 0.8880 0.4373 -0.1421
vn 0.9594 -0.2683 -0.0872
vn 0.9594 -0.2683 0.0872
vn 0.8614 -0.4830 0.1569
vn 0.8614 -0.2985 0.4109
vn 0.8614 -0.4830 -0.1569
vn 0.9594 -0.1658 -0.2282
vn 0.8614 -0.2985 -0.4109
vn 0.8880 0.2703 0.3720
vn 0.9594 -0.0000 -0.2821
vn 0.8614 -0.0000 -0.5079
vn 0.8880 -0.0000 0.4598
vn 0.9594 0.1658 -0.2282
vn 0.8614 0.2985 -0.4109
vn 0.8880 -0.2703 0.3720
vn 0.9594 0.2683 -0.0872
vn 0.8614 0.4830 -0.1569
vn 0.8880 -0.4373 0.1421
vn 0.9594 0.2683 0.0872
vn 0.8614 0.4830 0.1569
vn 0.8880 -0.4373 -0.1421
vn 0.8614 0.2985 0.4109
vn 0.8614 -0.0000 0.5079
vn 0.9584 -0.0000 0.2854
vn 0.9584 0.1678 0.2309
vn 0.9584 0.2715 0.0882
vn 0.7818 -0.0000 -0.6235
vn 0.9223 -0.0000 -0.3864
vn 0.9223 -0.2271 -0.3126
vn 0.7818 -0.3665 -0.5044
vn 0.9223 -0.3675 -0.1194
vn 0.7818 -0.5930 -0.1927
vn 0.9223 0.2271 -0.3126
vn 0.9223 0.3675 -0.1194
vn 0.9223 0.3675 0.1194
vn 0.9223 0.2271 0.3126
vn 0.9223 -0.0000 0.3864
vn 0.9223 -0.2271 0.3126
vn 0.9223 -0.3675 0.1194
vn 0.7818 -0.5930 0.1927
vn 0.7818 -0.3665 0.5044
vn 0.9584 0.2715 -0.0882
vn 0.9584 0.1678 -0.2309
vn 0.7818 -0.0000 0.6235
vn 0.9584 -0.0000 -0.2854
vn 0.7818 0.3665 0.5044
vn 0.9584 -0.1678 -0.2309
vn 0.7818 0.5930 0.1927
vn 0.7818 0.5930 -0.1927
vn 0.9584 -0.2715 -0.0882
vn 0.9584 -0.2715 0.0882
vn 0.7818 0.3665 -0.5044
vn 0.9584 -0.1678 0.2309
vt 0.969168 0.347738
vt 0.969168 0.375608
vt 0.992922 0.375608
vt 0.992922 0.347738
vt 0.968653 0.403951
vt 0.992407 0.403951
vt 0.992407 0.431821
vt 0.968653 0.431821
vt 0.968145 0.512614
vt 0.990709 0.512614
vt 0.990709 0.541678
vt 0.968145 0.541678
vt 0.981045 0.375608
vt 0.988026 0.372947
vt 0.992340 0.365979
vt 0.992340 0.357367
vt 0.988026 0.350400
vt 0.981045 0.347738
vt 0.974064 0.350400
vt 0.969749 0.357367
vt 0.969749 0.365979
vt 0.974064 0.372947
s 1
usemtl metallic
f 913/222/980 915/223/981 1018/224/982 914/225/983
f 917/222/984 913/223/980 914/224/983 918/225/985
f 916/222/986 1000/223/987 915/224/981 913/225/980
f 919/222/988 916/223/986 913/224/980 917/225/984
f 917/222/984 918/223/985 921/224/989 920/225/990
f 919/222/988 917/223/984 920/224/990 922/225/991
f 923/222/992 920/225/990 921/224/989 924/223/993
f 925/222/994 922/225/991 920/224/990 923/223/992
f 923/222/992 924/225/993 927/224/995 926/223/996
f 925/222/994 923/225/992 926/224/996 929/223/997
f 926/222/996 927/225/995 953/224/998 928/223/999
f 929/222/997 926/225/996 928/224/999 931/223/1000
f 995/222/1001 925/225/994 929/224/997 930/223/1002
f 930/222/1002 929/225/997 931/224/1000 933/223/1003
f 933/226/1003 931/227/1000 932/228/1004 934/229/1005
f 931/226/1000 928/227/999 955/228/1006 932/229/1004
f 935/226/1007 933/227/1003 934/228/1005 936/229/1008
f 937/222/1009 930/225/1002 933/224/1003 935/223/1007
f 938/226/1010 935/227/1007 936/228/1008 939/229/1011
f 940/222/1012 937/225/1009 935/224/1007 938/223/1010
f 941/226/1013 938/227/1010 939/228/1011 942/229/1014
f 943/222/1015 940/225/1012 938/224/1010 941/223/1013
f 944/226/1016 941/227/1013 942/228/1014 945/229/1017
f 946/222/1018 943/225/1015 941/224/1013 944/223/1016
f 947/226/1019 944/227/1016 945/228/1017 948/229/1020
f 949/222/1021 946/225/1018 944/224/1016 947/223/1019
f 950/226/1022 947/227/1019 948/228/1020 951/229/1023
f 952/222/1024 949/225/1021 947/224/1019 950/223/1022
f 953/226/998 950/227/1022 951/228/1023 954/229/1025
f 927/222/995 952/225/1024 950/224/1022 953/223/998
f 928/226/999 953/227/998 954/228/1025 955/229/1006
f 955/230/1006 954/231/1025 956/232/1026 957/233/1027
f 954/230/1025 951/231/1023 958/232/1028 956/233/1026
f 957/222/1029 956/225/1030 959/224/1031 960/223/1032
f 956/222/1030 958/225/1033 961/224/1034 959/223/1031
f 960/234/1032 959/235/1031 961/236/1034 962/237/1035 963/238/1036 968/239/1037 969/240/1038 970/241/1039 971/242/1040 975/243/1041
f 958/222/1033 964/225/1042 962/224/1035 961/223/1034
f 964/222/1042 965/225/1043 963/224/1036 962/223/1035
f 951/230/1023 948/231/1020 964/232/1044 958/233/1028
f 948/230/1020 945/231/1017 965/232/1045 964/233/1044
f 965/222/1043 966/225/1046 968/224/1037 963/223/1036
f 945/230/1017 942/231/1014 966/232/1047 965/233/1045
f 966/222/1046 967/225/1048 969/224/1038 968/223/1037
f 942/230/1014 939/231/1011 967/232/1049 966/233/1047
f 967/222/1048 972/225/1050 970/224/1039 969/223/1038
f 972/222/1050 973/225/1051 971/224/1040 970/223/1039
f 939/230/1011 936/231/1008 972/232/1052 967/233/1049
f 936/230/1008 934/231/1005 973/232/1053 972/233/1052
f 973/222/1051 974/225/1054 975/224/1041 971/223/1040
f 934/230/1005 932/231/1004 974/232/1055 973/233/1053
f 974/222/1054 957/225/1029 960/224/1032 975/223/1041
f 932/230/1004 955/231/1006 957/232/1027 974/233/1055
f 924/222/993 976/225/1056 952/224/1024 927/223/995
f 976/222/1056 977/225/1057 949/224/1021 952/223/1024
f 924/222/993 921/225/989 978/224/1058 976/223/1056
f 976/222/1056 978/225/1058 980/224/1059 977/223/1057
f 979/222/1060 981/223/1061 980/224/1059 978/225/1058
f 918/222/985 979/223/1060 978/224/1058 921/225/989
f 981/222/1061 983/223/1062 982/224/1063 980/225/1059
f 977/222/1057 980/225/1059 982/224/1063 985/223/1064
f 983/222/1062 1042/223/1065 984/224/1066 982/225/1063
f 985/222/1064 982/225/1063 984/224/1066 986/223/1067
f 977/222/1057 985/225/1064 946/224/1018 949/223/1021
f 985/222/1064 986/225/1067 943/224/1015 946/223/1018
f 986/222/1067 984/225/1066 989/224/1068 987/223/1069
f 986/222/1067 987/225/1069 940/224/1012 943/223/1015
f 987/222/1069 989/225/1068 991/224/1070 988/223/1071
f 987/222/1069 988/225/1071 937/224/1009 940/223/1012
f 1042/222/1065 990/223/1072 989/224/1068 984/225/1066
f 990/222/1072 992/223/1073 991/224/1070 989/225/1068
f 992/222/1073 994/223/1074 993/224/1075 991/225/1070
f 988/222/1071 991/225/1070 993/224/1075 995/223/1001
f 994/222/1074 919/223/988 922/224/991 993/225/1075
f 995/222/1001 993/225/1075 922/224/991 925/223/994
f 988/222/1071 995/225/1001 930/224/1002 937/223/1009
f 992/222/1073 997/223/1076 996/224/1077 994/225/1074
f 994/222/1074 996/223/1077 916/224/986 919/225/988
f 997/222/1076 1001/223/1078 998/224/1079 996/225/1077
f 996/222/1077 998/223/1079 1000/224/987 916/225/986
f 998/226/1079 999/229/1080 1040/228/1081 1000/227/987
f 1001/226/1078 1002/229/1082 999/228/1080 998/227/1079
f 1003/226/1083 1004/229/1084 1002/228/1082 1001/227/1078
f 1005/222/1085 1003/223/1083 1001/224/1078 997/225/1076
f 1006/226/1086 1007/229/1087 1004/228/1084 1003/227/1083
f 1008/222/1088 1006/223/1086 1003/224/1083 1005/225/1085
f 1009/226/1089 1010/229/1090 1007/228/1087 1006/227/1086
f 1011/222/1091 1009/223/1089 1006/224/1086 1008/225/1088
f 1012/226/1092 1013/229/1093 1010/228/1090 1009/227/1089
f 1014/222/1094 1012/223/1092 1009/224/1089 1011/225/1091
f 1015/226/1095 1016/229/1096 1013/228/1093 1012/227/1092
f 1017/222/1097 1015/223/1095 1012/224/1092 1014/225/1094
f 1018/226/982 1019/229/1098 1016/228/1096 1015/227/1095
f 914/222/983 1018/223/982 1015/224/1095 1017/225/1097
f 915/226/981 1020/229/1099 1019/228/1098 1018/227/982
f 1020/230/1099 1022/233/1100 1021/232/1101 1019/231/1098
f 1019/230/1098 1021/233/1101 1023/232/1102 1016/231/1096
f 1022/222/1103 1025/223/1104 1024/224/1105 1021/225/1106
f 1021/222/1106 1024/223/1105 1026/224/1107 1023/225/1108
f 1025/234/1104 1041/243/1109 1036/242/1110 1035/241/1111 1034/240/1112 1033/239/1113 1028/238/1114 1027/237/1115 1026/236/1107 1024/235/1105
f 1023/222/1108 1026/223/1107 1027/224/1115 1029/225/1116
f 1029/222/1116 1027/223/1115 1028/224/1114 1030/225/1117
f 1016/230/1096 1023/233/1102 1029/232/1118 1013/231/1093
f 1013/230/1093 1029/233/1118 1030/232/1119 1010/231/1090
f 1030/222/1117 1028/223/1114 1033/224/1113 1031/225/1120
f 1010/230/1090 1030/233/1119 1031/232/1121 1007/231/1087
f 1031/222/1120 1033/223/1113 1034/224/1112 1032/225/1122
f 1007/230/1087 1031/233/1121 1032/232/1123 1004/231/1084
f 1032/222/1122 1034/223/1112 1035/224/1111 1037/225/1124
f 1037/222/1124 1035/223/1111 1036/224/1110 1038/225/1125
f 1004/230/1084 1032/233/1123 1037/232/1126 1002/231/1082
f 1002/230/1082 1037/233/1126 1038/232/1127 999/231/1080
f 1038/222/1125 1036/223/1110 1041/224/1109 1039/225/1128
f 999/230/1080 1038/233/1127 1039/232/1129 1040/231/1081
f 1039/222/1128 1041/223/1109 1025/224/1104 1022/225/1103
f 1040/230/1081 1039/233/1129 1022/232/1100 1020/231/1099
f 1000/226/987 1040/229/1081 1020/228/1099 915/227/981
f 918/222/985 914/223/983 1017/224/1097 979/225/1060
f 979/222/1060 1017/223/1097 1014/224/1094 981/225/1061
f 981/222/1061 1014/223/1094 1011/224/1091 983/225/1062
f 983/222/1062 1011/223/1091 1008/224/1088 1042/225/1065
f 1042/222/1065 1008/223/1088 1005/224/1085 990/225/1072
f 990/222/1072 1005/223/1085 997/224/1076 992/225/1073
