# Blender 5.1.2
# www.blender.org
mtllib mobil.mtl
o mobil
v 0.473868 0.369562 -1.900777
v 1.007223 0.248111 2.484182
v 0.638247 0.416098 1.212206
v 0.930508 0.369562 -1.900777
v 0.984684 0.288999 -1.772667
v 0.776644 1.238258 -0.972926
v 0.000000 1.372251 -1.060937
v 0.000000 0.248111 2.574220
v 0.984684 0.248111 0.741633
v 0.721264 1.430585 0.677023
v 0.946928 0.965646 1.110042
v 0.473868 0.369562 -1.072356
v 0.930508 0.369562 -1.072356
v 0.638247 0.382968 2.205662
v 0.473868 0.613028 -1.151464
v 0.000000 1.490540 0.688259
v 0.000000 1.058215 1.102812
v 0.930508 0.613028 -1.151464
v 0.473868 0.763499 -1.358569
v 0.638247 0.657410 2.116490
v 0.930508 0.763499 -1.358569
v 0.473868 0.763499 -1.614565
v 0.930508 0.763499 -1.614565
v 0.638247 0.827025 1.883035
v 0.984320 0.945190 -1.296785
v 0.473868 0.613028 -1.821670
v 0.930508 0.613028 -1.821670
v 0.638247 0.827025 1.594469
v 0.977089 0.968643 0.738004
v 0.981476 0.976262 -2.665376
v 0.638247 0.657410 1.361014
v 0.984684 0.288999 -2.598918
v 0.000000 0.288999 -2.590592
v 1.038616 0.719238 -1.297108
v 1.022258 0.644792 2.476669
v 0.000000 0.644792 2.566706
v 1.038616 0.739960 0.741976
v 1.022258 0.739960 1.165130
v 1.022258 0.581494 -2.598918
v 0.000000 0.581494 -2.590592
v 0.844529 1.044940 -1.120922
v 0.000000 1.014862 -1.568308
v 0.880011 1.102219 0.627861
v 0.794605 1.094028 0.894448
v 0.529603 1.303413 -1.062639
v 0.511129 0.248111 2.517224
v 0.402326 1.459703 0.715384
v 0.586874 1.087533 1.041585
v 0.715490 0.997628 -1.772667
v 0.773746 0.288999 -2.590592
v 0.815568 0.986938 -2.665206
v 0.773746 0.581494 -2.598918
v 0.481911 0.644792 2.509711
v 0.638678 1.049544 -1.502304
v 0.413366 1.486212 0.688259
v 0.000000 1.460203 0.714829
v 0.000000 1.087884 1.073615
v 0.746714 1.411854 0.598547
v 0.892193 1.098870 0.550848
v 0.810487 1.058215 0.907830
v 0.595073 1.056965 1.067023
v 0.000000 1.433226 0.688506
v 0.000000 1.060907 1.047292
v 0.693629 1.409406 0.653907
v 0.769646 1.068281 0.865168
v 0.395671 1.429828 0.689061
v 0.568624 1.060556 1.015262
v 0.861761 1.075242 0.601538
v 0.766701 1.366196 -0.305795
v 0.000000 1.507890 -0.316685
v 0.893506 1.071326 -0.340338
v 0.459189 1.494867 -0.313815
v 0.525538 1.330153 -1.022478
v 0.813062 1.221728 -0.896794
v 0.879556 1.051131 -1.036061
v 0.000000 1.343894 -1.099113
v 0.658413 1.014862 -1.536451
v 0.000000 1.039740 -1.524481
v 0.000000 1.320427 -1.088761
v 0.000000 1.026401 -1.499965
v 0.624174 1.035879 -1.478527
v 0.518731 1.281295 -1.053501
v 0.757546 1.218308 -0.966775
v 0.823171 1.031428 -1.109843
v 0.770806 1.351680 -0.381287
v 0.731060 1.447336 0.640655
v 0.906901 1.066555 0.582695
v 0.893399 1.070037 -0.414365
v 0.743119 1.350433 -0.291227
v 0.723799 1.394567 0.582935
v 0.864423 1.092028 0.536828
v 0.865692 1.065403 -0.324617
v 0.799607 1.251432 -0.918563
v 0.872835 1.014862 -1.118480
v 0.752338 1.397728 -0.338678
v 0.908680 1.036932 -0.381003
v 0.795092 1.211360 -0.886642
v 0.858627 1.048354 -1.019712
v 0.754717 1.335529 -0.394076
v 0.871855 1.066419 -0.425681
v 0.000000 0.949233 2.388880
v 0.000000 1.045789 2.241691
v 0.514843 1.045733 2.174717
v 0.488843 0.949678 2.324567
v 1.021628 0.577954 -2.637737
v 0.773116 0.285459 -2.629411
v 0.000000 0.285459 -2.629411
v 0.000000 0.577954 -2.629411
v 0.980845 0.972722 -2.704195
v 0.773116 0.577954 -2.637737
v 0.759455 0.946082 -2.685670
v 0.814938 0.983398 -2.704024
v 0.964791 0.547473 -2.717617
v 0.966917 0.368923 -2.683969
v 0.827313 0.547473 -2.717617
v 0.815432 0.368923 -2.683969
v 1.020731 0.623417 2.082469
v 1.006510 0.781039 1.602514
v 1.002217 0.781575 1.868695
v 0.638247 0.248111 1.115738
v 1.007223 0.248111 2.163493
v 0.638247 0.248111 2.203079
v 0.984864 0.254021 1.165130
v 1.019195 0.623554 1.388212
v 1.012118 0.402019 1.250707
v 1.011901 0.371524 2.165355
v 0.473868 0.288999 -1.874601
v 0.930508 0.288999 -1.874601
v 0.473868 0.280451 -1.101310
v 0.930508 0.280451 -1.101310
v 0.000000 0.955664 -2.431054
v 0.000000 0.846474 -2.608296
v 0.742979 0.846165 -2.610479
v 0.750021 0.955651 -2.431151
v 0.758554 0.947905 -2.651982
v 1.022053 0.641912 2.423560
v 0.516042 0.934744 2.495630
v 0.527446 0.931714 2.536875
v 0.564268 1.002918 2.490446
v 0.576913 0.991440 2.534225
v 0.960808 0.929074 2.508306
v 0.889458 0.996686 2.518265
v 0.890624 0.996975 2.454671
v 0.961624 0.928311 2.443207
v -0.473868 0.369562 -1.900777
v -1.007223 0.248111 2.484182
v -0.638247 0.416098 1.212206
v -0.930508 0.369562 -1.900777
v -0.984684 0.288999 -1.772667
v -0.776644 1.238258 -0.972926
v -0.984684 0.248111 0.741633
v -0.721264 1.430585 0.677023
v -0.946928 0.965646 1.110042
v -0.473868 0.369562 -1.072356
v -0.930508 0.369562 -1.072356
v -0.638247 0.382968 2.205662
v -0.473868 0.613028 -1.151464
v -0.930508 0.613028 -1.151464
v -0.473868 0.763499 -1.358569
v -0.638247 0.657410 2.116490
v -0.930508 0.763499 -1.358569
v -0.473868 0.763499 -1.614565
v -0.930508 0.763499 -1.614565
v -0.638247 0.827025 1.883035
v -0.984320 0.945190 -1.296785
v -0.473868 0.613028 -1.821670
v -0.930508 0.613028 -1.821670
v -0.638247 0.827025 1.594469
v -0.977089 0.968643 0.738004
v -0.981476 0.976262 -2.665376
v -0.638247 0.657410 1.361014
v -0.984684 0.288999 -2.598918
v -1.038616 0.719238 -1.297108
v -1.022258 0.644792 2.476669
v -1.038616 0.739960 0.741976
v -1.022258 0.739960 1.165130
v -1.022258 0.581494 -2.598918
v -0.844529 1.044940 -1.120922
v -0.880011 1.102219 0.627861
v -0.794606 1.094028 0.894448
v -0.529603 1.303413 -1.062639
v -0.511129 0.248111 2.517224
v -0.402326 1.459703 0.715384
v -0.586874 1.087533 1.041585
v -0.715490 0.997628 -1.772667
v -0.773746 0.288999 -2.590592
v -0.815568 0.986938 -2.665206
v -0.773746 0.581494 -2.598918
v -0.481911 0.644792 2.509711
v -0.638678 1.049544 -1.502304
v -0.413366 1.486212 0.688259
v -0.746714 1.411854 0.598547
v -0.892193 1.098870 0.550848
v -0.810488 1.058215 0.907830
v -0.595073 1.056965 1.067023
v -0.693629 1.409406 0.653907
v -0.769646 1.068281 0.865168
v -0.395671 1.429828 0.689061
v -0.568624 1.060556 1.015262
v -0.861761 1.075242 0.601538
v -0.766701 1.366196 -0.305795
v -0.893506 1.071326 -0.340338
v -0.459189 1.494867 -0.313815
v -0.525538 1.330153 -1.022478
v -0.813062 1.221728 -0.896794
v -0.879556 1.051131 -1.036061
v -0.658413 1.014862 -1.536451
v -0.624174 1.035879 -1.478527
v -0.518731 1.281295 -1.053501
v -0.757546 1.218308 -0.966775
v -0.823171 1.031428 -1.109843
v -0.770807 1.351680 -0.381287
v -0.731060 1.447336 0.640655
v -0.906901 1.066555 0.582695
v -0.893399 1.070037 -0.414365
v -0.743119 1.350433 -0.291227
v -0.723799 1.394567 0.582935
v -0.864423 1.092028 0.536828
v -0.865692 1.065403 -0.324617
v -0.799607 1.251432 -0.918563
v -0.872835 1.014862 -1.118480
v -0.752338 1.397728 -0.338678
v -0.908680 1.036932 -0.381003
v -0.795092 1.211360 -0.886642
v -0.858628 1.048354 -1.019712
v -0.754717 1.335529 -0.394076
v -0.871855 1.066419 -0.425681
v -0.514844 1.045733 2.174717
v -0.488843 0.949678 2.324567
v -1.021628 0.577954 -2.637737
v -0.773116 0.285459 -2.629411
v -0.980846 0.972722 -2.704195
v -0.773116 0.577954 -2.637737
v -0.759456 0.946082 -2.685670
v -0.814938 0.983398 -2.704024
v -0.964791 0.547473 -2.717617
v -0.966917 0.368923 -2.683969
v -0.827313 0.547473 -2.717617
v -0.815432 0.368923 -2.683969
v -1.020731 0.623417 2.082469
v -1.006510 0.781039 1.602514
v -1.002217 0.781575 1.868695
v -0.638247 0.248111 1.115738
v -1.007223 0.248111 2.163493
v -0.638247 0.248111 2.203079
v -0.984864 0.254021 1.165130
v -1.019195 0.623554 1.388212
v -1.012118 0.402019 1.250707
v -1.011901 0.371524 2.165355
v -0.473868 0.288999 -1.874601
v -0.930508 0.288999 -1.874601
v -0.473868 0.280451 -1.101310
v -0.930508 0.280451 -1.101310
v -0.742980 0.846165 -2.610479
v -0.750021 0.955651 -2.431151
v -0.758555 0.947905 -2.651982
v -1.022053 0.641912 2.423560
v -0.516042 0.934744 2.495630
v -0.527446 0.931714 2.536875
v -0.564268 1.002918 2.490446
v -0.576913 0.991440 2.534225
v -0.960808 0.929074 2.508306
v -0.889458 0.996686 2.518265
v -0.890624 0.996975 2.454671
v -0.961624 0.928311 2.443207
v -0.224163 0.363056 -2.615879
v -0.203554 0.342246 -2.615879
v -0.203554 0.548551 -2.615879
v -0.224163 0.527741 -2.615879
v -0.196171 0.370510 -2.664610
v -0.196171 0.520287 -2.664610
v 0.207829 0.342246 -2.615879
v 0.228438 0.363056 -2.615879
v 0.228438 0.527741 -2.615879
v 0.207829 0.548551 -2.615879
v 0.200446 0.370510 -2.664610
v 0.200446 0.520287 -2.664610
v -0.224163 0.363056 -2.664610
v -0.203554 0.342246 -2.664610
v -0.203554 0.548551 -2.664610
v -0.224163 0.527741 -2.664610
v 0.207829 0.342246 -2.664610
v 0.228438 0.363056 -2.664610
v 0.228438 0.527741 -2.664610
v 0.207829 0.548551 -2.664610
v 0.794384 0.830560 0.531608
v 0.794384 0.880825 0.531608
v 0.794384 0.830560 0.409201
v 0.794384 0.880825 0.409201
v 0.916791 0.830560 0.531608
v 0.916791 0.880825 0.531608
v 0.916791 0.830560 0.409201
v 0.916791 0.880825 0.409201
v -0.794384 0.830560 0.531608
v -0.794384 0.880825 0.531608
v -0.794384 0.830560 0.409201
v -0.794384 0.880825 0.409201
v -0.916792 0.830560 0.531608
v -0.916792 0.880825 0.531608
v -0.916792 0.830560 0.409201
v -0.916792 0.880825 0.409201
v 0.597642 0.919303 2.551304
v 0.556365 0.878236 2.548837
v 0.556283 0.820103 2.545344
v 0.597366 0.778954 2.542872
v 0.655550 0.778817 2.542864
v 0.696827 0.819772 2.545324
v 0.697021 0.877904 2.548817
v 0.655939 0.919165 2.551296
v 0.824356 0.918728 2.551270
v 0.783886 0.876870 2.548755
v 0.784934 0.818747 2.545262
v 0.826808 0.778401 2.542839
v 0.884983 0.779390 2.542898
v 0.925458 0.821136 2.545406
v 0.924522 0.879263 2.548898
v 0.882644 0.919720 2.551330
v 0.591467 0.941131 2.481828
v 0.541452 0.891281 2.478957
v 0.541435 0.820828 2.474910
v 0.591215 0.771041 2.472056
v 0.661631 0.770875 2.472047
v 0.711645 0.820426 2.474887
v 0.711963 0.890878 2.478934
v 0.662184 0.940964 2.481818
v 0.817892 0.940433 2.481787
v 0.768857 0.889623 2.478862
v 0.770209 0.819186 2.474815
v 0.820944 0.770372 2.472018
v 0.891351 0.771567 2.472086
v 0.940396 0.822078 2.474981
v 0.939344 0.892526 2.479029
v 0.888599 0.941638 2.481857
v -0.597642 0.919303 2.551304
v -0.556365 0.878236 2.548836
v -0.556283 0.820103 2.545343
v -0.597366 0.778954 2.542871
v -0.655550 0.778817 2.542863
v -0.696827 0.819772 2.545323
v -0.697021 0.877904 2.548816
v -0.655939 0.919165 2.551296
v -0.824356 0.918728 2.551270
v -0.783886 0.876870 2.548754
v -0.784934 0.818747 2.545262
v -0.826808 0.778401 2.542839
v -0.884984 0.779390 2.542898
v -0.925458 0.821136 2.545405
v -0.924522 0.879263 2.548898
v -0.882644 0.919721 2.551329
v -0.591467 0.941131 2.481827
v -0.541452 0.891281 2.478957
v -0.541435 0.820828 2.474909
v -0.591215 0.771041 2.472056
v -0.661632 0.770875 2.472046
v -0.711646 0.820426 2.474886
v -0.711963 0.890878 2.478933
v -0.662184 0.940964 2.481818
v -0.817892 0.940433 2.481787
v -0.768857 0.889623 2.478861
v -0.770210 0.819186 2.474815
v -0.820944 0.770372 2.472018
v -0.891351 0.771567 2.472086
v -0.940396 0.822078 2.474981
v -0.939344 0.892526 2.479028
v -0.888599 0.941638 2.481856
v 0.996264 1.220431 0.751144
v 0.964163 1.187570 0.758867
v 0.964056 1.140988 0.758893
v 0.996005 1.107971 0.751206
v 1.041296 1.107861 0.740310
v 1.073396 1.140722 0.732587
v 1.073503 1.187304 0.732562
v 1.041554 1.220321 0.740248
v 1.040243 1.240052 0.694017
v 1.082113 1.196784 0.683944
v 1.081973 1.135736 0.683978
v 1.039904 1.092672 0.694099
v 0.980551 1.092816 0.708378
v 0.938681 1.136085 0.718451
v 0.938821 1.197132 0.718418
v 0.980889 1.240197 0.708297
v 0.899222 1.039328 0.809361
v 0.989447 1.148200 0.746455
v 0.883523 1.037971 0.788083
v 0.973767 1.146799 0.725166
v 0.919782 1.013962 0.794946
v 1.010026 1.122790 0.732030
v 0.904101 1.012562 0.773658
v 0.994327 1.121433 0.710751
v -0.996264 1.220431 0.751144
v -0.964163 1.187570 0.758867
v -0.964056 1.140988 0.758893
v -0.996005 1.107971 0.751206
v -1.041296 1.107861 0.740310
v -1.073397 1.140722 0.732587
v -1.073504 1.187304 0.732562
v -1.041554 1.220321 0.740248
v -1.040243 1.240052 0.694017
v -1.082113 1.196783 0.683944
v -1.081972 1.135736 0.683978
v -1.039904 1.092672 0.694099
v -0.980551 1.092816 0.708378
v -0.938681 1.136085 0.718451
v -0.938821 1.197132 0.718418
v -0.980889 1.240197 0.708297
v -0.899222 1.039328 0.809361
v -0.989448 1.148200 0.746455
v -0.883523 1.037971 0.788083
v -0.973767 1.146799 0.725166
v -0.919782 1.013962 0.794946
v -1.010026 1.122790 0.732030
v -0.904102 1.012562 0.773658
v -0.994327 1.121433 0.710751
v 0.000000 0.622169 2.581555
v 0.000000 0.688336 2.581555
v 0.000000 0.639274 2.251819
v 0.000000 0.659259 2.251819
v 1.039869 0.639274 2.185730
v 1.039869 0.659259 2.185730
v 1.039869 0.623395 2.491834
v 1.016285 0.622169 2.516965
v 1.016285 0.688336 2.516965
v 1.039869 0.686252 2.491834
v -1.039869 0.639274 2.185730
v -1.039869 0.659259 2.185730
v -1.039869 0.623395 2.491834
v -1.016285 0.622169 2.516965
v -1.016285 0.688336 2.516965
v -1.039869 0.686252 2.491834
v 0.642511 0.455784 2.585361
v 0.604779 0.522493 2.585361
v 0.642511 0.455784 2.362046
v 0.604779 0.522493 2.362046
v 0.927454 0.454403 2.585361
v 0.959089 0.523874 2.585361
v 0.927454 0.454403 2.362046
v 0.959089 0.523874 2.362046
v 1.028599 0.449524 2.361408
v 1.001056 0.369502 2.361408
v 1.001056 0.369502 2.585998
v 1.028599 0.449524 2.585998
v 0.538905 0.354721 2.362046
v 0.538905 0.354721 2.585361
v 0.518437 0.434281 2.585361
v 0.518437 0.434281 2.362046
v 0.151618 0.357373 2.362046
v 0.151618 0.357373 2.585361
v 0.152286 0.436932 2.585361
v 0.152286 0.436932 2.362046
v -0.642511 0.455784 2.585361
v -0.604779 0.522493 2.585361
v -0.642511 0.455784 2.362046
v -0.604779 0.522493 2.362046
v -0.927455 0.454403 2.585361
v -0.959089 0.523874 2.585361
v -0.927455 0.454403 2.362046
v -0.959089 0.523874 2.362046
v -1.028599 0.449524 2.361408
v -1.001056 0.369502 2.361408
v -1.001056 0.369502 2.585998
v -1.028599 0.449524 2.585998
v -0.538905 0.354721 2.362046
v -0.538905 0.354721 2.585361
v -0.518437 0.434281 2.585361
v -0.518437 0.434281 2.362046
v -0.151618 0.357373 2.362046
v -0.151618 0.357373 2.585361
v -0.152286 0.436932 2.585361
v -0.152286 0.436932 2.362046
v 0.000000 0.236388 2.590937
v 0.000000 0.403408 2.590937
v 0.000000 0.236388 2.389462
v 0.000000 0.403408 2.389462
v 1.048508 0.236388 2.558472
v 1.048508 0.419109 2.558472
v 1.048508 0.236388 2.356997
v 1.048508 0.419109 2.356997
v 0.564412 0.236388 2.356997
v 0.564412 0.403408 2.356997
v 0.564412 0.236388 2.558472
v 0.564412 0.403408 2.558472
v 0.730854 0.520320 2.356997
v 0.806460 0.236388 2.558472
v 0.806460 0.236388 2.356997
v 0.730854 0.520320 2.558472
v -1.048508 0.236388 2.558472
v -1.048508 0.419109 2.558472
v -1.048508 0.236388 2.356997
v -1.048508 0.419109 2.356997
v -0.564412 0.236388 2.356997
v -0.564412 0.403408 2.356997
v -0.564412 0.236388 2.558472
v -0.564412 0.403408 2.558472
v -0.730854 0.520320 2.356997
v -0.806460 0.236388 2.558472
v -0.806460 0.236388 2.356997
v -0.730854 0.520320 2.558472
v 0.019463 1.045246 2.232167
v -0.033675 1.042374 1.281664
v 0.006066 1.079751 1.281664
v 0.045807 1.042374 1.281664
v 0.006066 1.077112 1.201661
v -0.014781 1.042374 1.201661
v 0.006066 1.035417 1.201661
v 0.026913 1.042374 1.201661
v 1.024192 0.727260 -1.370754
v 1.060115 0.750285 -1.370754
v 1.024193 0.773310 -1.370754
v 1.047460 0.750285 -1.290751
v 1.024192 0.738207 -1.290751
v 1.019533 0.750285 -1.290751
v 1.024192 0.762363 -1.290751
v 1.024830 0.764562 -2.407019
v 1.037716 0.756296 -2.407476
v 1.024830 0.748034 -2.407420
v 1.024192 0.619569 -1.468427
v 1.060115 0.642594 -1.468427
v 1.024193 0.665619 -1.468427
v 1.047460 0.642594 -1.388424
v 1.024192 0.630516 -1.388424
v 1.019533 0.642594 -1.388424
v 1.024192 0.654673 -1.388424
v 1.024830 0.656872 -2.504692
v 1.037716 0.648605 -2.505149
v 1.024830 0.640344 -2.505093
v 1.024192 0.501861 -1.563595
v 1.060115 0.524886 -1.563595
v 1.024193 0.547911 -1.563595
v 1.047460 0.524886 -1.483593
v 1.024192 0.512808 -1.483593
v 1.019533 0.524886 -1.483593
v 1.024192 0.536964 -1.483593
v 1.024830 0.539163 -2.599861
v 1.037716 0.530897 -2.600318
v 1.024830 0.522635 -2.600262
v -1.024193 0.727260 -1.370754
v -1.060115 0.750285 -1.370754
v -1.024193 0.773310 -1.370754
v -1.047460 0.750285 -1.290751
v -1.024193 0.738207 -1.290751
v -1.019533 0.750285 -1.290751
v -1.024193 0.762363 -1.290751
v -1.024831 0.764562 -2.407019
v -1.037716 0.756296 -2.407476
v -1.024830 0.748034 -2.407420
v -1.024193 0.619569 -1.468427
v -1.060115 0.642594 -1.468427
v -1.024193 0.665619 -1.468427
v -1.047460 0.642594 -1.388424
v -1.024193 0.630516 -1.388424
v -1.019533 0.642594 -1.388424
v -1.024193 0.654673 -1.388424
v -1.024831 0.656872 -2.504692
v -1.037716 0.648605 -2.505149
v -1.024830 0.640344 -2.505093
v -1.024193 0.501861 -1.563595
v -1.060115 0.524886 -1.563595
v -1.024193 0.547911 -1.563595
v -1.047460 0.524886 -1.483593
v -1.024193 0.512808 -1.483593
v -1.019533 0.524886 -1.483593
v -1.024193 0.536964 -1.483593
v -1.024830 0.539163 -2.599860
v -1.037716 0.530897 -2.600317
v -1.024830 0.522635 -2.600262
v 0.633839 0.362653 2.577600
v 0.633839 0.427884 2.577600
v 0.633839 0.362653 2.446879
v 0.633839 0.427884 2.446879
v 0.926826 0.362653 2.577600
v 0.926826 0.427884 2.577600
v 0.926826 0.362653 2.446879
v 0.926826 0.427884 2.446879
v -0.633839 0.362653 2.577600
v -0.633839 0.427884 2.577600
v -0.633839 0.362653 2.446879
v -0.633839 0.427884 2.446879
v -0.926827 0.362653 2.577600
v -0.926827 0.427884 2.577600
v -0.926827 0.362653 2.446879
v -0.926827 0.427884 2.446879
v 0.878470 0.952411 -2.692156
v 0.827050 0.930941 -2.688204
v 0.806127 0.880057 -2.678532
v 0.827957 0.829565 -2.668804
v 0.879753 0.809045 -2.664719
v 0.931172 0.830515 -2.668671
v 0.952095 0.881399 -2.678344
v 0.930265 0.931890 -2.688071
v 0.842683 0.907307 -2.730714
v 0.878799 0.922387 -2.733490
v 0.827987 0.871566 -2.723920
v 0.843320 0.836102 -2.717088
v 0.879700 0.821688 -2.714219
v 0.915817 0.836769 -2.716994
v 0.930512 0.872509 -2.723788
v 0.915179 0.907973 -2.730621
v 0.849190 0.879146 -2.642080
v 0.849190 0.869684 -2.705306
v 0.913119 0.879146 -2.642080
v 0.913119 0.869684 -2.705306
v 0.849190 0.634266 -2.605436
v 0.864257 0.619365 -2.603207
v 0.864257 0.609904 -2.666431
v 0.849190 0.624805 -2.668661
v 0.898052 0.619365 -2.603207
v 0.913119 0.634266 -2.605436
v 0.913119 0.624805 -2.668661
v 0.898052 0.609904 -2.666431
v -0.878470 0.952411 -2.692156
v -0.827050 0.930941 -2.688204
v -0.806127 0.880057 -2.678532
v -0.827958 0.829565 -2.668804
v -0.879753 0.809044 -2.664719
v -0.931173 0.830515 -2.668671
v -0.952096 0.881399 -2.678344
v -0.930265 0.931890 -2.688072
v -0.842683 0.907306 -2.730714
v -0.878799 0.922387 -2.733490
v -0.827987 0.871566 -2.723920
v -0.843320 0.836102 -2.717088
v -0.879700 0.821688 -2.714219
v -0.915817 0.836769 -2.716994
v -0.930513 0.872509 -2.723788
v -0.915179 0.907973 -2.730621
v -0.849190 0.879145 -2.642081
v -0.849190 0.869684 -2.705306
v -0.913119 0.879145 -2.642081
v -0.913119 0.869684 -2.705306
v -0.849190 0.634266 -2.605436
v -0.864257 0.619365 -2.603207
v -0.864257 0.609904 -2.666431
v -0.849190 0.624805 -2.668662
v -0.898052 0.619365 -2.603207
v -0.913119 0.634266 -2.605436
v -0.913119 0.624805 -2.668662
v -0.898052 0.609904 -2.666431
v 0.134153 0.225426 2.609146
v 0.134153 0.458136 2.609146
v 0.134153 0.225426 2.443341
v 0.134153 0.458136 2.443341
v 0.192331 0.225426 2.609146
v 0.192331 0.458136 2.609146
v 0.192331 0.225426 2.443341
v 0.192331 0.458136 2.443341
v -0.134153 0.225426 2.609146
v -0.134153 0.458136 2.609146
v -0.134153 0.225426 2.443341
v -0.134153 0.458136 2.443341
v -0.192331 0.225426 2.609146
v -0.192331 0.458136 2.609146
v -0.192331 0.225426 2.443341
v -0.192331 0.458136 2.443341
v 0.956359 0.867355 2.425099
v 0.995886 0.892692 2.425580
v 0.956359 0.918029 2.425099
v 0.988452 0.893540 2.498403
v 0.964079 0.878114 2.497950
v 0.957845 0.890871 2.499108
v 0.961824 0.904518 2.500031
v 0.989182 0.900475 0.168573
v 1.015042 0.885019 0.168288
v 0.989187 0.869569 0.168171
v 0.989531 0.868865 0.806966
v 1.019730 0.887457 0.807198
v 0.989527 0.906053 0.807240
v -0.956359 0.867355 2.425099
v -0.995886 0.892692 2.425580
v -0.956359 0.918029 2.425099
v -0.988452 0.893540 2.498403
v -0.964079 0.878114 2.497950
v -0.957845 0.890871 2.499108
v -0.961824 0.904519 2.500031
v -0.989183 0.900476 0.168572
v -1.015042 0.885019 0.168287
v -0.989187 0.869569 0.168171
v -0.989531 0.868865 0.806966
v -1.019730 0.887457 0.807198
v -0.989528 0.906053 0.807240
v 0.851909 0.970042 -2.041399
v 0.874667 1.155439 -2.392454
v 0.851909 0.970042 -2.398028
v 0.874667 1.155439 -2.550167
v 0.944875 0.970042 -2.041399
v 0.922117 1.155439 -2.392454
v 0.944875 0.970042 -2.398028
v 0.922117 1.155439 -2.550167
v 0.867296 1.084675 -2.237384
v 0.867296 1.057054 -2.440790
v 0.927064 1.057054 -2.440790
v 0.927064 1.084675 -2.237384
v -0.851909 0.970042 -2.041399
v -0.874667 1.155439 -2.392454
v -0.851909 0.970042 -2.398028
v -0.874667 1.155439 -2.550167
v -0.944875 0.970042 -2.041399
v -0.922117 1.155439 -2.392454
v -0.944875 0.970042 -2.398028
v -0.922117 1.155439 -2.550167
v -0.867296 1.084675 -2.237384
v -0.867296 1.057054 -2.440790
v -0.927064 1.057054 -2.440790
v -0.927064 1.084675 -2.237384
vn -0.0000 0.9999 0.0105
vn 0.0788 0.9870 0.1404
vn 0.2054 0.9072 0.3673
vn -0.0000 0.9964 -0.0844
vn 0.0652 0.9978 0.0148
vn 0.1615 0.9818 -0.0997
vn -0.5220 -0.3814 0.7629
vn -0.4440 -0.3397 0.8292
vn -0.5266 -0.3838 0.7585
vn 0.9959 0.0873 0.0223
vn 0.6964 0.7141 0.0709
vn 0.9907 0.1350 0.0143
vn 0.8431 0.5313 0.0833
vn 0.5530 0.7618 0.3375
vn 0.4091 0.2801 -0.8684
vn -0.0000 0.8783 0.4781
vn -0.2354 0.8978 0.3723
vn -0.2339 0.8978 0.3733
vn 0.9403 0.3398 -0.0212
vn 0.9991 -0.0329 -0.0251
vn 0.9948 0.1005 -0.0136
vn 0.9872 -0.0943 -0.1289
vn 0.9948 0.0985 -0.0251
vn 0.9954 -0.0901 -0.0320
vn 0.6623 0.7168 -0.2182
vn 0.8398 0.5427 -0.0120
vn 0.0906 0.1279 0.9876
vn -0.0000 0.0225 0.9997
vn 0.0859 0.0236 0.9960
vn 0.9885 -0.0643 -0.1367
vn 0.9998 0.0078 0.0178
vn 0.9963 0.0857 -0.0082
vn 0.9993 -0.0377 -0.0001
vn 0.9993 -0.0371 -0.0006
vn -0.0000 -0.6960 0.7180
vn 0.0187 -0.6645 0.7471
vn 0.0204 -0.6669 0.7449
vn 0.0626 -0.0354 0.9974
vn 0.0664 0.0164 0.9977
vn 0.0641 0.9968 -0.0469
vn 0.0639 0.9937 -0.0917
vn -0.0000 -1.0000 -0.0000
vn 0.0159 -0.9998 -0.0095
vn 0.0022 -1.0000 -0.0011
vn 0.1258 -0.4310 -0.8936
vn 0.1955 -0.4550 -0.8688
vn 0.1053 -0.4236 -0.8997
vn -0.2506 0.7628 -0.5961
vn -0.5002 0.8110 -0.3034
vn -0.2050 0.7508 -0.6279
vn 0.1577 0.9875 0.0042
vn 0.3088 0.9428 -0.1258
vn -0.5728 0.8174 -0.0613
vn -0.5782 0.8137 -0.0604
vn -0.5717 0.8179 -0.0653
vn 0.0455 -0.7478 -0.6624
vn 0.0694 -0.9248 -0.3741
vn 0.0876 -0.6330 -0.7692
vn -0.7469 0.5778 0.3292
vn -0.9012 0.3655 0.2327
vn -0.8749 0.4012 0.2714
vn 0.0668 0.6868 0.7238
vn -0.0000 0.6820 0.7313
vn 0.2115 0.6466 0.7330
vn 0.1736 0.8658 0.4693
vn 0.0924 0.7027 0.7055
vn 0.0647 0.6986 0.7126
vn 0.8969 0.3580 0.2594
vn 0.9000 0.3911 0.1923
vn 0.8501 0.3524 0.3913
vn 0.8534 0.5159 0.0749
vn -0.0000 0.6623 0.7493
vn -0.0000 0.6589 0.7523
vn 0.2621 0.6527 0.7108
vn -0.0000 0.6991 0.7150
vn 0.6968 0.5009 0.5134
vn 0.8672 0.3872 0.3132
vn 0.2352 0.6574 0.7160
vn 0.4922 0.5350 0.6867
vn -0.0000 0.6990 -0.7152
vn -0.0000 0.6984 -0.7157
vn -0.6856 0.6941 -0.2196
vn -0.4624 0.8231 -0.3297
vn 0.0142 -0.7400 0.6725
vn 0.0123 -0.7446 0.6674
vn 0.2296 0.8974 -0.3767
vn 0.6844 0.6970 -0.2142
vn -0.2246 0.9740 -0.0304
vn -0.0000 0.9104 -0.4138
vn 0.5479 0.7269 -0.4140
vn 0.6779 0.6039 -0.4193
vn -0.0000 0.8401 -0.5424
vn 0.2737 0.8148 -0.5111
vn 0.2334 0.8660 -0.4422
vn 0.6455 0.6881 -0.3316
vn 0.6432 0.6909 -0.3300
vn -0.0000 0.8049 -0.5935
vn 0.2450 0.8183 -0.5200
vn 0.0328 0.7184 -0.6949
vn -0.0000 0.9575 -0.2884
vn -0.0000 0.8697 -0.4937
vn 0.5245 0.7357 -0.4286
vn 0.4057 0.6412 -0.6514
vn -0.4266 0.8718 0.2408
vn -0.5952 0.3462 -0.7252
vn -0.0000 -0.4034 -0.9150
vn -0.0000 -0.4036 -0.9149
vn 0.9107 0.4129 -0.0088
vn 0.9157 0.4014 -0.0176
vn 0.9108 0.4128 -0.0017
vn 0.9140 0.4057 -0.0027
vn 0.9141 0.4055 -0.0105
vn 0.9092 0.4164 -0.0033
vn 0.9157 0.4018 -0.0087
vn 0.9068 0.4217 -0.0012
vn 0.5777 -0.8145 0.0539
vn 0.4732 0.1010 0.8752
vn 0.3683 0.3050 -0.8783
vn 0.9644 0.2092 -0.1620
vn 0.9189 0.3933 -0.0313
vn 0.9178 0.3960 -0.0298
vn 0.9177 0.3965 -0.0269
vn 0.9169 0.3982 -0.0275
vn 0.9205 0.3896 -0.0308
vn 0.9155 0.4016 -0.0262
vn 0.5841 -0.7744 0.2431
vn -0.1519 0.9880 -0.0267
vn 0.6053 -0.3483 0.7157
vn -0.9738 0.1239 0.1905
vn -0.0000 0.9500 0.3123
vn 0.0915 0.7080 0.7003
vn -0.0000 0.6813 0.7320
vn -0.0000 0.2656 0.9641
vn -0.8216 -0.0406 -0.5686
vn -0.7878 -0.0234 -0.6155
vn -0.7766 -0.0179 -0.6298
vn -0.0000 -0.0066 -1.0000
vn -0.0083 -0.0219 -0.9997
vn -0.0000 -0.0000 -1.0000
vn -0.0578 -0.1998 -0.9781
vn -0.0374 -0.2165 -0.9756
vn -0.0272 -0.4083 -0.9124
vn -0.0216 -0.1442 -0.9893
vn -0.0000 -0.1291 -0.9916
vn -0.0010 0.9959 -0.0908
vn -0.0000 0.9959 -0.0908
vn -0.0000 -0.9990 0.0437
vn -0.0000 -0.9959 0.0908
vn -0.0000 -0.9996 0.0298
vn -0.9937 -0.1093 -0.0234
vn -0.9931 -0.1143 0.0265
vn -0.9812 0.0073 -0.1929
vn -0.0000 -0.1852 -0.9827
vn -0.0000 0.9343 -0.3565
vn 0.9320 -0.1257 -0.3400
vn 0.8278 -0.0944 -0.5530
vn 0.9857 -0.1266 -0.1112
vn -0.1097 -0.5065 0.8553
vn -0.1096 -0.4862 0.8669
vn -0.1072 -0.5039 0.8571
vn -0.1105 -0.1475 -0.9829
vn -0.1067 0.0190 -0.9941
vn -0.1231 -0.5769 -0.8075
vn -0.1106 -0.1483 -0.9827
vn -0.1233 -0.5863 -0.8007
vn -0.1298 -0.9413 -0.3116
vn -0.1246 -0.9447 0.3034
vn -0.1298 -0.9431 -0.3062
vn -0.1244 -0.9406 0.3160
vn -0.1121 -0.6770 0.7274
vn -0.1120 -0.6730 0.7311
vn 1.0000 -0.0000 -0.0000
vn -0.0000 0.3090 0.9511
vn -0.0000 0.3090 -0.9511
vn -0.0000 -0.5878 -0.8090
vn -0.0000 -0.8090 -0.5878
vn -1.0000 -0.0000 -0.0000
vn -0.0000 -0.5878 0.8090
vn -0.0000 -0.8090 0.5878
vn -0.0000 -0.3090 0.9511
vn -0.9900 0.1340 -0.0430
vn -0.9900 0.1363 -0.0374
vn -0.0000 0.9527 -0.3039
vn -0.0002 0.8531 -0.5217
vn -0.0000 0.8514 -0.5245
vn -0.0000 -0.0619 -0.9981
vn -0.0092 -0.0493 -0.9987
vn -0.0107 -0.0449 -0.9989
vn -0.6460 0.7592 -0.0794
vn -0.6530 0.7529 -0.0822
vn -0.8778 0.4387 0.1925
vn 0.0612 -0.0738 0.9954
vn 0.0629 -0.0931 0.9937
vn 0.3921 0.9195 0.0265
vn 0.0376 0.9757 0.2160
vn -0.0166 0.9999 0.0042
vn 0.9980 0.0621 -0.0112
vn 0.0883 0.9957 -0.0265
vn 0.0725 0.9963 -0.0456
vn 0.9922 -0.1248 -0.0000
vn 0.9939 -0.1099 0.0009
vn 0.9674 0.2531 0.0061
vn 0.9548 0.2968 0.0159
vn -0.7811 0.5634 0.2691
vn -0.8202 0.5356 0.2010
vn 0.8771 0.4803 0.0056
vn 0.8618 0.5072 0.0080
vn 0.6889 0.7247 0.0159
vn 0.9956 0.0930 -0.0072
vn -0.0788 0.9870 0.1404
vn -0.2054 0.9072 0.3673
vn -0.0652 0.9978 0.0148
vn -0.1615 0.9818 -0.0997
vn 0.5220 -0.3814 0.7629
vn 0.4440 -0.3397 0.8292
vn 0.4387 -0.3368 0.8331
vn -0.9959 0.0873 0.0223
vn -0.6964 0.7141 0.0709
vn -0.8431 0.5313 0.0833
vn -0.5530 0.7618 0.3375
vn -0.4091 0.2801 -0.8684
vn 0.2354 0.8978 0.3723
vn 0.2339 0.8978 0.3733
vn -0.9403 0.3398 -0.0212
vn -0.9991 -0.0329 -0.0251
vn -0.9980 0.0621 -0.0112
vn -0.9948 0.1005 -0.0136
vn -0.9872 -0.0943 -0.1289
vn -0.9954 -0.0901 -0.0320
vn -0.9939 -0.1099 0.0009
vn -0.8398 0.5427 -0.0120
vn -0.6623 0.7168 -0.2182
vn -0.0906 0.1279 0.9876
vn -0.0859 0.0236 0.9960
vn -0.9885 -0.0643 -0.1367
vn -0.9998 0.0078 0.0178
vn -0.9907 0.1350 0.0143
vn -0.9993 -0.0371 -0.0006
vn -0.9993 -0.0377 -0.0001
vn -0.9963 0.0857 -0.0082
vn -0.0187 -0.6645 0.7471
vn -0.0204 -0.6669 0.7449
vn -0.0626 -0.0354 0.9974
vn -0.0664 0.0164 0.9977
vn -0.0641 0.9968 -0.0469
vn -0.0639 0.9937 -0.0917
vn -0.0725 0.9963 -0.0456
vn -0.0022 -1.0000 -0.0011
vn -0.1258 -0.4310 -0.8936
vn -0.1955 -0.4550 -0.8688
vn 0.2506 0.7628 -0.5961
vn 0.5002 0.8110 -0.3034
vn 0.4624 0.8231 -0.3297
vn -0.1577 0.9875 0.0042
vn -0.3088 0.9428 -0.1258
vn -0.3921 0.9195 0.0265
vn 0.5728 0.8174 -0.0613
vn 0.5782 0.8137 -0.0604
vn 0.5727 0.8180 -0.0547
vn -0.0694 -0.9248 -0.3741
vn -0.0036 -0.9959 0.0908
vn -0.0455 -0.7478 -0.6624
vn 0.7469 0.5778 0.3292
vn 0.9012 0.3655 0.2327
vn 0.7811 0.5634 0.2691
vn -0.0668 0.6868 0.7238
vn -0.0000 0.6939 0.7201
vn -0.0924 0.7027 0.7055
vn -0.1736 0.8658 0.4693
vn -0.0647 0.6986 0.7126
vn -0.9000 0.3911 0.1923
vn -0.8969 0.3580 0.2594
vn -0.8501 0.3524 0.3913
vn -0.6968 0.5009 0.5134
vn -0.2621 0.6527 0.7108
vn -0.0000 0.7014 0.7127
vn -0.8672 0.3872 0.3132
vn -0.2352 0.6574 0.7160
vn -0.2115 0.6466 0.7330
vn 0.2050 0.7508 -0.6279
vn 0.6856 0.6941 -0.2196
vn -0.0142 -0.7400 0.6725
vn -0.0123 -0.7446 0.6674
vn -0.2296 0.8974 -0.3767
vn -0.6844 0.6970 -0.2142
vn -0.0032 -0.9999 -0.0112
vn 0.0151 -0.9999 -0.0063
vn 0.0067 -1.0000 -0.0073
vn 0.2246 0.9740 -0.0304
vn -0.5479 0.7269 -0.4140
vn -0.2450 0.8183 -0.5200
vn -0.6779 0.6039 -0.4193
vn -0.2737 0.8148 -0.5111
vn -0.2334 0.8660 -0.4422
vn -0.6455 0.6881 -0.3316
vn -0.0328 0.7184 -0.6949
vn -0.5245 0.7357 -0.4286
vn 0.4266 0.8718 0.2408
vn 0.5952 0.3462 -0.7252
vn -0.1053 -0.4236 -0.8997
vn -0.9107 0.4129 -0.0088
vn -0.9157 0.4014 -0.0176
vn -0.9141 0.4055 -0.0105
vn -0.8534 0.5159 0.0749
vn -0.9108 0.4128 -0.0017
vn -0.9140 0.4057 -0.0027
vn -0.9092 0.4164 -0.0033
vn -0.9157 0.4018 -0.0087
vn -0.9181 0.3961 -0.0109
vn -0.5777 -0.8145 0.0539
vn -0.4732 0.1010 0.8752
vn -0.3682 0.3050 -0.8783
vn -0.3683 0.3050 -0.8783
vn -0.9644 0.2092 -0.1620
vn -0.9189 0.3933 -0.0313
vn -0.9178 0.3960 -0.0298
vn -0.9177 0.3965 -0.0269
vn -0.9169 0.3982 -0.0275
vn -0.9205 0.3896 -0.0308
vn -0.9220 0.3857 -0.0323
vn -0.5841 -0.7744 0.2431
vn 0.1519 0.9880 -0.0267
vn -0.6053 -0.3483 0.7157
vn 0.9738 0.1239 0.1905
vn 0.8749 0.4012 0.2714
vn -0.0915 0.7080 0.7003
vn 0.7878 -0.0234 -0.6155
vn 0.8216 -0.0406 -0.5686
vn 0.7766 -0.0179 -0.6298
vn 0.0083 -0.0219 -0.9997
vn 0.0374 -0.2165 -0.9756
vn 0.0578 -0.1998 -0.9781
vn 0.0272 -0.4083 -0.9124
vn 0.0216 -0.1442 -0.9893
vn 0.0010 0.9959 -0.0908
vn 0.9812 0.0073 -0.1929
vn 0.9937 -0.1093 -0.0234
vn 0.9891 0.0629 -0.1332
vn -0.9320 -0.1257 -0.3400
vn -0.8278 -0.0944 -0.5530
vn -0.9857 -0.1266 -0.1112
vn 0.1096 -0.4862 0.8669
vn 0.1097 -0.5065 0.8553
vn 0.1072 -0.5039 0.8571
vn 0.1067 0.0190 -0.9941
vn 0.1105 -0.1475 -0.9829
vn 0.1231 -0.5769 -0.8075
vn 0.1233 -0.5863 -0.8007
vn 0.1298 -0.9413 -0.3116
vn 0.1246 -0.9447 0.3034
vn 0.1298 -0.9431 -0.3062
vn 0.1244 -0.9406 0.3160
vn 0.1121 -0.6770 0.7274
vn 0.9900 0.1363 -0.0374
vn 0.9900 0.1340 -0.0430
vn 0.0002 0.8531 -0.5217
vn -0.0000 0.9531 -0.3026
vn 0.0092 -0.0493 -0.9987
vn -0.0000 -0.0667 -0.9978
vn 0.6460 0.7592 -0.0794
vn 0.8778 0.4387 0.1925
vn -0.0629 -0.0931 0.9937
vn -0.0612 -0.0738 0.9954
vn -0.0642 -0.0724 0.9953
vn -0.0376 0.9757 0.2160
vn -0.0378 0.9826 0.1816
vn -0.0883 0.9957 -0.0265
vn -0.2713 0.9571 -0.1022
vn -0.1238 0.9690 -0.2138
vn -0.9922 -0.1248 -0.0000
vn -0.9548 0.2968 0.0159
vn -0.9674 0.2531 0.0061
vn -0.8771 0.4803 0.0056
vn -0.8618 0.5072 0.0080
vn -0.9956 0.0930 -0.0072
vn -0.0000 0.9999 0.0173
vn -0.4387 -0.3368 0.8331
vn -0.0000 0.8784 0.4779
vn 0.9950 0.0988 0.0110
vn 0.9993 -0.0379 -0.0000
vn -0.0000 -0.6984 0.7157
vn 0.0091 -0.9999 -0.0060
vn 0.0378 0.9826 0.1816
vn -0.5727 0.8180 -0.0547
vn -0.0000 -0.7287 -0.6848
vn 0.0036 -0.9959 0.0908
vn 0.1746 0.8756 0.4503
vn -0.6920 0.6864 -0.2237
vn -0.0278 -0.9995 -0.0166
vn -0.0067 -1.0000 -0.0073
vn 0.0151 -0.9998 0.0139
vn -0.0151 -0.9999 -0.0063
vn 0.0032 -0.9999 -0.0112
vn -0.0000 -1.0000 -0.0031
vn -0.0000 0.8134 -0.5816
vn 0.1238 0.9690 -0.2138
vn 0.9181 0.3961 -0.0109
vn 0.9220 0.3857 -0.0323
vn -0.8349 -0.0478 -0.5483
vn -0.0108 -0.0285 -0.9995
vn -0.9891 0.0629 -0.1332
vn -0.1143 -0.4947 0.8615
vn 0.0642 -0.0724 0.9953
vn 0.0510 0.0021 0.9987
vn 0.2713 0.9571 -0.1022
vn 0.3203 0.9330 -0.1643
vn 0.5266 -0.3838 0.7585
vn -0.9948 0.0985 -0.0251
vn -0.9950 0.0988 0.0110
vn -0.9993 -0.0379 -0.0000
vn -0.0091 -0.9999 -0.0060
vn -0.0159 -0.9998 -0.0095
vn 0.5717 0.8179 -0.0653
vn -0.0876 -0.6330 -0.7692
vn -0.1746 0.8756 0.4503
vn -0.4922 0.5350 0.6867
vn 0.6920 0.6864 -0.2237
vn 0.0278 -0.9995 -0.0166
vn -0.0151 -0.9998 0.0139
vn -0.6432 0.6909 -0.3300
vn -0.4057 0.6412 -0.6514
vn -0.9068 0.4217 -0.0012
vn -0.9155 0.4016 -0.0262
vn 0.8349 -0.0478 -0.5483
vn 0.0108 -0.0285 -0.9995
vn 0.9931 -0.1143 0.0265
vn 0.1143 -0.4947 0.8615
vn 0.1106 -0.1483 -0.9827
vn 0.1120 -0.6730 0.7311
vn 0.0107 -0.0449 -0.9989
vn 0.6530 0.7529 -0.0822
vn -0.0510 0.0021 0.9987
vn 0.0166 0.9999 0.0042
vn -0.3203 0.9330 -0.1643
vn 0.8202 0.5356 0.2010
vn -0.6889 0.7247 0.0159
vn -0.0000 1.0000 -0.0000
vn -0.7105 -0.7037 -0.0000
vn -0.7105 0.7037 -0.0000
vn 0.7105 -0.7037 -0.0000
vn 0.7105 0.7037 -0.0000
vn -0.0000 -0.0000 1.0000
vn -0.0000 -0.0600 0.9982
vn 0.9784 -0.0160 0.2060
vn 0.9782 0.0029 0.2078
vn 0.6902 0.6705 0.2722
vn 0.6766 0.6836 0.2735
vn 0.0023 0.9541 0.2995
vn -0.6869 0.6737 0.2725
vn -0.0166 0.9539 0.2995
vn -0.7002 0.6604 0.2712
vn -0.9784 -0.0114 0.2064
vn -0.9784 -0.0303 0.2046
vn -0.6964 -0.7040 0.1394
vn -0.6829 -0.7174 0.1381
vn -0.0023 -0.9938 0.1113
vn 0.0168 -0.9936 0.1113
vn 0.6931 -0.7073 0.1390
vn 0.7065 -0.6937 0.1404
vn -0.9784 -0.0160 0.2060
vn -0.9782 0.0029 0.2078
vn -0.6902 0.6705 0.2722
vn -0.6766 0.6836 0.2735
vn -0.0023 0.9541 0.2995
vn 0.6869 0.6737 0.2725
vn 0.0166 0.9539 0.2995
vn 0.7002 0.6604 0.2712
vn 0.9784 -0.0114 0.2064
vn 0.9784 -0.0303 0.2046
vn 0.6964 -0.7040 0.1394
vn 0.6829 -0.7174 0.1381
vn 0.0023 -0.9938 0.1113
vn -0.0168 -0.9936 0.1113
vn -0.6931 -0.7073 0.1390
vn -0.7065 -0.6937 0.1404
vn 0.2339 -0.0000 0.9723
vn -0.2339 -0.0000 -0.9723
vn -0.2571 0.8391 0.4793
vn -0.2321 0.8489 0.4749
vn -0.7456 0.3697 0.5545
vn -0.7571 0.3438 0.5556
vn 0.4331 0.8334 0.3434
vn 0.4428 0.8291 0.3413
vn 0.9092 -0.3663 0.1980
vn 0.9192 -0.3408 0.1971
vn 0.9096 0.3470 0.2287
vn 0.9138 0.3366 0.2274
vn -0.2814 -0.8682 0.4087
vn -0.2707 -0.8726 0.4065
vn 0.4407 -0.8566 0.2683
vn 0.4152 -0.8679 0.2728
vn -0.7723 -0.3539 0.5275
vn -0.7680 -0.3652 0.5261
vn -0.5875 0.7107 0.3870
vn -0.5730 0.0013 -0.8196
vn 0.5875 -0.7107 -0.3870
vn 0.5730 -0.0013 0.8196
vn -0.5505 -0.7023 0.4513
vn 0.5505 0.7023 -0.4513
vn -0.2339 -0.0000 0.9723
vn 0.2339 -0.0000 -0.9723
vn 0.2571 0.8391 0.4793
vn 0.7571 0.3438 0.5556
vn 0.7456 0.3697 0.5545
vn 0.2321 0.8489 0.4749
vn -0.4331 0.8334 0.3434
vn -0.4428 0.8291 0.3413
vn -0.9092 -0.3663 0.1980
vn -0.9138 0.3366 0.2274
vn -0.9096 0.3470 0.2287
vn -0.9192 -0.3408 0.1971
vn 0.2814 -0.8682 0.4087
vn -0.4152 -0.8679 0.2728
vn -0.4407 -0.8566 0.2683
vn 0.2707 -0.8726 0.4065
vn 0.7680 -0.3652 0.5261
vn 0.7723 -0.3539 0.5275
vn 0.5875 0.7107 0.3870
vn 0.5730 0.0013 -0.8196
vn -0.5875 -0.7107 -0.3870
vn -0.5730 -0.0013 0.8196
vn 0.5505 -0.7023 0.4513
vn -0.5505 0.7023 -0.4513
vn -0.0634 -0.0000 -0.9980
vn 0.0634 -0.0000 0.9980
vn -0.0056 0.9961 -0.0878
vn 0.7292 -0.0000 0.6843
vn -0.0033 -0.9987 -0.0518
vn 0.0634 -0.0000 -0.9980
vn -0.0634 -0.0000 0.9980
vn 0.0056 0.9961 -0.0878
vn -0.7292 -0.0000 0.6843
vn 0.0033 -0.9987 -0.0518
vn -0.7556 -0.6550 -0.0000
vn -0.0048 -1.0000 -0.0000
vn -0.0039 1.0000 -0.0000
vn 0.9456 -0.3255 -0.0000
vn 0.7305 0.6829 -0.0000
vn -0.0062 0.0024 -1.0000
vn -0.0062 0.0024 1.0000
vn -0.7146 0.6995 -0.0000
vn 0.6983 -0.7158 -0.0000
vn 0.0072 1.0000 -0.0000
vn -0.0068 -1.0000 -0.0000
vn 0.7556 -0.6550 -0.0000
vn 0.0048 -1.0000 -0.0000
vn 0.0039 1.0000 -0.0000
vn -0.9456 -0.3255 -0.0000
vn -0.7305 0.6829 -0.0000
vn 0.0062 0.0024 -1.0000
vn 0.0062 0.0024 1.0000
vn 0.7146 0.6995 -0.0000
vn -0.6983 -0.7158 -0.0000
vn -0.0072 1.0000 -0.0000
vn 0.0068 -1.0000 -0.0000
vn 0.0574 -0.0000 0.9983
vn -0.5748 0.8183 -0.0000
vn 0.3036 0.9528 -0.0000
vn -0.0574 -0.0000 0.9983
vn 0.5748 0.8183 -0.0000
vn -0.3036 0.9528 -0.0000
vn -0.6847 0.7280 0.0361
vn -0.7261 0.6869 -0.0322
vn -0.7245 0.6887 -0.0294
vn 0.7240 0.6887 -0.0391
vn 0.7260 0.6864 -0.0422
vn 0.6850 0.7283 0.0168
vn 0.7618 0.6400 -0.1005
vn -0.7618 0.6400 -0.1005
vn 0.5248 0.8500 0.0449
vn 0.5250 0.8499 0.0441
vn 0.5397 0.8419 -0.0068
vn 0.5076 0.8559 0.0987
vn 0.5249 -0.8502 0.0400
vn 0.5252 -0.8501 0.0389
vn 0.5076 -0.8559 0.0987
vn -0.0199 0.0243 -0.9995
vn 0.5396 -0.8418 -0.0165
vn -0.5248 0.8500 0.0449
vn -0.5397 0.8419 -0.0068
vn -0.5250 0.8499 0.0441
vn -0.5076 0.8559 0.0987
vn -0.5249 -0.8502 0.0400
vn -0.5076 -0.8559 0.0987
vn -0.5252 -0.8501 0.0389
vn 0.0199 0.0243 -0.9995
vn -0.5396 -0.8418 -0.0165
vn 0.0030 -0.1879 -0.9822
vn 0.3597 -0.9040 -0.2313
vn -0.8432 -0.4274 -0.3261
vn -0.3573 0.7543 -0.5508
vn 0.3448 0.7608 -0.5499
vn 0.8517 -0.4118 -0.3240
vn -0.3424 -0.9104 -0.2322
vn -0.8494 0.2622 -0.4581
vn 0.8456 0.2777 -0.4559
vn -0.0000 0.1480 0.9890
vn -0.0000 -0.1480 -0.9890
vn -0.0000 0.9890 -0.1480
vn -0.7071 -0.6993 0.1046
vn 0.7071 -0.6993 0.1046
vn -0.0000 -0.9890 0.1480
vn -0.0030 -0.1879 -0.9822
vn -0.3597 -0.9040 -0.2313
vn 0.8432 -0.4274 -0.3261
vn 0.3573 0.7543 -0.5508
vn -0.3448 0.7608 -0.5499
vn -0.8517 -0.4118 -0.3240
vn 0.3424 -0.9104 -0.2322
vn 0.8494 0.2622 -0.4581
vn -0.8456 0.2778 -0.4559
vn -0.7071 -0.6993 0.1047
vn 0.5191 0.8547 -0.0074
vn 0.0296 -0.0760 0.9967
vn 0.4807 0.8731 0.0812
vn 0.5360 -0.8417 0.0660
vn -0.0033 0.0130 -0.9999
vn 0.5329 -0.8461 0.0104
vn 0.5191 -0.8547 -0.0009
vn 0.5330 0.8461 0.0049
vn -0.5191 0.8547 -0.0074
vn -0.0296 -0.0760 0.9967
vn -0.4807 0.8731 0.0812
vn -0.5360 -0.8417 0.0660
vn 0.0033 0.0130 -0.9999
vn -0.5329 -0.8461 0.0104
vn -0.5191 -0.8547 -0.0009
vn -0.5330 0.8461 0.0049
vn -0.9914 0.1307 -0.0068
vn -0.9970 0.0776 -0.0059
vn -0.9949 0.1008 -0.0063
vn -0.0000 -0.5933 -0.8050
vn -0.0000 -0.7435 -0.6688
vn -0.0000 -0.5931 -0.8051
vn 0.9957 0.0923 -0.0055
vn 0.9986 0.0522 -0.0040
vn 0.9896 0.1439 -0.0074
vn -0.0000 0.8868 0.4621
vn -0.0000 0.9768 0.2144
vn -0.0000 0.9765 0.2153
vn -0.0000 0.8868 0.4622
vn -0.0000 0.8632 0.5049
vn 0.9863 0.1646 -0.0081
vn -0.0000 -0.4411 -0.8975
vn -0.9897 0.1427 -0.0070
vn 0.9914 0.1307 -0.0068
vn 0.9949 0.1008 -0.0063
vn 0.9970 0.0776 -0.0059
vn -0.9957 0.0923 -0.0055
vn -0.9896 0.1439 -0.0074
vn -0.9986 0.0522 -0.0040
vn -0.9863 0.1646 -0.0081
vn 0.9897 0.1427 -0.0070
vt 0.628406 0.644797
vt 0.620247 0.649813
vt 0.620247 0.644797
vt 0.987813 0.410254
vt 0.979655 0.413371
vt 0.979655 0.410254
vt 0.983748 0.410800
vt 0.991030 0.410800
vt 0.617042 0.639358
vt 0.621996 0.644797
vt 0.620247 0.639358
vt 0.628406 0.643755
vt 0.982818 0.405518
vt 0.989557 0.405494
vt 0.982615 0.403319
vt 0.982625 0.413708
vt 0.620247 0.633919
vt 0.617042 0.633919
vt 0.987027 0.407222
vt 0.983822 0.407222
vt 0.612089 0.644754
vt 0.622350 0.633919
vt 0.622350 0.636241
vt 0.987228 0.416711
vt 0.977321 0.424869
vt 0.977321 0.416711
vt 0.615242 0.645151
vt 0.619897 0.645721
vt 0.621996 0.649973
vt 0.612089 0.650236
vt 0.614999 0.648929
vt 0.612089 0.643755
vt 0.612089 0.644797
vt 0.989407 0.410578
vt 0.979295 0.410560
vt 0.987228 0.408552
vt 0.977321 0.408552
vt 0.987027 0.415380
vt 0.987027 0.423539
vt 0.983641 0.358683
vt 0.975596 0.358683
vt 0.973110 0.366334
vt 0.989769 0.413761
vt 0.989340 0.423586
vt 0.978846 0.416500
vt 0.967986 0.415772
vt 0.971496 0.413371
vt 0.971496 0.410254
vt 0.990446 0.402442
vt 0.979000 0.402442
vt 0.972034 0.432375
vt 0.974133 0.430574
vt 0.973932 0.430645
vt 0.984020 0.303717
vt 0.991560 0.308527
vt 0.983692 0.308053
vt 0.968146 0.410575
vt 0.979000 0.410073
vt 0.990446 0.410073
vt 0.990446 0.416242
vt 0.981950 0.410073
vt 0.990446 0.417704
vt 0.979000 0.416973
vt 0.967553 0.416242
vt 0.992409 0.307623
vt 0.987271 0.303893
vt 0.992586 0.303893
vt 0.975883 0.303728
vt 0.975765 0.307522
vt 0.989625 0.417149
vt 0.990787 0.415911
vt 0.979655 0.407932
vt 0.971496 0.407932
vt 0.989187 0.375464
vt 0.977740 0.375464
vt 0.980673 0.373727
vt 0.982698 0.409907
vt 0.982735 0.405867
vt 0.987813 0.407932
vt 0.990446 0.413889
vt 0.990446 0.425335
vt 0.981950 0.425335
vt 0.983124 0.423907
vt 0.973942 0.296717
vt 0.980421 0.306174
vt 0.973951 0.306126
vt 0.981950 0.413889
vt 0.989781 0.403445
vt 0.981950 0.402442
vt 0.974403 0.315364
vt 0.980033 0.315074
vt 0.989698 0.409908
vt 0.990446 0.405700
vt 0.981950 0.405700
vt 0.989660 0.405865
vt 0.976794 0.299376
vt 0.983101 0.295716
vt 0.983135 0.299377
vt 0.983175 0.402661
vt 0.989154 0.402695
vt 0.976903 0.295402
vt 0.982642 0.292844
vt 0.983007 0.295379
vt 0.976663 0.424217
vt 0.628406 0.649825
vt 0.620292 0.650184
vt 0.621996 0.642078
vt 0.628406 0.650185
vt 0.621996 0.650236
vt 0.979644 0.474262
vt 0.974691 0.474262
vt 0.980644 0.415409
vt 0.975691 0.423567
vt 0.975691 0.415409
vt 0.981247 0.432875
vt 0.981247 0.424717
vt 0.978042 0.432875
vt 0.978042 0.424717
vt 0.983822 0.415380
vt 0.967553 0.402442
vt 0.987665 0.421605
vt 0.980644 0.423567
vt 0.975691 0.431726
vt 0.978868 0.407222
vt 0.987002 0.363418
vt 0.973448 0.376973
vt 0.973448 0.363418
vt 0.987002 0.376973
vt 0.975433 0.365403
vt 0.973448 0.370196
vt 0.985017 0.365403
vt 0.986462 0.357376
vt 0.972775 0.371063
vt 0.972775 0.357376
vt 0.971381 0.363397
vt 0.974115 0.369997
vt 0.987316 0.356796
vt 0.974780 0.359380
vt 0.972775 0.364219
vt 0.974780 0.369058
vt 0.619388 0.642078
vt 0.620209 0.642078
vt 0.620232 0.642060
vt 0.620209 0.633919
vt 0.619391 0.633919
vt 0.617042 0.642078
vt 0.620247 0.642078
vt 0.620247 0.642078
vt 0.619466 0.648435
vt 0.625975 0.643037
vt 0.980040 0.423105
vt 0.982024 0.416058
vt 0.967643 0.432161
vt 0.967621 0.432375
vt 0.620247 0.650236
vt 0.612089 0.633919
vt 0.612089 0.639358
vt 0.623955 0.647727
vt 0.621996 0.646245
vt 0.628406 0.649773
vt 0.617678 0.650208
vt 0.628406 0.649998
vt 0.627362 0.649994
vt 0.966756 0.432351
vt 0.982030 0.432132
vt 0.976663 0.432375
vt 0.976663 0.432112
vt 0.986127 0.366334
vt 0.612968 0.650031
vt 0.982175 0.417191
vt 0.972390 0.432296
vt 0.991401 0.303730
vt 0.977740 0.354166
vt 0.980673 0.367833
vt 0.989187 0.360202
vt 0.976828 0.295717
vt 0.977227 0.292814
vt 0.987002 0.370196
vt 0.985017 0.374988
vt 0.975433 0.374988
vt 0.990050 0.363397
vt 0.987316 0.369997
vt 0.984458 0.359380
vt 0.986462 0.364219
vt 0.979619 0.371063
vt 0.620247 0.642072
vt 0.982788 0.416964
vt 0.622350 0.642078
vt 0.966756 0.432136
vt 0.987813 0.413371
vt 0.622350 0.639358
vt 0.987228 0.424869
vt 0.612208 0.644797
vt 0.621996 0.648283
vt 0.612089 0.648914
vt 0.967553 0.410073
vt 0.987417 0.354166
vt 0.987416 0.352571
vt 0.989187 0.352571
vt 0.989186 0.367771
vt 0.966293 0.352571
vt 0.977740 0.352571
vt 0.976906 0.352571
vt 0.966293 0.375464
vt 0.989187 0.373608
vt 0.980432 0.296831
vt 0.988509 0.421587
vt 0.980644 0.431726
vt 0.980225 0.376973
vt 0.980225 0.363418
vt 0.986462 0.371063
vt 0.980716 0.372731
vt 0.980716 0.354062
vt 0.974115 0.356796
vt 0.984458 0.369058
vt 0.979619 0.357376
vt 0.976663 0.416058
vt 0.981332 0.421587
vt 0.622350 0.650236
vt 0.982024 0.432375
vt 0.967000 0.459722
vt 0.991000 0.459722
vt 0.991000 0.481944
vt 0.967000 0.481944
vt 0.992260 0.579590
vt 0.968260 0.579590
vt 0.375000 0.000000
vt 0.625000 0.000000
vt 0.625000 0.250000
vt 0.375000 0.250000
vt 0.625000 0.500000
vt 0.375000 0.500000
vt 0.625000 0.750000
vt 0.375000 0.750000
vt 0.625000 1.000000
vt 0.375000 1.000000
vt 0.125000 0.500000
vt 0.125000 0.750000
vt 0.875000 0.500000
vt 0.875000 0.750000
vt 0.978770 0.976324
vt 0.983970 0.974170
vt 0.986123 0.968971
vt 0.983970 0.963771
vt 0.978770 0.961617
vt 0.973570 0.963771
vt 0.971416 0.968971
vt 0.973570 0.974170
vt 0.971416 0.961617
vt 0.986123 0.961617
vt 0.986123 0.976324
vt 0.971416 0.976324
vt 0.980091 0.488034
vt 0.985025 0.485991
vt 0.987069 0.481057
vt 0.985025 0.476123
vt 0.980091 0.474080
vt 0.975158 0.476123
vt 0.973114 0.481057
vt 0.975158 0.485991
vt 0.973114 0.474080
vt 0.987069 0.474080
vt 0.987069 0.488034
vt 0.973114 0.488034
vt 0.973936 0.464648
vt 0.988643 0.464648
vt 0.988643 0.479355
vt 0.973936 0.479355
vt 0.973936 0.464982
vt 0.988643 0.464982
vt 0.974270 0.479355
vt 0.973936 0.478301
vt 0.988643 0.478301
vt 0.974209 0.464648
vt 0.988180 0.464648
vt 0.988310 0.479355
vt 0.965936 0.411176
vt 0.980643 0.411176
vt 0.980643 0.425883
vt 0.965936 0.425883
vt 0.988631 0.516668
vt 0.988631 0.528829
vt 0.976469 0.528829
vt 0.976469 0.516668
vt 0.979212 0.526086
vt 0.976469 0.526083
vt 0.985887 0.519411
vt 0.988631 0.519411
vt 0.972933 0.414614
vt 0.989052 0.414614
vt 0.989052 0.430732
vt 0.972933 0.430732
vt 0.018333 0.588256
vt 0.025559 0.585263
vt 0.028552 0.578037
vt 0.025559 0.570811
vt 0.018333 0.567818
vt 0.011107 0.570811
vt 0.008113 0.578037
vt 0.011107 0.585263
vt 0.008113 0.567818
vt 0.028552 0.567818
vt 0.028552 0.588256
vt 0.008113 0.588256
vt 0.027183 0.583146
vt 0.027183 0.572927
vt 0.009483 0.572927
vt 0.009483 0.583146
vt 0.972699 0.410951
vt 0.986920 0.410951
vt 0.986920 0.425171
vt 0.972699 0.425171
vt 0.976469 0.523091
vt 0.982204 0.523094
vt 0.982895 0.522404
vt 0.988631 0.522403
vt 0.618953 0.634431
vt 0.625842 0.634431
vt 0.625842 0.648208
vt 0.618953 0.648208
vt 0.618953 0.634431
vt 0.612064 0.634431
vt 0.612064 0.648208
s 1
usemtl metallic
f 17/1/1 103/2/2 61/3/3
f 70/4/4 55/5/5 72/6/6
f 43/7/7 64/8/8 68/7/9
f 37/9/10 11/1/11 38/10/12
f 29/11/13 60/12/14 11/1/11
f 88/13/15 99/14/15 85/14/15
f 78/15/16 81/16/17 54/16/18
f 25/17/19 39/18/20 30/17/21
f 30/19/21 105/20/22 109/19/23
f 123/21/24 37/9/10 38/10/12
f 25/17/19 94/22/25 96/23/26
f 53/24/27 8/25/28 46/26/29
f 125/27/30 38/10/12 124/28/31
f 136/29/32 2/30/33 126/31/34
f 60/32/14 61/3/3 11/33/11
f 56/34/35 66/35/36 47/35/37
f 35/36/38 46/26/29 2/37/39
f 51/38/40 109/39/41 112/38/41
f 32/40/42 5/41/43 128/42/44
f 45/43/45 83/44/46 82/43/47
f 48/45/48 65/46/49 67/45/50
f 72/6/6 86/47/51 95/48/52
f 11/33/11 61/3/3 103/2/2
f 111/38/53 51/38/54 112/38/55
f 32/49/56 106/50/57 116/50/58
f 140/51/59 137/52/60 138/53/61
f 10/57/65 55/58/66 47/35/67
f 43/7/68 86/59/69 10/8/70
f 43/7/68 60/60/14 87/61/71
f 47/35/67 16/59/72 56/34/73
f 48/45/74 17/62/75 61/63/3
f 48/45/74 60/64/14 44/46/76
f 57/70/80 67/45/50 63/70/81
f 43/7/82 65/71/49 44/71/83
f 47/35/37 64/57/84 10/57/85
f 73/72/86 95/48/52 93/73/87
f 2/74/42 46/75/42 122/76/42
f 59/77/88 92/78/88 91/77/88
f 7/79/89 72/6/6 73/72/86
f 6/44/90 73/80/86 93/81/87
f 6/44/90 94/82/25 41/83/91
f 54/16/95 94/82/25 77/87/96
f 76/88/97 73/80/86 45/43/98
f 54/16/99 42/89/100 78/15/101
f 41/83/104 81/16/17 84/83/104
f 41/83/105 83/44/105 6/44/105
f 76/88/106 82/43/47 79/88/107
f 58/92/108 95/93/109 86/59/69
f 58/92/108 87/61/71 59/77/110
f 71/78/111 87/61/71 96/94/26
f 71/78/111 95/93/109 69/95/112
f 69/95/116 90/92/116 89/95/116
f 69/95/117 92/78/117 71/78/117
f 59/77/118 90/92/118 58/92/118
f 75/99/119 93/49/87 74/100/120
f 85/14/121 93/49/87 95/93/109
f 75/99/119 96/94/26 94/89/25
f 85/14/121 96/94/26 88/13/122
f 74/100/126 99/14/126 97/100/126
f 88/13/127 98/99/127 100/13/127
f 74/100/128 98/99/128 75/99/128
f 53/104/129 138/53/61 137/52/60
f 102/105/130 104/106/131 103/2/2
f 53/107/27 101/108/132 36/109/133
f 110/110/134 116/111/135 106/111/136
f 108/112/137 106/113/138 107/114/139
f 109/115/140 111/116/141 112/116/142
f 111/116/141 105/117/143 110/118/144
f 52/119/145 108/20/146 40/20/146
f 33/120/147 106/50/148 50/50/149
f 110/119/150 52/119/151 133/121/152
f 115/122/153 114/123/153 116/113/153
f 110/118/154 113/117/154 115/118/154
f 114/124/155 113/20/156 105/20/22
f 114/124/155 39/20/20 32/124/157
f 3/125/158 123/126/159 125/127/160
f 14/125/161 121/126/162 122/127/162
f 14/127/161 117/128/163 126/126/164
f 20/125/165 119/126/166 117/127/163
f 28/125/167 119/126/166 24/127/168
f 118/127/169 31/128/170 124/126/171
f 31/127/170 125/128/160 124/126/171
f 20/129/172 14/130/172 28/131/172
f 4/132/173 127/133/173 128/134/173
f 13/132/139 129/133/174 12/134/139
f 15/132/175 13/133/139 12/134/139
f 19/132/176 18/133/175 15/134/175
f 22/132/42 21/133/42 19/134/42
f 128/135/177 130/136/177 23/137/177
f 26/132/178 23/133/179 22/134/179
f 1/132/180 27/133/178 26/134/178
f 15/138/172 12/139/172 129/140/172
f 133/141/152 134/142/181 135/143/182
f 131/144/183 133/141/184 132/145/185
f 40/18/186 133/141/187 52/146/188
f 51/147/54 134/142/189 49/148/190
f 53/107/129 137/149/60 104/150/191
f 138/151/192 53/104/27 141/152/193
f 143/153/194 140/51/195 142/154/196
f 25/17/19 37/9/10 34/18/197
f 42/22/100 49/148/198 131/144/183
f 30/155/199 51/147/40 49/148/198
f 5/156/200 34/18/197 9/157/201
f 119/158/202 118/159/203 11/160/11
f 104/150/191 139/161/204 103/2/205
f 143/162/194 144/163/206 11/160/11
f 141/164/207 143/153/194 142/154/208
f 144/165/206 35/166/209 136/167/32
f 228/2/210 17/1/1 195/3/211
f 191/5/212 70/4/4 203/6/213
f 179/7/214 196/8/215 152/8/216
f 175/9/217 153/1/218 169/11/219
f 194/12/220 169/11/219 153/1/218
f 226/14/221 215/13/221 212/14/221
f 208/16/222 78/15/16 190/16/223
f 165/17/224 177/18/225 173/18/226
f 170/19/227 230/20/228 177/20/225
f 246/21/229 175/9/217 151/157/230
f 223/23/231 221/22/232 165/17/224
f 8/25/28 189/24/233 182/26/234
f 248/27/235 247/28/236 176/10/237
f 249/31/238 146/30/239 257/29/240
f 194/32/220 153/33/218 195/3/211
f 198/35/241 56/34/35 183/35/242
f 182/26/234 174/36/243 146/37/244
f 187/38/245 232/39/246 170/39/247
f 251/42/248 172/40/42 186/168/149
f 181/43/249 210/44/250 150/44/250
f 184/45/251 197/46/252 180/46/253
f 213/47/254 203/6/213 222/48/255
f 228/2/210 153/33/218 264/169/256
f 234/38/257 187/38/258 256/170/259
f 231/50/260 186/50/261 172/49/262
f 261/51/263 258/52/264 260/171/265
f 191/58/268 152/57/269 183/35/270
f 213/59/271 179/7/272 152/8/273
f 179/7/272 194/60/220 180/71/274
f 16/59/72 183/35/270 56/34/73
f 184/45/275 17/62/75 57/70/276
f 194/64/220 184/45/275 180/46/274
f 57/70/80 199/45/280 184/45/251
f 197/71/252 179/7/281 180/71/253
f 196/57/282 183/35/242 152/57/283
f 222/48/255 204/72/284 220/73/285
f 252/173/286 243/174/287 151/175/288
f 193/77/289 219/78/289 202/78/289
f 203/6/213 7/79/89 204/72/284
f 150/44/290 204/80/284 181/43/291
f 221/82/232 150/44/290 178/83/292
f 190/16/295 221/82/232 178/83/292
f 204/80/284 76/88/97 181/43/291
f 42/89/100 190/16/296 78/15/101
f 178/83/298 208/16/222 190/16/223
f 210/44/299 178/83/299 150/44/299
f 76/88/106 209/43/300 181/43/249
f 192/92/301 222/93/302 201/95/303
f 214/61/304 192/92/301 193/77/305
f 202/78/306 214/61/304 193/77/305
f 222/93/302 202/78/306 201/95/303
f 201/95/310 217/92/310 192/92/310
f 219/78/311 201/95/311 202/78/311
f 217/92/312 193/77/313 192/92/312
f 220/49/285 206/99/314 205/100/315
f 212/14/316 220/49/285 205/100/315
f 206/99/314 223/94/231 215/13/317
f 223/94/231 212/14/316 215/13/317
f 205/100/321 226/14/321 212/14/321
f 215/13/322 225/99/322 206/99/322
f 225/99/323 205/100/323 206/99/323
f 189/104/324 258/52/264 259/53/325
f 229/106/326 102/105/130 228/2/210
f 189/107/233 101/108/132 229/150/326
f 239/111/327 233/110/328 231/111/329
f 231/113/330 108/112/137 107/114/139
f 234/116/331 232/115/332 235/116/333
f 234/116/331 233/118/144 230/117/334
f 108/20/146 188/119/335 40/20/146
f 231/50/148 33/120/147 186/50/149
f 254/121/336 233/119/337 234/38/338
f 237/123/153 238/122/153 239/113/153
f 233/118/154 236/117/154 230/117/154
f 237/124/339 230/20/228 236/20/340
f 177/20/225 237/124/339 172/124/341
f 246/126/342 147/125/343 248/127/344
f 244/126/345 156/125/346 245/127/345
f 156/127/346 240/128/347 160/125/348
f 242/126/349 160/125/348 240/127/347
f 242/126/349 168/125/350 164/127/351
f 241/127/352 171/128/353 168/125/350
f 171/127/353 248/128/344 147/125/343
f 171/178/177 147/179/177 245/180/177
f 250/133/173 148/132/173 251/134/173
f 252/133/174 155/132/139 154/134/139
f 155/133/139 157/132/175 154/134/139
f 158/133/175 159/132/176 157/134/175
f 161/133/42 162/132/42 159/134/42
f 161/181/172 158/182/172 253/136/172
f 163/133/179 166/132/178 162/134/179
f 167/133/178 145/132/180 166/134/178
f 162/183/177 166/184/177 250/185/177
f 254/141/336 256/143/354 255/142/355
f 131/144/183 254/141/356 255/142/357
f 40/18/186 254/141/358 132/145/359
f 187/147/258 255/142/360 256/186/259
f 189/107/324 229/150/361 258/149/264
f 262/152/362 259/151/363 263/187/364
f 264/153/256 261/51/365 260/171/366
f 175/9/217 165/17/224 173/18/226
f 131/144/183 185/148/367 42/22/100
f 185/148/367 165/155/368 207/188/369
f 177/18/225 172/156/341 149/156/370
f 241/159/371 242/158/372 153/160/218
f 229/150/361 260/161/265 258/149/264
f 264/162/256 153/160/218 265/163/373
f 262/164/374 264/153/256 265/189/373
f 174/166/375 265/165/373 257/167/240
f 17/1/1 102/105/130 103/2/2
f 70/4/4 16/190/376 55/5/5
f 43/7/7 10/8/377 64/8/8
f 37/9/10 29/11/13 11/1/11
f 29/11/13 87/191/71 60/12/14
f 88/13/15 100/13/15 99/14/15
f 78/15/16 80/15/378 81/16/17
f 25/17/19 34/18/197 39/18/20
f 30/19/21 39/20/20 105/20/22
f 123/21/24 9/157/201 37/9/10
f 87/191/71 29/11/13 96/23/26
f 29/11/13 25/17/19 96/23/26
f 53/24/27 36/192/133 8/25/28
f 125/27/30 123/193/24 38/10/12
f 38/10/12 118/159/203 124/28/31
f 126/31/34 117/194/379 136/29/32
f 136/29/32 35/109/209 2/30/33
f 2/30/33 121/195/380 126/31/34
f 56/34/35 62/34/381 66/35/36
f 35/36/38 53/24/27 46/26/29
f 51/38/40 30/39/199 109/39/41
f 128/42/44 127/185/382 50/168/149
f 50/168/149 32/40/42 128/42/44
f 45/43/45 6/44/46 83/44/46
f 48/45/48 44/46/83 65/46/49
f 72/6/6 55/5/5 86/47/51
f 103/2/2 139/161/383 143/169/194
f 143/169/194 11/33/11 103/2/2
f 111/38/53 135/170/384 51/38/54
f 116/50/58 114/49/385 32/49/56
f 32/49/56 50/50/386 106/50/57
f 140/51/59 139/171/204 137/52/60
f 10/57/65 86/196/387 55/58/66
f 43/7/68 87/61/71 86/59/69
f 43/7/68 44/71/76 60/60/14
f 47/35/67 55/58/66 16/59/72
f 48/45/74 57/70/276 17/62/75
f 48/45/74 61/63/3 60/64/14
f 57/70/80 48/45/48 67/45/50
f 43/7/82 68/7/388 65/71/49
f 47/35/37 66/35/36 64/57/84
f 73/72/86 72/6/6 95/48/52
f 130/197/389 128/198/44 5/199/43
f 9/175/390 123/200/391 120/174/392
f 130/197/389 5/199/43 9/175/390
f 129/173/393 130/197/389 9/175/390
f 129/173/393 9/175/390 120/174/392
f 33/201/147 50/202/149 127/203/382
f 129/173/393 120/174/392 8/204/394
f 120/174/392 122/76/42 8/204/394
f 33/201/147 127/203/382 129/173/393
f 46/75/42 8/204/394 122/76/42
f 8/204/394 33/201/147 129/173/393
f 121/205/42 2/74/42 122/76/42
f 59/77/88 71/78/88 92/78/88
f 7/79/89 70/4/4 72/6/6
f 6/44/90 45/43/98 73/80/86
f 6/44/90 93/81/87 94/82/25
f 54/16/95 41/83/91 94/82/25
f 76/88/97 7/49/89 73/80/86
f 54/16/99 77/87/396 42/89/100
f 41/83/104 54/16/18 81/16/17
f 41/83/105 84/83/105 83/44/105
f 76/88/106 45/43/45 82/43/47
f 58/92/108 69/95/112 95/93/109
f 58/92/108 86/59/69 87/61/71
f 71/78/111 59/77/110 87/61/71
f 71/78/111 96/94/26 95/93/109
f 69/95/116 58/92/116 90/92/116
f 69/95/117 89/95/117 92/78/117
f 59/77/118 91/77/118 90/92/118
f 75/99/119 94/89/25 93/49/87
f 85/14/121 74/100/120 93/49/87
f 75/99/119 88/13/122 96/94/26
f 85/14/121 95/93/109 96/94/26
f 74/100/126 85/14/126 99/14/126
f 88/13/127 75/99/127 98/99/127
f 74/100/128 97/100/128 98/99/128
f 102/105/130 101/108/132 104/106/131
f 53/107/27 104/150/131 101/108/132
f 110/110/134 115/110/399 116/111/135
f 108/112/137 110/122/400 106/113/138
f 109/115/140 105/117/143 111/116/141
f 52/119/145 110/119/145 108/20/146
f 33/120/147 107/120/148 106/50/148
f 133/121/152 135/207/182 111/38/401
f 111/38/401 110/119/150 133/121/152
f 115/122/153 113/208/153 114/123/153
f 110/118/154 105/117/154 113/117/154
f 114/124/155 105/20/22 39/20/20
f 3/125/158 120/128/402 123/126/159
f 14/125/161 126/128/164 121/126/162
f 14/127/161 20/125/165 117/128/163
f 20/125/165 24/128/168 119/126/166
f 28/125/167 118/128/169 119/126/166
f 118/127/169 28/125/167 31/128/170
f 31/127/170 3/125/158 125/128/160
f 122/180/172 120/209/172 3/179/172
f 3/179/172 31/178/172 122/180/172
f 31/178/172 28/131/172 14/130/172
f 122/180/172 31/178/172 14/130/172
f 28/131/172 24/210/172 20/129/172
f 4/132/173 1/211/173 127/133/173
f 13/132/139 130/211/174 129/133/174
f 15/132/175 18/211/175 13/133/139
f 19/132/176 21/211/176 18/133/175
f 22/132/42 23/211/42 21/133/42
f 130/136/177 13/212/177 18/182/177
f 18/182/177 21/181/177 130/136/177
f 21/181/177 23/137/177 130/136/177
f 23/137/177 27/213/177 128/135/177
f 27/213/177 4/214/177 128/135/177
f 26/132/178 27/211/178 23/133/179
f 1/132/180 4/211/180 27/133/178
f 129/140/172 127/185/172 22/183/172
f 127/185/172 1/215/172 26/184/172
f 22/183/172 127/185/172 26/184/172
f 22/183/172 19/216/172 129/140/172
f 19/216/172 15/138/172 129/140/172
f 131/144/183 134/142/357 133/141/184
f 40/18/186 132/145/359 133/141/187
f 51/147/54 135/186/384 134/142/189
f 53/104/27 35/217/38 141/152/193
f 141/152/193 142/187/403 138/151/192
f 142/187/403 140/218/404 138/151/192
f 143/153/194 139/171/383 140/51/195
f 25/17/19 29/11/13 37/9/10
f 77/188/396 49/148/198 42/22/100
f 49/148/198 134/142/357 131/144/183
f 49/148/198 77/188/396 25/155/405
f 77/188/396 94/219/406 25/155/405
f 25/155/405 30/155/199 49/148/198
f 5/156/200 32/156/157 39/18/20
f 39/18/20 34/18/197 5/156/200
f 34/18/197 37/9/10 9/157/201
f 118/159/203 38/10/12 11/160/11
f 11/160/11 144/163/206 119/158/202
f 144/163/206 136/29/32 117/194/379
f 119/158/202 144/163/206 117/194/379
f 104/150/191 137/149/60 139/161/204
f 141/164/207 144/189/206 143/153/194
f 144/165/206 141/220/207 35/166/209
f 228/2/210 102/105/130 17/1/1
f 191/5/212 16/190/376 70/4/4
f 179/7/214 200/7/407 196/8/215
f 175/9/217 176/10/237 153/1/218
f 194/12/220 214/191/304 169/11/219
f 226/14/221 227/13/221 215/13/221
f 208/16/222 80/15/378 78/15/16
f 165/17/224 170/17/227 177/18/225
f 170/19/227 232/19/408 230/20/228
f 246/21/229 176/10/237 175/9/217
f 165/17/224 169/11/219 223/23/231
f 169/11/219 214/191/304 223/23/231
f 8/25/28 36/192/133 189/24/233
f 247/28/236 241/159/371 176/10/237
f 176/10/237 246/193/229 248/27/235
f 257/29/240 240/194/409 249/31/238
f 249/31/238 244/195/410 146/30/239
f 146/30/239 174/109/375 257/29/240
f 198/35/241 62/34/381 56/34/35
f 182/26/234 189/24/233 174/36/243
f 187/38/245 235/38/246 232/39/246
f 186/168/149 250/185/411 251/42/248
f 251/42/248 149/41/412 172/40/42
f 181/43/249 209/43/300 210/44/250
f 184/45/251 199/45/280 197/46/252
f 213/47/254 191/5/212 203/6/213
f 264/169/256 260/161/366 228/2/210
f 228/2/210 195/3/211 153/33/218
f 234/38/257 235/38/413 187/38/258
f 172/49/262 237/49/385 239/50/414
f 239/50/414 231/50/260 172/49/262
f 261/51/263 259/53/325 258/52/264
f 191/58/268 213/196/415 152/57/269
f 213/59/271 214/61/304 179/7/272
f 179/7/272 214/61/304 194/60/220
f 16/59/72 191/58/268 183/35/270
f 184/45/275 195/63/211 17/62/75
f 194/64/220 195/63/211 184/45/275
f 57/70/80 63/70/81 199/45/280
f 197/71/252 200/7/417 179/7/281
f 196/57/282 198/35/241 183/35/242
f 222/48/255 203/6/213 204/72/284
f 250/203/411 186/202/149 33/201/147
f 33/201/147 8/204/394 252/173/286
f 8/204/394 182/75/42 245/76/42
f 252/173/286 8/204/394 243/174/287
f 182/75/42 146/74/42 245/76/42
f 146/74/42 244/205/42 245/76/42
f 252/173/286 250/203/411 33/201/147
f 149/199/412 251/198/248 253/197/418
f 151/175/288 149/199/412 253/197/418
f 8/204/394 245/76/42 243/174/287
f 243/174/287 246/200/419 151/175/288
f 151/175/288 253/197/418 252/173/286
f 193/77/289 218/77/289 219/78/289
f 203/6/213 70/4/4 7/79/89
f 150/44/290 220/81/285 204/80/284
f 221/82/232 220/81/285 150/44/290
f 190/16/295 207/87/420 221/82/232
f 204/80/284 7/49/89 76/88/97
f 42/89/100 207/87/369 190/16/296
f 178/83/298 211/83/298 208/16/222
f 210/44/299 211/83/299 178/83/299
f 76/88/106 79/88/107 209/43/300
f 192/92/301 213/59/271 222/93/302
f 214/61/304 213/59/271 192/92/301
f 202/78/306 223/94/231 214/61/304
f 222/93/302 223/94/231 202/78/306
f 201/95/310 216/95/310 217/92/310
f 219/78/311 216/95/311 201/95/311
f 217/92/312 218/77/313 193/77/313
f 220/49/285 221/89/232 206/99/314
f 212/14/316 222/93/302 220/49/285
f 206/99/314 221/89/232 223/94/231
f 223/94/231 222/93/302 212/14/316
f 205/100/321 224/100/321 226/14/321
f 215/13/322 227/13/322 225/99/322
f 225/99/323 224/100/323 205/100/323
f 229/106/326 101/108/132 102/105/130
f 189/107/233 36/109/133 101/108/132
f 239/111/327 238/110/424 233/110/328
f 231/113/330 233/122/425 108/112/137
f 234/116/331 230/117/334 232/115/332
f 108/20/146 233/119/335 188/119/335
f 231/50/148 107/120/148 33/120/147
f 234/38/338 256/207/354 254/121/336
f 254/121/336 188/119/426 233/119/337
f 237/123/153 236/208/153 238/122/153
f 233/118/154 238/118/154 236/117/154
f 177/20/225 230/20/228 237/124/339
f 246/126/342 243/128/427 147/125/343
f 244/126/345 249/128/428 156/125/346
f 156/127/346 249/126/428 240/128/347
f 242/126/349 164/128/351 160/125/348
f 242/126/349 241/128/352 168/125/350
f 241/127/352 247/126/429 171/128/353
f 171/127/353 247/126/429 248/128/344
f 147/179/177 243/209/177 245/180/177
f 245/180/177 156/130/177 171/178/177
f 156/130/177 160/129/177 171/178/177
f 160/129/177 164/210/177 168/131/177
f 168/131/177 171/178/177 160/129/177
f 250/133/173 145/211/173 148/132/173
f 252/133/174 253/211/174 155/132/139
f 155/133/139 158/211/175 157/132/175
f 158/133/175 161/211/176 159/132/176
f 161/133/42 163/211/42 162/132/42
f 158/182/172 155/212/172 253/136/172
f 253/136/172 251/135/172 163/137/172
f 251/135/172 148/214/172 167/213/172
f 163/137/172 251/135/172 167/213/172
f 163/137/172 161/181/172 253/136/172
f 163/133/179 167/211/178 166/132/178
f 167/133/178 148/211/180 145/132/180
f 145/215/177 250/185/177 166/184/177
f 250/185/177 252/140/177 162/183/177
f 252/140/177 154/139/177 157/138/177
f 157/138/177 159/216/177 252/140/177
f 159/216/177 162/183/177 252/140/177
f 131/144/183 132/145/185 254/141/356
f 40/18/186 188/146/430 254/141/358
f 187/147/258 185/148/431 255/142/360
f 262/152/362 174/217/243 189/104/233
f 189/104/233 259/151/363 262/152/362
f 259/151/363 261/218/432 263/187/364
f 264/153/256 263/154/433 261/51/365
f 175/9/217 169/11/219 165/17/224
f 255/142/357 185/148/367 131/144/183
f 185/148/367 207/188/369 42/22/100
f 185/148/367 187/147/245 170/155/247
f 170/155/247 165/155/368 185/148/367
f 165/155/368 221/219/434 207/188/369
f 149/156/370 151/157/230 173/18/226
f 151/157/230 175/9/217 173/18/226
f 173/18/226 177/18/225 149/156/370
f 242/158/372 240/194/409 265/163/373
f 240/194/409 257/29/240 265/163/373
f 265/163/373 153/160/218 242/158/372
f 153/160/218 176/10/237 241/159/371
f 229/150/361 228/2/435 260/161/265
f 262/164/374 263/154/436 264/153/256
f 174/166/375 262/220/374 265/165/373
f 367/253/476 368/254/476 369/255/476 370/256/476 371/257/476 372/258/476 373/259/476 366/260/476
f 380/253/477 381/254/477 374/255/477 375/256/477 376/257/477 377/258/477 378/259/477 379/260/477
f 366/261/478 381/262/479 380/263/480 367/264/481
f 373/261/482 374/262/483 381/263/479 366/264/478
f 371/261/484 376/262/485 375/263/486 372/264/487
f 369/261/488 378/262/489 377/263/490 370/264/491
f 367/261/481 380/262/480 379/263/492 368/264/493
f 372/261/487 375/262/486 374/263/483 373/264/482
f 370/261/491 377/262/490 376/263/485 371/264/484
f 368/261/493 379/262/492 378/263/489 369/264/488
f 382/261/494 383/262/494 385/263/494 384/264/494
f 384/261/495 385/262/495 389/263/495 388/264/495
f 388/261/496 389/262/496 387/263/496 386/264/496
f 386/261/497 387/262/497 383/263/497 382/264/497
f 384/261/498 388/262/498 386/263/498 382/264/498
f 389/261/499 385/262/499 383/263/499 387/264/499
f 391/253/500 390/260/500 397/259/500 396/258/500 395/257/500 394/256/500 393/255/500 392/254/500
f 404/253/501 403/260/501 402/259/501 401/258/501 400/257/501 399/256/501 398/255/501 405/254/501
f 390/261/502 391/264/503 404/263/504 405/262/505
f 397/261/506 390/264/502 405/263/505 398/262/507
f 395/261/508 396/264/509 399/263/510 400/262/511
f 393/261/512 394/264/513 401/263/514 402/262/515
f 391/261/503 392/264/516 403/263/517 404/262/504
f 396/261/509 397/264/506 398/263/507 399/262/510
f 394/261/513 395/264/508 400/263/511 401/262/514
f 392/261/516 393/264/512 402/263/515 403/262/517
f 406/261/518 408/264/518 409/263/518 407/262/518
f 408/261/519 412/264/519 413/263/519 409/262/519
f 412/261/520 410/264/520 411/263/520 413/262/520
f 410/261/521 406/264/521 407/263/521 411/262/521
f 408/261/522 406/264/522 410/263/522 412/262/522
f 413/261/523 411/264/523 407/263/523 409/262/523
s 0
f 416/265/524 417/266/524 419/267/524 418/268/524
f 421/269/525 422/270/525 415/267/525 414/268/525
f 419/265/526 417/266/526 415/267/526 422/271/526 423/272/526
f 418/265/172 419/266/172 423/273/172 420/272/172
f 422/270/527 421/269/527 420/274/527 423/275/527
f 416/265/528 418/266/528 420/273/528 421/276/528 414/268/528
f 416/265/529 424/268/529 425/267/529 417/266/529
f 427/269/530 414/268/530 415/267/530 428/270/530
f 425/265/531 429/272/531 428/271/531 415/267/531 417/266/531
f 424/265/177 426/272/177 429/273/177 425/266/177
f 428/270/532 429/275/532 426/274/532 427/269/532
f 416/265/533 414/268/533 427/276/533 426/273/533 424/266/533
f 433/277/139 432/278/139 442/279/139 445/280/139
f 432/277/139 433/278/139 437/279/139 436/280/139
f 434/277/534 436/278/534 439/279/534 440/280/534
f 434/277/442 435/278/442 431/279/442 430/280/442
f 432/277/535 436/278/535 434/279/535 430/280/535
f 437/277/536 433/278/536 431/279/536 435/280/536
f 439/277/537 438/278/537 441/279/537 440/280/537
f 437/277/538 435/278/538 441/279/538 438/280/538
f 436/277/539 437/278/539 438/279/539 439/280/539
f 435/277/540 434/278/540 440/279/540 441/280/540
f 445/277/139 442/278/139 446/279/139 449/280/139
f 430/277/442 431/278/442 444/279/442 443/280/442
f 431/277/541 433/278/541 445/279/541 444/280/541
f 432/277/542 430/278/542 443/279/542 442/280/542
f 443/277/442 444/278/442 448/279/442 447/280/442
f 444/277/543 445/278/543 449/279/543 448/280/543
f 442/277/544 443/278/544 447/279/544 446/280/544
f 453/277/139 465/280/139 462/279/139 452/278/139
f 452/277/139 456/280/139 457/279/139 453/278/139
f 454/277/545 460/280/545 459/279/545 456/278/545
f 454/277/442 450/280/442 451/279/442 455/278/442
f 452/277/546 450/280/546 454/279/546 456/278/546
f 457/277/547 455/280/547 451/279/547 453/278/547
f 459/277/548 460/280/548 461/279/548 458/278/548
f 457/277/549 458/280/549 461/279/549 455/278/549
f 456/277/550 459/280/550 458/279/550 457/278/550
f 455/277/551 461/280/551 460/279/551 454/278/551
f 465/277/139 469/280/139 466/279/139 462/278/139
f 450/277/442 463/280/442 464/279/442 451/278/442
f 451/277/552 464/280/552 465/279/552 453/278/552
f 452/277/553 462/280/553 463/279/553 450/278/553
f 463/277/442 467/280/442 468/279/442 464/278/442
f 464/277/554 468/280/554 469/279/554 465/278/554
f 462/277/555 466/280/555 467/279/555 463/278/555
f 484/265/139 482/266/139 477/267/139 476/268/139
f 476/265/172 477/266/172 475/267/172 474/268/172
f 480/265/556 481/266/556 471/267/556 470/268/556
f 484/265/42 476/266/42 474/267/42 483/268/42
f 479/265/437 473/266/437 471/267/437 481/268/437
f 482/265/557 479/266/557 481/267/557 485/268/557
f 472/265/42 478/266/42 480/267/42 470/268/42
f 483/265/442 485/266/442 481/267/442 480/268/442
f 474/265/442 475/266/442 485/267/442 483/268/442
f 477/265/558 482/266/558 485/267/558 475/268/558
f 478/265/42 484/266/42 483/267/42 480/268/42
f 496/265/139 488/268/139 489/267/139 494/266/139
f 488/265/177 486/268/177 487/267/177 489/266/177
f 492/265/559 470/268/559 471/267/559 493/266/559
f 496/265/42 495/268/42 486/267/42 488/266/42
f 491/265/437 493/268/437 471/267/437 473/266/437
f 494/265/560 497/268/560 493/267/560 491/266/560
f 472/265/42 470/268/42 492/267/42 490/266/42
f 495/265/442 492/268/442 493/267/442 497/266/442
f 486/265/442 495/268/442 497/267/442 487/266/442
f 489/265/561 487/268/561 497/267/561 494/266/561
f 490/265/42 492/268/42 495/267/42 496/266/42
s 1
f 498/281/562 500/282/563 499/283/564
f 501/284/565 500/281/566 498/283/567
f 503/284/139 502/281/139 505/282/139 504/283/139
f 500/284/566 501/281/565 505/282/568 502/283/568
f 499/284/564 500/281/563 502/282/569 503/283/569
f 508/284/570 507/281/571 514/285/572 513/286/572
f 510/284/442 509/281/442 512/282/442 511/283/442
f 507/284/571 508/281/570 512/282/573 509/283/573
f 506/284/574 507/281/575 509/282/576 510/283/576
f 513/286/577 514/285/577 515/287/577
f 515/287/578 514/288/578 507/282/575 506/283/574
f 518/284/570 517/281/571 524/285/572 523/286/572
f 520/284/442 519/281/442 522/282/442 521/283/442
f 517/284/571 518/281/570 522/282/573 519/283/573
f 516/284/574 517/281/575 519/282/576 520/283/576
f 523/286/577 524/285/577 525/287/577
f 525/287/578 524/288/578 517/282/575 516/283/574
f 528/284/570 527/281/571 534/285/572 533/286/572
f 530/284/442 529/281/442 532/282/442 531/283/442
f 527/284/571 528/281/570 532/282/573 529/283/573
f 526/284/574 527/281/575 529/282/576 530/283/576
f 533/286/577 534/285/577 535/287/577
f 535/287/578 534/288/578 527/282/575 526/283/574
f 538/284/579 543/286/580 544/285/580 537/281/581
f 540/284/442 541/283/442 542/282/442 539/281/442
f 537/284/581 539/283/582 542/282/582 538/281/579
f 536/284/583 540/283/584 539/282/584 537/281/585
f 543/286/586 545/287/586 544/285/586
f 545/287/587 536/283/583 537/282/585 544/288/587
f 548/284/579 553/286/580 554/285/580 547/281/581
f 550/284/442 551/283/442 552/282/442 549/281/442
f 547/284/581 549/283/582 552/282/582 548/281/579
f 546/284/583 550/283/584 549/282/584 547/281/585
f 553/286/586 555/287/586 554/285/586
f 555/287/587 546/283/583 547/282/585 554/288/587
f 558/284/579 563/286/580 564/285/580 557/281/581
f 560/284/442 561/283/442 562/282/442 559/281/442
f 557/284/581 559/283/582 562/282/582 558/281/579
f 556/284/583 560/283/584 559/282/584 557/281/585
f 563/286/586 565/287/586 564/285/586
f 565/287/587 556/283/583 557/282/585 564/288/587
s 0
f 566/289/177 567/290/177 569/291/177 568/292/177
f 568/289/139 569/290/139 573/291/139 572/292/139
f 572/289/172 573/290/172 571/291/172 570/292/172
f 570/289/442 571/290/442 567/291/442 566/292/442
f 568/289/42 572/290/42 570/291/42 566/292/42
f 573/289/437 569/290/437 567/291/437 571/292/437
f 574/289/172 576/292/172 577/291/172 575/290/172
f 576/289/139 580/292/139 581/291/139 577/290/139
f 580/289/177 578/292/177 579/291/177 581/290/177
f 578/289/442 574/292/442 575/291/442 579/290/442
f 576/289/42 574/292/42 578/291/42 580/290/42
f 581/289/437 579/292/437 575/291/437 577/290/437
f 638/309/177 639/310/177 641/311/177 640/312/177
f 640/309/139 641/310/139 645/311/139 644/312/139
f 644/309/172 645/310/172 643/311/172 642/312/172
f 642/309/442 643/310/442 639/311/442 638/312/442
f 640/309/42 644/310/42 642/311/42 638/312/42
f 645/309/437 641/310/437 639/311/437 643/312/437
f 646/309/172 648/312/172 649/311/172 647/310/172
f 648/309/139 652/312/139 653/311/139 649/310/139
f 652/309/177 650/312/177 651/311/177 653/310/177
f 650/309/442 646/312/442 647/311/442 651/310/442
f 648/309/42 646/312/42 650/311/42 652/310/42
f 653/309/437 651/312/437 647/311/437 649/310/437
f 666/313/613 665/314/613 662/285/613 661/286/613
f 658/284/614 657/281/614 660/282/614 659/283/614
f 655/284/615 656/281/615 660/282/615 657/283/615
f 654/284/616 655/281/616 657/282/616 658/283/616
f 661/286/617 662/285/617 663/287/617
f 664/315/618 665/316/618 655/282/618 654/283/618
f 663/287/619 662/288/619 665/316/619 664/315/619
f 656/284/620 655/281/620 665/314/620 666/313/620
f 679/313/621 674/286/621 675/285/621 678/314/621
f 671/284/622 672/283/622 673/282/622 670/281/622
f 668/284/623 670/283/623 673/282/623 669/281/623
f 667/284/624 671/283/624 670/282/624 668/281/624
f 674/286/625 676/287/625 675/285/625
f 677/315/626 667/283/626 668/282/626 678/316/626
f 676/287/627 677/315/627 678/316/627 675/288/627
f 669/284/628 679/313/628 678/314/628 668/281/628
s 1
f 688/317/629 681/318/630 683/319/630 689/320/631
f 689/317/632 683/318/633 687/319/633 690/320/634
f 690/317/635 687/318/636 685/319/636 691/320/637
f 691/321/638 685/318/639 681/319/640 688/320/641
f 687/322/437 683/318/437 681/319/640 685/323/639
f 684/322/642 691/321/638 688/320/641 680/323/642
f 686/322/643 690/317/635 691/320/637 684/323/643
f 682/322/644 689/317/632 690/320/634 686/323/644
f 680/322/645 688/317/629 689/320/631 682/323/645
f 700/317/646 701/320/647 695/319/648 693/318/648
f 701/317/632 702/320/634 699/319/633 695/318/633
f 702/317/649 703/320/650 697/319/651 699/318/651
f 703/321/638 700/320/641 693/319/640 697/318/639
f 699/322/437 697/323/639 693/319/640 695/318/437
f 696/322/642 692/323/642 700/320/641 703/321/638
f 698/322/652 696/323/652 703/320/650 702/317/649
f 694/322/644 698/323/644 702/320/634 701/317/632
f 692/322/653 694/323/653 701/320/647 700/317/646
s 0
usemtl light
f 303/241/443 304/242/443 305/243/443 306/244/443 307/245/443 308/246/443 309/247/443 302/248/443
f 311/241/443 312/242/443 313/243/443 314/244/443 315/245/443 316/246/443 317/247/443 310/248/443
f 307/249/444 323/250/444 324/251/444 308/252/444
f 315/249/445 331/250/445 332/251/445 316/252/445
f 308/249/446 324/250/446 325/251/446 309/252/446
f 316/249/447 332/250/447 333/251/447 317/252/447
f 309/249/448 325/250/448 318/251/448 302/252/448
f 302/249/449 318/250/449 319/251/449 303/252/449
f 317/249/450 333/250/450 326/251/450 310/252/450
f 310/249/451 326/250/451 327/251/451 311/252/451
f 303/249/452 319/250/452 320/251/452 304/252/452
f 311/249/453 327/250/453 328/251/453 312/252/453
f 304/249/454 320/250/454 321/251/454 305/252/454
f 312/249/455 328/250/455 329/251/455 313/252/455
f 305/249/456 321/250/456 322/251/456 306/252/456
f 313/249/457 329/250/457 330/251/457 314/252/457
f 306/249/458 322/250/458 323/251/458 307/252/458
f 314/249/459 330/250/459 331/251/459 315/252/459
f 335/241/443 334/248/443 341/247/443 340/246/443 339/245/443 338/244/443 337/243/443 336/242/443
f 343/241/443 342/248/443 349/247/443 348/246/443 347/245/443 346/244/443 345/243/443 344/242/443
f 339/249/460 340/252/460 356/251/460 355/250/460
f 347/249/461 348/252/461 364/251/461 363/250/461
f 340/249/462 341/252/462 357/251/462 356/250/462
f 348/249/463 349/252/463 365/251/463 364/250/463
f 341/249/464 334/252/464 350/251/464 357/250/464
f 334/249/465 335/252/465 351/251/465 350/250/465
f 349/249/466 342/252/466 358/251/466 365/250/466
f 342/249/467 343/252/467 359/251/467 358/250/467
f 335/249/468 336/252/468 352/251/468 351/250/468
f 343/249/469 344/252/469 360/251/469 359/250/469
f 336/249/470 337/252/470 353/251/470 352/250/470
f 344/249/471 345/252/471 361/251/471 360/250/471
f 337/249/472 338/252/472 354/251/472 353/250/472
f 345/249/473 346/252/473 362/251/473 361/250/473
f 338/249/474 339/252/474 355/251/474 354/250/474
f 346/249/475 347/252/475 363/251/475 362/250/475
f 590/293/588 591/294/588 597/295/588 596/296/588 595/297/588 594/298/588 593/299/588 592/300/588
f 586/301/589 594/302/589 595/303/589 587/304/589
f 584/301/590 592/302/590 593/303/590 585/304/590
f 582/301/591 591/302/591 590/303/591 583/304/591
f 589/301/592 597/302/592 591/303/592 582/304/592
f 587/301/593 595/302/593 596/303/593 588/304/593
f 585/301/594 593/302/594 594/303/594 586/304/594
f 583/301/595 590/302/595 592/303/595 584/304/595
f 588/301/596 596/302/596 597/303/596 589/304/596
f 606/293/597 607/305/597 600/306/597 598/297/597 602/307/597 603/308/597
f 608/301/172 601/302/172 600/303/172 607/304/172
f 604/293/598 605/305/598 599/306/598 601/297/598 608/307/598 609/308/598
f 602/301/177 598/302/177 599/303/177 605/304/177
f 601/301/599 599/302/599 598/303/599 600/304/599
f 604/301/600 603/302/600 602/303/600 605/304/600
f 606/301/601 609/302/601 608/303/601 607/304/601
f 604/301/602 609/302/602 606/303/602 603/304/602
f 618/293/603 620/300/603 621/299/603 622/298/603 623/297/603 624/296/603 625/295/603 619/294/603
f 614/301/604 615/304/604 623/303/604 622/302/604
f 612/301/605 613/304/605 621/303/605 620/302/605
f 610/301/606 611/304/606 618/303/606 619/302/606
f 617/301/607 610/304/607 619/303/607 625/302/607
f 615/301/608 616/304/608 624/303/608 623/302/608
f 613/301/609 614/304/609 622/303/609 621/302/609
f 611/301/610 612/304/610 620/303/610 618/302/610
f 616/301/611 617/304/611 625/303/611 624/302/611
f 634/293/597 631/308/597 630/307/597 626/297/597 628/306/597 635/305/597
f 636/301/177 635/304/177 628/303/177 629/302/177
f 632/293/598 637/308/598 636/307/598 629/297/598 627/306/598 633/305/598
f 630/301/172 633/304/172 627/303/172 626/302/172
f 629/301/599 628/304/599 626/303/599 627/302/599
f 632/301/601 633/304/601 630/303/601 631/302/601
f 634/301/612 635/304/612 636/303/612 637/302/612
f 632/301/602 631/304/602 634/303/602 637/302/602
s 1
usemtl glass
f 66/54/62 63/55/63 67/56/64
f 65/65/77 68/66/77 64/67/77
f 64/68/78 67/56/64 65/69/79
f 80/84/92 82/85/93 81/86/94
f 84/90/102 82/85/93 83/91/103
f 91/96/113 89/97/114 90/98/115
f 100/101/123 97/102/124 99/103/125
f 198/54/266 63/55/63 62/172/267
f 197/65/277 196/67/277 200/66/277
f 196/68/278 199/56/279 198/54/266
f 209/85/293 80/84/92 208/86/294
f 211/90/297 209/85/293 208/86/294
f 218/96/307 216/97/308 219/176/309
f 227/101/318 224/102/319 225/177/320
f 66/54/62 62/172/267 63/55/63
f 64/68/78 66/54/62 67/56/64
f 80/84/92 79/206/395 82/85/93
f 84/90/102 81/86/94 82/85/93
f 91/96/113 92/176/397 89/97/114
f 100/101/123 98/177/398 97/102/124
f 198/54/266 199/56/279 63/55/63
f 196/68/278 197/69/416 199/56/279
f 209/85/293 79/206/395 80/84/92
f 211/90/297 210/91/421 209/85/293
f 218/96/307 217/98/422 216/97/308
f 227/101/318 226/103/423 224/102/319
s 0
usemtl texture
f 283/221/172 284/222/172 274/223/172 273/224/172
f 285/221/437 280/222/437 268/223/437 275/224/437
f 266/221/177 269/222/177 281/223/177 278/224/177
f 279/221/438 267/222/438 266/223/438 278/224/438
f 268/221/439 280/222/439 281/223/439 269/224/439
f 272/221/440 282/222/440 283/223/440 273/224/440
f 285/221/441 275/222/441 274/223/441 284/224/441
f 279/221/42 282/222/42 272/223/42 267/224/42
f 270/222/139 279/223/139 278/224/139
f 271/222/139 281/223/139 280/224/139
f 276/222/139 283/223/139 282/224/139
f 277/222/139 285/223/139 284/224/139
f 270/221/139 276/222/139 282/223/139 279/224/139
f 271/221/139 270/222/139 278/223/139 281/224/139
f 277/221/139 271/222/139 280/223/139 285/224/139
f 276/221/139 277/222/139 284/223/139 283/224/139
f 270/225/139 271/226/139 277/226/139 276/226/139
usemtl 
f 286/227/177 287/228/177 289/229/177 288/230/177
f 288/230/139 289/229/139 293/231/139 292/232/139
f 292/232/172 293/231/172 291/233/172 290/234/172
f 290/234/442 291/233/442 287/235/442 286/236/442
f 288/237/42 292/232/42 290/234/42 286/238/42
f 293/231/437 289/239/437 287/240/437 291/233/437
f 294/227/172 296/230/172 297/229/172 295/228/172
f 296/230/139 300/232/139 301/231/139 297/229/139
f 300/232/177 298/234/177 299/233/177 301/231/177
f 298/234/442 294/236/442 295/235/442 299/233/442
f 296/237/42 294/238/42 298/234/42 300/232/42
f 301/231/437 299/233/437 295/240/437 297/239/437
o wheel1
v -0.805773 0.567361 1.670641
v -0.805773 0.556729 1.813906
v -0.805773 0.491842 1.903215
v -0.805773 0.386854 1.937327
v -0.805773 0.247315 1.903168
v -0.805773 0.171707 1.781014
v -0.805773 0.171707 1.670623
v -0.805773 0.236594 1.581314
v -0.805773 0.369562 1.530298
v -0.805773 0.502529 1.581408
v -0.855515 0.369562 1.348004
v -0.855515 0.142144 1.421896
v -0.855515 0.596979 1.421896
v -0.855515 0.001592 1.615349
v -0.855515 0.001592 1.854470
v -0.855515 0.142144 2.047923
v -0.855515 0.369562 2.121816
v -0.855515 0.596979 2.047923
v -0.855515 0.737531 1.854470
v -0.855515 0.737531 1.615349
v -0.734124 0.369562 1.463083
v -0.734124 0.209786 1.514998
v -0.734124 0.111039 1.650911
v -0.734124 0.111039 1.818909
v -0.734124 0.209786 1.954822
v -0.734124 0.369562 2.006736
v -0.734124 0.529337 1.954822
v -0.734124 0.628084 1.818909
v -0.734124 0.628084 1.650911
v -0.734124 0.529337 1.514998
v -0.734124 0.369562 1.384241
v -0.768587 0.369562 1.348004
v -0.768587 0.142144 1.421896
v -0.734124 0.163443 1.451212
v -0.768587 0.001592 1.615349
v -0.734124 0.036055 1.626547
v -0.768587 0.001592 1.854470
v -0.734124 0.036055 1.843272
v -0.768587 0.142144 2.047923
v -0.734124 0.163443 2.018607
v -0.768587 0.369562 2.121816
v -0.734124 0.369562 2.085579
v -0.768587 0.596979 2.047923
v -0.734124 0.575680 2.018607
v -0.768587 0.737531 1.854470
v -0.734124 0.703068 1.843272
v -0.768587 0.737531 1.615349
v -0.734124 0.703068 1.626547
v -0.768587 0.596979 1.421896
v -0.734124 0.575680 1.451212
v -0.805773 0.352214 1.758786
v -0.805773 0.502529 1.917924
v -0.805773 0.567361 1.780938
v -0.805773 0.352214 1.937252
v -0.805773 0.154415 1.665004
v -0.805773 0.182484 1.813935
v -0.805773 0.269844 1.562699
v -0.805773 0.386854 1.758711
v -0.805773 0.341582 1.725819
v -0.805773 0.154415 1.804815
v -0.805773 0.236594 1.917924
v -0.805773 0.584708 1.665004
v -0.805773 0.469279 1.562699
v -0.805773 0.584708 1.804815
v -0.805773 0.369562 1.961128
v -0.805773 0.397630 1.725790
v -0.805773 0.369562 1.699949
v -0.805773 0.369562 1.508691
v -0.805773 0.236594 1.551895
v -0.805773 0.502529 1.551895
v -0.805773 0.369562 1.734910
v -0.855515 0.476705 1.882380
v -0.855515 0.415530 1.798181
v -0.855515 0.443991 1.710726
v -0.855515 0.542889 1.678592
v -0.855515 0.369562 1.554759
v -0.855515 0.369562 1.653610
v -0.855515 0.196200 1.678581
v -0.855515 0.295182 1.710742
v -0.855515 0.323562 1.798223
v -0.855515 0.262439 1.882351
v -0.855515 0.514513 1.830342
v -0.855515 0.415530 1.902257
v -0.855515 0.196200 1.742904
v -0.855515 0.234008 1.626543
v -0.855515 0.224664 1.830357
v -0.855515 0.505113 1.626598
v -0.855515 0.542889 1.742860
v -0.855515 0.323562 1.902210
v -0.855515 0.311458 1.573638
v -0.855515 0.427665 1.573638
v -0.905258 0.567361 1.670641
v -0.905258 0.556729 1.813906
v -0.905258 0.491842 1.903215
v -0.905258 0.386854 1.937327
v -0.905258 0.247315 1.903168
v -0.905258 0.171707 1.781014
v -0.905258 0.171707 1.670623
v -0.905258 0.236594 1.581314
v -0.905258 0.369562 1.530298
v -0.905258 0.502529 1.581408
v -0.976907 0.369562 1.463083
v -0.976907 0.209786 1.514998
v -0.976907 0.111039 1.650911
v -0.976907 0.111039 1.818909
v -0.976907 0.209786 1.954822
v -0.976907 0.369562 2.006736
v -0.976907 0.529337 1.954822
v -0.976907 0.628084 1.818909
v -0.976907 0.628084 1.650911
v -0.976907 0.529337 1.514998
v -0.976907 0.369562 1.384241
v -0.942444 0.369562 1.348004
v -0.942444 0.142144 1.421896
v -0.976907 0.163443 1.451212
v -0.942444 0.001592 1.615349
v -0.976907 0.036055 1.626547
v -0.942444 0.001592 1.854470
v -0.976907 0.036055 1.843272
v -0.942444 0.142144 2.047923
v -0.976907 0.163443 2.018607
v -0.942444 0.369562 2.121816
v -0.976907 0.369562 2.085579
v -0.942444 0.596979 2.047923
v -0.976907 0.575680 2.018607
v -0.942444 0.737531 1.854470
v -0.976907 0.703068 1.843272
v -0.942444 0.737531 1.615349
v -0.976907 0.703068 1.626547
v -0.942444 0.596979 1.421896
v -0.976907 0.575680 1.451212
v -0.905258 0.352214 1.758786
v -0.905258 0.502529 1.917924
v -0.905258 0.567361 1.780938
v -0.905258 0.352214 1.937252
v -0.905258 0.154415 1.665004
v -0.905258 0.182484 1.813935
v -0.905258 0.269844 1.562699
v -0.905258 0.386854 1.758711
v -0.905258 0.341582 1.725819
v -0.905258 0.154415 1.804815
v -0.905258 0.236594 1.917924
v -0.905258 0.584708 1.665004
v -0.905258 0.469279 1.562699
v -0.905258 0.584708 1.804815
v -0.905258 0.369562 1.961128
v -0.905258 0.397630 1.725790
v -0.905258 0.369562 1.699949
v -0.905258 0.369562 1.508691
v -0.905258 0.236594 1.551895
v -0.905258 0.502529 1.551895
v -0.905258 0.369562 1.734910
vn 0.3686 -0.0000 -0.9296
vn -0.0000 0.5878 -0.8090
vn 0.3686 0.5464 -0.7521
vn -0.0000 0.9511 -0.3090
vn 0.3686 0.8841 -0.2873
vn 0.4595 0.5221 -0.7186
vn 0.4414 0.2773 -0.8534
vn 0.3686 0.5464 0.7520
vn -0.0000 -0.0000 1.0000
vn 0.3686 -0.0000 0.9296
vn 0.3686 -0.8841 0.2873
vn -0.0000 -0.9511 -0.3090
vn 0.3686 -0.8841 -0.2873
vn 0.3686 -0.5464 0.7521
vn -0.0000 -0.9511 0.3090
vn -0.0000 -0.5878 0.8090
vn 0.9022 0.4102 0.1333
vn 1.0000 -0.0000 -0.0000
vn 0.9022 0.2535 -0.3490
vn 0.9022 -0.0000 -0.4314
vn 0.9022 -0.2535 -0.3490
vn 0.9022 -0.4102 -0.1333
vn 0.9022 0.4102 -0.1333
vn -0.0000 0.9511 0.3090
vn 0.3686 0.8841 0.2873
vn 0.9022 0.2535 0.3490
vn 0.9022 -0.2535 0.3490
vn 0.9022 -0.0000 0.4314
vn 0.9022 -0.4102 0.1333
vn -0.0000 -0.5878 -0.8090
vn 0.3686 -0.5464 -0.7520
vn -0.0000 0.5878 0.8090
vn 0.5370 -0.0000 0.8436
vn 0.5370 0.4959 0.6825
vn -0.0000 -0.0000 -1.0000
vn 0.5370 -0.8023 -0.2607
vn 0.5370 -0.8023 0.2607
vn 0.5370 0.4959 -0.6825
vn 0.5370 -0.0000 -0.8436
vn 0.5370 0.8023 0.2607
vn 0.5370 -0.4959 0.6825
vn 0.5370 -0.4959 -0.6825
vn 0.5370 0.8023 -0.2607
vn 0.4995 -0.7009 0.5092
vn 0.4236 -0.2799 0.8615
vn 0.4413 -0.0000 0.8974
vn 0.4414 -0.8973 -0.0000
vn 0.4595 -0.8447 0.2745
vn 0.4417 0.7258 0.5273
vn 0.4598 0.8446 0.2744
vn 0.4236 0.2799 0.8615
vn 0.4414 -0.7259 0.5274
vn 0.4417 0.8971 -0.0000
vn 0.4414 0.7259 -0.5274
vn 0.4417 -0.2772 -0.8532
vn 0.4598 -0.5220 -0.7184
vn 0.4803 -0.7096 -0.5156
vn 0.4995 0.8663 -0.0000
vn 0.4991 0.7010 0.5093
vn 0.4803 0.7096 -0.5156
vn 0.4995 -0.2677 0.8239
vn 0.4991 -0.8665 -0.0000
vn 0.4995 -0.2677 -0.8239
vn 0.4991 0.2678 -0.8241
vn 0.4417 -0.7258 -0.5273
vn 0.4991 0.2678 0.8241
vn -0.3686 -0.0000 -0.9296
vn -0.3686 0.5464 -0.7521
vn -0.3686 0.8841 -0.2873
vn -0.4595 0.5221 -0.7186
vn -0.4414 0.2773 -0.8534
vn -0.3686 0.5464 0.7520
vn -0.3686 -0.0000 0.9296
vn -0.3686 -0.8841 0.2873
vn -0.3686 -0.8841 -0.2873
vn -0.3686 -0.5464 0.7521
vn -0.9022 0.4102 0.1333
vn -1.0000 -0.0000 -0.0000
vn -0.9022 0.2535 0.3490
vn -0.9022 0.2535 -0.3490
vn -0.9022 -0.0000 -0.4314
vn -0.9022 -0.2535 -0.3490
vn -0.9022 -0.4102 -0.1333
vn -0.9022 0.4102 -0.1333
vn -0.3686 0.8841 0.2873
vn -0.9022 -0.0000 0.4314
vn -0.9022 -0.2535 0.3490
vn -0.9022 -0.4102 0.1333
vn -0.3686 -0.5464 -0.7520
vn -0.5370 0.4959 0.6825
vn -0.5370 -0.0000 0.8436
vn -0.5370 -0.8023 -0.2607
vn -0.5370 -0.8023 0.2607
vn -0.5370 0.4959 -0.6825
vn -0.5370 -0.0000 -0.8436
vn -0.5370 0.8023 0.2607
vn -0.5370 -0.4959 0.6825
vn -0.5370 -0.4959 -0.6825
vn -0.5370 0.8023 -0.2607
vn -0.4995 -0.7009 0.5092
vn -0.4413 -0.0000 0.8974
vn -0.4236 -0.2799 0.8615
vn -0.4595 -0.8447 0.2745
vn -0.4414 -0.8973 -0.0000
vn -0.4598 0.8446 0.2744
vn -0.4417 0.7258 0.5273
vn -0.4236 0.2799 0.8615
vn -0.4414 -0.7259 0.5274
vn -0.4417 0.8971 -0.0000
vn -0.4414 0.7259 -0.5274
vn -0.4598 -0.5220 -0.7184
vn -0.4417 -0.2772 -0.8532
vn -0.4803 -0.7096 -0.5156
vn -0.4995 0.8663 -0.0000
vn -0.4991 0.7010 0.5093
vn -0.4803 0.7096 -0.5156
vn -0.4995 -0.2677 0.8239
vn -0.4991 -0.8665 -0.0000
vn -0.4995 -0.2677 -0.8239
vn -0.4991 0.2678 -0.8241
vn -0.4417 -0.7258 -0.5273
vn -0.4991 0.2678 0.8241
vt 0.975777 0.375608
vt 0.992922 0.347738
vt 0.975777 0.347738
vt 0.969168 0.356028
vt 0.982334 0.356028
vt 0.990697 0.350349
vt 0.969168 0.356028
vt 0.985856 0.356028
vt 0.969168 0.350349
vt 0.990697 0.350349
vt 0.969168 0.350348
vt 0.985856 0.356028
vt 0.990697 0.350349
vt 0.990697 0.350349
vt 0.990697 0.350348
vt 0.969168 0.374303
vt 0.969168 0.347738
vt 0.969168 0.349043
vt 0.969168 0.374303
vt 0.975668 0.528250
vt 0.977838 0.528250
vt 0.971747 0.356028
vt 0.984262 0.356028
vt 0.971345 0.356028
vt 0.984511 0.356028
vt 0.971338 0.356028
vt 0.984515 0.356028
vt 0.969168 0.356028
vt 0.981683 0.356028
vt 0.982334 0.356028
vt 0.982345 0.356028
vt 0.984511 0.356028
vt 0.971338 0.356028
vt 0.988845 0.528250
vt 0.975668 0.528250
vt 0.992356 0.528250
vt 0.977838 0.528250
vt 0.991015 0.528250
vt 0.975668 0.528250
vt 0.977845 0.528250
vt 0.991011 0.528250
vt 0.988834 0.528250
vt 0.992356 0.528250
vt 0.991011 0.528250
vt 0.988833 0.528250
vt 0.988183 0.528250
vt 0.978247 0.528250
vt 0.990762 0.528250
vt 0.982345 0.356028
vt 0.992922 0.375608
s 1
usemtl metallic
f 708/327/659 792/328/660 757/328/660
f 782/343/697 711/344/697 762/343/697
f 794/345/698 712/346/699 766/345/698
f 791/347/700 704/348/701 756/347/700
f 788/349/702 710/350/703 711/349/702
f 712/351/699 793/352/704 760/352/704
f 704/327/701 790/353/705 713/353/705
f 710/327/703 787/354/706 709/354/706
f 789/347/707 708/355/659 759/347/707
f 786/356/708 706/350/709 707/356/708
f 705/357/671 755/358/671 706/358/671
f 755/359/671 707/360/671 706/361/671
f 709/357/671 758/362/671 710/362/671
f 758/359/671 711/344/671 710/361/671
f 711/344/671 774/362/671 762/343/671
f 707/360/671 774/362/671 761/343/671
f 774/362/671 705/357/671 761/343/671
f 774/362/671 709/357/671 762/343/671
f 764/359/671 759/363/671 708/364/671
f 713/365/671 765/362/671 704/362/671
f 765/366/671 756/363/671 704/367/671
f 757/368/671 764/358/671 708/362/671
f 774/362/671 713/365/671 769/363/671
f 774/362/671 757/368/671 754/363/671
f 767/362/671 769/363/671 756/363/671
f 759/363/671 774/362/671 754/363/671
f 760/369/671 771/358/671 712/358/671
f 771/366/671 766/370/671 712/371/671
f 773/358/671 770/362/671 766/370/671
f 770/362/671 772/359/671 760/369/671
f 780/362/710 766/370/710 770/362/710
f 776/343/711 707/360/711 761/343/711
f 713/365/712 777/363/712 769/363/712
f 760/369/713 780/362/713 770/362/713
f 705/357/714 776/343/714 761/343/714
f 757/368/715 783/363/715 754/363/715
f 709/357/716 782/343/716 762/343/716
f 777/363/717 756/363/717 769/363/717
f 706/330/709 785/372/718 705/372/718
f 783/363/719 759/363/719 754/363/719
f 799/327/723 792/328/724 784/327/723
f 802/344/753 782/343/753 843/343/753
f 803/346/754 794/345/755 847/345/755
f 795/348/756 791/347/757 837/347/757
f 801/350/758 788/349/759 802/349/759
f 803/351/754 793/352/760 779/351/754
f 795/327/756 790/353/761 778/327/756
f 801/327/758 787/354/762 781/327/758
f 799/355/723 789/347/763 840/347/763
f 797/350/764 786/356/765 798/356/765
f 796/357/731 836/358/731 848/366/731
f 798/360/731 836/359/731 797/361/731
f 800/357/731 839/362/731 844/359/731
f 802/344/731 839/359/731 801/361/731
f 802/344/731 855/362/731 853/362/731
f 798/360/731 855/362/731 849/358/731
f 796/357/731 855/362/731 842/343/731
f 800/357/731 855/362/731 843/343/731
f 840/363/731 845/359/731 799/364/731
f 804/365/731 846/362/731 854/359/731
f 837/363/731 846/366/731 795/367/731
f 838/368/731 845/358/731 849/366/731
f 804/365/731 855/362/731 850/363/731
f 838/368/731 855/362/731 835/363/731
f 850/363/731 848/362/731 837/363/731
f 840/363/731 855/362/731 844/362/731
f 841/369/731 852/358/731 853/359/731
f 847/370/731 852/366/731 803/371/731
f 851/362/731 854/358/731 847/370/731
f 851/362/731 853/359/731 855/362/731
f 847/370/766 780/362/766 851/362/766
f 798/360/767 776/343/767 842/343/767
f 804/365/768 777/363/768 790/365/768
f 841/369/769 780/362/769 793/369/769
f 796/357/770 776/343/770 785/357/770
f 838/368/771 783/363/771 792/368/771
f 800/357/772 782/343/772 787/357/772
f 837/363/773 777/363/773 850/363/773
f 797/330/764 785/372/774 775/330/764
f 840/363/775 783/363/775 835/363/775
f 708/327/659 784/327/659 792/328/660
f 782/343/697 788/344/697 711/344/697
f 794/345/698 779/346/699 712/346/699
f 791/347/700 778/348/701 704/348/701
f 788/349/702 781/350/703 710/350/703
f 712/351/699 779/351/699 793/352/704
f 704/327/701 778/327/701 790/353/705
f 710/327/703 781/327/703 787/354/706
f 789/347/707 784/355/659 708/355/659
f 786/356/708 775/350/709 706/350/709
f 705/357/671 767/366/671 755/358/671
f 755/359/671 768/358/671 707/360/671
f 709/357/671 763/359/671 758/362/671
f 758/359/671 772/362/671 711/344/671
f 711/344/671 772/362/671 774/362/671
f 707/360/671 768/358/671 774/362/671
f 774/362/671 767/366/671 705/357/671
f 774/362/671 763/359/671 709/357/671
f 764/359/671 763/362/671 759/363/671
f 713/365/671 773/359/671 765/362/671
f 765/366/671 767/362/671 756/363/671
f 757/368/671 768/366/671 764/358/671
f 774/362/671 773/359/671 713/365/671
f 774/362/671 768/366/671 757/368/671
f 767/362/671 774/362/671 769/363/671
f 759/363/671 763/362/671 774/362/671
f 760/369/671 772/359/671 771/358/671
f 771/366/671 773/358/671 766/370/671
f 773/358/671 774/362/671 770/362/671
f 770/362/671 774/362/671 772/359/671
f 780/362/710 794/370/710 766/370/710
f 776/343/711 786/360/711 707/360/711
f 713/365/712 790/365/712 777/363/712
f 760/369/713 793/369/713 780/362/713
f 705/357/714 785/357/714 776/343/714
f 757/368/715 792/368/715 783/363/715
f 709/357/716 787/357/716 782/343/716
f 777/363/717 791/363/717 756/363/717
f 706/330/709 775/330/709 785/372/718
f 783/363/719 789/363/719 759/363/719
f 799/327/723 838/328/724 792/328/724
f 802/344/753 788/344/753 782/343/753
f 803/346/754 779/346/754 794/345/755
f 795/348/756 778/348/756 791/347/757
f 801/350/758 781/350/758 788/349/759
f 803/351/754 841/352/760 793/352/760
f 795/327/756 804/353/761 790/353/761
f 801/327/758 800/354/762 787/354/762
f 799/355/723 784/355/723 789/347/763
f 797/350/764 775/350/764 786/356/765
f 796/357/731 797/358/731 836/358/731
f 798/360/731 849/358/731 836/359/731
f 800/357/731 801/362/731 839/362/731
f 802/344/731 853/362/731 839/359/731
f 802/344/731 843/343/731 855/362/731
f 798/360/731 842/343/731 855/362/731
f 796/357/731 848/366/731 855/362/731
f 800/357/731 844/359/731 855/362/731
f 840/363/731 844/362/731 845/359/731
f 804/365/731 795/362/731 846/362/731
f 837/363/731 848/362/731 846/366/731
f 838/368/731 799/362/731 845/358/731
f 804/365/731 854/359/731 855/362/731
f 838/368/731 849/366/731 855/362/731
f 850/363/731 855/362/731 848/362/731
f 840/363/731 835/363/731 855/362/731
f 841/369/731 803/358/731 852/358/731
f 847/370/731 854/358/731 852/366/731
f 851/362/731 855/362/731 854/358/731
f 851/362/731 841/369/731 853/359/731
f 847/370/766 794/370/766 780/362/766
f 798/360/767 786/360/767 776/343/767
f 804/365/768 850/363/768 777/363/768
f 841/369/769 851/362/769 780/362/769
f 796/357/770 842/343/770 776/343/770
f 838/368/771 835/363/771 783/363/771
f 800/357/772 843/343/772 782/343/772
f 837/363/773 791/363/773 777/363/773
f 797/330/764 796/372/774 785/372/774
f 840/363/775 789/363/775 783/363/775
usemtl texture
f 735/324/654 716/325/655 752/326/656
f 752/324/656 723/325/657 750/326/658
f 746/324/661 720/325/662 744/326/663
f 740/324/664 717/325/665 738/326/666
f 742/324/667 718/325/668 740/326/664
f 744/324/663 719/325/669 742/326/667
f 749/329/670 730/330/671 731/331/671
f 753/332/672 724/331/671 734/333/673
f 737/334/674 726/335/671 739/336/675
f 753/337/672 732/327/671 733/335/671
f 751/338/676 731/327/671 732/331/671
f 750/324/658 722/325/677 748/326/678
f 747/329/679 729/330/671 730/335/671
f 743/332/680 729/331/671 745/333/681
f 741/332/682 728/335/671 743/336/680
f 739/332/675 727/335/671 741/329/682
f 738/324/666 715/325/683 736/326/684
f 748/324/678 721/325/685 746/326/661
f 771/330/686 725/335/687 724/330/686
f 737/329/674 724/330/671 725/335/671
f 735/326/654 737/339/674 736/324/684
f 737/334/674 738/325/666 736/340/684
f 739/341/675 740/324/664 738/326/666
f 741/332/682 742/325/667 740/340/664
f 743/332/680 744/325/663 742/340/667
f 745/332/681 746/325/661 744/340/663
f 746/326/661 749/342/670 748/324/678
f 749/341/670 750/324/658 748/326/678
f 751/332/676 752/325/656 750/340/658
f 753/341/672 735/324/654 752/326/656
f 736/324/684 714/325/688 735/326/654
f 731/327/689 765/331/690 732/331/690
f 728/330/691 768/331/692 729/331/692
f 772/327/687 726/335/693 725/327/687
f 732/327/690 773/335/694 733/335/694
f 729/330/692 755/335/695 730/335/695
f 758/327/693 727/335/696 726/327/693
f 773/330/694 724/331/686 733/330/694
f 730/330/695 767/331/689 731/331/689
f 763/327/696 728/335/691 727/327/696
f 716/325/655 816/324/720 833/326/721
f 723/325/657 833/324/721 831/326/722
f 720/325/662 827/324/725 825/326/726
f 717/325/665 821/324/727 819/326/728
f 718/325/668 823/324/729 821/326/727
f 719/325/669 825/324/726 823/326/729
f 830/329/730 811/330/731 828/332/732
f 805/331/731 834/332/733 815/333/734
f 807/335/731 818/334/735 820/336/736
f 834/337/733 813/327/731 832/332/737
f 832/338/737 812/327/731 830/332/730
f 722/325/677 831/324/722 829/326/738
f 828/329/732 810/330/731 826/332/739
f 810/331/731 824/332/740 826/333/739
f 809/335/731 822/332/741 824/336/740
f 808/335/731 820/332/736 822/329/741
f 715/325/683 819/324/728 817/326/742
f 721/325/685 829/324/738 827/326/725
f 806/335/743 852/330/744 805/330/744
f 818/329/735 805/330/731 815/332/734
f 816/326/720 818/339/735 815/341/734
f 819/325/728 818/334/735 817/340/742
f 821/324/727 820/341/736 819/326/728
f 823/325/729 822/332/741 821/340/727
f 825/325/726 824/332/740 823/340/729
f 827/325/725 826/332/739 825/340/726
f 827/326/725 830/342/730 828/341/732
f 831/324/722 830/341/730 829/326/738
f 833/325/721 832/332/737 831/340/722
f 816/324/720 834/341/733 833/326/721
f 714/325/688 817/324/742 816/326/720
f 812/327/745 846/331/746 848/327/745
f 809/330/747 849/331/748 845/330/747
f 807/335/749 853/327/743 806/327/743
f 813/327/746 854/335/750 846/327/746
f 810/330/748 836/335/751 849/330/748
f 808/335/752 839/327/749 807/327/749
f 805/331/744 854/330/750 814/330/750
f 811/330/751 848/331/745 836/330/751
f 809/335/747 844/327/752 808/327/752
f 735/324/654 714/373/688 716/325/655
f 752/324/656 716/373/655 723/325/657
f 746/324/661 721/373/685 720/325/662
f 740/324/664 718/373/668 717/325/665
f 742/324/667 719/373/669 718/325/668
f 744/324/663 720/373/662 719/325/669
f 749/329/670 747/332/679 730/330/671
f 753/332/672 733/330/671 724/331/671
f 737/334/674 725/327/671 726/335/671
f 753/337/672 751/332/676 732/327/671
f 751/338/676 749/332/670 731/327/671
f 750/324/658 723/373/657 722/325/677
f 747/329/679 745/332/681 729/330/671
f 743/332/680 728/330/671 729/331/671
f 741/332/682 727/327/671 728/335/671
f 739/332/675 726/327/671 727/335/671
f 738/324/666 717/373/665 715/325/683
f 748/324/678 722/373/677 721/325/685
f 771/330/686 772/335/687 725/335/687
f 737/329/674 734/332/673 724/330/671
f 735/326/654 734/341/673 737/339/674
f 737/334/674 739/336/675 738/325/666
f 739/341/675 741/339/682 740/324/664
f 741/332/682 743/336/680 742/325/667
f 743/332/680 745/333/681 744/325/663
f 745/332/681 747/329/679 746/325/661
f 746/326/661 747/341/679 749/342/670
f 749/341/670 751/339/676 750/324/658
f 751/332/676 753/337/672 752/325/656
f 753/341/672 734/339/673 735/324/654
f 736/324/684 715/373/683 714/325/688
f 731/327/689 767/327/689 765/331/690
f 728/330/691 764/330/691 768/331/692
f 772/327/687 758/335/693 726/335/693
f 732/327/690 765/327/690 773/335/694
f 729/330/692 768/330/692 755/335/695
f 758/327/693 763/335/696 727/335/696
f 773/330/694 771/331/686 724/331/686
f 730/330/695 755/330/695 767/331/689
f 763/327/696 764/335/691 728/335/691
f 716/325/655 714/373/688 816/324/720
f 723/325/657 716/373/655 833/324/721
f 720/325/662 721/373/685 827/324/725
f 717/325/665 718/373/668 821/324/727
f 718/325/668 719/373/669 823/324/729
f 719/325/669 720/373/662 825/324/726
f 830/329/730 812/331/731 811/330/731
f 805/331/731 814/330/731 834/332/733
f 807/335/731 806/327/731 818/334/735
f 834/337/733 814/335/731 813/327/731
f 832/338/737 813/331/731 812/327/731
f 722/325/677 723/373/657 831/324/722
f 828/329/732 811/335/731 810/330/731
f 810/331/731 809/330/731 824/332/740
f 809/335/731 808/327/731 822/332/741
f 808/335/731 807/327/731 820/332/736
f 715/325/683 717/373/665 819/324/728
f 721/325/685 722/373/677 829/324/738
f 806/335/743 853/335/743 852/330/744
f 818/329/735 806/335/731 805/330/731
f 816/326/720 817/324/742 818/339/735
f 819/325/728 820/336/736 818/334/735
f 821/324/727 822/339/741 820/341/736
f 823/325/729 824/336/740 822/332/741
f 825/325/726 826/333/739 824/332/740
f 827/325/725 828/329/732 826/332/739
f 827/326/725 829/324/738 830/342/730
f 831/324/722 832/339/737 830/341/730
f 833/325/721 834/337/733 832/332/737
f 816/324/720 815/339/734 834/341/733
f 714/325/688 715/373/683 817/324/742
f 812/327/745 813/331/746 846/331/746
f 809/330/747 810/331/748 849/331/748
f 807/335/749 839/335/749 853/327/743
f 813/327/746 814/335/750 854/335/750
f 810/330/748 811/335/751 836/335/751
f 808/335/752 844/335/752 839/327/749
f 805/331/744 852/331/744 854/330/750
f 811/330/751 812/331/745 848/331/745
f 809/335/747 845/335/747 844/327/752
o wheel1.006
v 0.805773 0.567361 1.670641
v 0.805773 0.556729 1.813906
v 0.805773 0.491842 1.903215
v 0.805773 0.386854 1.937327
v 0.805773 0.247315 1.903168
v 0.805773 0.171707 1.781014
v 0.805773 0.171707 1.670623
v 0.805773 0.236594 1.581314
v 0.805773 0.369562 1.530298
v 0.805773 0.502529 1.581408
v 0.855515 0.369562 1.348004
v 0.855515 0.142144 1.421896
v 0.855515 0.596979 1.421896
v 0.855515 0.001592 1.615349
v 0.855515 0.001592 1.854470
v 0.855515 0.142144 2.047923
v 0.855515 0.369562 2.121816
v 0.855515 0.596979 2.047923
v 0.855515 0.737531 1.854470
v 0.855515 0.737531 1.615349
v 0.734124 0.369562 1.463083
v 0.734124 0.209786 1.514998
v 0.734124 0.111039 1.650911
v 0.734124 0.111039 1.818909
v 0.734124 0.209786 1.954822
v 0.734124 0.369562 2.006736
v 0.734124 0.529337 1.954822
v 0.734124 0.628084 1.818909
v 0.734124 0.628084 1.650911
v 0.734124 0.529337 1.514998
v 0.734124 0.369562 1.384241
v 0.768587 0.369562 1.348004
v 0.768587 0.142144 1.421896
v 0.734124 0.163443 1.451212
v 0.768587 0.001592 1.615349
v 0.734124 0.036055 1.626547
v 0.768587 0.001592 1.854470
v 0.734124 0.036055 1.843272
v 0.768587 0.142144 2.047923
v 0.734124 0.163443 2.018607
v 0.768587 0.369562 2.121816
v 0.734124 0.369562 2.085579
v 0.768587 0.596979 2.047923
v 0.734124 0.575680 2.018607
v 0.768587 0.737531 1.854470
v 0.734124 0.703068 1.843272
v 0.768587 0.737531 1.615349
v 0.734124 0.703068 1.626547
v 0.768587 0.596979 1.421896
v 0.734124 0.575680 1.451212
v 0.805773 0.352214 1.758786
v 0.805773 0.502529 1.917924
v 0.805773 0.567361 1.780938
v 0.805773 0.352214 1.937252
v 0.805773 0.154415 1.665004
v 0.805773 0.182484 1.813935
v 0.805773 0.269844 1.562699
v 0.805773 0.386854 1.758711
v 0.805773 0.341582 1.725819
v 0.805773 0.154415 1.804815
v 0.805773 0.236594 1.917924
v 0.805773 0.584708 1.665004
v 0.805773 0.469279 1.562699
v 0.805773 0.584708 1.804815
v 0.805773 0.369562 1.961128
v 0.805773 0.397630 1.725790
v 0.805773 0.369562 1.699949
v 0.805773 0.369562 1.508691
v 0.805773 0.236594 1.551895
v 0.805773 0.502529 1.551895
v 0.805773 0.369562 1.734910
v 0.855515 0.476705 1.882380
v 0.855515 0.415530 1.798181
v 0.855515 0.443991 1.710726
v 0.855515 0.542889 1.678592
v 0.855515 0.369562 1.554759
v 0.855515 0.369562 1.653610
v 0.855515 0.196200 1.678581
v 0.855515 0.295182 1.710742
v 0.855515 0.323562 1.798223
v 0.855515 0.262439 1.882351
v 0.855515 0.514513 1.830342
v 0.855515 0.415530 1.902257
v 0.855515 0.196200 1.742904
v 0.855515 0.234008 1.626543
v 0.855515 0.224664 1.830357
v 0.855515 0.505113 1.626598
v 0.855515 0.542889 1.742860
v 0.855515 0.323562 1.902210
v 0.855515 0.311458 1.573638
v 0.855515 0.427665 1.573638
v 0.905257 0.567361 1.670641
v 0.905257 0.556729 1.813906
v 0.905257 0.491842 1.903215
v 0.905257 0.386854 1.937327
v 0.905257 0.247315 1.903168
v 0.905257 0.171707 1.781014
v 0.905257 0.171707 1.670623
v 0.905257 0.236594 1.581314
v 0.905257 0.369562 1.530298
v 0.905257 0.502529 1.581408
v 0.976907 0.369562 1.463083
v 0.976907 0.209786 1.514998
v 0.976907 0.111039 1.650911
v 0.976907 0.111039 1.818909
v 0.976907 0.209786 1.954822
v 0.976907 0.369562 2.006736
v 0.976907 0.529337 1.954822
v 0.976907 0.628084 1.818909
v 0.976907 0.628084 1.650911
v 0.976907 0.529337 1.514998
v 0.976907 0.369562 1.384241
v 0.942444 0.369562 1.348004
v 0.942444 0.142144 1.421896
v 0.976907 0.163443 1.451212
v 0.942444 0.001592 1.615349
v 0.976907 0.036055 1.626547
v 0.942444 0.001592 1.854470
v 0.976907 0.036055 1.843272
v 0.942444 0.142144 2.047923
v 0.976907 0.163443 2.018607
v 0.942444 0.369562 2.121816
v 0.976907 0.369562 2.085579
v 0.942444 0.596979 2.047923
v 0.976907 0.575680 2.018607
v 0.942444 0.737531 1.854470
v 0.976907 0.703068 1.843272
v 0.942444 0.737531 1.615349
v 0.976907 0.703068 1.626547
v 0.942444 0.596979 1.421896
v 0.976907 0.575680 1.451212
v 0.905257 0.352214 1.758786
v 0.905257 0.502529 1.917924
v 0.905257 0.567361 1.780938
v 0.905257 0.352214 1.937252
v 0.905257 0.154415 1.665004
v 0.905257 0.182484 1.813935
v 0.905257 0.269844 1.562699
v 0.905257 0.386854 1.758711
v 0.905257 0.341582 1.725819
v 0.905257 0.154415 1.804815
v 0.905257 0.236594 1.917924
v 0.905257 0.584708 1.665004
v 0.905257 0.469279 1.562699
v 0.905257 0.584708 1.804815
v 0.905257 0.369562 1.961128
v 0.905257 0.397630 1.725790
v 0.905257 0.369562 1.699949
v 0.905257 0.369562 1.508691
v 0.905257 0.236594 1.551895
v 0.905257 0.502529 1.551895
v 0.905257 0.369562 1.734910
vn -0.0000 0.5878 -0.8090
vn -0.3686 -0.0000 -0.9296
vn -0.3686 0.5464 -0.7521
vn -0.0000 0.9511 -0.3090
vn -0.3686 0.8841 -0.2873
vn -0.4595 0.5221 -0.7186
vn -0.4414 0.2773 -0.8534
vn -0.0000 -0.0000 1.0000
vn -0.3686 0.5464 0.7520
vn -0.3686 -0.0000 0.9296
vn -0.0000 -0.9511 -0.3090
vn -0.3686 -0.8841 0.2873
vn -0.3686 -0.8841 -0.2873
vn -0.0000 -0.9511 0.3090
vn -0.3686 -0.5464 0.7521
vn -0.9022 0.4102 0.1333
vn -1.0000 -0.0000 -0.0000
vn -0.9022 0.2535 0.3490
vn -0.9022 0.2535 -0.3490
vn -0.9022 -0.0000 -0.4314
vn -0.9022 -0.2535 -0.3490
vn -0.9022 -0.4102 -0.1333
vn -0.9022 0.4102 -0.1333
vn -0.0000 0.9511 0.3090
vn -0.3686 0.8841 0.2873
vn -0.9022 -0.0000 0.4314
vn -0.9022 -0.2535 0.3490
vn -0.9022 -0.4102 0.1333
vn -0.0000 -0.5878 -0.8090
vn -0.3686 -0.5464 -0.7520
vn -0.0000 0.5878 0.8090
vn -0.5370 0.4959 0.6825
vn -0.5370 -0.0000 0.8436
vn -0.0000 -0.0000 -1.0000
vn -0.5370 -0.8023 -0.2607
vn -0.5370 -0.8023 0.2607
vn -0.5370 0.4959 -0.6825
vn -0.5370 -0.0000 -0.8436
vn -0.5370 0.8023 0.2607
vn -0.5370 -0.4959 0.6825
vn -0.5370 -0.4959 -0.6825
vn -0.5370 0.8023 -0.2607
vn -0.4995 -0.7009 0.5092
vn -0.4413 -0.0000 0.8974
vn -0.4236 -0.2799 0.8615
vn -0.4595 -0.8447 0.2745
vn -0.4414 -0.8973 -0.0000
vn -0.4598 0.8446 0.2744
vn -0.4417 0.7258 0.5273
vn -0.4236 0.2799 0.8615
vn -0.4414 -0.7259 0.5274
vn -0.4417 0.8971 -0.0000
vn -0.4414 0.7259 -0.5274
vn -0.4598 -0.5220 -0.7184
vn -0.4417 -0.2772 -0.8532
vn -0.4803 -0.7096 -0.5156
vn -0.4995 0.8663 -0.0000
vn -0.4991 0.7010 0.5093
vn -0.4803 0.7096 -0.5156
vn -0.4995 -0.2677 0.8239
vn -0.4991 -0.8665 -0.0000
vn -0.4995 -0.2677 -0.8239
vn -0.4991 0.2678 -0.8241
vn -0.4417 -0.7258 -0.5273
vn -0.4991 0.2678 0.8241
vn 0.3686 -0.0000 -0.9296
vn 0.3686 0.5464 -0.7521
vn 0.3686 0.8841 -0.2873
vn 0.4595 0.5221 -0.7186
vn 0.4414 0.2773 -0.8534
vn 0.3686 0.5464 0.7520
vn 0.3686 -0.0000 0.9296
vn 0.3686 -0.8841 0.2873
vn 0.3686 -0.8841 -0.2873
vn 0.3686 -0.5464 0.7521
vn -0.0000 -0.5878 0.8090
vn 0.9022 0.4102 0.1333
vn 1.0000 -0.0000 -0.0000
vn 0.9022 0.2535 -0.3490
vn 0.9022 -0.0000 -0.4314
vn 0.9022 -0.2535 -0.3490
vn 0.9022 -0.4102 -0.1333
vn 0.9022 0.4102 -0.1333
vn 0.3686 0.8841 0.2873
vn 0.9022 0.2535 0.3490
vn 0.9022 -0.2535 0.3490
vn 0.9022 -0.0000 0.4314
vn 0.9022 -0.4102 0.1333
vn 0.3686 -0.5464 -0.7520
vn 0.5370 -0.0000 0.8436
vn 0.5370 0.4959 0.6825
vn 0.5370 -0.8023 -0.2607
vn 0.5370 -0.8023 0.2607
vn 0.5370 0.4959 -0.6825
vn 0.5370 -0.0000 -0.8436
vn 0.5370 0.8023 0.2607
vn 0.5370 -0.4959 0.6825
vn 0.5370 -0.4959 -0.6825
vn 0.5370 0.8023 -0.2607
vn 0.4995 -0.7009 0.5092
vn 0.4236 -0.2799 0.8615
vn 0.4413 -0.0000 0.8974
vn 0.4414 -0.8973 -0.0000
vn 0.4595 -0.8447 0.2745
vn 0.4417 0.7258 0.5273
vn 0.4598 0.8446 0.2744
vn 0.4236 0.2799 0.8615
vn 0.4414 -0.7259 0.5274
vn 0.4417 0.8971 -0.0000
vn 0.4414 0.7259 -0.5274
vn 0.4417 -0.2772 -0.8532
vn 0.4598 -0.5220 -0.7184
vn 0.4803 -0.7096 -0.5156
vn 0.4995 0.8663 -0.0000
vn 0.4991 0.7010 0.5093
vn 0.4803 0.7096 -0.5156
vn 0.4995 -0.2677 0.8239
vn 0.4991 -0.8665 -0.0000
vn 0.4995 -0.2677 -0.8239
vn 0.4991 0.2678 -0.8241
vn 0.4417 -0.7258 -0.5273
vn 0.4991 0.2678 0.8241
vt 0.992922 0.347738
vt 0.975777 0.375608
vt 0.975777 0.347738
vt 0.969168 0.356028
vt 0.982334 0.356028
vt 0.992922 0.375608
vt 0.990697 0.350349
vt 0.969168 0.356028
vt 0.969168 0.350349
vt 0.985856 0.356028
vt 0.990697 0.350349
vt 0.985856 0.356028
vt 0.969168 0.350348
vt 0.990697 0.350349
vt 0.990697 0.350349
vt 0.990697 0.350348
vt 0.969168 0.374303
vt 0.969168 0.349043
vt 0.969168 0.347738
vt 0.977838 0.528250
vt 0.975668 0.528250
vt 0.984262 0.356028
vt 0.971747 0.356028
vt 0.984511 0.356028
vt 0.971345 0.356028
vt 0.984515 0.356028
vt 0.971338 0.356028
vt 0.969168 0.356028
vt 0.981683 0.356028
vt 0.982334 0.356028
vt 0.982345 0.356028
vt 0.984511 0.356028
vt 0.971338 0.356028
vt 0.988845 0.528250
vt 0.975668 0.528250
vt 0.992356 0.528250
vt 0.977838 0.528250
vt 0.992356 0.528250
vt 0.991015 0.528250
vt 0.975668 0.528250
vt 0.977845 0.528250
vt 0.991011 0.528250
vt 0.988834 0.528250
vt 0.991011 0.528250
vt 0.988833 0.528250
vt 0.988183 0.528250
vt 0.978247 0.528250
vt 0.990762 0.528250
vt 0.982345 0.356028
vt 0.969168 0.374303
s 1
usemtl metallic
f 860/377/781 944/378/782 936/377/781
f 863/393/818 934/394/818 914/394/818
f 864/395/819 946/396/820 918/396/820
f 856/397/821 943/398/822 908/398/822
f 862/399/823 940/400/824 863/400/824
f 864/401/819 945/402/825 931/401/819
f 856/377/821 942/403/826 930/377/821
f 862/377/823 939/404/827 933/377/823
f 860/405/781 941/398/828 911/398/828
f 858/399/829 938/406/830 859/406/830
f 857/407/792 907/408/792 919/409/792
f 859/410/792 907/411/792 858/412/792
f 861/407/792 910/413/792 915/411/792
f 863/393/792 910/411/792 862/412/792
f 863/393/792 926/413/792 924/413/792
f 859/410/792 926/413/792 920/408/792
f 857/407/792 926/413/792 913/394/792
f 861/407/792 926/413/792 914/394/792
f 911/414/792 916/411/792 860/415/792
f 865/416/792 917/413/792 925/411/792
f 908/414/792 917/409/792 856/417/792
f 909/418/792 916/408/792 920/409/792
f 865/416/792 926/413/792 921/414/792
f 909/418/792 926/413/792 906/414/792
f 921/414/792 919/413/792 908/414/792
f 911/414/792 926/413/792 915/413/792
f 912/419/792 923/408/792 924/411/792
f 918/420/792 923/409/792 864/421/792
f 922/413/792 925/408/792 918/420/792
f 922/413/792 924/411/792 926/413/792
f 918/420/831 932/413/831 922/413/831
f 859/410/832 928/394/832 913/394/832
f 865/416/833 929/414/833 942/416/833
f 912/419/834 932/413/834 945/419/834
f 857/407/835 928/394/835 937/407/835
f 909/418/836 935/414/836 944/418/836
f 861/407/837 934/394/837 939/407/837
f 908/414/838 929/414/838 921/414/838
f 858/381/829 937/422/839 927/381/829
f 911/414/840 935/414/840 906/414/840
f 951/377/844 944/378/845 990/378/845
f 934/394/875 954/393/875 995/394/875
f 946/396/876 955/395/877 999/396/876
f 943/398/878 947/397/879 989/398/878
f 940/400/880 953/399/881 954/400/880
f 955/401/877 945/402/882 993/402/882
f 947/377/879 942/403/883 956/403/883
f 953/377/881 939/404/884 952/404/884
f 941/398/885 951/405/844 992/398/885
f 938/406/886 949/399/887 950/406/886
f 948/407/853 988/408/853 949/408/853
f 988/411/853 950/410/853 949/412/853
f 952/407/853 991/413/853 953/413/853
f 991/411/853 954/393/853 953/412/853
f 954/393/853 1007/413/853 995/394/853
f 950/410/853 1007/413/853 994/394/853
f 1007/413/853 948/407/853 994/394/853
f 1007/413/853 952/407/853 995/394/853
f 997/411/853 992/414/853 951/415/853
f 956/416/853 998/413/853 947/413/853
f 998/409/853 989/414/853 947/417/853
f 990/418/853 997/408/853 951/413/853
f 1007/413/853 956/416/853 1002/414/853
f 1007/413/853 990/418/853 987/414/853
f 1000/413/853 1002/414/853 989/414/853
f 992/414/853 1007/413/853 987/414/853
f 993/419/853 1004/408/853 955/408/853
f 1004/409/853 999/420/853 955/421/853
f 1006/408/853 1003/413/853 999/420/853
f 1003/413/853 1005/411/853 993/419/853
f 932/413/888 999/420/888 1003/413/888
f 928/394/889 950/410/889 994/394/889
f 956/416/890 929/414/890 1002/414/890
f 993/419/891 932/413/891 1003/413/891
f 948/407/892 928/394/892 994/394/892
f 990/418/893 935/414/893 987/414/893
f 952/407/894 934/394/894 995/394/894
f 929/414/895 989/414/895 1002/414/895
f 949/381/887 937/422/896 948/422/896
f 935/414/897 992/414/897 987/414/897
f 860/377/781 909/378/782 944/378/782
f 863/393/818 940/393/818 934/394/818
f 864/395/819 931/395/819 946/396/820
f 856/397/821 930/397/821 943/398/822
f 862/399/823 933/399/823 940/400/824
f 864/401/819 912/402/825 945/402/825
f 856/377/821 865/403/826 942/403/826
f 862/377/823 861/404/827 939/404/827
f 860/405/781 936/405/781 941/398/828
f 858/399/829 927/399/829 938/406/830
f 857/407/792 858/408/792 907/408/792
f 859/410/792 920/408/792 907/411/792
f 861/407/792 862/413/792 910/413/792
f 863/393/792 924/413/792 910/411/792
f 863/393/792 914/394/792 926/413/792
f 859/410/792 913/394/792 926/413/792
f 857/407/792 919/409/792 926/413/792
f 861/407/792 915/411/792 926/413/792
f 911/414/792 915/413/792 916/411/792
f 865/416/792 856/413/792 917/413/792
f 908/414/792 919/413/792 917/409/792
f 909/418/792 860/413/792 916/408/792
f 865/416/792 925/411/792 926/413/792
f 909/418/792 920/409/792 926/413/792
f 921/414/792 926/413/792 919/413/792
f 911/414/792 906/414/792 926/413/792
f 912/419/792 864/408/792 923/408/792
f 918/420/792 925/408/792 923/409/792
f 922/413/792 926/413/792 925/408/792
f 922/413/792 912/419/792 924/411/792
f 918/420/831 946/420/831 932/413/831
f 859/410/832 938/410/832 928/394/832
f 865/416/833 921/414/833 929/414/833
f 912/419/834 922/413/834 932/413/834
f 857/407/835 913/394/835 928/394/835
f 909/418/836 906/414/836 935/414/836
f 861/407/837 914/394/837 934/394/837
f 908/414/838 943/414/838 929/414/838
f 858/381/829 857/422/839 937/422/839
f 911/414/840 941/414/840 935/414/840
f 951/377/844 936/377/844 944/378/845
f 934/394/875 940/393/875 954/393/875
f 946/396/876 931/395/877 955/395/877
f 943/398/878 930/397/879 947/397/879
f 940/400/880 933/399/881 953/399/881
f 955/401/877 931/401/877 945/402/882
f 947/377/879 930/377/879 942/403/883
f 953/377/881 933/377/881 939/404/884
f 941/398/885 936/405/844 951/405/844
f 938/406/886 927/399/887 949/399/887
f 948/407/853 1000/409/853 988/408/853
f 988/411/853 1001/408/853 950/410/853
f 952/407/853 996/411/853 991/413/853
f 991/411/853 1005/413/853 954/393/853
f 954/393/853 1005/413/853 1007/413/853
f 950/410/853 1001/408/853 1007/413/853
f 1007/413/853 1000/409/853 948/407/853
f 1007/413/853 996/411/853 952/407/853
f 997/411/853 996/413/853 992/414/853
f 956/416/853 1006/411/853 998/413/853
f 998/409/853 1000/413/853 989/414/853
f 990/418/853 1001/409/853 997/408/853
f 1007/413/853 1006/411/853 956/416/853
f 1007/413/853 1001/409/853 990/418/853
f 1000/413/853 1007/413/853 1002/414/853
f 992/414/853 996/413/853 1007/413/853
f 993/419/853 1005/411/853 1004/408/853
f 1004/409/853 1006/408/853 999/420/853
f 1006/408/853 1007/413/853 1003/413/853
f 1003/413/853 1007/413/853 1005/411/853
f 932/413/888 946/420/888 999/420/888
f 928/394/889 938/410/889 950/410/889
f 956/416/890 942/416/890 929/414/890
f 993/419/891 945/419/891 932/413/891
f 948/407/892 937/407/892 928/394/892
f 990/418/893 944/418/893 935/414/893
f 952/407/894 939/407/894 934/394/894
f 929/414/895 943/414/895 989/414/895
f 949/381/887 927/381/887 937/422/896
f 935/414/897 941/414/897 992/414/897
usemtl texture
f 868/374/776 887/375/777 904/376/778
f 875/374/779 904/375/778 902/376/780
f 872/374/783 898/375/784 896/376/785
f 869/374/786 892/375/787 890/376/788
f 870/374/789 894/375/790 892/376/787
f 894/376/790 872/379/783 896/375/785
f 901/380/791 882/381/792 899/382/793
f 876/383/792 905/382/794 886/384/795
f 878/385/792 889/386/796 891/387/797
f 905/388/794 884/377/792 903/382/798
f 903/389/798 883/377/792 901/382/791
f 874/374/799 902/375/780 900/376/800
f 899/380/793 881/381/792 897/382/801
f 881/383/792 895/382/802 897/384/801
f 880/385/792 893/382/803 895/387/802
f 879/385/792 891/382/797 893/380/803
f 867/374/804 890/375/788 888/376/805
f 873/374/806 900/375/800 898/376/784
f 877/385/807 923/381/808 876/381/808
f 889/380/796 876/381/792 886/382/795
f 887/376/777 889/390/796 886/391/795
f 890/374/788 889/386/796 888/392/805
f 892/375/787 891/391/797 890/376/788
f 894/374/790 893/382/803 892/392/787
f 896/374/785 895/382/802 894/392/790
f 898/374/784 897/382/801 896/392/785
f 900/375/800 899/391/793 898/376/784
f 902/375/780 901/391/791 900/376/800
f 904/374/778 903/382/798 902/392/780
f 887/375/777 905/391/794 904/376/778
f 866/374/809 888/375/805 887/376/777
f 883/377/810 917/383/811 919/377/810
f 880/381/812 920/383/813 916/381/812
f 878/385/814 924/377/807 877/377/807
f 885/385/815 917/377/811 884/377/811
f 881/381/813 907/385/816 920/381/813
f 879/385/817 910/377/814 878/377/814
f 876/383/808 925/381/815 885/381/815
f 882/381/816 919/383/810 907/381/816
f 880/385/812 915/377/817 879/377/817
f 968/375/841 868/374/776 985/376/842
f 985/375/842 875/374/779 983/376/843
f 979/375/846 872/374/783 977/376/847
f 973/375/848 869/374/786 971/376/849
f 975/375/850 870/374/789 973/376/848
f 975/376/850 872/379/783 871/374/851
f 982/380/852 963/381/853 964/383/853
f 986/382/854 957/383/853 967/384/855
f 970/386/856 959/385/853 972/387/857
f 986/388/854 965/377/853 966/385/853
f 984/389/858 964/377/853 965/383/853
f 983/375/843 874/374/799 981/376/859
f 980/380/860 962/381/853 963/385/853
f 976/382/861 962/383/853 978/384/862
f 974/382/863 961/385/853 976/387/861
f 972/382/857 960/385/853 974/380/863
f 971/375/849 867/374/804 969/376/864
f 981/375/859 873/374/806 979/376/846
f 1004/381/865 958/385/866 957/381/865
f 970/380/856 957/381/853 958/385/853
f 968/376/841 970/390/856 969/375/864
f 970/386/856 971/374/849 969/392/864
f 972/391/857 973/375/848 971/376/849
f 974/382/863 975/374/850 973/392/848
f 976/382/861 977/374/847 975/392/850
f 978/382/862 979/374/846 977/392/847
f 980/391/860 981/375/859 979/376/846
f 982/391/852 983/375/843 981/376/859
f 984/382/858 985/374/842 983/392/843
f 986/391/854 968/375/841 985/376/842
f 969/375/864 866/374/809 968/376/841
f 964/377/867 998/383/868 965/383/868
f 961/381/869 1001/383/870 962/383/870
f 1005/377/866 959/385/871 958/377/866
f 998/377/868 966/385/872 965/377/868
f 962/381/870 988/385/873 963/385/873
f 991/377/871 960/385/874 959/377/871
f 1006/381/872 957/383/865 966/381/872
f 963/381/873 1000/383/867 964/383/867
f 996/377/874 961/385/869 960/377/874
f 868/374/776 866/379/809 887/375/777
f 875/374/779 868/379/776 904/375/778
f 872/374/783 873/379/806 898/375/784
f 869/374/786 870/379/789 892/375/787
f 870/374/789 871/379/851 894/375/790
f 894/376/790 871/374/851 872/379/783
f 901/380/791 883/383/792 882/381/792
f 876/383/792 885/381/792 905/382/794
f 878/385/792 877/377/792 889/386/796
f 905/388/794 885/385/792 884/377/792
f 903/389/798 884/383/792 883/377/792
f 874/374/799 875/379/779 902/375/780
f 899/380/793 882/385/792 881/381/792
f 881/383/792 880/381/792 895/382/802
f 880/385/792 879/377/792 893/382/803
f 879/385/792 878/377/792 891/382/797
f 867/374/804 869/379/786 890/375/788
f 873/374/806 874/379/799 900/375/800
f 877/385/807 924/385/807 923/381/808
f 889/380/796 877/385/792 876/381/792
f 887/376/777 888/375/805 889/390/796
f 890/374/788 891/387/797 889/386/796
f 892/375/787 893/390/803 891/391/797
f 894/374/790 895/387/802 893/382/803
f 896/374/785 897/384/801 895/382/802
f 898/374/784 899/380/793 897/382/801
f 900/375/800 901/423/791 899/391/793
f 902/375/780 903/390/798 901/391/791
f 904/374/778 905/388/794 903/382/798
f 887/375/777 886/390/795 905/391/794
f 866/374/809 867/379/804 888/375/805
f 883/377/810 884/383/811 917/383/811
f 880/381/812 881/383/813 920/383/813
f 878/385/814 910/385/814 924/377/807
f 885/385/815 925/385/815 917/377/811
f 881/381/813 882/385/816 907/385/816
f 879/385/817 915/385/817 910/377/814
f 876/383/808 923/383/808 925/381/815
f 882/381/816 883/383/810 919/383/810
f 880/385/812 916/385/812 915/377/817
f 968/375/841 866/379/809 868/374/776
f 985/375/842 868/379/776 875/374/779
f 979/375/846 873/379/806 872/374/783
f 973/375/848 870/379/789 869/374/786
f 975/375/850 871/379/851 870/374/789
f 975/376/850 977/375/847 872/379/783
f 982/380/852 980/382/860 963/381/853
f 986/382/854 966/381/853 957/383/853
f 970/386/856 958/377/853 959/385/853
f 986/388/854 984/382/858 965/377/853
f 984/389/858 982/382/852 964/377/853
f 983/375/843 875/379/779 874/374/799
f 980/380/860 978/382/862 962/381/853
f 976/382/861 961/381/853 962/383/853
f 974/382/863 960/377/853 961/385/853
f 972/382/857 959/377/853 960/385/853
f 971/375/849 869/379/786 867/374/804
f 981/375/859 874/379/799 873/374/806
f 1004/381/865 1005/385/866 958/385/866
f 970/380/856 967/382/855 957/381/853
f 968/376/841 967/391/855 970/390/856
f 970/386/856 972/387/857 971/374/849
f 972/391/857 974/390/863 973/375/848
f 974/382/863 976/387/861 975/374/850
f 976/382/861 978/384/862 977/374/847
f 978/382/862 980/380/860 979/374/846
f 980/391/860 982/423/852 981/375/859
f 982/391/852 984/390/858 983/375/843
f 984/382/858 986/388/854 985/374/842
f 986/391/854 967/390/855 968/375/841
f 969/375/864 867/379/804 866/374/809
f 964/377/867 1000/377/867 998/383/868
f 961/381/869 997/381/869 1001/383/870
f 1005/377/866 991/385/871 959/385/871
f 998/377/868 1006/385/872 966/385/872
f 962/381/870 1001/381/870 988/385/873
f 991/377/871 996/385/874 960/385/874
f 1006/381/872 1004/383/865 957/383/865
f 963/381/873 988/381/873 1000/383/867
f 996/377/874 997/385/869 961/385/869
o wheel2.002
v -0.717327 0.567361 -1.550837
v -0.717327 0.556729 -1.407572
v -0.717327 0.491842 -1.318263
v -0.717327 0.386854 -1.284150
v -0.717327 0.247315 -1.318310
v -0.717327 0.171707 -1.440463
v -0.717327 0.171707 -1.550855
v -0.717327 0.236594 -1.640163
v -0.717327 0.369562 -1.691179
v -0.717327 0.502529 -1.640069
v -0.767069 0.369562 -1.873474
v -0.767069 0.142144 -1.799582
v -0.767069 0.596979 -1.799582
v -0.767069 0.001592 -1.606129
v -0.767069 0.001592 -1.367007
v -0.767069 0.142144 -1.173555
v -0.767069 0.369562 -1.099662
v -0.767069 0.596979 -1.173555
v -0.767069 0.737531 -1.367007
v -0.767069 0.737531 -1.606129
v -0.645678 0.369562 -1.758394
v -0.645678 0.209786 -1.706480
v -0.645678 0.111039 -1.570567
v -0.645678 0.111039 -1.402569
v -0.645678 0.209786 -1.266656
v -0.645678 0.369562 -1.214742
v -0.645678 0.529337 -1.266656
v -0.645678 0.628084 -1.402569
v -0.645678 0.628084 -1.570567
v -0.645678 0.529337 -1.706480
v -0.645678 0.369562 -1.837237
v -0.680141 0.369562 -1.873474
v -0.680141 0.142144 -1.799582
v -0.645678 0.163443 -1.770265
v -0.680141 0.001592 -1.606129
v -0.645678 0.036055 -1.594931
v -0.680141 0.001592 -1.367007
v -0.645678 0.036055 -1.378205
v -0.680141 0.142144 -1.173555
v -0.645678 0.163443 -1.202871
v -0.680141 0.369562 -1.099662
v -0.645678 0.369562 -1.135899
v -0.680141 0.596979 -1.173555
v -0.645678 0.575680 -1.202871
v -0.680141 0.737531 -1.367007
v -0.645678 0.703068 -1.378205
v -0.680141 0.737531 -1.606129
v -0.645678 0.703068 -1.594931
v -0.680141 0.596979 -1.799582
v -0.645678 0.575680 -1.770265
v -0.717327 0.352214 -1.462691
v -0.717327 0.502529 -1.303553
v -0.717327 0.567361 -1.440539
v -0.717327 0.352214 -1.284226
v -0.717327 0.154415 -1.556473
v -0.717327 0.182484 -1.407543
v -0.717327 0.269844 -1.658779
v -0.717327 0.386854 -1.462767
v -0.717327 0.341582 -1.495659
v -0.717327 0.154415 -1.416663
v -0.717327 0.236594 -1.303553
v -0.717327 0.584708 -1.556473
v -0.717327 0.469279 -1.658779
v -0.717327 0.584708 -1.416663
v -0.717327 0.369562 -1.260350
v -0.717327 0.397630 -1.495688
v -0.717327 0.369562 -1.521529
v -0.717327 0.369562 -1.712787
v -0.717327 0.236594 -1.669583
v -0.717327 0.502529 -1.669583
v -0.717327 0.369562 -1.486568
v -0.767069 0.476705 -1.339098
v -0.767069 0.415530 -1.423297
v -0.767069 0.443991 -1.510751
v -0.767069 0.542889 -1.542885
v -0.767069 0.369562 -1.666719
v -0.767069 0.369562 -1.567868
v -0.767069 0.196200 -1.542897
v -0.767069 0.295182 -1.510735
v -0.767069 0.323562 -1.423255
v -0.767069 0.262439 -1.339127
v -0.767069 0.514513 -1.391136
v -0.767069 0.415530 -1.319221
v -0.767069 0.196200 -1.478574
v -0.767069 0.234008 -1.594935
v -0.767069 0.224664 -1.391121
v -0.767069 0.505113 -1.594879
v -0.767069 0.542889 -1.478618
v -0.767069 0.323562 -1.319267
v -0.767069 0.311458 -1.647840
v -0.767069 0.427665 -1.647840
v -0.816811 0.567361 -1.550837
v -0.816811 0.556729 -1.407572
v -0.816811 0.491842 -1.318263
v -0.816811 0.386854 -1.284150
v -0.816811 0.247315 -1.318310
v -0.816811 0.171707 -1.440463
v -0.816811 0.171707 -1.550855
v -0.816811 0.236594 -1.640163
v -0.816811 0.369562 -1.691179
v -0.816811 0.502529 -1.640069
v -0.888461 0.369562 -1.758394
v -0.888461 0.209786 -1.706480
v -0.888461 0.111039 -1.570567
v -0.888461 0.111039 -1.402569
v -0.888461 0.209786 -1.266656
v -0.888461 0.369562 -1.214742
v -0.888461 0.529337 -1.266656
v -0.888461 0.628084 -1.402569
v -0.888461 0.628084 -1.570567
v -0.888461 0.529337 -1.706480
v -0.888461 0.369562 -1.837237
v -0.853998 0.369562 -1.873474
v -0.853998 0.142144 -1.799582
v -0.888461 0.163443 -1.770265
v -0.853998 0.001592 -1.606129
v -0.888461 0.036055 -1.594931
v -0.853998 0.001592 -1.367007
v -0.888461 0.036055 -1.378205
v -0.853998 0.142144 -1.173555
v -0.888461 0.163443 -1.202871
v -0.853998 0.369562 -1.099662
v -0.888461 0.369562 -1.135899
v -0.853998 0.596979 -1.173555
v -0.888461 0.575680 -1.202871
v -0.853998 0.737531 -1.367007
v -0.888461 0.703068 -1.378205
v -0.853998 0.737531 -1.606129
v -0.888461 0.703068 -1.594931
v -0.853998 0.596979 -1.799582
v -0.888461 0.575680 -1.770265
v -0.816811 0.352214 -1.462691
v -0.816811 0.502529 -1.303553
v -0.816811 0.567361 -1.440539
v -0.816811 0.352214 -1.284226
v -0.816811 0.154415 -1.556473
v -0.816811 0.182484 -1.407543
v -0.816811 0.269844 -1.658779
v -0.816811 0.386854 -1.462767
v -0.816811 0.341582 -1.495659
v -0.816811 0.154415 -1.416663
v -0.816811 0.236594 -1.303553
v -0.816811 0.584708 -1.556473
v -0.816811 0.469279 -1.658779
v -0.816811 0.584708 -1.416663
v -0.816811 0.369562 -1.260350
v -0.816811 0.397630 -1.495688
v -0.816811 0.369562 -1.521529
v -0.816811 0.369562 -1.712787
v -0.816811 0.236594 -1.669583
v -0.816811 0.502529 -1.669583
v -0.816811 0.369562 -1.486568
vn 0.3686 -0.0000 -0.9296
vn -0.0000 0.5878 -0.8090
vn 0.3686 0.5464 -0.7521
vn -0.0000 0.9511 -0.3090
vn 0.3686 0.8841 -0.2873
vn 0.4595 0.5221 -0.7186
vn 0.4414 0.2773 -0.8534
vn 0.3686 0.5464 0.7520
vn -0.0000 -0.0000 1.0000
vn 0.3686 -0.0000 0.9296
vn 0.3686 -0.8841 0.2873
vn -0.0000 -0.9511 -0.3090
vn 0.3686 -0.8841 -0.2873
vn 0.3686 -0.5464 0.7521
vn -0.0000 -0.9511 0.3090
vn -0.0000 -0.5878 0.8090
vn 0.9022 0.4102 0.1333
vn 1.0000 -0.0000 -0.0000
vn 0.9022 0.2535 -0.3490
vn 0.9022 -0.0000 -0.4314
vn 0.9022 -0.2535 -0.3490
vn 0.9022 -0.4102 -0.1333
vn 0.9022 0.4102 -0.1333
vn -0.0000 0.9511 0.3090
vn 0.3686 0.8841 0.2873
vn 0.9022 0.2535 0.3490
vn 0.9022 -0.2535 0.3490
vn 0.9022 -0.0000 0.4314
vn 0.9022 -0.4102 0.1333
vn -0.0000 -0.5878 -0.8090
vn 0.3686 -0.5464 -0.7520
vn -0.0000 0.5878 0.8090
vn 0.5370 -0.0000 0.8436
vn 0.5370 0.4959 0.6825
vn -0.0000 -0.0000 -1.0000
vn 0.5370 -0.8023 -0.2607
vn 0.5370 -0.8023 0.2607
vn 0.5370 0.4959 -0.6825
vn 0.5370 -0.0000 -0.8436
vn 0.5370 0.8023 0.2607
vn 0.5370 -0.4959 0.6825
vn 0.5370 -0.4959 -0.6825
vn 0.5370 0.8023 -0.2607
vn 0.4995 -0.7009 0.5092
vn 0.4236 -0.2799 0.8615
vn 0.4413 -0.0000 0.8974
vn 0.4414 -0.8973 -0.0000
vn 0.4595 -0.8447 0.2745
vn 0.4417 0.7258 0.5273
vn 0.4598 0.8446 0.2744
vn 0.4236 0.2799 0.8615
vn 0.4414 -0.7259 0.5274
vn 0.4417 0.8971 -0.0000
vn 0.4414 0.7259 -0.5274
vn 0.4417 -0.2772 -0.8532
vn 0.4598 -0.5220 -0.7184
vn 0.4803 -0.7096 -0.5156
vn 0.4995 0.8663 -0.0000
vn 0.4991 0.7010 0.5093
vn 0.4803 0.7096 -0.5156
vn 0.4995 -0.2677 0.8239
vn 0.4991 -0.8665 -0.0000
vn 0.4995 -0.2677 -0.8239
vn 0.4991 0.2678 -0.8241
vn 0.4417 -0.7258 -0.5273
vn 0.4991 0.2678 0.8241
vn -0.3686 -0.0000 -0.9296
vn -0.3686 0.5464 -0.7521
vn -0.3686 0.8841 -0.2873
vn -0.4595 0.5221 -0.7186
vn -0.4414 0.2773 -0.8534
vn -0.3686 0.5464 0.7520
vn -0.3686 -0.0000 0.9296
vn -0.3686 -0.8841 0.2873
vn -0.3686 -0.8841 -0.2873
vn -0.3686 -0.5464 0.7521
vn -0.9022 0.4102 0.1333
vn -1.0000 -0.0000 -0.0000
vn -0.9022 0.2535 0.3490
vn -0.9022 0.2535 -0.3490
vn -0.9022 -0.0000 -0.4314
vn -0.9022 -0.2535 -0.3490
vn -0.9022 -0.4102 -0.1333
vn -0.9022 0.4102 -0.1333
vn -0.3686 0.8841 0.2873
vn -0.9022 -0.0000 0.4314
vn -0.9022 -0.2535 0.3490
vn -0.9022 -0.4102 0.1333
vn -0.3686 -0.5464 -0.7520
vn -0.5370 0.4959 0.6825
vn -0.5370 -0.0000 0.8436
vn -0.5370 -0.8023 -0.2607
vn -0.5370 -0.8023 0.2607
vn -0.5370 0.4959 -0.6825
vn -0.5370 -0.0000 -0.8436
vn -0.5370 0.8023 0.2607
vn -0.5370 -0.4959 0.6825
vn -0.5370 -0.4959 -0.6825
vn -0.5370 0.8023 -0.2607
vn -0.4995 -0.7009 0.5092
vn -0.4413 -0.0000 0.8974
vn -0.4236 -0.2799 0.8615
vn -0.4595 -0.8447 0.2745
vn -0.4414 -0.8973 -0.0000
vn -0.4598 0.8446 0.2744
vn -0.4417 0.7258 0.5273
vn -0.4236 0.2799 0.8615
vn -0.4414 -0.7259 0.5274
vn -0.4417 0.8971 -0.0000
vn -0.4414 0.7259 -0.5274
vn -0.4598 -0.5220 -0.7184
vn -0.4417 -0.2772 -0.8532
vn -0.4803 -0.7096 -0.5156
vn -0.4995 0.8663 -0.0000
vn -0.4991 0.7010 0.5093
vn -0.4803 0.7096 -0.5156
vn -0.4995 -0.2677 0.8239
vn -0.4991 -0.8665 -0.0000
vn -0.4995 -0.2677 -0.8239
vn -0.4991 0.2678 -0.8241
vn -0.4417 -0.7258 -0.5273
vn -0.4991 0.2678 0.8241
vt 0.975777 0.375608
vt 0.992922 0.347738
vt 0.975777 0.347738
vt 0.969168 0.356028
vt 0.982334 0.356028
vt 0.990697 0.350349
vt 0.969168 0.356028
vt 0.985856 0.356028
vt 0.969168 0.350349
vt 0.990697 0.350349
vt 0.969168 0.350348
vt 0.985856 0.356028
vt 0.990697 0.350349
vt 0.990697 0.350349
vt 0.990697 0.350348
vt 0.969168 0.374303
vt 0.969168 0.347738
vt 0.969168 0.349043
vt 0.969168 0.374303
vt 0.975668 0.528250
vt 0.977838 0.528250
vt 0.971747 0.356028
vt 0.984262 0.356028
vt 0.971345 0.356028
vt 0.984511 0.356028
vt 0.971338 0.356028
vt 0.984515 0.356028
vt 0.969168 0.356028
vt 0.981683 0.356028
vt 0.982334 0.356028
vt 0.982345 0.356028
vt 0.984511 0.356028
vt 0.971338 0.356028
vt 0.988845 0.528250
vt 0.975668 0.528250
vt 0.992356 0.528250
vt 0.977838 0.528250
vt 0.991015 0.528250
vt 0.975668 0.528250
vt 0.977845 0.528250
vt 0.991011 0.528250
vt 0.988834 0.528250
vt 0.992356 0.528250
vt 0.991011 0.528250
vt 0.988833 0.528250
vt 0.988183 0.528250
vt 0.978247 0.528250
vt 0.990762 0.528250
vt 0.982345 0.356028
vt 0.992922 0.375608
s 1
usemtl metallic
f 1012/427/903 1096/428/904 1061/428/904
f 1086/443/941 1015/444/941 1066/443/941
f 1098/445/942 1016/446/943 1070/445/942
f 1095/447/944 1008/448/945 1060/447/944
f 1092/449/946 1014/450/947 1015/449/946
f 1016/451/943 1097/452/948 1064/452/948
f 1008/427/945 1094/453/949 1017/453/949
f 1014/427/947 1091/454/950 1013/454/950
f 1093/447/951 1012/455/903 1063/447/951
f 1090/456/952 1010/450/953 1011/456/952
f 1009/457/915 1059/458/915 1010/458/915
f 1059/459/915 1011/460/915 1010/461/915
f 1013/457/915 1062/462/915 1014/462/915
f 1062/459/915 1015/444/915 1014/461/915
f 1015/444/915 1078/462/915 1066/443/915
f 1011/460/915 1078/462/915 1065/443/915
f 1078/462/915 1009/457/915 1065/443/915
f 1078/462/915 1013/457/915 1066/443/915
f 1068/459/915 1063/463/915 1012/464/915
f 1017/465/915 1069/462/915 1008/462/915
f 1069/466/915 1060/463/915 1008/467/915
f 1061/468/915 1068/458/915 1012/462/915
f 1078/462/915 1017/465/915 1073/463/915
f 1078/462/915 1061/468/915 1058/463/915
f 1071/462/915 1073/463/915 1060/463/915
f 1063/463/915 1078/462/915 1058/463/915
f 1064/469/915 1075/458/915 1016/458/915
f 1075/466/915 1070/470/915 1016/471/915
f 1077/458/915 1074/462/915 1070/470/915
f 1074/462/915 1076/459/915 1064/469/915
f 1084/462/954 1070/470/954 1074/462/954
f 1080/443/955 1011/460/955 1065/443/955
f 1017/465/956 1081/463/956 1073/463/956
f 1064/469/957 1084/462/957 1074/462/957
f 1009/457/958 1080/443/958 1065/443/958
f 1061/468/959 1087/463/959 1058/463/959
f 1013/457/960 1086/443/960 1066/443/960
f 1081/463/961 1060/463/961 1073/463/961
f 1010/430/953 1089/472/962 1009/472/962
f 1087/463/963 1063/463/963 1058/463/963
f 1103/427/967 1096/428/968 1088/427/967
f 1106/444/997 1086/443/997 1147/443/997
f 1107/446/998 1098/445/999 1151/445/999
f 1099/448/1000 1095/447/1001 1141/447/1001
f 1105/450/1002 1092/449/1003 1106/449/1003
f 1107/451/998 1097/452/1004 1083/451/998
f 1099/427/1000 1094/453/1005 1082/427/1000
f 1105/427/1002 1091/454/1006 1085/427/1002
f 1103/455/967 1093/447/1007 1144/447/1007
f 1101/450/1008 1090/456/1009 1102/456/1009
f 1100/457/975 1140/458/975 1152/466/975
f 1102/460/975 1140/459/975 1101/461/975
f 1104/457/975 1143/462/975 1148/459/975
f 1106/444/975 1143/459/975 1105/461/975
f 1106/444/975 1159/462/975 1157/462/975
f 1102/460/975 1159/462/975 1153/458/975
f 1100/457/975 1159/462/975 1146/443/975
f 1104/457/975 1159/462/975 1147/443/975
f 1144/463/975 1149/459/975 1103/464/975
f 1108/465/975 1150/462/975 1158/459/975
f 1141/463/975 1150/466/975 1099/467/975
f 1142/468/975 1149/458/975 1153/466/975
f 1108/465/975 1159/462/975 1154/463/975
f 1142/468/975 1159/462/975 1139/463/975
f 1154/463/975 1152/462/975 1141/463/975
f 1144/463/975 1159/462/975 1148/462/975
f 1145/469/975 1156/458/975 1157/459/975
f 1151/470/975 1156/466/975 1107/471/975
f 1155/462/975 1158/458/975 1151/470/975
f 1155/462/975 1157/459/975 1159/462/975
f 1151/470/1010 1084/462/1010 1155/462/1010
f 1102/460/1011 1080/443/1011 1146/443/1011
f 1108/465/1012 1081/463/1012 1094/465/1012
f 1145/469/1013 1084/462/1013 1097/469/1013
f 1100/457/1014 1080/443/1014 1089/457/1014
f 1142/468/1015 1087/463/1015 1096/468/1015
f 1104/457/1016 1086/443/1016 1091/457/1016
f 1141/463/1017 1081/463/1017 1154/463/1017
f 1101/430/1008 1089/472/1018 1079/430/1008
f 1144/463/1019 1087/463/1019 1139/463/1019
f 1012/427/903 1088/427/903 1096/428/904
f 1086/443/941 1092/444/941 1015/444/941
f 1098/445/942 1083/446/943 1016/446/943
f 1095/447/944 1082/448/945 1008/448/945
f 1092/449/946 1085/450/947 1014/450/947
f 1016/451/943 1083/451/943 1097/452/948
f 1008/427/945 1082/427/945 1094/453/949
f 1014/427/947 1085/427/947 1091/454/950
f 1093/447/951 1088/455/903 1012/455/903
f 1090/456/952 1079/450/953 1010/450/953
f 1009/457/915 1071/466/915 1059/458/915
f 1059/459/915 1072/458/915 1011/460/915
f 1013/457/915 1067/459/915 1062/462/915
f 1062/459/915 1076/462/915 1015/444/915
f 1015/444/915 1076/462/915 1078/462/915
f 1011/460/915 1072/458/915 1078/462/915
f 1078/462/915 1071/466/915 1009/457/915
f 1078/462/915 1067/459/915 1013/457/915
f 1068/459/915 1067/462/915 1063/463/915
f 1017/465/915 1077/459/915 1069/462/915
f 1069/466/915 1071/462/915 1060/463/915
f 1061/468/915 1072/466/915 1068/458/915
f 1078/462/915 1077/459/915 1017/465/915
f 1078/462/915 1072/466/915 1061/468/915
f 1071/462/915 1078/462/915 1073/463/915
f 1063/463/915 1067/462/915 1078/462/915
f 1064/469/915 1076/459/915 1075/458/915
f 1075/466/915 1077/458/915 1070/470/915
f 1077/458/915 1078/462/915 1074/462/915
f 1074/462/915 1078/462/915 1076/459/915
f 1084/462/954 1098/470/954 1070/470/954
f 1080/443/955 1090/460/955 1011/460/955
f 1017/465/956 1094/465/956 1081/463/956
f 1064/469/957 1097/469/957 1084/462/957
f 1009/457/958 1089/457/958 1080/443/958
f 1061/468/959 1096/468/959 1087/463/959
f 1013/457/960 1091/457/960 1086/443/960
f 1081/463/961 1095/463/961 1060/463/961
f 1010/430/953 1079/430/953 1089/472/962
f 1087/463/963 1093/463/963 1063/463/963
f 1103/427/967 1142/428/968 1096/428/968
f 1106/444/997 1092/444/997 1086/443/997
f 1107/446/998 1083/446/998 1098/445/999
f 1099/448/1000 1082/448/1000 1095/447/1001
f 1105/450/1002 1085/450/1002 1092/449/1003
f 1107/451/998 1145/452/1004 1097/452/1004
f 1099/427/1000 1108/453/1005 1094/453/1005
f 1105/427/1002 1104/454/1006 1091/454/1006
f 1103/455/967 1088/455/967 1093/447/1007
f 1101/450/1008 1079/450/1008 1090/456/1009
f 1100/457/975 1101/458/975 1140/458/975
f 1102/460/975 1153/458/975 1140/459/975
f 1104/457/975 1105/462/975 1143/462/975
f 1106/444/975 1157/462/975 1143/459/975
f 1106/444/975 1147/443/975 1159/462/975
f 1102/460/975 1146/443/975 1159/462/975
f 1100/457/975 1152/466/975 1159/462/975
f 1104/457/975 1148/459/975 1159/462/975
f 1144/463/975 1148/462/975 1149/459/975
f 1108/465/975 1099/462/975 1150/462/975
f 1141/463/975 1152/462/975 1150/466/975
f 1142/468/975 1103/462/975 1149/458/975
f 1108/465/975 1158/459/975 1159/462/975
f 1142/468/975 1153/466/975 1159/462/975
f 1154/463/975 1159/462/975 1152/462/975
f 1144/463/975 1139/463/975 1159/462/975
f 1145/469/975 1107/458/975 1156/458/975
f 1151/470/975 1158/458/975 1156/466/975
f 1155/462/975 1159/462/975 1158/458/975
f 1155/462/975 1145/469/975 1157/459/975
f 1151/470/1010 1098/470/1010 1084/462/1010
f 1102/460/1011 1090/460/1011 1080/443/1011
f 1108/465/1012 1154/463/1012 1081/463/1012
f 1145/469/1013 1155/462/1013 1084/462/1013
f 1100/457/1014 1146/443/1014 1080/443/1014
f 1142/468/1015 1139/463/1015 1087/463/1015
f 1104/457/1016 1147/443/1016 1086/443/1016
f 1141/463/1017 1095/463/1017 1081/463/1017
f 1101/430/1008 1100/472/1018 1089/472/1018
f 1144/463/1019 1093/463/1019 1087/463/1019
usemtl texture
f 1039/424/898 1020/425/899 1056/426/900
f 1056/424/900 1027/425/901 1054/426/902
f 1050/424/905 1024/425/906 1048/426/907
f 1044/424/908 1021/425/909 1042/426/910
f 1046/424/911 1022/425/912 1044/426/908
f 1048/424/907 1023/425/913 1046/426/911
f 1053/429/914 1034/430/915 1035/431/915
f 1057/432/916 1028/431/915 1038/433/917
f 1041/434/918 1030/435/915 1043/436/919
f 1057/437/916 1036/427/915 1037/435/915
f 1055/438/920 1035/427/915 1036/431/915
f 1054/424/902 1026/425/921 1052/426/922
f 1051/429/923 1033/430/915 1034/435/915
f 1047/432/924 1033/431/915 1049/433/925
f 1045/432/926 1032/435/915 1047/436/924
f 1043/432/919 1031/435/915 1045/429/926
f 1042/424/910 1019/425/927 1040/426/928
f 1052/424/922 1025/425/929 1050/426/905
f 1075/430/930 1029/435/931 1028/430/930
f 1041/429/918 1028/430/915 1029/435/915
f 1039/426/898 1041/439/918 1040/424/928
f 1041/434/918 1042/425/910 1040/440/928
f 1043/441/919 1044/424/908 1042/426/910
f 1045/432/926 1046/425/911 1044/440/908
f 1047/432/924 1048/425/907 1046/440/911
f 1049/432/925 1050/425/905 1048/440/907
f 1050/426/905 1053/442/914 1052/424/922
f 1053/441/914 1054/424/902 1052/426/922
f 1055/432/920 1056/425/900 1054/440/902
f 1057/441/916 1039/424/898 1056/426/900
f 1040/424/928 1018/425/932 1039/426/898
f 1035/427/933 1069/431/934 1036/431/934
f 1032/430/935 1072/431/936 1033/431/936
f 1076/427/931 1030/435/937 1029/427/931
f 1036/427/934 1077/435/938 1037/435/938
f 1033/430/936 1059/435/939 1034/435/939
f 1062/427/937 1031/435/940 1030/427/937
f 1077/430/938 1028/431/930 1037/430/938
f 1034/430/939 1071/431/933 1035/431/933
f 1067/427/940 1032/435/935 1031/427/940
f 1020/425/899 1120/424/964 1137/426/965
f 1027/425/901 1137/424/965 1135/426/966
f 1024/425/906 1131/424/969 1129/426/970
f 1021/425/909 1125/424/971 1123/426/972
f 1022/425/912 1127/424/973 1125/426/971
f 1023/425/913 1129/424/970 1127/426/973
f 1134/429/974 1115/430/975 1132/432/976
f 1109/431/975 1138/432/977 1119/433/978
f 1111/435/975 1122/434/979 1124/436/980
f 1138/437/977 1117/427/975 1136/432/981
f 1136/438/981 1116/427/975 1134/432/974
f 1026/425/921 1135/424/966 1133/426/982
f 1132/429/976 1114/430/975 1130/432/983
f 1114/431/975 1128/432/984 1130/433/983
f 1113/435/975 1126/432/985 1128/436/984
f 1112/435/975 1124/432/980 1126/429/985
f 1019/425/927 1123/424/972 1121/426/986
f 1025/425/929 1133/424/982 1131/426/969
f 1110/435/987 1156/430/988 1109/430/988
f 1122/429/979 1109/430/975 1119/432/978
f 1120/426/964 1122/439/979 1119/441/978
f 1123/425/972 1122/434/979 1121/440/986
f 1125/424/971 1124/441/980 1123/426/972
f 1127/425/973 1126/432/985 1125/440/971
f 1129/425/970 1128/432/984 1127/440/973
f 1131/425/969 1130/432/983 1129/440/970
f 1131/426/969 1134/442/974 1132/441/976
f 1135/424/966 1134/441/974 1133/426/982
f 1137/425/965 1136/432/981 1135/440/966
f 1120/424/964 1138/441/977 1137/426/965
f 1018/425/932 1121/424/986 1120/426/964
f 1116/427/989 1150/431/990 1152/427/989
f 1113/430/991 1153/431/992 1149/430/991
f 1111/435/993 1157/427/987 1110/427/987
f 1117/427/990 1158/435/994 1150/427/990
f 1114/430/992 1140/435/995 1153/430/992
f 1112/435/996 1143/427/993 1111/427/993
f 1109/431/988 1158/430/994 1118/430/994
f 1115/430/995 1152/431/989 1140/430/995
f 1113/435/991 1148/427/996 1112/427/996
f 1039/424/898 1018/473/932 1020/425/899
f 1056/424/900 1020/473/899 1027/425/901
f 1050/424/905 1025/473/929 1024/425/906
f 1044/424/908 1022/473/912 1021/425/909
f 1046/424/911 1023/473/913 1022/425/912
f 1048/424/907 1024/473/906 1023/425/913
f 1053/429/914 1051/432/923 1034/430/915
f 1057/432/916 1037/430/915 1028/431/915
f 1041/434/918 1029/427/915 1030/435/915
f 1057/437/916 1055/432/920 1036/427/915
f 1055/438/920 1053/432/914 1035/427/915
f 1054/424/902 1027/473/901 1026/425/921
f 1051/429/923 1049/432/925 1033/430/915
f 1047/432/924 1032/430/915 1033/431/915
f 1045/432/926 1031/427/915 1032/435/915
f 1043/432/919 1030/427/915 1031/435/915
f 1042/424/910 1021/473/909 1019/425/927
f 1052/424/922 1026/473/921 1025/425/929
f 1075/430/930 1076/435/931 1029/435/931
f 1041/429/918 1038/432/917 1028/430/915
f 1039/426/898 1038/441/917 1041/439/918
f 1041/434/918 1043/436/919 1042/425/910
f 1043/441/919 1045/439/926 1044/424/908
f 1045/432/926 1047/436/924 1046/425/911
f 1047/432/924 1049/433/925 1048/425/907
f 1049/432/925 1051/429/923 1050/425/905
f 1050/426/905 1051/441/923 1053/442/914
f 1053/441/914 1055/439/920 1054/424/902
f 1055/432/920 1057/437/916 1056/425/900
f 1057/441/916 1038/439/917 1039/424/898
f 1040/424/928 1019/473/927 1018/425/932
f 1035/427/933 1071/427/933 1069/431/934
f 1032/430/935 1068/430/935 1072/431/936
f 1076/427/931 1062/435/937 1030/435/937
f 1036/427/934 1069/427/934 1077/435/938
f 1033/430/936 1072/430/936 1059/435/939
f 1062/427/937 1067/435/940 1031/435/940
f 1077/430/938 1075/431/930 1028/431/930
f 1034/430/939 1059/430/939 1071/431/933
f 1067/427/940 1068/435/935 1032/435/935
f 1020/425/899 1018/473/932 1120/424/964
f 1027/425/901 1020/473/899 1137/424/965
f 1024/425/906 1025/473/929 1131/424/969
f 1021/425/909 1022/473/912 1125/424/971
f 1022/425/912 1023/473/913 1127/424/973
f 1023/425/913 1024/473/906 1129/424/970
f 1134/429/974 1116/431/975 1115/430/975
f 1109/431/975 1118/430/975 1138/432/977
f 1111/435/975 1110/427/975 1122/434/979
f 1138/437/977 1118/435/975 1117/427/975
f 1136/438/981 1117/431/975 1116/427/975
f 1026/425/921 1027/473/901 1135/424/966
f 1132/429/976 1115/435/975 1114/430/975
f 1114/431/975 1113/430/975 1128/432/984
f 1113/435/975 1112/427/975 1126/432/985
f 1112/435/975 1111/427/975 1124/432/980
f 1019/425/927 1021/473/909 1123/424/972
f 1025/425/929 1026/473/921 1133/424/982
f 1110/435/987 1157/435/987 1156/430/988
f 1122/429/979 1110/435/975 1109/430/975
f 1120/426/964 1121/424/986 1122/439/979
f 1123/425/972 1124/436/980 1122/434/979
f 1125/424/971 1126/439/985 1124/441/980
f 1127/425/973 1128/436/984 1126/432/985
f 1129/425/970 1130/433/983 1128/432/984
f 1131/425/969 1132/429/976 1130/432/983
f 1131/426/969 1133/424/982 1134/442/974
f 1135/424/966 1136/439/981 1134/441/974
f 1137/425/965 1138/437/977 1136/432/981
f 1120/424/964 1119/439/978 1138/441/977
f 1018/425/932 1019/473/927 1121/424/986
f 1116/427/989 1117/431/990 1150/431/990
f 1113/430/991 1114/431/992 1153/431/992
f 1111/435/993 1143/435/993 1157/427/987
f 1117/427/990 1118/435/994 1158/435/994
f 1114/430/992 1115/435/995 1140/435/995
f 1112/435/996 1148/435/996 1143/427/993
f 1109/431/988 1156/431/988 1158/430/994
f 1115/430/995 1116/431/989 1152/431/989
f 1113/435/991 1149/435/991 1148/427/996
o wheel2.010
v 0.717327 0.567361 -1.550837
v 0.717327 0.556729 -1.407571
v 0.717327 0.491842 -1.318263
v 0.717327 0.386854 -1.284150
v 0.717327 0.247315 -1.318310
v 0.717327 0.171707 -1.440463
v 0.717327 0.171707 -1.550855
v 0.717327 0.236594 -1.640163
v 0.717327 0.369562 -1.691179
v 0.717327 0.502529 -1.640069
v 0.767069 0.369562 -1.873474
v 0.767069 0.142144 -1.799581
v 0.767069 0.596979 -1.799581
v 0.767069 0.001592 -1.606128
v 0.767069 0.001592 -1.367007
v 0.767069 0.142144 -1.173554
v 0.767069 0.369562 -1.099662
v 0.767069 0.596979 -1.173554
v 0.767069 0.737531 -1.367007
v 0.767069 0.737531 -1.606128
v 0.645678 0.369562 -1.758394
v 0.645678 0.209786 -1.706480
v 0.645678 0.111039 -1.570567
v 0.645678 0.111039 -1.402569
v 0.645678 0.209786 -1.266656
v 0.645678 0.369562 -1.214741
v 0.645678 0.529337 -1.266656
v 0.645678 0.628084 -1.402569
v 0.645678 0.628084 -1.570567
v 0.645678 0.529337 -1.706480
v 0.645678 0.369562 -1.837237
v 0.680141 0.369562 -1.873474
v 0.680141 0.142144 -1.799581
v 0.645678 0.163443 -1.770265
v 0.680141 0.001592 -1.606128
v 0.645678 0.036055 -1.594931
v 0.680141 0.001592 -1.367007
v 0.645678 0.036055 -1.378205
v 0.680141 0.142144 -1.173554
v 0.645678 0.163443 -1.202871
v 0.680141 0.369562 -1.099662
v 0.645678 0.369562 -1.135899
v 0.680141 0.596979 -1.173554
v 0.645678 0.575680 -1.202871
v 0.680141 0.737531 -1.367007
v 0.645678 0.703068 -1.378205
v 0.680141 0.737531 -1.606128
v 0.645678 0.703068 -1.594931
v 0.680141 0.596979 -1.799581
v 0.645678 0.575680 -1.770265
v 0.717327 0.352214 -1.462691
v 0.717327 0.502529 -1.303553
v 0.717327 0.567361 -1.440539
v 0.717327 0.352214 -1.284226
v 0.717327 0.154415 -1.556473
v 0.717327 0.182484 -1.407542
v 0.717327 0.269844 -1.658779
v 0.717327 0.386854 -1.462767
v 0.717327 0.341582 -1.495659
v 0.717327 0.154415 -1.416662
v 0.717327 0.236594 -1.303553
v 0.717327 0.584708 -1.556473
v 0.717327 0.469279 -1.658779
v 0.717327 0.584708 -1.416662
v 0.717327 0.369562 -1.260349
v 0.717327 0.397630 -1.495688
v 0.717327 0.369562 -1.521529
v 0.717327 0.369562 -1.712786
v 0.717327 0.236594 -1.669582
v 0.717327 0.502529 -1.669582
v 0.717327 0.369562 -1.486568
v 0.767069 0.476705 -1.339098
v 0.767069 0.415530 -1.423297
v 0.767069 0.443991 -1.510751
v 0.767069 0.542889 -1.542885
v 0.767069 0.369562 -1.666719
v 0.767069 0.369562 -1.567867
v 0.767069 0.196200 -1.542896
v 0.767069 0.295182 -1.510735
v 0.767069 0.323562 -1.423255
v 0.767069 0.262439 -1.339127
v 0.767069 0.514513 -1.391136
v 0.767069 0.415530 -1.319221
v 0.767069 0.196200 -1.478574
v 0.767069 0.234008 -1.594934
v 0.767069 0.224664 -1.391121
v 0.767069 0.505113 -1.594879
v 0.767069 0.542889 -1.478617
v 0.767069 0.323562 -1.319267
v 0.767069 0.311458 -1.647840
v 0.767069 0.427665 -1.647840
v 0.816811 0.567361 -1.550837
v 0.816811 0.556729 -1.407571
v 0.816811 0.491842 -1.318263
v 0.816811 0.386854 -1.284150
v 0.816811 0.247315 -1.318310
v 0.816811 0.171707 -1.440463
v 0.816811 0.171707 -1.550855
v 0.816811 0.236594 -1.640163
v 0.816811 0.369562 -1.691179
v 0.816811 0.502529 -1.640069
v 0.888461 0.369562 -1.758394
v 0.888461 0.209786 -1.706480
v 0.888461 0.111039 -1.570567
v 0.888461 0.111039 -1.402569
v 0.888461 0.209786 -1.266656
v 0.888461 0.369562 -1.214741
v 0.888461 0.529337 -1.266656
v 0.888461 0.628084 -1.402569
v 0.888461 0.628084 -1.570567
v 0.888461 0.529337 -1.706480
v 0.888461 0.369562 -1.837237
v 0.853998 0.369562 -1.873474
v 0.853998 0.142144 -1.799581
v 0.888461 0.163443 -1.770265
v 0.853998 0.001592 -1.606128
v 0.888461 0.036055 -1.594931
v 0.853998 0.001592 -1.367007
v 0.888461 0.036055 -1.378205
v 0.853998 0.142144 -1.173554
v 0.888461 0.163443 -1.202871
v 0.853998 0.369562 -1.099662
v 0.888461 0.369562 -1.135899
v 0.853998 0.596979 -1.173554
v 0.888461 0.575680 -1.202871
v 0.853998 0.737531 -1.367007
v 0.888461 0.703068 -1.378205
v 0.853998 0.737531 -1.606128
v 0.888461 0.703068 -1.594931
v 0.853998 0.596979 -1.799581
v 0.888461 0.575680 -1.770265
v 0.816811 0.352214 -1.462691
v 0.816811 0.502529 -1.303553
v 0.816811 0.567361 -1.440539
v 0.816811 0.352214 -1.284226
v 0.816811 0.154415 -1.556473
v 0.816811 0.182484 -1.407542
v 0.816811 0.269844 -1.658779
v 0.816811 0.386854 -1.462767
v 0.816811 0.341582 -1.495659
v 0.816811 0.154415 -1.416662
v 0.816811 0.236594 -1.303553
v 0.816811 0.584708 -1.556473
v 0.816811 0.469279 -1.658779
v 0.816811 0.584708 -1.416662
v 0.816811 0.369562 -1.260349
v 0.816811 0.397630 -1.495688
v 0.816811 0.369562 -1.521529
v 0.816811 0.369562 -1.712786
v 0.816811 0.236594 -1.669582
v 0.816811 0.502529 -1.669582
v 0.816811 0.369562 -1.486568
vn -0.0000 0.5878 -0.8090
vn -0.3686 -0.0000 -0.9296
vn -0.3686 0.5464 -0.7521
vn -0.0000 0.9511 -0.3090
vn -0.3686 0.8841 -0.2873
vn -0.4595 0.5221 -0.7186
vn -0.4414 0.2773 -0.8534
vn -0.0000 -0.0000 1.0000
vn -0.3686 0.5464 0.7520
vn -0.3686 -0.0000 0.9296
vn -0.0000 -0.9511 -0.3090
vn -0.3686 -0.8841 0.2873
vn -0.3686 -0.8841 -0.2873
vn -0.0000 -0.9511 0.3090
vn -0.3686 -0.5464 0.7521
vn -0.9022 0.4102 0.1333
vn -1.0000 -0.0000 -0.0000
vn -0.9022 0.2535 0.3490
vn -0.9022 0.2535 -0.3490
vn -0.9022 -0.0000 -0.4314
vn -0.9022 -0.2535 -0.3490
vn -0.9022 -0.4102 -0.1333
vn -0.9022 0.4102 -0.1333
vn -0.0000 0.9511 0.3090
vn -0.3686 0.8841 0.2873
vn -0.9022 -0.0000 0.4314
vn -0.9022 -0.2535 0.3490
vn -0.9022 -0.4102 0.1333
vn -0.0000 -0.5878 -0.8090
vn -0.3686 -0.5464 -0.7520
vn -0.0000 0.5878 0.8090
vn -0.5370 0.4959 0.6825
vn -0.5370 -0.0000 0.8436
vn -0.0000 -0.0000 -1.0000
vn -0.5370 -0.8023 -0.2607
vn -0.5370 -0.8023 0.2607
vn -0.5370 0.4959 -0.6825
vn -0.5370 -0.0000 -0.8436
vn -0.5370 0.8023 0.2607
vn -0.5370 -0.4959 0.6825
vn -0.5370 -0.4959 -0.6825
vn -0.5370 0.8023 -0.2607
vn -0.4995 -0.7009 0.5092
vn -0.4413 -0.0000 0.8974
vn -0.4236 -0.2799 0.8615
vn -0.4595 -0.8447 0.2745
vn -0.4414 -0.8973 -0.0000
vn -0.4598 0.8446 0.2744
vn -0.4417 0.7258 0.5273
vn -0.4236 0.2799 0.8615
vn -0.4414 -0.7259 0.5274
vn -0.4417 0.8971 -0.0000
vn -0.4414 0.7259 -0.5274
vn -0.4598 -0.5220 -0.7184
vn -0.4417 -0.2772 -0.8532
vn -0.4803 -0.7096 -0.5156
vn -0.4995 0.8663 -0.0000
vn -0.4991 0.7010 0.5093
vn -0.4803 0.7096 -0.5156
vn -0.4995 -0.2677 0.8239
vn -0.4991 -0.8665 -0.0000
vn -0.4995 -0.2677 -0.8239
vn -0.4991 0.2678 -0.8241
vn -0.4417 -0.7258 -0.5273
vn -0.4991 0.2678 0.8241
vn 0.3686 -0.0000 -0.9296
vn 0.3686 0.5464 -0.7521
vn 0.3686 0.8841 -0.2873
vn 0.4595 0.5221 -0.7186
vn 0.4414 0.2773 -0.8534
vn 0.3686 0.5464 0.7520
vn 0.3686 -0.0000 0.9296
vn 0.3686 -0.8841 0.2873
vn 0.3686 -0.8841 -0.2873
vn 0.3686 -0.5464 0.7521
vn -0.0000 -0.5878 0.8090
vn 0.9022 0.4102 0.1333
vn 1.0000 -0.0000 -0.0000
vn 0.9022 0.2535 -0.3490
vn 0.9022 -0.0000 -0.4314
vn 0.9022 -0.2535 -0.3490
vn 0.9022 -0.4102 -0.1333
vn 0.9022 0.4102 -0.1333
vn 0.3686 0.8841 0.2873
vn 0.9022 0.2535 0.3490
vn 0.9022 -0.2535 0.3490
vn 0.9022 -0.0000 0.4314
vn 0.9022 -0.4102 0.1333
vn 0.3686 -0.5464 -0.7520
vn 0.5370 -0.0000 0.8436
vn 0.5370 0.4959 0.6825
vn 0.5370 -0.8023 -0.2607
vn 0.5370 -0.8023 0.2607
vn 0.5370 0.4959 -0.6825
vn 0.5370 -0.0000 -0.8436
vn 0.5370 0.8023 0.2607
vn 0.5370 -0.4959 0.6825
vn 0.5370 -0.4959 -0.6825
vn 0.5370 0.8023 -0.2607
vn 0.4995 -0.7009 0.5092
vn 0.4236 -0.2799 0.8615
vn 0.4413 -0.0000 0.8974
vn 0.4414 -0.8973 -0.0000
vn 0.4595 -0.8447 0.2745
vn 0.4417 0.7258 0.5273
vn 0.4598 0.8446 0.2744
vn 0.4236 0.2799 0.8615
vn 0.4414 -0.7259 0.5274
vn 0.4417 0.8971 -0.0000
vn 0.4414 0.7259 -0.5274
vn 0.4417 -0.2772 -0.8532
vn 0.4598 -0.5220 -0.7184
vn 0.4803 -0.7096 -0.5156
vn 0.4995 0.8663 -0.0000
vn 0.4991 0.7010 0.5093
vn 0.4803 0.7096 -0.5156
vn 0.4995 -0.2677 0.8239
vn 0.4991 -0.8665 -0.0000
vn 0.4995 -0.2677 -0.8239
vn 0.4991 0.2678 -0.8241
vn 0.4417 -0.7258 -0.5273
vn 0.4991 0.2678 0.8241
vt 0.992922 0.347738
vt 0.975777 0.375608
vt 0.975777 0.347738
vt 0.969168 0.356028
vt 0.982334 0.356028
vt 0.992922 0.375608
vt 0.990697 0.350349
vt 0.969168 0.356028
vt 0.969168 0.350349
vt 0.985856 0.356028
vt 0.990697 0.350349
vt 0.985856 0.356028
vt 0.969168 0.350348
vt 0.990697 0.350349
vt 0.990697 0.350349
vt 0.990697 0.350348
vt 0.969168 0.374303
vt 0.969168 0.349043
vt 0.969168 0.347738
vt 0.977838 0.528250
vt 0.975668 0.528250
vt 0.984262 0.356028
vt 0.971747 0.356028
vt 0.984511 0.356028
vt 0.971345 0.356028
vt 0.984515 0.356028
vt 0.971338 0.356028
vt 0.969168 0.356028
vt 0.981683 0.356028
vt 0.982334 0.356028
vt 0.982345 0.356028
vt 0.984511 0.356028
vt 0.971338 0.356028
vt 0.988845 0.528250
vt 0.975668 0.528250
vt 0.992356 0.528250
vt 0.977838 0.528250
vt 0.992356 0.528250
vt 0.991015 0.528250
vt 0.975668 0.528250
vt 0.977845 0.528250
vt 0.991011 0.528250
vt 0.988834 0.528250
vt 0.991011 0.528250
vt 0.988833 0.528250
vt 0.988183 0.528250
vt 0.978247 0.528250
vt 0.990762 0.528250
vt 0.982345 0.356028
vt 0.969168 0.374303
s 1
usemtl metallic
f 1164/477/1025 1248/478/1026 1240/477/1025
f 1167/493/1062 1238/494/1062 1218/494/1062
f 1168/495/1063 1250/496/1064 1222/496/1064
f 1160/497/1065 1247/498/1066 1212/498/1066
f 1166/499/1067 1244/500/1068 1167/500/1068
f 1168/501/1063 1249/502/1069 1235/501/1063
f 1160/477/1065 1246/503/1070 1234/477/1065
f 1166/477/1067 1243/504/1071 1237/477/1067
f 1164/505/1025 1245/498/1072 1215/498/1072
f 1162/499/1073 1242/506/1074 1163/506/1074
f 1161/507/1036 1211/508/1036 1223/509/1036
f 1163/510/1036 1211/511/1036 1162/512/1036
f 1165/507/1036 1214/513/1036 1219/511/1036
f 1167/493/1036 1214/511/1036 1166/512/1036
f 1167/493/1036 1230/513/1036 1228/513/1036
f 1163/510/1036 1230/513/1036 1224/508/1036
f 1161/507/1036 1230/513/1036 1217/494/1036
f 1165/507/1036 1230/513/1036 1218/494/1036
f 1215/514/1036 1220/511/1036 1164/515/1036
f 1169/516/1036 1221/513/1036 1229/511/1036
f 1212/514/1036 1221/509/1036 1160/517/1036
f 1213/518/1036 1220/508/1036 1224/509/1036
f 1169/516/1036 1230/513/1036 1225/514/1036
f 1213/518/1036 1230/513/1036 1210/514/1036
f 1225/514/1036 1223/513/1036 1212/514/1036
f 1215/514/1036 1230/513/1036 1219/513/1036
f 1216/519/1036 1227/508/1036 1228/511/1036
f 1222/520/1036 1227/509/1036 1168/521/1036
f 1226/513/1036 1229/508/1036 1222/520/1036
f 1226/513/1036 1228/511/1036 1230/513/1036
f 1222/520/1075 1236/513/1075 1226/513/1075
f 1163/510/1076 1232/494/1076 1217/494/1076
f 1169/516/1077 1233/514/1077 1246/516/1077
f 1216/519/1078 1236/513/1078 1249/519/1078
f 1161/507/1079 1232/494/1079 1241/507/1079
f 1213/518/1080 1239/514/1080 1248/518/1080
f 1165/507/1081 1238/494/1081 1243/507/1081
f 1212/514/1082 1233/514/1082 1225/514/1082
f 1162/481/1073 1241/522/1083 1231/481/1073
f 1215/514/1084 1239/514/1084 1210/514/1084
f 1255/477/1088 1248/478/1089 1294/478/1089
f 1238/494/1119 1258/493/1119 1299/494/1119
f 1250/496/1120 1259/495/1121 1303/496/1120
f 1247/498/1122 1251/497/1123 1293/498/1122
f 1244/500/1124 1257/499/1125 1258/500/1124
f 1259/501/1121 1249/502/1126 1297/502/1126
f 1251/477/1123 1246/503/1127 1260/503/1127
f 1257/477/1125 1243/504/1128 1256/504/1128
f 1245/498/1129 1255/505/1088 1296/498/1129
f 1242/506/1130 1253/499/1131 1254/506/1130
f 1252/507/1097 1292/508/1097 1253/508/1097
f 1292/511/1097 1254/510/1097 1253/512/1097
f 1256/507/1097 1295/513/1097 1257/513/1097
f 1295/511/1097 1258/493/1097 1257/512/1097
f 1258/493/1097 1311/513/1097 1299/494/1097
f 1254/510/1097 1311/513/1097 1298/494/1097
f 1311/513/1097 1252/507/1097 1298/494/1097
f 1311/513/1097 1256/507/1097 1299/494/1097
f 1301/511/1097 1296/514/1097 1255/515/1097
f 1260/516/1097 1302/513/1097 1251/513/1097
f 1302/509/1097 1293/514/1097 1251/517/1097
f 1294/518/1097 1301/508/1097 1255/513/1097
f 1311/513/1097 1260/516/1097 1306/514/1097
f 1311/513/1097 1294/518/1097 1291/514/1097
f 1304/513/1097 1306/514/1097 1293/514/1097
f 1296/514/1097 1311/513/1097 1291/514/1097
f 1297/519/1097 1308/508/1097 1259/508/1097
f 1308/509/1097 1303/520/1097 1259/521/1097
f 1310/508/1097 1307/513/1097 1303/520/1097
f 1307/513/1097 1309/511/1097 1297/519/1097
f 1236/513/1132 1303/520/1132 1307/513/1132
f 1232/494/1133 1254/510/1133 1298/494/1133
f 1260/516/1134 1233/514/1134 1306/514/1134
f 1297/519/1135 1236/513/1135 1307/513/1135
f 1252/507/1136 1232/494/1136 1298/494/1136
f 1294/518/1137 1239/514/1137 1291/514/1137
f 1256/507/1138 1238/494/1138 1299/494/1138
f 1233/514/1139 1293/514/1139 1306/514/1139
f 1253/481/1131 1241/522/1140 1252/522/1140
f 1239/514/1141 1296/514/1141 1291/514/1141
f 1164/477/1025 1213/478/1026 1248/478/1026
f 1167/493/1062 1244/493/1062 1238/494/1062
f 1168/495/1063 1235/495/1063 1250/496/1064
f 1160/497/1065 1234/497/1065 1247/498/1066
f 1166/499/1067 1237/499/1067 1244/500/1068
f 1168/501/1063 1216/502/1069 1249/502/1069
f 1160/477/1065 1169/503/1070 1246/503/1070
f 1166/477/1067 1165/504/1071 1243/504/1071
f 1164/505/1025 1240/505/1025 1245/498/1072
f 1162/499/1073 1231/499/1073 1242/506/1074
f 1161/507/1036 1162/508/1036 1211/508/1036
f 1163/510/1036 1224/508/1036 1211/511/1036
f 1165/507/1036 1166/513/1036 1214/513/1036
f 1167/493/1036 1228/513/1036 1214/511/1036
f 1167/493/1036 1218/494/1036 1230/513/1036
f 1163/510/1036 1217/494/1036 1230/513/1036
f 1161/507/1036 1223/509/1036 1230/513/1036
f 1165/507/1036 1219/511/1036 1230/513/1036
f 1215/514/1036 1219/513/1036 1220/511/1036
f 1169/516/1036 1160/513/1036 1221/513/1036
f 1212/514/1036 1223/513/1036 1221/509/1036
f 1213/518/1036 1164/513/1036 1220/508/1036
f 1169/516/1036 1229/511/1036 1230/513/1036
f 1213/518/1036 1224/509/1036 1230/513/1036
f 1225/514/1036 1230/513/1036 1223/513/1036
f 1215/514/1036 1210/514/1036 1230/513/1036
f 1216/519/1036 1168/508/1036 1227/508/1036
f 1222/520/1036 1229/508/1036 1227/509/1036
f 1226/513/1036 1230/513/1036 1229/508/1036
f 1226/513/1036 1216/519/1036 1228/511/1036
f 1222/520/1075 1250/520/1075 1236/513/1075
f 1163/510/1076 1242/510/1076 1232/494/1076
f 1169/516/1077 1225/514/1077 1233/514/1077
f 1216/519/1078 1226/513/1078 1236/513/1078
f 1161/507/1079 1217/494/1079 1232/494/1079
f 1213/518/1080 1210/514/1080 1239/514/1080
f 1165/507/1081 1218/494/1081 1238/494/1081
f 1212/514/1082 1247/514/1082 1233/514/1082
f 1162/481/1073 1161/522/1083 1241/522/1083
f 1215/514/1084 1245/514/1084 1239/514/1084
f 1255/477/1088 1240/477/1088 1248/478/1089
f 1238/494/1119 1244/493/1119 1258/493/1119
f 1250/496/1120 1235/495/1121 1259/495/1121
f 1247/498/1122 1234/497/1123 1251/497/1123
f 1244/500/1124 1237/499/1125 1257/499/1125
f 1259/501/1121 1235/501/1121 1249/502/1126
f 1251/477/1123 1234/477/1123 1246/503/1127
f 1257/477/1125 1237/477/1125 1243/504/1128
f 1245/498/1129 1240/505/1088 1255/505/1088
f 1242/506/1130 1231/499/1131 1253/499/1131
f 1252/507/1097 1304/509/1097 1292/508/1097
f 1292/511/1097 1305/508/1097 1254/510/1097
f 1256/507/1097 1300/511/1097 1295/513/1097
f 1295/511/1097 1309/513/1097 1258/493/1097
f 1258/493/1097 1309/513/1097 1311/513/1097
f 1254/510/1097 1305/508/1097 1311/513/1097
f 1311/513/1097 1304/509/1097 1252/507/1097
f 1311/513/1097 1300/511/1097 1256/507/1097
f 1301/511/1097 1300/513/1097 1296/514/1097
f 1260/516/1097 1310/511/1097 1302/513/1097
f 1302/509/1097 1304/513/1097 1293/514/1097
f 1294/518/1097 1305/509/1097 1301/508/1097
f 1311/513/1097 1310/511/1097 1260/516/1097
f 1311/513/1097 1305/509/1097 1294/518/1097
f 1304/513/1097 1311/513/1097 1306/514/1097
f 1296/514/1097 1300/513/1097 1311/513/1097
f 1297/519/1097 1309/511/1097 1308/508/1097
f 1308/509/1097 1310/508/1097 1303/520/1097
f 1310/508/1097 1311/513/1097 1307/513/1097
f 1307/513/1097 1311/513/1097 1309/511/1097
f 1236/513/1132 1250/520/1132 1303/520/1132
f 1232/494/1133 1242/510/1133 1254/510/1133
f 1260/516/1134 1246/516/1134 1233/514/1134
f 1297/519/1135 1249/519/1135 1236/513/1135
f 1252/507/1136 1241/507/1136 1232/494/1136
f 1294/518/1137 1248/518/1137 1239/514/1137
f 1256/507/1138 1243/507/1138 1238/494/1138
f 1233/514/1139 1247/514/1139 1293/514/1139
f 1253/481/1131 1231/481/1131 1241/522/1140
f 1239/514/1141 1245/514/1141 1296/514/1141
usemtl texture
f 1172/474/1020 1191/475/1021 1208/476/1022
f 1179/474/1023 1208/475/1022 1206/476/1024
f 1176/474/1027 1202/475/1028 1200/476/1029
f 1173/474/1030 1196/475/1031 1194/476/1032
f 1174/474/1033 1198/475/1034 1196/476/1031
f 1198/476/1034 1176/479/1027 1200/475/1029
f 1205/480/1035 1186/481/1036 1203/482/1037
f 1180/483/1036 1209/482/1038 1190/484/1039
f 1182/485/1036 1193/486/1040 1195/487/1041
f 1209/488/1038 1188/477/1036 1207/482/1042
f 1207/489/1042 1187/477/1036 1205/482/1035
f 1178/474/1043 1206/475/1024 1204/476/1044
f 1203/480/1037 1185/481/1036 1201/482/1045
f 1185/483/1036 1199/482/1046 1201/484/1045
f 1184/485/1036 1197/482/1047 1199/487/1046
f 1183/485/1036 1195/482/1041 1197/480/1047
f 1171/474/1048 1194/475/1032 1192/476/1049
f 1177/474/1050 1204/475/1044 1202/476/1028
f 1181/485/1051 1227/481/1052 1180/481/1052
f 1193/480/1040 1180/481/1036 1190/482/1039
f 1191/476/1021 1193/490/1040 1190/491/1039
f 1194/474/1032 1193/486/1040 1192/492/1049
f 1196/475/1031 1195/491/1041 1194/476/1032
f 1198/474/1034 1197/482/1047 1196/492/1031
f 1200/474/1029 1199/482/1046 1198/492/1034
f 1202/474/1028 1201/482/1045 1200/492/1029
f 1204/475/1044 1203/491/1037 1202/476/1028
f 1206/475/1024 1205/491/1035 1204/476/1044
f 1208/474/1022 1207/482/1042 1206/492/1024
f 1191/475/1021 1209/491/1038 1208/476/1022
f 1170/474/1053 1192/475/1049 1191/476/1021
f 1187/477/1054 1221/483/1055 1223/477/1054
f 1184/481/1056 1224/483/1057 1220/481/1056
f 1182/485/1058 1228/477/1051 1181/477/1051
f 1189/485/1059 1221/477/1055 1188/477/1055
f 1185/481/1057 1211/485/1060 1224/481/1057
f 1183/485/1061 1214/477/1058 1182/477/1058
f 1180/483/1052 1229/481/1059 1189/481/1059
f 1186/481/1060 1223/483/1054 1211/481/1060
f 1184/485/1056 1219/477/1061 1183/477/1061
f 1272/475/1085 1172/474/1020 1289/476/1086
f 1289/475/1086 1179/474/1023 1287/476/1087
f 1283/475/1090 1176/474/1027 1281/476/1091
f 1277/475/1092 1173/474/1030 1275/476/1093
f 1279/475/1094 1174/474/1033 1277/476/1092
f 1279/476/1094 1176/479/1027 1175/474/1095
f 1286/480/1096 1267/481/1097 1268/483/1097
f 1290/482/1098 1261/483/1097 1271/484/1099
f 1274/486/1100 1263/485/1097 1276/487/1101
f 1290/488/1098 1269/477/1097 1270/485/1097
f 1288/489/1102 1268/477/1097 1269/483/1097
f 1287/475/1087 1178/474/1043 1285/476/1103
f 1284/480/1104 1266/481/1097 1267/485/1097
f 1280/482/1105 1266/483/1097 1282/484/1106
f 1278/482/1107 1265/485/1097 1280/487/1105
f 1276/482/1101 1264/485/1097 1278/480/1107
f 1275/475/1093 1171/474/1048 1273/476/1108
f 1285/475/1103 1177/474/1050 1283/476/1090
f 1308/481/1109 1262/485/1110 1261/481/1109
f 1274/480/1100 1261/481/1097 1262/485/1097
f 1272/476/1085 1274/490/1100 1273/475/1108
f 1274/486/1100 1275/474/1093 1273/492/1108
f 1276/491/1101 1277/475/1092 1275/476/1093
f 1278/482/1107 1279/474/1094 1277/492/1092
f 1280/482/1105 1281/474/1091 1279/492/1094
f 1282/482/1106 1283/474/1090 1281/492/1091
f 1284/491/1104 1285/475/1103 1283/476/1090
f 1286/491/1096 1287/475/1087 1285/476/1103
f 1288/482/1102 1289/474/1086 1287/492/1087
f 1290/491/1098 1272/475/1085 1289/476/1086
f 1273/475/1108 1170/474/1053 1272/476/1085
f 1268/477/1111 1302/483/1112 1269/483/1112
f 1265/481/1113 1305/483/1114 1266/483/1114
f 1309/477/1110 1263/485/1115 1262/477/1110
f 1302/477/1112 1270/485/1116 1269/477/1112
f 1266/481/1114 1292/485/1117 1267/485/1117
f 1295/477/1115 1264/485/1118 1263/477/1115
f 1310/481/1116 1261/483/1109 1270/481/1116
f 1267/481/1117 1304/483/1111 1268/483/1111
f 1300/477/1118 1265/485/1113 1264/477/1118
f 1172/474/1020 1170/479/1053 1191/475/1021
f 1179/474/1023 1172/479/1020 1208/475/1022
f 1176/474/1027 1177/479/1050 1202/475/1028
f 1173/474/1030 1174/479/1033 1196/475/1031
f 1174/474/1033 1175/479/1095 1198/475/1034
f 1198/476/1034 1175/474/1095 1176/479/1027
f 1205/480/1035 1187/483/1036 1186/481/1036
f 1180/483/1036 1189/481/1036 1209/482/1038
f 1182/485/1036 1181/477/1036 1193/486/1040
f 1209/488/1038 1189/485/1036 1188/477/1036
f 1207/489/1042 1188/483/1036 1187/477/1036
f 1178/474/1043 1179/479/1023 1206/475/1024
f 1203/480/1037 1186/485/1036 1185/481/1036
f 1185/483/1036 1184/481/1036 1199/482/1046
f 1184/485/1036 1183/477/1036 1197/482/1047
f 1183/485/1036 1182/477/1036 1195/482/1041
f 1171/474/1048 1173/479/1030 1194/475/1032
f 1177/474/1050 1178/479/1043 1204/475/1044
f 1181/485/1051 1228/485/1051 1227/481/1052
f 1193/480/1040 1181/485/1036 1180/481/1036
f 1191/476/1021 1192/475/1049 1193/490/1040
f 1194/474/1032 1195/487/1041 1193/486/1040
f 1196/475/1031 1197/490/1047 1195/491/1041
f 1198/474/1034 1199/487/1046 1197/482/1047
f 1200/474/1029 1201/484/1045 1199/482/1046
f 1202/474/1028 1203/480/1037 1201/482/1045
f 1204/475/1044 1205/523/1035 1203/491/1037
f 1206/475/1024 1207/490/1042 1205/491/1035
f 1208/474/1022 1209/488/1038 1207/482/1042
f 1191/475/1021 1190/490/1039 1209/491/1038
f 1170/474/1053 1171/479/1048 1192/475/1049
f 1187/477/1054 1188/483/1055 1221/483/1055
f 1184/481/1056 1185/483/1057 1224/483/1057
f 1182/485/1058 1214/485/1058 1228/477/1051
f 1189/485/1059 1229/485/1059 1221/477/1055
f 1185/481/1057 1186/485/1060 1211/485/1060
f 1183/485/1061 1219/485/1061 1214/477/1058
f 1180/483/1052 1227/483/1052 1229/481/1059
f 1186/481/1060 1187/483/1054 1223/483/1054
f 1184/485/1056 1220/485/1056 1219/477/1061
f 1272/475/1085 1170/479/1053 1172/474/1020
f 1289/475/1086 1172/479/1020 1179/474/1023
f 1283/475/1090 1177/479/1050 1176/474/1027
f 1277/475/1092 1174/479/1033 1173/474/1030
f 1279/475/1094 1175/479/1095 1174/474/1033
f 1279/476/1094 1281/475/1091 1176/479/1027
f 1286/480/1096 1284/482/1104 1267/481/1097
f 1290/482/1098 1270/481/1097 1261/483/1097
f 1274/486/1100 1262/477/1097 1263/485/1097
f 1290/488/1098 1288/482/1102 1269/477/1097
f 1288/489/1102 1286/482/1096 1268/477/1097
f 1287/475/1087 1179/479/1023 1178/474/1043
f 1284/480/1104 1282/482/1106 1266/481/1097
f 1280/482/1105 1265/481/1097 1266/483/1097
f 1278/482/1107 1264/477/1097 1265/485/1097
f 1276/482/1101 1263/477/1097 1264/485/1097
f 1275/475/1093 1173/479/1030 1171/474/1048
f 1285/475/1103 1178/479/1043 1177/474/1050
f 1308/481/1109 1309/485/1110 1262/485/1110
f 1274/480/1100 1271/482/1099 1261/481/1097
f 1272/476/1085 1271/491/1099 1274/490/1100
f 1274/486/1100 1276/487/1101 1275/474/1093
f 1276/491/1101 1278/490/1107 1277/475/1092
f 1278/482/1107 1280/487/1105 1279/474/1094
f 1280/482/1105 1282/484/1106 1281/474/1091
f 1282/482/1106 1284/480/1104 1283/474/1090
f 1284/491/1104 1286/523/1096 1285/475/1103
f 1286/491/1096 1288/490/1102 1287/475/1087
f 1288/482/1102 1290/488/1098 1289/474/1086
f 1290/491/1098 1271/490/1099 1272/475/1085
f 1273/475/1108 1171/479/1048 1170/474/1053
f 1268/477/1111 1304/477/1111 1302/483/1112
f 1265/481/1113 1301/481/1113 1305/483/1114
f 1309/477/1110 1295/485/1115 1263/485/1115
f 1302/477/1112 1310/485/1116 1270/485/1116
f 1266/481/1114 1305/481/1114 1292/485/1117
f 1295/477/1115 1300/485/1118 1264/485/1118
f 1310/481/1116 1308/483/1109 1261/483/1109
f 1267/481/1117 1292/481/1117 1304/483/1111
f 1300/477/1118 1301/485/1113 1265/485/1113
