# Blender 5.1.2
# www.blender.org
mtllib police.mtl
o police
v 0.594264 0.359388 -2.215755
v 0.285919 0.757185 -3.042987
v 0.597024 0.359388 0.930668
v 0.857176 0.301016 2.109220
v 0.838604 0.749730 2.102394
v 0.626416 1.426338 -1.520661
v 0.000000 1.493130 -1.550552
v 0.000000 0.757185 -3.042987
v 0.000000 0.301768 2.324325
v 0.000000 0.816620 2.324325
v 0.923590 0.273879 0.736314
v 0.594264 0.359388 -1.340336
v 0.923590 0.273879 0.043440
v 0.639533 1.443860 0.066495
v 0.594264 0.616667 -1.423931
v 0.597024 0.294120 1.793726
v 0.844049 1.028366 0.682334
v 0.594264 0.775675 -1.642786
v 0.000000 1.495292 0.083060
v 0.597024 0.613166 1.711716
v 0.594264 0.775675 -1.913305
v 0.000000 1.023302 0.878336
v 0.594264 0.616667 -2.132160
v 0.597024 0.770010 1.495840
v 0.732807 1.062894 -2.152906
v 0.597024 0.770010 1.229002
v 0.000000 1.131683 -2.353543
v 0.905327 1.001546 0.043440
v 0.603682 0.605218 0.998429
v 0.747617 0.994041 -2.925778
v 0.764720 0.364017 -2.947229
v 0.000000 1.033285 -3.042987
v 0.385549 1.458279 -1.569535
v 0.475500 0.301768 2.284705
v 0.384790 1.459332 0.105124
v 0.503972 1.028687 0.807214
v 0.522552 1.157139 -2.248808
v 0.459020 1.030490 -3.001149
v 0.883362 0.627760 -2.267637
v 0.000000 0.530936 2.308350
v 0.961768 0.572181 0.053025
v 0.961768 0.562849 0.770069
v 0.795920 0.689981 -2.979524
v 0.497331 0.527542 2.270070
v 0.000000 0.689981 -3.077339
v 0.465286 0.689981 -3.060023
v 0.876911 0.891158 1.578045
v 0.000000 0.933456 1.750865
v 0.841414 0.485523 2.242381
v 0.497331 0.503958 2.374413
v 0.000000 0.507351 2.412693
v 0.895824 0.518209 2.139920
v 0.923590 0.273879 -0.497159
v 0.000000 1.545483 -0.581846
v 0.386647 1.536550 -0.573592
v 0.952605 0.572181 -0.456231
v 0.853253 1.045276 -0.426013
v 0.386647 1.484197 -1.510932
v 0.677469 1.421835 -1.410841
v 0.792232 1.048616 -1.982129
v 0.000000 1.466356 -1.605667
v 0.000000 1.157404 -2.289745
v 0.515362 1.131683 -2.310622
v 0.687869 1.440685 0.002266
v 0.891501 1.029608 0.613904
v 0.000000 1.028613 0.830795
v 0.000000 1.467159 0.125519
v 0.386647 1.486359 0.059948
v 0.810024 1.048603 -1.522942
v 0.679641 1.430400 -1.305452
v 0.692855 1.480586 -0.631697
v 0.675275 1.468492 0.013725
v 0.905327 1.001546 0.707751
v 0.665982 1.448368 -1.446849
v 0.793963 1.019180 -2.210586
v 0.892322 1.030012 0.044413
v 0.814951 1.052571 -1.372339
v 0.845690 1.052557 -0.579413
v 0.682271 1.434598 -1.202983
v 0.669666 1.464666 -1.244054
v 0.681878 1.518683 -0.571941
v 0.860895 1.019343 -0.498072
v 0.823690 1.019252 -1.449985
v 0.000000 1.444466 0.123851
v 0.000000 1.005919 0.829127
v 0.000000 1.440805 -1.606070
v 0.000000 1.136817 -2.292346
v 0.518564 1.132347 -2.249547
v 0.381784 1.438434 -1.572464
v 0.380897 1.436638 0.103456
v 0.500079 1.005994 0.805546
v 0.622523 1.403644 -1.522329
v 0.728913 1.040201 -2.154575
v 0.635639 1.421166 0.064826
v 0.840156 1.005672 0.680666
v 0.665513 1.431079 0.002623
v 0.869966 1.020406 0.044769
v 0.672383 1.473745 -0.488685
v 0.869146 1.020002 0.614261
v 0.655114 1.412229 -1.410484
v 0.769877 1.039010 -1.981772
v 0.787669 1.038997 -1.522585
v 0.830898 1.035670 -0.425656
v 0.657286 1.420794 -1.305096
v 0.656798 1.425464 -1.201904
v 0.667382 1.471451 -0.630618
v 0.820217 1.043423 -0.578334
v 0.789477 1.043437 -1.371260
v 0.695624 0.663836 -3.119962
v 0.704977 0.391081 -3.114402
v 0.459023 0.400104 -3.180861
v 0.000000 0.400104 -3.197581
v 0.000000 0.677199 -3.195671
v 0.459335 0.677199 -3.178976
v 0.933242 0.616667 -1.423931
v 0.695442 1.481406 -0.488762
v 0.695259 1.481359 -0.566420
v 0.680861 1.432294 -1.259021
v 0.812760 1.050861 -1.435372
v 0.850205 1.049162 -0.502483
v 0.897650 0.613166 1.711716
v 0.926293 0.770010 1.506226
v 0.913191 0.513218 1.744191
v 0.871412 0.295200 1.793733
v 0.945999 0.605218 0.998429
v 0.926132 0.359388 0.930668
v 0.912654 0.278348 0.931223
v 0.597024 0.278284 0.931224
v 0.940749 0.770010 1.239388
v 0.893501 0.616667 -2.132160
v 0.889401 0.359388 -2.215755
v 0.917051 0.273879 -1.342420
v 0.925678 0.359388 -1.340336
v 0.883834 0.273879 -2.213672
v 0.910762 0.775675 -1.918504
v 0.924909 0.775675 -1.647974
v 0.594264 0.273879 -1.342420
v 0.594264 0.273879 -2.213672
v 0.764469 0.456064 -2.977387
v 0.459103 0.473115 -3.154830
v 0.729105 0.473115 -3.121377
v 0.000000 0.473115 -3.171543
v 0.000000 0.757185 -3.071497
v 0.303725 0.822763 -3.042987
v 0.285919 0.757185 -3.055032
v 0.427033 0.773340 2.268607
v 0.371202 0.808087 2.283036
v 0.470053 0.905249 1.704841
v 0.414270 0.928322 1.715926
v 0.478150 1.023302 0.853050
v 0.534036 1.001546 0.841424
v 0.000000 0.273879 -2.113711
v -0.594264 0.359388 -2.215755
v -0.285919 0.757185 -3.042987
v -0.597024 0.359388 0.930668
v -0.857176 0.301016 2.109220
v -0.838604 0.749730 2.102394
v -0.626416 1.426338 -1.520661
v -0.923590 0.273879 0.736314
v -0.594264 0.359388 -1.340336
v -0.923590 0.273879 0.043440
v -0.639533 1.443860 0.066495
v -0.594264 0.616667 -1.423931
v -0.597024 0.294120 1.793726
v -0.844049 1.028366 0.682334
v -0.594264 0.775675 -1.642786
v -0.597024 0.613166 1.711716
v -0.594264 0.775675 -1.913305
v -0.594264 0.616667 -2.132160
v -0.597024 0.770010 1.495840
v -0.732807 1.062894 -2.152906
v -0.597024 0.770010 1.229002
v -0.905327 1.001546 0.043440
v -0.603682 0.605218 0.998429
v -0.747617 0.994041 -2.925778
v -0.764720 0.364017 -2.947229
v -0.385549 1.458279 -1.569535
v -0.475500 0.301768 2.284705
v -0.384790 1.459332 0.105124
v -0.503972 1.028687 0.807214
v -0.522552 1.157139 -2.248808
v -0.459020 1.030490 -3.001149
v -0.883362 0.627760 -2.267637
v -0.961768 0.572181 0.053025
v -0.961768 0.562849 0.770069
v -0.795920 0.689981 -2.979524
v -0.497331 0.527542 2.270070
v -0.465286 0.689981 -3.060023
v -0.876911 0.891158 1.578045
v -0.841414 0.485523 2.242381
v -0.497331 0.503958 2.374413
v -0.895823 0.518209 2.139920
v -0.923590 0.273879 -0.497159
v -0.386647 1.536550 -0.573592
v -0.952605 0.572181 -0.456231
v -0.853253 1.045276 -0.426013
v -0.386647 1.484197 -1.510932
v -0.677469 1.421835 -1.410841
v -0.792232 1.048616 -1.982129
v -0.515362 1.131683 -2.310622
v -0.687869 1.440685 0.002266
v -0.891501 1.029608 0.613904
v -0.386647 1.486359 0.059948
v -0.810024 1.048603 -1.522942
v -0.679641 1.430400 -1.305452
v -0.692855 1.480586 -0.631697
v -0.675275 1.468492 0.013725
v -0.905327 1.001546 0.707751
v -0.665982 1.448368 -1.446849
v -0.793963 1.019180 -2.210586
v -0.892322 1.030012 0.044413
v -0.814951 1.052571 -1.372339
v -0.845690 1.052557 -0.579413
v -0.682271 1.434598 -1.202983
v -0.669666 1.464666 -1.244054
v -0.681878 1.518683 -0.571941
v -0.860895 1.019343 -0.498072
v -0.823690 1.019252 -1.449985
v -0.518564 1.132347 -2.249547
v -0.381784 1.438434 -1.572464
v -0.380897 1.436638 0.103456
v -0.500079 1.005994 0.805546
v -0.622523 1.403644 -1.522329
v -0.728913 1.040201 -2.154575
v -0.635639 1.421166 0.064826
v -0.840156 1.005672 0.680666
v -0.665513 1.431079 0.002623
v -0.869966 1.020406 0.044769
v -0.672383 1.473745 -0.488685
v -0.869146 1.020002 0.614261
v -0.655114 1.412229 -1.410484
v -0.769877 1.039010 -1.981772
v -0.787668 1.038997 -1.522585
v -0.830898 1.035670 -0.425656
v -0.657286 1.420794 -1.305096
v -0.656798 1.425464 -1.201904
v -0.667382 1.471451 -0.630618
v -0.820217 1.043423 -0.578334
v -0.789477 1.043437 -1.371260
v -0.695624 0.663836 -3.119962
v -0.704977 0.391081 -3.114402
v -0.459023 0.400104 -3.180861
v -0.459335 0.677199 -3.178976
v -0.933242 0.616667 -1.423931
v -0.695442 1.481406 -0.488762
v -0.695259 1.481359 -0.566420
v -0.680861 1.432294 -1.259021
v -0.812760 1.050861 -1.435372
v -0.850205 1.049162 -0.502483
v -0.897650 0.613166 1.711716
v -0.926293 0.770010 1.506226
v -0.913191 0.513218 1.744191
v -0.871412 0.295200 1.793733
v -0.945999 0.605218 0.998429
v -0.926132 0.359388 0.930668
v -0.912654 0.278348 0.931223
v -0.597024 0.278284 0.931224
v -0.940749 0.770010 1.239388
v -0.893501 0.616667 -2.132160
v -0.889401 0.359388 -2.215755
v -0.917051 0.273879 -1.342420
v -0.925678 0.359388 -1.340336
v -0.883834 0.273879 -2.213672
v -0.910762 0.775675 -1.918504
v -0.924909 0.775675 -1.647974
v -0.594264 0.273879 -1.342420
v -0.594264 0.273879 -2.213672
v -0.764469 0.456064 -2.977387
v -0.459103 0.473115 -3.154830
v -0.729105 0.473115 -3.121377
v -0.303725 0.822763 -3.042987
v -0.285919 0.757185 -3.055032
v -0.427033 0.773340 2.268607
v -0.371202 0.808087 2.283036
v -0.470053 0.905249 1.704841
v -0.414270 0.928322 1.715926
v -0.478150 1.023302 0.853050
v -0.534036 1.001546 0.841424
v 0.874016 0.988327 0.684779
v 0.973054 1.107881 0.615579
v 0.852787 0.986723 0.655761
v 0.951826 1.106277 0.586561
v 0.898929 0.957613 0.667371
v 0.997968 1.077167 0.598172
v 0.877701 0.956009 0.638354
v 0.976739 1.075563 0.569154
v 0.976674 1.046562 0.625343
v 0.940303 1.035229 0.581523
v 1.123215 1.053576 0.556791
v 1.123234 1.136588 0.556778
v 1.117741 1.043722 0.498518
v 1.117764 1.144237 0.498502
v 1.004417 1.148948 0.612359
v 0.976689 1.115952 0.625332
v 0.940322 1.119250 0.581509
v 0.973896 1.159202 0.565801
v -0.874016 0.988327 0.684779
v -0.973054 1.107881 0.615579
v -0.852787 0.986723 0.655761
v -0.951826 1.106276 0.586561
v -0.898929 0.957613 0.667372
v -0.997968 1.077167 0.598172
v -0.877700 0.956009 0.638354
v -0.976739 1.075562 0.569154
v -0.976674 1.046562 0.625343
v -0.940303 1.035229 0.581523
v -1.123215 1.053576 0.556792
v -1.123234 1.136588 0.556778
v -1.117741 1.043722 0.498518
v -1.117764 1.144237 0.498502
v -1.004417 1.148948 0.612360
v -0.976689 1.115952 0.625332
v -0.940322 1.119250 0.581510
v -0.973896 1.159202 0.565802
v -0.401825 0.456297 2.481025
v -0.401825 0.507070 2.495274
v -0.401825 0.456297 2.393522
v -0.401825 0.507070 2.393522
v 0.401825 0.456297 2.481025
v 0.401825 0.507070 2.495274
v 0.401825 0.456297 2.393522
v 0.401825 0.507070 2.393522
v 0.387084 0.698349 2.524857
v 0.417349 0.698349 2.524857
v 0.387084 0.698349 2.388322
v 0.417349 0.698349 2.388322
v 0.387084 0.338896 2.284579
v 0.417349 0.338896 2.284579
v 0.387084 0.473176 2.309288
v 0.417349 0.473176 2.309288
v 0.387084 0.526987 2.388322
v 0.417349 0.526987 2.388322
v 0.387084 0.526987 2.524857
v 0.417349 0.526987 2.524857
v 0.417349 0.495507 2.367989
v 0.387084 0.389114 2.463154
v 0.387084 0.495507 2.367989
v 0.417349 0.389114 2.463154
v -0.387084 0.698349 2.524857
v -0.417349 0.698349 2.524857
v -0.387084 0.698349 2.388322
v -0.417349 0.698349 2.388322
v -0.387084 0.338896 2.284579
v -0.417349 0.338896 2.284579
v -0.387084 0.473176 2.309288
v -0.417349 0.473176 2.309288
v -0.387084 0.526987 2.388322
v -0.417349 0.526987 2.388322
v -0.387084 0.526987 2.524857
v -0.417349 0.526987 2.524857
v -0.417349 0.495507 2.367989
v -0.387084 0.389114 2.463154
v -0.387084 0.495507 2.367989
v -0.417349 0.389114 2.463154
v -0.451682 0.636959 2.414535
v 0.451682 0.636959 2.414535
v -0.451682 0.598300 2.436854
v 0.451682 0.598300 2.436854
v -0.451682 0.598300 2.481493
v 0.451682 0.598300 2.481493
v -0.451682 0.636959 2.503813
v 0.451682 0.636959 2.503813
v -0.451682 0.675617 2.481493
v 0.451682 0.675617 2.481493
v -0.451682 0.675617 2.436854
v 0.451682 0.675617 2.436854
v 0.565847 1.546235 -0.504397
v 0.565847 1.583701 -0.504397
v 0.565847 1.546235 -0.674818
v 0.565847 1.583701 -0.674818
v 0.000000 1.546235 -0.674818
v 0.000000 1.583701 -0.674818
v 0.000000 1.546235 -0.137099
v 0.000000 1.583701 -0.137099
v -0.565847 1.546235 -0.504397
v -0.565847 1.583701 -0.504397
v -0.565847 1.546235 -0.674818
v -0.565847 1.583701 -0.674818
v 0.168431 1.605905 -0.256997
v 0.189062 1.672658 -0.284771
v 0.144181 1.605905 -0.452284
v 0.173202 1.672658 -0.424510
v 0.286004 1.605905 -0.256997
v 0.268750 1.672658 -0.284771
v 0.309567 1.605905 -0.452284
v 0.285296 1.672658 -0.424510
v 0.185804 1.562134 -0.424815
v 0.197873 1.562134 -0.327621
v 0.268116 1.562134 -0.424815
v 0.256389 1.562134 -0.327621
v -0.168431 1.605905 -0.256997
v -0.189062 1.672658 -0.284771
v -0.144181 1.605905 -0.452284
v -0.173203 1.672658 -0.424510
v -0.286004 1.605905 -0.256997
v -0.268750 1.672658 -0.284771
v -0.309567 1.605905 -0.452284
v -0.285296 1.672658 -0.424510
v -0.185804 1.562134 -0.424815
v -0.197873 1.562134 -0.327621
v -0.268116 1.562134 -0.424815
v -0.256389 1.562134 -0.327621
v -0.215774 0.800528 -3.024319
v -0.196124 0.785096 -3.024319
v -0.196124 0.938092 -3.024319
v -0.215774 0.922660 -3.024319
v -0.189085 0.806057 -3.063934
v -0.189085 0.917132 -3.063934
v 0.196124 0.785096 -3.024319
v 0.215774 0.800528 -3.024319
v 0.215774 0.922660 -3.024319
v 0.196124 0.938092 -3.024319
v 0.189084 0.806057 -3.063934
v 0.189084 0.917132 -3.063934
v -0.215774 0.800528 -3.063934
v -0.196124 0.785096 -3.063934
v -0.196124 0.938092 -3.063934
v -0.215774 0.922660 -3.063934
v 0.196124 0.785096 -3.063934
v 0.215774 0.800528 -3.063934
v 0.215774 0.922660 -3.063934
v 0.196124 0.938092 -3.063934
v 0.881345 0.873041 -0.268522
v 0.881345 0.934241 -0.268522
v 0.881345 0.873041 -0.426771
v 0.881345 0.934241 -0.426771
v 0.931774 0.873041 -0.268522
v 0.931774 0.934241 -0.268522
v 0.931774 0.873041 -0.426771
v 0.931774 0.934241 -0.426771
v -0.881345 0.873041 -0.268522
v -0.881345 0.934241 -0.268522
v -0.881345 0.873041 -0.426771
v -0.881345 0.934241 -0.426771
v -0.931774 0.873041 -0.268522
v -0.931774 0.934241 -0.268522
v -0.931774 0.873041 -0.426771
v -0.931774 0.934241 -0.426771
v 0.842650 0.873041 -1.229045
v 0.842650 0.934241 -1.229045
v 0.842650 0.873041 -1.387294
v 0.842650 0.934241 -1.387294
v 0.893078 0.873041 -1.229045
v 0.893078 0.934241 -1.229045
v 0.893078 0.873041 -1.387294
v 0.893078 0.934241 -1.387294
v -0.842650 0.873041 -1.229045
v -0.842650 0.934241 -1.229045
v -0.842650 0.873041 -1.387294
v -0.842650 0.934241 -1.387294
v -0.893078 0.873041 -1.229045
v -0.893078 0.934241 -1.229045
v -0.893078 0.873041 -1.387294
v -0.893078 0.934241 -1.387294
v 0.827912 0.594232 2.156624
v 0.890723 0.594232 2.133792
v 0.877199 0.741952 2.133792
v 0.895782 0.594232 2.004889
v 0.832261 0.594232 2.004889
v 0.443597 0.661210 1.976573
v 0.889650 0.661210 2.004889
v 0.880103 0.741952 2.057315
v 0.816288 0.741952 2.156624
v 0.818784 0.741952 2.057315
v 0.826990 0.661210 2.004889
v 0.443597 0.622260 2.296329
v 0.471625 0.594232 2.286141
v 0.471625 0.741952 2.285823
v 0.443597 0.713924 2.296329
v 0.471625 0.594232 1.976573
v 0.443597 0.622260 1.976573
v 0.443597 0.713924 2.029287
v 0.471625 0.741952 2.057315
v -0.827912 0.594232 2.156624
v -0.890723 0.594232 2.133792
v -0.877199 0.741952 2.133792
v -0.895782 0.594232 2.004889
v -0.832261 0.594232 2.004889
v -0.443597 0.661210 1.976573
v -0.889650 0.661210 2.004889
v -0.880103 0.741952 2.057315
v -0.816288 0.741952 2.156624
v -0.818784 0.741952 2.057315
v -0.826990 0.661210 2.004889
v -0.443597 0.622260 2.296329
v -0.471625 0.594232 2.286141
v -0.471625 0.741952 2.285823
v -0.443597 0.713924 2.296329
v -0.471625 0.594232 1.976573
v -0.443597 0.622260 1.976573
v -0.443597 0.713924 2.029287
v -0.471625 0.741952 2.057315
v 0.000000 0.554317 2.220572
v 0.000000 0.780146 2.220572
v 0.000000 0.554317 2.357590
v 0.000000 0.780146 2.357590
v 0.319788 0.582235 2.320609
v 0.341292 0.603739 2.318179
v 0.341292 0.730724 2.318179
v 0.319788 0.752228 2.320609
v 0.369033 0.592123 2.178867
v 0.331227 0.554317 2.183140
v 0.331227 0.780146 2.183140
v 0.369033 0.742340 2.178867
v 0.369033 0.592123 2.315044
v 0.000000 0.752228 2.358151
v 0.000000 0.582235 2.358151
v 0.331227 0.554317 2.319316
v 0.331227 0.780146 2.319316
v 0.369033 0.742340 2.315044
v 0.000000 0.737679 2.333352
v 0.000000 0.596784 2.333352
v 0.326185 0.614607 2.297546
v 0.306923 0.596784 2.299723
v 0.306923 0.737679 2.299723
v 0.326185 0.719856 2.297546
v -0.319788 0.582235 2.320609
v -0.341292 0.603739 2.318179
v -0.341292 0.730724 2.318179
v -0.319788 0.752228 2.320609
v -0.369033 0.592123 2.178867
v -0.331227 0.554317 2.183140
v -0.331227 0.780146 2.183140
v -0.369033 0.742340 2.178867
v -0.369033 0.592123 2.315044
v -0.331227 0.554317 2.319316
v -0.331227 0.780146 2.319316
v -0.369033 0.742340 2.315044
v -0.326185 0.614607 2.297546
v -0.306923 0.596784 2.299723
v -0.306923 0.737679 2.299723
v -0.326185 0.719856 2.297546
v 0.373701 1.605905 -0.397847
v 0.394333 1.672658 -0.425621
v 0.349452 1.605905 -0.593135
v 0.378473 1.672658 -0.565361
v 0.491274 1.605905 -0.397847
v 0.474020 1.672658 -0.425621
v 0.514837 1.605905 -0.593135
v 0.490567 1.672658 -0.565361
v 0.391075 1.562134 -0.565665
v 0.403144 1.562134 -0.468472
v 0.473386 1.562134 -0.565665
v 0.461659 1.562134 -0.468472
v -0.373701 1.605905 -0.397847
v -0.394333 1.672658 -0.425621
v -0.349451 1.605905 -0.593135
v -0.378473 1.672658 -0.565361
v -0.491274 1.605905 -0.397847
v -0.474020 1.672658 -0.425621
v -0.514837 1.605905 -0.593135
v -0.490567 1.672658 -0.565361
v -0.391075 1.562134 -0.565665
v -0.403144 1.562134 -0.468472
v -0.473386 1.562134 -0.565665
v -0.461659 1.562134 -0.468472
v -0.059586 1.605905 -0.127134
v -0.038955 1.672658 -0.154908
v -0.083836 1.605905 -0.322422
v -0.054814 1.672658 -0.294648
v 0.057987 1.605905 -0.127134
v 0.040733 1.672658 -0.154908
v 0.081550 1.605905 -0.322422
v 0.057279 1.672658 -0.294648
v -0.042213 1.562134 -0.294952
v -0.030144 1.562134 -0.197759
v 0.040099 1.562134 -0.294952
v 0.028372 1.562134 -0.197759
v 0.788031 0.788103 -2.971593
v 0.774226 0.935844 -2.952453
v 0.488133 0.822882 -2.827201
v 0.488133 0.901065 -2.821576
v 0.804707 0.822951 -2.751048
v 0.805609 0.788103 -2.787805
v 0.787473 0.935844 -2.787442
v 0.794813 0.900993 -2.751048
v 0.499016 0.788103 -3.053128
v 0.475008 0.814237 -3.054768
v 0.485317 0.909751 -3.033097
v 0.514378 0.935844 -3.020322
v 0.487515 0.814347 -2.836776
v 0.512372 0.788103 -2.859660
v 0.514378 0.935844 -2.848903
v 0.488133 0.909599 -2.829731
v -0.788031 0.788103 -2.971593
v -0.774226 0.935844 -2.952453
v -0.488133 0.822882 -2.827201
v -0.488133 0.901065 -2.821576
v -0.804707 0.822951 -2.751048
v -0.805609 0.788103 -2.787805
v -0.787473 0.935844 -2.787442
v -0.794813 0.900993 -2.751048
v -0.499016 0.788103 -3.053128
v -0.475008 0.814237 -3.054768
v -0.485317 0.909751 -3.033097
v -0.514378 0.935844 -3.020322
v -0.487515 0.814347 -2.836776
v -0.512372 0.788103 -2.859660
v -0.514378 0.935844 -2.848903
v -0.488133 0.909600 -2.829731
v 0.160287 1.470966 -0.298634
v 0.160287 1.532029 -0.298634
v 0.160287 1.470966 -0.435557
v 0.160287 1.532029 -0.435557
v 0.182728 1.470966 -0.298634
v 0.182728 1.532029 -0.298634
v 0.182728 1.470966 -0.435557
v 0.182728 1.532029 -0.435557
v -0.160287 1.470966 -0.298634
v -0.160287 1.532029 -0.298634
v -0.160287 1.470966 -0.435557
v -0.160287 1.532029 -0.435557
v -0.182728 1.470966 -0.298634
v -0.182728 1.532029 -0.298634
v -0.182728 1.470966 -0.435557
v -0.182728 1.532029 -0.435557
vn 0.9774 0.2009 0.0654
vn 0.9972 0.0419 0.0613
vn 0.9796 0.1598 0.1217
vn 0.1381 0.0014 0.9904
vn -0.0000 -0.0558 0.9984
vn -0.0000 -0.0377 0.9993
vn 0.3309 0.1894 0.9245
vn 0.2560 0.0886 0.9626
vn 0.3072 0.2258 0.9245
vn -0.0000 0.9999 0.0103
vn 0.0730 0.9483 0.3089
vn 0.0465 0.9989 0.0085
vn -0.0000 -0.1221 0.9925
vn -0.2465 0.0086 0.9691
vn -0.2389 0.0095 0.9710
vn 0.9990 0.0413 -0.0197
vn 0.9591 0.2817 -0.0265
vn 1.0000 0.0018 -0.0088
vn 0.9811 0.1933 0.0075
vn 0.9995 -0.0042 0.0318
vn -0.3945 0.9187 0.0153
vn -0.3945 0.9188 0.0153
vn 0.1010 -0.0902 0.9908
vn 0.1435 -0.0970 0.9849
vn 0.1438 0.1802 -0.9731
vn 0.2506 0.1867 -0.9499
vn 0.2315 0.2049 -0.9510
vn 0.2231 0.9450 -0.2392
vn 0.2197 0.9664 -0.1333
vn 0.0784 0.9857 -0.1490
vn -0.0000 0.9669 -0.2550
vn -0.0000 0.9900 -0.1413
vn -0.0000 0.0992 -0.9951
vn -0.0000 0.0866 -0.9962
vn 0.0377 0.1666 -0.9853
vn -0.0000 0.0735 -0.9973
vn -0.1824 0.1031 -0.9778
vn -0.0000 0.0733 -0.9973
vn -0.9472 0.1819 -0.2640
vn 0.1137 0.9475 0.2988
vn 0.0604 0.9982 0.0029
vn -0.0000 0.9940 0.1093
vn 0.2209 0.9596 0.1742
vn 0.1765 0.9720 0.1551
vn -0.0000 0.9876 0.1571
vn 0.2796 0.9356 0.2155
vn 0.3408 -0.4943 0.7997
vn 0.1990 -0.4336 0.8789
vn 0.3541 -0.5272 0.7724
vn 0.9889 0.0880 -0.1198
vn 0.9768 0.1922 -0.0945
vn 0.9542 0.2858 -0.0882
vn 0.9904 -0.1363 0.0225
vn 0.9926 -0.1216 -0.0060
vn 0.9953 -0.0964 -0.0040
vn -0.0000 -0.3996 0.9167
vn -0.0000 -0.3949 0.9187
vn 0.9853 -0.0477 0.1643
vn 0.9827 -0.1792 0.0461
vn -0.0000 0.9942 -0.1073
vn 0.0388 0.9933 -0.1087
vn -0.0000 0.9942 -0.1074
vn 0.0438 0.9911 -0.1256
vn 0.0598 0.9786 -0.1971
vn 0.3785 -0.8691 0.3184
vn 0.3948 -0.9164 0.0663
vn 0.3768 -0.8647 0.3322
vn 0.9886 -0.1368 0.0622
vn 0.9972 -0.0017 -0.0748
vn 0.9874 -0.0342 -0.1545
vn 0.1652 0.8497 0.5008
vn 0.2250 0.9332 0.2801
vn 0.1163 0.9305 0.3474
vn 0.0849 0.9806 0.1769
vn 0.9988 0.0416 0.0252
vn 0.1413 0.9259 0.3503
vn 0.0866 0.9690 0.2312
vn 0.0716 0.9729 0.2199
vn 0.9721 -0.1920 0.1345
vn 0.8893 -0.2153 0.4036
vn -0.0000 0.9754 0.2205
vn 0.3643 -0.8641 -0.3473
vn 0.3166 -0.9457 -0.0737
vn 0.3142 -0.9465 -0.0736
vn 0.1190 0.9907 -0.0656
vn 0.9397 0.3320 -0.0823
vn 0.1083 0.9649 -0.2391
vn 0.2710 0.8723 -0.4070
vn 0.1975 0.9518 -0.2347
vn 0.3087 0.8806 -0.3595
vn 0.3699 0.9078 -0.1975
vn -0.0000 0.9272 -0.3747
vn 0.1260 0.9057 -0.4049
vn -0.0000 0.9656 -0.2599
vn 0.3199 0.8624 -0.3924
vn 0.1530 0.8511 0.5022
vn 0.0872 0.8523 0.5157
vn -0.0000 0.9938 0.1115
vn 0.2152 0.9156 0.3398
vn -0.0000 0.9440 0.3299
vn -0.0000 0.8336 0.5523
vn 0.1650 -0.3513 0.9216
vn 0.9199 0.3913 0.0250
vn 0.9123 0.4093 0.0137
vn 0.9129 0.4079 0.0134
vn 0.8972 0.4415 -0.0001
vn 0.9385 0.3433 -0.0371
vn 0.9363 0.3486 -0.0422
vn 0.9375 0.3450 -0.0449
vn 0.9088 0.4162 -0.0301
vn 0.9457 0.3246 -0.0168
vn 0.9180 0.3941 -0.0442
vn 0.9597 0.2782 -0.0389
vn 0.9421 0.3346 -0.0206
vn 0.9373 0.3480 -0.0171
vn 0.9367 0.3475 -0.0421
vn 0.9388 0.3420 -0.0406
vn 0.9379 0.3449 -0.0370
vn 0.9385 0.3431 -0.0401
vn 0.9407 0.3366 -0.0419
vn 0.9409 0.3365 -0.0384
vn 0.9421 0.3341 -0.0301
vn 0.9405 0.3377 -0.0390
vn 0.9403 0.3377 -0.0415
vn 0.9387 0.3425 -0.0383
vn 0.0893 0.8488 0.5211
vn -0.0000 0.8529 0.5221
vn 0.1017 0.8556 0.5075
vn -0.0000 0.9143 -0.4050
vn 0.1208 0.9135 -0.3885
vn 0.2555 0.8826 -0.3947
vn 0.2694 0.8891 -0.3702
vn 0.5067 0.7815 -0.3640
vn 0.1718 0.8500 0.4980
vn 0.1306 0.8414 0.5243
vn -0.2108 0.1076 -0.9716
vn -0.3418 0.1271 -0.9311
vn -0.0000 0.0196 -0.9998
vn 0.1513 0.1139 -0.9819
vn -0.0000 0.0158 -0.9999
vn 0.1612 0.1121 -0.9805
vn 0.2041 0.0404 -0.9781
vn -0.0000 -0.0737 0.9973
vn 0.0939 -0.0888 0.9916
vn -0.4098 0.0053 0.9122
vn -0.4103 0.0033 0.9120
vn -0.9122 0.1279 0.3892
vn 0.8951 0.4458 0.0016
vn 0.8960 0.4433 -0.0268
vn 0.9116 0.4111 -0.0056
vn 0.9200 0.3918 -0.0065
vn 0.9371 0.3462 -0.0445
vn 0.9381 0.3444 -0.0375
vn 0.9382 0.3441 -0.0363
vn 0.3080 -0.7390 -0.5992
vn 0.3644 -0.8612 -0.3544
vn -0.1999 0.4326 -0.8792
vn -0.3932 0.9173 0.0624
vn -0.3942 0.9185 0.0316
vn -0.3942 0.9185 0.0309
vn 0.3342 -0.7569 0.5616
vn -0.0393 0.1283 0.9909
vn -0.3948 0.9188 0.0001
vn 0.9401 0.3387 -0.0389
vn 0.9411 0.3356 -0.0411
vn 0.9389 0.3422 -0.0364
vn 0.0013 -0.1208 -0.9927
vn -0.3370 0.9414 0.0131
vn 0.3393 -0.9381 0.0692
vn -0.0000 0.1128 -0.9936
vn 0.1445 0.3322 -0.9321
vn -0.0000 0.3359 -0.9419
vn 0.1277 0.1042 -0.9863
vn 0.1466 -0.0475 -0.9881
vn 0.9616 -0.0823 -0.2619
vn 0.8926 -0.0135 -0.4506
vn 0.9637 -0.0221 -0.2660
vn -0.0122 -0.9910 -0.1330
vn -0.0066 -0.9919 -0.1269
vn 0.0077 -0.9867 -0.1625
vn 0.9866 0.1624 0.0170
vn -0.0000 -0.1295 0.9916
vn -0.0000 0.0069 1.0000
vn -0.0000 -0.1416 0.9899
vn 0.0165 -0.2613 -0.9651
vn 0.0072 -0.2653 -0.9641
vn 0.0130 -0.2383 -0.9711
vn 0.0108 -0.8017 -0.5976
vn 0.0087 -0.8032 -0.5956
vn 0.0191 -0.7960 -0.6049
vn -0.0000 -1.0000 -0.0000
vn -0.0097 -0.8190 0.5737
vn -0.0077 -0.8203 0.5718
vn -0.0176 -0.8137 0.5810
vn -0.0000 -0.2657 0.9640
vn 1.0000 -0.0055 0.0075
vn 1.0000 -0.0056 0.0077
vn 1.0000 -0.0000 -0.0000
vn -0.0000 0.0244 0.9997
vn -0.0000 -0.1444 0.9895
vn -0.0000 -0.1444 -0.9895
vn -0.0000 0.0244 -0.9997
vn -0.0052 -0.8119 -0.5838
vn -0.0040 -0.8127 -0.5826
vn -0.0000 -0.8155 -0.5788
vn 0.0045 -0.8060 0.5918
vn 0.0054 -0.8055 0.5926
vn 0.0098 -0.8026 0.5965
vn -0.0000 -0.3090 0.9511
vn -0.0000 -0.1488 0.9889
vn -0.0000 -0.1515 -0.9885
vn -0.0000 -0.3090 -0.9511
vn 0.9949 -0.1002 -0.0077
vn 0.9975 -0.0696 -0.0143
vn 0.9606 0.2345 0.1491
vn 0.9674 0.2499 0.0405
vn 0.9328 0.3586 0.0358
vn 0.9274 -0.2341 -0.2917
vn 0.9691 -0.0427 -0.2431
vn 0.1333 -0.1166 -0.9842
vn 0.1691 -0.0296 -0.9852
vn 0.1228 -0.0427 -0.9915
vn -0.9651 0.2620 -0.0000
vn -0.0000 1.0000 -0.0000
vn -0.0000 -0.0000 -1.0000
vn 0.0395 0.1091 -0.9932
vn -0.0000 0.0507 -0.9987
vn 0.1662 0.1587 -0.9732
vn 0.3980 0.8886 0.2280
vn 0.2612 0.9460 0.1917
vn 0.1369 0.9590 0.2482
vn -0.0157 -0.9998 0.0078
vn -0.0017 -1.0000 0.0011
vn -0.0082 -1.0000 0.0016
vn -0.0000 -0.9925 -0.1220
vn -0.0088 -0.9961 -0.0876
vn -0.9972 0.0419 0.0613
vn -0.9774 0.2009 0.0654
vn -0.9796 0.1598 0.1217
vn -0.1381 0.0014 0.9904
vn -0.2560 0.0886 0.9626
vn -0.3309 0.1894 0.9245
vn -0.3072 0.2258 0.9245
vn -0.0730 0.9483 0.3089
vn -0.0465 0.9989 0.0085
vn 0.2465 0.0086 0.9691
vn 0.2389 0.0095 0.9710
vn -0.9990 0.0413 -0.0197
vn -0.9591 0.2817 -0.0265
vn -0.9597 0.2782 -0.0389
vn -1.0000 0.0018 -0.0088
vn -0.9811 0.1933 0.0075
vn 0.3945 0.9188 0.0153
vn 0.3945 0.9187 0.0153
vn -0.1435 -0.0970 0.9849
vn -0.1010 -0.0902 0.9908
vn -0.1438 0.1802 -0.9731
vn -0.2506 0.1867 -0.9499
vn -0.1662 0.1587 -0.9732
vn -0.2231 0.9450 -0.2392
vn -0.2197 0.9664 -0.1333
vn -0.3699 0.9078 -0.1975
vn -0.0784 0.9857 -0.1490
vn -0.0377 0.1666 -0.9853
vn 0.1824 0.1031 -0.9778
vn 0.2108 0.1076 -0.9716
vn 0.9472 0.1819 -0.2640
vn -0.1137 0.9475 0.2988
vn -0.0604 0.9982 0.0029
vn -0.2209 0.9596 0.1742
vn -0.1765 0.9720 0.1551
vn -0.2796 0.9356 0.2155
vn -0.1990 -0.4336 0.8789
vn -0.3408 -0.4943 0.7997
vn -0.3541 -0.5272 0.7724
vn -0.9768 0.1922 -0.0945
vn -0.9889 0.0880 -0.1198
vn -0.9542 0.2858 -0.0882
vn -0.9904 -0.1363 0.0225
vn -0.9926 -0.1216 -0.0060
vn -0.9953 -0.0964 -0.0040
vn -0.1869 -0.4152 0.8903
vn -0.9827 -0.1792 0.0461
vn -0.9853 -0.0477 0.1643
vn -0.0388 0.9933 -0.1087
vn -0.0438 0.9911 -0.1256
vn -0.0598 0.9786 -0.1971
vn -0.0534 0.9741 -0.2195
vn -0.3785 -0.8691 0.3184
vn -0.3948 -0.9164 0.0663
vn -0.9886 -0.1368 0.0622
vn -0.9848 -0.1634 0.0590
vn -0.9972 -0.0017 -0.0748
vn -0.9874 -0.0342 -0.1545
vn -0.1652 0.8497 0.5008
vn -0.2250 0.9332 0.2801
vn -0.2152 0.9156 0.3398
vn -0.0849 0.9806 0.1769
vn -0.1163 0.9305 0.3474
vn -0.9988 0.0416 0.0252
vn -0.9995 -0.0042 0.0318
vn -0.0866 0.9690 0.2312
vn -0.1413 0.9259 0.3503
vn -0.0716 0.9729 0.2199
vn -0.9721 -0.1920 0.1345
vn -0.8893 -0.2153 0.4036
vn -0.3166 -0.9457 -0.0737
vn -0.3643 -0.8641 -0.3473
vn -0.3142 -0.9465 -0.0736
vn -0.1083 0.9649 -0.2391
vn -0.1190 0.9907 -0.0656
vn -0.9397 0.3320 -0.0823
vn -0.2710 0.8723 -0.4070
vn -0.1260 0.9057 -0.4049
vn -0.3087 0.8806 -0.3595
vn -0.1975 0.9518 -0.2347
vn -0.3199 0.8624 -0.3924
vn -0.0000 0.8995 -0.4370
vn -0.1530 0.8511 0.5022
vn -0.0872 0.8523 0.5157
vn -0.1650 -0.3513 0.9216
vn -0.9123 0.4093 0.0137
vn -0.9199 0.3913 0.0250
vn -0.9129 0.4079 0.0134
vn -0.8972 0.4415 -0.0001
vn -0.9363 0.3486 -0.0422
vn -0.9385 0.3433 -0.0371
vn -0.9375 0.3450 -0.0449
vn -0.9088 0.4162 -0.0301
vn -0.9457 0.3246 -0.0168
vn -0.9379 0.3449 -0.0370
vn -0.9180 0.3941 -0.0442
vn -0.9373 0.3480 -0.0171
vn -0.9421 0.3346 -0.0206
vn -0.9367 0.3475 -0.0421
vn -0.9385 0.3431 -0.0401
vn -0.9407 0.3366 -0.0419
vn -0.9388 0.3420 -0.0406
vn -0.9403 0.3378 -0.0415
vn -0.9409 0.3365 -0.0384
vn -0.9421 0.3341 -0.0301
vn -0.9405 0.3377 -0.0390
vn -0.9387 0.3425 -0.0383
vn -0.0893 0.8488 0.5211
vn -0.0000 0.8492 0.5280
vn -0.1208 0.9135 -0.3885
vn -0.2555 0.8826 -0.3947
vn -0.2694 0.8891 -0.3702
vn -0.5067 0.7815 -0.3640
vn -0.1718 0.8500 0.4980
vn -0.1306 0.8414 0.5243
vn 0.3418 0.1271 -0.9311
vn -0.1513 0.1139 -0.9819
vn -0.1612 0.1121 -0.9805
vn -0.2041 0.0404 -0.9781
vn -0.2034 0.0370 -0.9784
vn -0.0939 -0.0888 0.9916
vn 0.4098 0.0053 0.9122
vn 0.9122 0.1279 0.3892
vn -0.8951 0.4458 0.0016
vn -0.9116 0.4111 -0.0056
vn -0.8960 0.4433 -0.0268
vn -0.9200 0.3918 -0.0065
vn -0.9375 0.3454 0.0431
vn -0.9381 0.3444 -0.0375
vn -0.9371 0.3462 -0.0445
vn -0.9382 0.3441 -0.0363
vn -0.3080 -0.7390 -0.5992
vn 0.1999 0.4326 -0.8792
vn 0.3942 0.9185 0.0316
vn 0.3932 0.9173 0.0624
vn 0.3942 0.9185 0.0309
vn -0.3342 -0.7569 0.5616
vn -0.3768 -0.8647 0.3322
vn 0.0393 0.1283 0.9909
vn 0.3948 0.9188 0.0001
vn -0.9411 0.3356 -0.0411
vn -0.9401 0.3387 -0.0389
vn -0.9389 0.3422 -0.0364
vn -0.0013 -0.1208 -0.9927
vn 0.3370 0.9414 0.0131
vn -0.3393 -0.9381 0.0692
vn -0.1445 0.3322 -0.9321
vn -0.1466 -0.0475 -0.9881
vn -0.1277 0.1042 -0.9863
vn -0.8926 -0.0135 -0.4506
vn -0.9616 -0.0823 -0.2619
vn -0.9637 -0.0221 -0.2660
vn 0.0122 -0.9910 -0.1330
vn -0.0077 -0.9867 -0.1625
vn 0.0066 -0.9919 -0.1269
vn -0.9866 0.1624 0.0170
vn -0.0130 -0.2383 -0.9711
vn -0.0072 -0.2653 -0.9641
vn -0.0165 -0.2613 -0.9651
vn -0.0087 -0.8032 -0.5956
vn -0.0108 -0.8017 -0.5976
vn -0.0191 -0.7960 -0.6049
vn 0.0077 -0.8203 0.5718
vn 0.0097 -0.8190 0.5737
vn 0.0176 -0.8137 0.5810
vn -1.0000 -0.0000 -0.0000
vn -1.0000 -0.0056 0.0077
vn -1.0000 -0.0055 0.0075
vn 0.0040 -0.8127 -0.5826
vn 0.0052 -0.8119 -0.5838
vn -0.0045 -0.8060 0.5918
vn -0.0054 -0.8055 0.5926
vn -0.0000 -0.8090 0.5878
vn -0.9975 -0.0696 -0.0143
vn -0.9606 0.2345 0.1491
vn -0.9674 0.2499 0.0405
vn -0.9328 0.3586 0.0358
vn -0.9274 -0.2341 -0.2917
vn -0.9691 -0.0427 -0.2431
vn -0.1333 -0.1166 -0.9842
vn -0.1691 -0.0296 -0.9852
vn -0.1228 -0.0427 -0.9915
vn 0.9651 0.2620 -0.0000
vn -0.0395 0.1091 -0.9932
vn -0.3980 0.8886 0.2280
vn -0.2612 0.9460 0.1917
vn -0.1369 0.9590 0.2482
vn 0.0082 -1.0000 0.0016
vn 0.0017 -1.0000 0.0011
vn 0.0088 -0.9961 -0.0876
vn 0.3288 0.0996 0.9391
vn -0.0000 -0.1254 0.9921
vn -0.0000 0.9799 0.1996
vn 0.1869 -0.4152 0.8903
vn 0.0534 0.9741 -0.2195
vn 0.9848 -0.1634 0.0590
vn 0.1418 0.9188 0.3684
vn 0.2034 0.0370 -0.9784
vn -0.0000 -0.0733 0.9973
vn 0.9375 0.3454 0.0431
vn 0.9367 0.3469 -0.0475
vn 0.9425 0.3312 -0.0441
vn 0.9714 -0.0676 -0.2278
vn 0.9834 -0.0681 -0.1681
vn 0.0009 -0.2218 -0.9751
vn -0.0000 -0.8090 -0.5878
vn -0.0000 -0.8254 0.5645
vn 0.9973 -0.0435 0.0599
vn -0.0092 -0.8090 -0.5878
vn 0.9436 0.2914 0.1573
vn -0.0000 -0.1174 -0.9931
vn -0.0000 -0.9999 0.0140
vn -0.0000 -0.9985 -0.0546
vn 0.0052 -0.9998 0.0176
vn 0.0028 -0.9999 0.0163
vn 0.0038 -0.9998 0.0178
vn 0.0039 -0.9998 0.0186
vn -0.0092 -0.9999 0.0073
vn 0.0002 -0.9997 0.0229
vn -0.0000 -0.9933 -0.1157
vn -0.3288 0.0996 0.9391
vn -0.2315 0.2049 -0.9510
vn -0.1418 0.9188 0.3684
vn -0.3644 -0.8612 -0.3544
vn -0.1017 0.8556 0.5075
vn 0.4103 0.0033 0.9120
vn -0.9367 0.3469 -0.0475
vn -0.9425 0.3312 -0.0441
vn -0.9834 -0.0681 -0.1681
vn -0.9714 -0.0676 -0.2278
vn -0.0009 -0.2218 -0.9751
vn -0.9973 -0.0435 0.0599
vn 0.0092 -0.8090 -0.5878
vn -0.0098 -0.8026 0.5965
vn -0.9949 -0.1002 -0.0077
vn -0.9436 0.2914 0.1573
vn 0.0157 -0.9998 0.0078
vn -0.0028 -0.9999 0.0163
vn -0.0038 -0.9998 0.0178
vn -0.0052 -0.9998 0.0176
vn -0.0039 -0.9998 0.0186
vn -0.0002 -0.9997 0.0229
vn 0.0092 -0.9999 0.0073
vn -0.5859 0.7107 0.3893
vn -0.5728 -0.0000 -0.8197
vn 0.5859 -0.7107 -0.3893
vn 0.5728 -0.0000 0.8197
vn -0.5552 -0.7026 0.4450
vn 0.5552 0.7026 -0.4450
vn 0.1555 0.9812 0.1142
vn 0.9956 -0.0002 -0.0935
vn -0.7695 0.0003 0.6386
vn 0.1193 -0.9807 0.1546
vn -0.4237 -0.0000 -0.9058
vn -0.5511 0.6626 0.5072
vn 0.4237 -0.0000 0.9058
vn 0.5859 0.7107 0.3893
vn 0.5728 -0.0000 -0.8197
vn -0.5859 -0.7107 -0.3893
vn -0.5728 -0.0000 0.8197
vn 0.5552 -0.7026 0.4450
vn -0.5552 0.7026 -0.4450
vn -0.1555 0.9812 0.1142
vn -0.9956 -0.0002 -0.0935
vn 0.7695 0.0003 0.6386
vn -0.1193 -0.9807 0.1546
vn 0.4237 -0.0000 -0.9058
vn 0.5511 0.6626 0.5072
vn -0.4237 -0.0000 0.9058
vn -0.0000 -0.2702 0.9628
vn -0.0000 0.9347 -0.3556
vn -0.0000 0.1810 -0.9835
vn -0.0000 -0.0000 1.0000
vn -0.0000 -0.4085 0.9128
vn -0.0000 -0.9627 0.2707
vn -0.0000 0.5426 -0.8400
vn -0.0000 -0.5000 -0.8660
vn -0.0000 -0.5000 0.8660
vn -0.0000 0.5000 0.8660
vn -0.0000 0.5000 -0.8660
vn 0.5445 -0.0000 0.8388
vn -0.5445 -0.0000 0.8388
vn -0.9314 0.3464 0.1115
vn -0.0000 0.3841 -0.9233
vn 0.9487 0.2951 0.1136
vn -0.0000 0.3841 0.9233
vn -0.0000 -0.5316 -0.8470
vn -0.7501 -0.6548 0.0931
vn 0.7509 -0.6542 0.0906
vn -0.0000 -0.8500 0.5268
vn 0.9314 0.3464 0.1115
vn -0.9487 0.2951 0.1136
vn 0.7501 -0.6548 0.0931
vn -0.7509 -0.6542 0.0906
vn -0.6176 -0.7865 -0.0000
vn -0.6176 0.7865 -0.0000
vn 0.6176 -0.7865 -0.0000
vn 0.6176 0.7865 -0.0000
vn 0.9951 0.0915 0.0388
vn 0.3462 0.0138 0.9380
vn -0.0000 0.5446 -0.8387
vn 0.0743 0.0185 -0.9971
vn 0.3461 0.0295 0.9377
vn 0.0292 0.6358 -0.7713
vn -0.7071 -0.7071 -0.0000
vn -0.7071 0.7071 -0.0000
vn -0.9951 0.0915 0.0388
vn -0.3462 0.0138 0.9380
vn -0.0743 0.0185 -0.9971
vn -0.3461 0.0295 0.9377
vn -0.0292 0.6358 -0.7713
vn 0.7071 -0.7071 -0.0000
vn 0.7071 0.7071 -0.0000
vn -0.4751 0.5709 0.6696
vn 0.1123 -0.0000 0.9937
vn 0.1157 -0.0093 0.9932
vn 0.1157 0.0093 0.9932
vn 0.1091 -0.0000 0.9940
vn -0.8069 -0.0000 0.5907
vn -0.4751 -0.5709 0.6696
vn 0.0595 -0.8495 0.5243
vn 0.0595 0.8495 0.5243
vn 0.4751 0.5709 0.6696
vn -0.1123 -0.0000 0.9937
vn -0.1157 -0.0093 0.9932
vn -0.1157 0.0093 0.9932
vn -0.1091 -0.0000 0.9940
vn 0.8069 -0.0000 0.5907
vn 0.4751 -0.5709 0.6696
vn -0.0595 -0.8495 0.5243
vn -0.0595 0.8495 0.5243
vn 0.7500 -0.6548 0.0931
vn -0.2288 -0.0495 0.9722
vn -0.1625 -0.7246 0.6697
vn 0.2589 0.1673 -0.9513
vn 0.9896 0.1142 -0.0874
vn -0.1606 0.6896 0.7061
vn -0.7212 -0.6913 0.0455
vn -0.6870 0.7266 0.0055
vn -0.9981 0.0498 0.0362
vn 0.2288 -0.0495 0.9722
vn 0.1625 -0.7246 0.6697
vn -0.2589 0.1673 -0.9513
vn -0.9896 0.1142 -0.0874
vn 0.1606 0.6896 0.7061
vn 0.7212 -0.6913 0.0455
vn 0.6870 0.7266 0.0055
vn 0.9981 0.0498 0.0362
vt 0.990446 0.425335
vt 0.976321 0.423205
vt 0.980565 0.423046
vt 0.990446 0.413373
vt 0.990446 0.425335
vt 0.976321 0.425336
vt 0.990446 0.402442
vt 0.976321 0.412479
vt 0.976321 0.402442
vt 0.987242 0.970235
vt 0.979768 0.972134
vt 0.979768 0.970235
vt 0.978074 0.414229
vt 0.978145 0.423741
vt 0.978145 0.423741
vt 0.976481 0.970235
vt 0.980587 0.972134
vt 0.976481 0.972133
vt 0.987242 0.977209
vt 0.979030 0.977209
vt 0.979779 0.402782
vt 0.979769 0.403669
vt 0.979769 0.403669
vt 0.979020 0.977020
vt 0.971584 0.977039
vt 0.971584 0.977039
vt 0.973276 0.413658
vt 0.979000 0.425335
vt 0.973277 0.425335
vt 0.979000 0.415299
vt 0.979000 0.414375
vt 0.979000 0.402442
vt 0.979000 0.402783
vt 0.973276 0.402442
vt 0.974399 0.402442
vt 0.974408 0.409440
vt 0.985417 0.424812
vt 0.976219 0.424807
vt 0.985417 0.424812
vt 0.981077 0.980681
vt 0.986787 0.980681
vt 0.973933 0.972134
vt 0.973933 0.970235
vt 0.990446 0.417704
vt 0.978396 0.422262
vt 0.978293 0.417704
vt 0.990446 0.422262
vt 0.978484 0.425335
vt 0.986085 0.352570
vt 0.977318 0.362607
vt 0.976654 0.352228
vt 0.971093 0.402431
vt 0.979000 0.402442
vt 0.979000 0.402442
vt 0.973933 0.977209
vt 0.973933 0.972134
vt 0.973933 0.970235
vt 0.986086 0.375464
vt 0.977318 0.375464
vt 0.976321 0.424986
vt 0.970129 0.423508
vt 0.982124 0.355478
vt 0.982124 0.362485
vt 0.982124 0.355478
vt 0.982124 0.362485
vt 0.982124 0.369780
vt 0.989630 0.402708
vt 0.989650 0.403082
vt 0.989630 0.402708
vt 0.970202 0.418926
vt 0.967553 0.417704
vt 0.976321 0.417704
vt 0.983807 0.422048
vt 0.981853 0.422020
vt 0.983483 0.421973
vt 0.969427 0.424797
vt 0.975765 0.425190
vt 0.968457 0.425190
vt 0.976881 0.417704
vt 0.967553 0.422262
vt 0.967553 0.417704
vt 0.976321 0.419265
vt 0.990446 0.417704
vt 0.986085 0.362607
vt 0.986085 0.362607
vt 0.976745 0.375368
vt 0.986085 0.375114
vt 0.986085 0.375464
vt 0.986085 0.375464
vt 0.989548 0.408801
vt 0.989742 0.406141
vt 0.989742 0.406141
vt 0.973933 0.968777
vt 0.975148 0.403001
vt 0.971937 0.402561
vt 0.979767 0.968336
vt 0.974715 0.979052
vt 0.975130 0.974603
vt 0.975130 0.979934
vt 0.987242 0.981646
vt 0.980587 0.981646
vt 0.977425 0.423306
vt 0.977425 0.413233
vt 0.974684 0.974432
vt 0.975130 0.967774
vt 0.978085 0.429868
vt 0.974652 0.976917
vt 0.974879 0.972432
vt 0.978791 0.976600
vt 0.976871 0.425190
vt 0.976218 0.424807
vt 0.989811 0.976600
vt 0.988511 0.977014
vt 0.985725 0.414007
vt 0.978085 0.414431
vt 0.989207 0.974171
vt 0.989811 0.976600
vt 0.989041 0.976451
vt 0.986719 0.976506
vt 0.987242 0.972134
vt 0.981040 0.968534
vt 0.987242 0.968336
vt 0.986767 0.968491
vt 0.987961 0.980904
vt 0.977413 0.973384
vt 0.978106 0.973400
vt 0.979000 0.403893
vt 0.978099 0.970574
vt 0.977412 0.970118
vt 0.985917 0.971355
vt 0.985811 0.970923
vt 0.986667 0.970923
vt 0.989128 0.971549
vt 0.989811 0.971001
vt 0.989811 0.971650
vt 0.979812 0.403844
vt 0.989144 0.973612
vt 0.989811 0.973801
vt 0.981815 0.908260
vt 0.981740 0.908386
vt 0.981205 0.908386
vt 0.978191 0.969957
vt 0.977412 0.968302
vt 0.978255 0.968380
vt 0.985815 0.968645
vt 0.985835 0.968464
vt 0.986667 0.968414
vt 0.975284 0.297788
vt 0.983650 0.303509
vt 0.974992 0.303505
vt 0.976738 0.293547
vt 0.983949 0.301854
vt 0.976805 0.302501
vt 0.983992 0.308269
vt 0.976749 0.308269
vt 0.968599 0.303495
vt 0.968887 0.297805
vt 0.969427 0.424796
vt 0.974690 0.968593
vt 0.974684 0.974432
vt 0.974690 0.968593
vt 0.974715 0.979052
vt 0.979020 0.977020
vt 0.978086 0.429868
vt 0.968791 0.417202
vt 0.969182 0.409487
vt 0.968791 0.417202
vt 0.983907 0.302973
vt 0.976639 0.297439
vt 0.983907 0.297299
vt 0.976634 0.295355
vt 0.983967 0.292806
vt 0.976694 0.293514
vt 0.976702 0.292861
vt 0.989548 0.416495
vt 0.989548 0.408801
vt 0.978027 0.414194
vt 0.985768 0.413734
vt 0.978106 0.973400
vt 0.986767 0.968491
vt 0.977962 0.416149
vt 0.985840 0.416130
vt 0.977963 0.416149
vt 0.987961 0.980904
vt 0.983941 0.293339
vt 0.976702 0.294900
vt 0.976749 0.293737
vt 0.978035 0.415666
vt 0.985783 0.415620
vt 0.985783 0.415620
vt 0.978255 0.968380
vt 0.978191 0.969957
vt 0.989595 0.403430
vt 0.989668 0.405488
vt 0.989595 0.403430
vt 0.979471 0.355478
vt 0.978548 0.362485
vt 0.978548 0.355478
vt 0.979471 0.362485
vt 0.978548 0.369781
vt 0.979255 0.355478
vt 0.981287 0.355478
vt 0.981287 0.355478
vt 0.989331 0.358200
vt 0.980720 0.358200
vt 0.989331 0.358200
vt 0.981775 0.421973
vt 0.983807 0.421973
vt 0.976481 0.969202
vt 0.980587 0.970235
vt 0.985888 0.970703
vt 0.985806 0.416131
vt 0.977960 0.415792
vt 0.985722 0.415792
vt 0.985741 0.413866
vt 0.978061 0.414331
vt 0.985870 0.968296
vt 0.978225 0.968253
vt 0.981742 0.908743
vt 0.989003 0.356340
vt 0.974616 0.370726
vt 0.974616 0.356340
vt 0.986037 0.357714
vt 0.974968 0.365756
vt 0.988650 0.365756
vt 0.974617 0.370726
vt 0.974617 0.356340
vt 0.989003 0.370726
vt 0.974797 0.361933
vt 0.981809 0.370726
vt 0.988822 0.361933
vt 0.973225 0.356864
vt 0.988618 0.372258
vt 0.973225 0.372258
vt 0.987588 0.350080
vt 0.970548 0.367121
vt 0.970548 0.350080
vt 0.988618 0.356865
vt 0.973225 0.372258
vt 0.973225 0.356865
vt 0.973225 0.356865
vt 0.973225 0.372258
vt 0.988618 0.364561
vt 0.980922 0.356865
vt 0.973225 0.364561
vt 0.976553 0.976074
vt 0.977792 0.976125
vt 0.990446 0.422262
vt 0.984700 0.420489
vt 0.975130 0.403510
vt 0.972576 0.403909
vt 0.978548 0.355478
vt 0.979255 0.355478
vt 0.979471 0.369780
vt 0.973969 0.465311
vt 0.987350 0.465311
vt 0.987350 0.478692
vt 0.973969 0.478692
vt 0.992024 0.405870
vt 0.968950 0.428944
vt 0.968950 0.405870
vt 0.975512 0.409991
vt 0.976305 0.425134
vt 0.976267 0.424988
vt 0.976949 0.425335
vt 0.976942 0.422262
vt 0.967553 0.425335
vt 0.983539 0.370298
vt 0.983396 0.359460
vt 0.989331 0.363018
vt 0.989331 0.358277
vt 0.983506 0.358327
vt 0.979000 0.425335
vt 0.982124 0.369780
vt 0.967553 0.418927
vt 0.987242 0.968337
vt 0.986719 0.972033
vt 0.989111 0.971229
vt 0.989811 0.971650
vt 0.989081 0.971848
vt 0.983451 0.297784
vt 0.969181 0.409487
vt 0.984049 0.295337
vt 0.989548 0.416495
vt 0.989668 0.405488
vt 0.980587 0.969180
vt 0.987433 0.368018
vt 0.988618 0.356864
vt 0.975479 0.359119
vt 0.989331 0.360609
vt 0.988989 0.412479
vt 0.987242 0.972134
vt 0.978074 0.414229
vt 0.979779 0.402782
vt 0.981077 0.980681
vt 0.971937 0.402442
vt 0.967848 0.425126
vt 0.973933 0.968336
vt 0.977425 0.431169
vt 0.970189 0.976600
vt 0.986393 0.425190
vt 0.985725 0.414007
vt 0.980587 0.968336
vt 0.988859 0.982114
vt 0.983958 0.293747
vt 0.988511 0.977014
vt 0.983981 0.293082
vt 0.978027 0.414194
vt 0.978099 0.970574
vt 0.983995 0.294856
vt 0.978035 0.415666
vt 0.981068 0.421973
vt 0.981068 0.422038
vt 0.977582 0.357714
vt 0.976186 0.368018
vt 0.984930 0.357053
vt 0.978689 0.357053
vt 0.987588 0.367120
vt 0.987588 0.367121
vt 0.986364 0.359119
vt 0.975479 0.370004
vt 0.980922 0.372258
vt 0.986364 0.370004
vt 0.985079 0.422054
vt 0.978535 0.355478
vt 0.992024 0.428944
vt 0.972448 0.375083
vt 0.972448 0.361217
vt 0.989331 0.359240
vt 0.989331 0.374931
vt 0.981930 0.375083
vt 0.984043 0.373506
vt 0.989331 0.373758
vt 0.989331 0.369456
vt 0.989331 0.370357
vt 0.972448 0.358200
vt 0.971509 0.357357
vt 0.987432 0.357357
vt 0.987432 0.376570
vt 0.971509 0.376570
vt 0.984420 0.357357
vt 0.984420 0.376570
vt 0.981993 0.357357
vt 0.981993 0.376570
vt 0.987432 0.360991
vt 0.987432 0.373293
vt 0.987432 0.372935
vt 0.981993 0.376570
vt 0.972581 0.345561
vt 0.983544 0.345561
vt 0.983544 0.356523
vt 0.972581 0.356523
vt 0.972581 0.353542
vt 0.983544 0.353542
vt 0.972581 0.351525
vt 0.983544 0.351525
vt 0.980562 0.345561
vt 0.980562 0.356523
vt 0.978545 0.345561
vt 0.978545 0.356523
vt 0.975563 0.345561
vt 0.975563 0.356523
vt 0.977580 0.345561
vt 0.977580 0.356523
vt 0.972581 0.348543
vt 0.983544 0.348543
vt 0.983544 0.350560
vt 0.972581 0.350560
vt 0.978062 0.356523
vt 0.982809 0.353783
vt 0.982809 0.348302
vt 0.978062 0.345561
vt 0.973316 0.348302
vt 0.973316 0.353783
vt 0.968392 0.346308
vt 0.985308 0.346308
vt 0.985308 0.363224
vt 0.968392 0.363224
vt 0.015682 0.580041
vt 0.027082 0.580041
vt 0.027082 0.591442
vt 0.015682 0.591442
vt 0.653992 0.629338
vt 0.653992 0.643562
vt 0.668217 0.643562
vt 0.668217 0.629338
vt 0.967000 0.459722
vt 0.991000 0.459722
vt 0.991000 0.481944
vt 0.967000 0.481944
vt 0.992260 0.579590
vt 0.968260 0.579590
vt 0.970405 0.526442
vt 0.986266 0.526442
vt 0.986266 0.542303
vt 0.970405 0.542303
vt 0.092167 0.633263
vt 0.098618 0.633263
vt 0.098618 0.635262
vt 0.092167 0.635262
vt 0.092167 0.621034
vt 0.098618 0.621034
vt 0.106394 0.627096
vt 0.106394 0.635262
vt 0.092167 0.627096
vt 0.094165 0.626703
vt 0.094165 0.635262
vt 0.969749 0.963279
vt 0.986918 0.959901
vt 0.986908 0.976265
vt 0.969749 0.976265
vt 0.104395 0.621034
vt 0.106394 0.621034
vt 0.104395 0.635262
vt 0.966716 0.957709
vt 0.988304 0.957709
vt 0.988304 0.974869
vt 0.984208 0.976265
vt 0.970812 0.976265
vt 0.966716 0.974911
vt 0.094165 0.621034
vt 0.966716 0.956015
vt 0.970812 0.954677
vt 0.976504 0.954677
vt 0.976504 0.973232
vt 0.966716 0.973232
vt 0.984208 0.954677
vt 0.984208 0.973032
vt 0.976504 0.976265
vt 0.106394 0.623033
vt 0.092167 0.623033
vt 0.988304 0.957909
vt 0.969749 0.954677
vt 0.988304 0.954677
vt 0.966716 0.976265
vt 0.966716 0.955365
vt 0.988304 0.955408
vt 0.988304 0.971313
vt 0.968054 0.954677
vt 0.985271 0.954677
vt 0.985271 0.976265
vt 0.968069 0.976265
vt 0.970634 0.524144
vt 0.972456 0.523030
vt 0.971472 0.521592
vt 0.984194 0.521592
vt 0.984194 0.540717
vt 0.971472 0.540717
vt 0.970229 0.521592
vt 0.987395 0.521592
vt 0.987395 0.540717
vt 0.970229 0.540717
vt 0.985436 0.540717
vt 0.985436 0.521592
vt 0.968270 0.540717
vt 0.968270 0.521592
vt 0.968270 0.523551
vt 0.985031 0.524144
vt 0.983210 0.523030
vt 0.987395 0.523551
vt 0.970634 0.539280
vt 0.985031 0.539280
vt 0.973784 0.471647
vt 0.975605 0.470533
vt 0.986360 0.470533
vt 0.988181 0.471647
vt 0.988181 0.486783
vt 0.973784 0.486783
vt 0.969885 0.962251
vt 0.984109 0.962251
vt 0.984109 0.976476
vt 0.969885 0.976476
vt 0.013832 0.518973
vt 0.024391 0.518973
vt 0.024401 0.538963
vt 0.013823 0.538963
vt 0.010815 0.518973
vt 0.029107 0.518973
vt 0.029107 0.535631
vt 0.010788 0.535788
vt 0.009144 0.538187
vt 0.028847 0.538963
vt 0.009153 0.538963
vt 0.009117 0.520671
vt 0.012653 0.518973
vt 0.025576 0.518973
vt 0.029107 0.520806
vt 0.029107 0.538963
vt 0.009117 0.538963
vt 0.009117 0.518973
vt 0.029107 0.535351
vt 0.024391 0.538963
vt 0.013832 0.538963
vt 0.009117 0.535631
vt 0.009117 0.535350
vt 0.027354 0.535514
vt 0.029107 0.538120
vt 0.027273 0.518973
vt 0.009117 0.535803
vt 0.009117 0.519500
vt 0.029107 0.535530
vt 0.012668 0.519748
vt 0.013823 0.518973
vt 0.024401 0.518973
vt 0.025556 0.519815
vt 0.025576 0.538963
vt 0.012653 0.538963
vt 0.971571 0.353408
vt 0.985985 0.353408
vt 0.985985 0.367822
vt 0.971571 0.367822
s 1
usemtl metallic
f 5/1/1 123/2/2 121/3/3
f 147/4/4 10/5/5 40/6/6
f 5/7/7 44/8/8 52/9/9
f 54/10/10 68/11/11 55/12/12
f 62/13/13 88/14/14 37/15/15
f 56/16/16 28/17/17 41/18/18
f 41/18/18 73/19/19 42/20/20
f 60/21/21 102/22/22 69/23/22
f 35/24/23 94/25/24 14/26/24
f 46/27/25 30/28/26 43/29/27
f 63/30/28 30/28/29 38/31/30
f 27/32/31 38/31/30 32/33/32
f 45/34/33 143/35/34 145/36/35
f 66/37/36 91/38/37 85/39/38
f 25/40/39 92/41/39 6/41/39
f 55/12/12 72/42/40 81/43/41
f 22/44/42 149/45/43 150/46/44
f 48/47/45 147/48/46 149/45/43
f 49/49/47 34/50/48 4/51/49
f 39/52/50 30/53/51 75/54/52
f 41/18/18 11/55/53 13/56/54
f 56/16/16 13/56/54 53/57/55
f 34/50/48 51/58/56 9/59/57
f 52/60/58 124/61/59 123/2/2
f 45/62/60 114/63/61 113/64/62
f 46/65/63 109/66/64 114/63/61
f 59/67/65 104/68/66 100/69/67
f 126/70/68 11/71/53 42/72/20
f 130/73/69 131/74/70 39/75/50
f 17/76/71 151/77/72 73/78/73
f 151/79/72 47/80/74 73/81/73
f 125/82/75 42/72/20 73/83/19
f 49/49/76 44/84/77 50/85/78
f 4/86/79 52/87/58 49/88/80
f 40/89/81 50/85/78 44/84/77
f 64/90/82 98/91/83 116/92/84
f 55/12/12 81/43/41 80/93/85
f 39/52/50 135/94/86 130/95/69
f 58/96/87 54/10/10 55/12/12
f 6/97/88 58/98/87 74/99/89
f 25/40/90 74/100/89 75/101/91
f 62/13/92 63/102/28 27/103/31
f 33/104/93 7/105/94 58/98/87
f 25/106/90 63/102/28 37/15/95
f 17/107/71 72/42/40 14/108/96
f 14/26/96 68/109/11 35/24/97
f 66/37/98 150/110/44 36/111/99
f 35/24/97 19/112/100 67/113/101
f 79/114/102 108/115/102 77/115/102
f 116/116/103 72/117/104 64/118/105
f 65/119/106 72/120/104 73/19/19
f 60/121/107 74/122/108 59/123/109
f 65/124/106 28/125/17 76/126/110
f 60/21/107 83/127/111 75/54/52
f 57/128/112 28/125/17 82/129/113
f 116/130/103 117/131/114 81/132/115
f 70/133/116 74/134/108 80/135/117
f 69/23/118 119/136/119 83/127/111
f 71/137/120 80/135/117 81/138/115
f 78/139/121 120/140/122 82/141/113
f 78/142/121 83/143/111 77/144/123
f 79/145/124 118/146/125 80/147/117
f 36/111/136 95/158/137 91/38/37
f 61/159/138 89/160/139 86/161/140
f 33/104/141 92/162/142 89/160/139
f 67/113/143 90/163/144 35/24/23
f 25/106/145 88/14/14 93/164/146
f 17/165/147 94/166/147 95/167/147
f 64/90/82 99/175/155 96/176/156
f 69/177/157 104/178/157 70/178/157
f 57/128/158 97/179/159 76/126/160
f 60/121/161 100/180/67 101/121/161
f 57/181/162 98/182/162 103/183/162
f 65/124/163 97/179/159 99/184/163
f 78/188/167 106/189/167 71/190/167
f 78/142/168 108/191/168 107/192/168
f 79/193/169 106/194/169 105/195/169
f 142/196/170 111/197/171 112/198/172
f 140/199/173 110/200/174 111/197/171
f 139/201/175 109/202/176 43/203/177
f 31/204/178 111/205/179 110/206/180
f 139/207/175 43/208/177 39/75/50
f 115/209/181 82/210/113 56/16/16
f 117/131/114 71/211/120 81/132/115
f 116/212/103 120/213/122 117/214/114
f 118/215/125 77/115/123 119/216/119
f 118/146/125 70/217/116 80/147/117
f 119/218/119 77/144/123 83/143/111
f 119/216/119 70/178/116 118/215/125
f 78/188/121 117/214/114 120/213/122
f 120/140/122 57/219/112 82/141/113
f 3/220/182 127/221/183 126/222/184
f 20/223/185 123/224/186 16/225/187
f 121/220/188 24/226/189 122/227/190
f 24/227/191 129/228/191 122/226/191
f 29/220/192 129/221/193 26/227/194
f 29/220/195 126/226/184 125/227/195
f 3/229/196 26/230/197 20/231/198
f 134/232/199 1/233/200 138/234/199
f 12/235/201 132/236/202 137/237/202
f 15/238/203 136/239/204 115/240/205
f 18/235/191 135/236/191 136/237/191
f 21/241/206 130/233/207 135/242/208
f 23/238/209 131/234/210 130/241/209
f 23/243/198 18/244/198 12/245/198
f 133/238/211 15/234/212 115/240/212
f 53/57/55 132/246/213 133/247/214
f 121/3/3 47/248/215 5/1/1
f 47/248/215 129/249/216 73/83/19
f 129/249/216 125/82/75 73/83/19
f 135/94/86 83/127/111 136/250/217
f 136/250/217 83/127/111 115/251/181
f 139/201/175 110/252/218 141/253/219
f 142/196/170 114/63/220 140/199/173
f 140/199/173 109/66/221 141/254/222
f 144/255/223 145/256/223 2/257/223
f 8/256/224 145/258/224 143/255/224
f 8/259/225 144/260/226 2/261/225
f 144/262/226 32/33/227 38/31/228
f 125/82/75 126/70/68 42/72/20
f 150/110/44 151/263/72 36/264/99
f 146/265/229 149/45/43 147/48/46
f 148/266/230 150/46/44 149/45/43
f 148/266/230 5/267/231 47/80/74
f 128/268/232 137/269/233 13/270/234
f 31/204/178 134/271/235 138/272/236
f 252/2/237 157/1/238 250/3/239
f 40/6/6 10/5/5 274/4/240
f 187/8/241 157/7/242 192/9/243
f 203/11/244 54/10/10 194/12/245
f 219/14/246 62/13/13 181/15/247
f 195/16/248 173/17/249 217/210/250
f 184/18/251 208/19/252 173/17/249
f 233/22/253 199/21/254 204/23/253
f 225/25/255 179/24/256 162/26/255
f 188/27/257 175/28/258 182/31/259
f 200/30/260 175/28/261 210/273/262
f 182/31/263 27/32/31 32/33/32
f 272/36/264 45/34/33 188/27/257
f 66/37/36 222/38/265 180/111/266
f 223/41/267 171/40/267 158/41/267
f 207/42/268 194/12/245 216/43/269
f 276/45/270 22/44/42 277/46/271
f 274/48/272 48/47/45 276/45/270
f 178/50/273 190/49/274 156/51/275
f 175/53/276 183/52/277 210/54/278
f 159/55/279 184/18/251 161/56/280
f 161/56/280 195/16/248 193/57/281
f 178/50/273 51/58/56 191/85/282
f 253/61/283 192/60/284 252/2/237
f 45/62/60 243/63/285 188/65/286
f 188/65/286 240/66/287 186/274/288
f 198/67/289 235/68/290 205/68/290
f 255/70/291 159/71/279 256/275/292
f 259/73/293 183/75/277 260/74/294
f 165/76/295 278/77/296 180/264/297
f 189/80/298 278/79/296 208/81/299
f 254/82/300 208/83/252 185/72/301
f 187/84/302 190/49/303 191/85/304
f 156/86/305 190/88/306 192/87/284
f 40/89/81 191/85/304 51/58/81
f 229/91/307 201/90/308 245/92/309
f 197/96/310 215/93/311 194/12/245
f 264/94/312 183/52/277 259/95/293
f 197/96/310 54/10/10 7/276/94
f 158/97/313 197/98/310 177/104/314
f 171/40/315 209/100/316 158/41/313
f 62/13/92 200/102/260 181/15/317
f 177/104/314 7/105/94 61/159/318
f 200/102/260 171/106/315 181/15/317
f 207/42/268 165/107/295 162/108/319
f 203/109/244 162/26/319 179/24/320
f 277/110/271 66/37/98 180/111/297
f 19/112/100 179/24/320 67/113/101
f 239/115/321 214/114/321 212/115/321
f 207/117/322 245/116/323 201/118/324
f 202/119/325 207/120/322 201/277/324
f 209/122/326 199/121/327 198/123/328
f 173/125/249 202/124/325 211/126/329
f 199/21/327 218/127/330 204/23/331
f 196/128/332 173/125/249 211/126/329
f 245/130/323 216/132/333 246/131/334
f 205/133/335 209/134/326 198/278/328
f 204/23/331 218/127/330 248/136/336
f 206/137/337 215/279/338 214/280/339
f 213/139/340 217/141/250 249/140/341
f 218/143/330 213/142/340 212/144/342
f 214/145/339 215/147/338 247/146/343
f 180/111/266 226/158/352 165/76/352
f 61/159/138 220/160/353 177/104/354
f 177/104/354 223/162/355 158/97/356
f 221/163/357 67/113/143 179/24/256
f 171/106/358 219/14/246 181/15/247
f 165/165/359 225/166/359 162/282/359
f 201/90/308 230/175/368 202/284/368
f 235/178/369 204/177/369 205/178/369
f 228/179/370 196/128/371 211/126/372
f 199/121/373 231/180/374 198/123/289
f 196/181/375 229/182/375 245/212/375
f 202/124/376 228/179/370 211/126/372
f 237/189/380 213/188/380 206/190/380
f 213/142/381 239/191/381 212/144/381
f 214/193/382 237/194/382 206/285/382
f 242/197/383 142/196/170 112/198/172
f 241/200/384 269/199/385 242/197/383
f 240/202/386 268/201/387 186/203/388
f 176/204/389 241/206/390 242/205/391
f 183/75/277 186/208/388 268/207/387
f 244/209/392 217/210/250 218/286/330
f 246/131/334 216/132/333 206/211/337
f 249/213/341 245/212/323 246/214/334
f 247/215/343 212/115/342 214/114/339
f 247/146/343 215/147/338 205/217/335
f 248/218/336 218/143/330 212/144/342
f 248/216/336 205/178/335 204/177/331
f 246/214/334 213/188/340 249/213/341
f 249/140/341 217/141/250 196/219/332
f 256/221/183 155/220/182 255/222/184
f 164/225/393 252/224/394 167/223/395
f 170/226/396 250/220/397 251/227/398
f 170/227/191 258/228/191 172/220/191
f 258/221/399 174/220/400 172/227/401
f 255/226/184 174/220/195 254/227/195
f 170/287/402 172/230/403 155/229/404
f 263/232/199 153/233/200 260/288/210
f 261/236/202 160/235/201 266/237/202
f 265/239/405 163/238/406 244/240/205
f 264/236/191 166/235/191 265/237/191
f 168/241/407 259/233/408 169/238/409
f 260/234/210 169/238/209 259/241/209
f 160/245/402 163/289/402 166/244/402
f 163/234/212 262/238/211 244/240/212
f 195/16/248 244/209/392 262/247/410
f 189/248/411 250/3/239 157/1/238
f 258/249/412 189/248/411 208/83/252
f 258/249/412 208/83/252 254/82/300
f 264/94/312 218/127/330 210/54/278
f 265/250/413 244/251/392 218/127/330
f 241/252/414 268/201/387 270/253/415
f 243/63/416 142/196/170 269/199/385
f 240/66/417 269/199/385 270/254/418
f 271/255/419 154/257/419 272/256/419
f 272/258/224 8/256/224 143/255/224
f 271/260/420 8/259/225 154/261/225
f 271/262/420 182/31/259 32/33/227
f 254/82/300 185/72/301 255/70/291
f 277/110/271 180/264/297 278/263/296
f 273/265/421 276/45/270 275/266/422
f 275/266/422 277/46/271 278/79/296
f 157/267/423 275/266/422 189/80/298
f 161/270/424 193/290/191 266/269/425
f 176/204/389 242/205/391 267/272/426
f 5/1/1 52/60/58 123/2/2
f 40/6/6 44/8/8 147/4/4
f 44/8/8 146/291/427 147/4/4
f 5/7/7 146/291/427 44/8/8
f 54/10/10 19/292/100 68/11/11
f 62/13/13 87/293/428 88/14/14
f 56/16/16 82/210/113 28/17/17
f 41/18/18 28/17/17 73/19/19
f 60/21/21 101/294/21 102/22/22
f 35/24/23 90/163/144 94/25/24
f 46/27/25 38/31/228 30/28/26
f 63/30/28 75/273/91 30/28/29
f 27/32/31 63/30/28 38/31/30
f 145/36/35 144/262/226 46/27/25
f 144/262/226 38/31/228 46/27/25
f 46/27/25 45/34/33 145/36/35
f 66/37/36 36/111/136 91/38/37
f 25/40/39 93/295/39 92/41/39
f 55/12/12 68/11/11 72/42/40
f 22/44/42 48/47/45 149/45/43
f 48/47/45 10/5/429 147/48/46
f 49/49/47 50/85/430 34/50/48
f 39/52/50 43/296/177 30/53/51
f 41/18/18 42/20/20 11/55/53
f 56/16/16 41/18/18 13/56/54
f 34/50/48 50/85/430 51/58/56
f 52/60/58 4/297/79 124/61/59
f 45/62/60 46/65/63 114/63/61
f 46/65/63 43/274/431 109/66/64
f 59/67/65 70/68/66 104/68/66
f 126/70/68 127/275/432 11/71/53
f 17/76/71 36/264/99 151/77/72
f 151/79/72 148/266/230 47/80/74
f 49/49/76 52/87/433 44/84/77
f 40/89/81 51/58/81 50/85/78
f 64/90/82 96/176/156 98/91/83
f 80/93/85 74/298/89 58/96/87
f 58/96/87 55/12/12 80/93/85
f 39/52/50 75/54/52 135/94/86
f 58/96/87 7/276/94 54/10/10
f 6/97/88 33/104/93 58/98/87
f 25/40/90 6/41/88 74/100/89
f 62/13/92 37/15/95 63/102/28
f 33/104/93 61/159/318 7/105/94
f 25/106/90 75/299/91 63/102/28
f 17/107/71 73/55/73 72/42/40
f 14/26/96 72/300/40 68/109/11
f 66/37/98 22/301/42 150/110/44
f 35/24/97 68/109/11 19/112/100
f 79/114/102 105/302/102 108/115/102
f 116/116/103 81/138/115 72/117/104
f 65/119/106 64/277/105 72/120/104
f 60/121/107 75/303/52 74/122/108
f 65/124/106 73/304/19 28/125/17
f 60/21/107 69/23/118 83/127/111
f 57/128/112 76/126/110 28/125/17
f 70/133/116 59/278/109 74/134/108
f 71/137/120 79/280/124 80/135/117
f 78/142/121 82/129/113 83/143/111
f 36/111/136 17/76/137 95/158/137
f 61/159/138 33/104/141 89/160/139
f 33/104/141 6/97/434 92/162/142
f 67/113/143 84/306/435 90/163/144
f 25/106/145 37/15/15 88/14/14
f 17/165/147 14/282/147 94/166/147
f 64/90/82 65/284/155 99/175/155
f 69/177/157 102/308/157 104/178/157
f 57/128/158 103/309/158 97/179/159
f 60/121/161 59/123/65 100/180/67
f 57/181/162 116/212/162 98/182/162
f 65/124/163 76/126/160 97/179/159
f 78/188/167 107/311/167 106/189/167
f 78/142/168 77/144/168 108/191/168
f 79/193/169 71/285/169 106/194/169
f 142/196/170 140/199/173 111/197/171
f 140/199/173 141/254/222 110/200/174
f 139/201/175 141/253/219 109/202/176
f 39/75/50 131/74/70 31/312/439
f 131/74/70 134/313/440 31/312/439
f 39/75/50 31/312/439 139/207/175
f 115/209/181 83/286/111 82/210/113
f 116/212/103 57/181/112 120/213/122
f 118/215/125 79/114/124 77/115/123
f 119/216/119 69/177/118 70/178/116
f 78/188/121 71/190/120 117/214/114
f 3/220/182 128/228/183 127/221/183
f 121/314/212 123/224/186 20/223/185
f 123/224/186 124/230/441 16/225/187
f 121/220/188 20/228/442 24/226/189
f 24/227/191 26/220/191 129/228/191
f 29/220/192 125/228/443 129/221/193
f 29/220/195 3/228/182 126/226/184
f 3/229/196 29/315/444 26/230/197
f 26/230/197 24/287/198 20/231/198
f 20/231/198 16/316/198 3/229/196
f 16/316/198 128/317/198 3/229/196
f 134/232/199 131/288/210 1/233/200
f 12/235/201 133/318/211 132/236/202
f 15/238/203 18/233/445 136/239/204
f 18/235/191 21/319/191 135/236/191
f 21/241/206 23/238/409 130/233/207
f 23/238/209 1/233/200 131/234/210
f 23/243/198 21/320/198 18/244/198
f 18/244/198 15/289/198 12/245/198
f 12/245/198 137/321/198 138/322/198
f 138/322/198 1/323/198 12/245/198
f 1/323/198 23/243/198 12/245/198
f 133/238/211 12/233/201 15/234/212
f 133/247/214 115/209/181 56/16/16
f 56/16/16 53/57/55 133/247/214
f 121/3/3 122/324/446 47/248/215
f 47/248/215 122/324/446 129/249/216
f 135/94/86 75/54/52 83/127/111
f 139/201/175 31/325/439 110/252/218
f 142/196/170 113/64/447 114/63/220
f 140/199/173 114/63/220 109/66/221
f 8/256/224 2/257/224 145/258/224
f 8/259/225 32/326/227 144/260/226
f 146/265/229 148/266/230 149/45/43
f 148/266/230 151/79/72 150/46/44
f 148/266/230 146/265/229 5/267/231
f 9/327/448 152/328/449 128/268/232
f 152/328/449 138/272/236 137/269/233
f 137/269/233 132/329/191 53/290/191
f 152/328/449 137/269/233 128/268/232
f 4/330/450 34/331/451 16/332/452
f 34/331/451 9/327/448 16/332/452
f 16/332/452 124/333/453 4/330/450
f 11/334/454 127/335/455 128/268/232
f 13/270/234 11/334/454 128/268/232
f 128/268/232 16/332/452 9/327/448
f 137/269/233 53/290/191 13/270/234
f 138/272/236 152/328/449 111/205/179
f 152/328/449 112/336/456 111/205/179
f 111/205/179 31/204/178 138/272/236
f 252/2/237 192/60/284 157/1/238
f 273/291/457 187/8/241 274/4/240
f 187/8/241 40/6/6 274/4/240
f 187/8/241 273/291/457 157/7/242
f 203/11/244 19/292/100 54/10/10
f 219/14/246 87/293/428 62/13/13
f 195/16/248 184/18/251 173/17/249
f 184/18/251 185/20/301 208/19/252
f 233/22/253 232/294/254 199/21/254
f 225/25/255 221/163/357 179/24/256
f 188/27/257 186/29/458 175/28/258
f 200/30/260 182/31/263 175/28/261
f 182/31/263 200/30/260 27/32/31
f 182/31/259 271/262/420 188/27/257
f 271/262/420 272/36/264 188/27/257
f 272/36/264 143/35/34 45/34/33
f 66/37/36 85/39/38 222/38/265
f 223/41/267 224/295/267 171/40/267
f 207/42/268 203/11/244 194/12/245
f 276/45/270 48/47/45 22/44/42
f 274/48/272 10/5/429 48/47/45
f 178/50/273 191/85/282 190/49/274
f 175/53/276 186/296/388 183/52/277
f 159/55/279 185/20/301 184/18/251
f 161/56/280 184/18/251 195/16/248
f 178/50/273 9/59/57 51/58/56
f 253/61/283 156/297/305 192/60/284
f 45/62/60 113/64/62 243/63/285
f 188/65/286 243/63/285 240/66/287
f 198/67/289 231/69/374 235/68/290
f 255/70/291 185/72/301 159/71/279
f 165/76/295 208/78/299 278/77/296
f 189/80/298 275/266/422 278/79/296
f 187/84/302 192/87/459 190/49/303
f 40/89/81 187/84/302 191/85/304
f 229/91/307 227/176/460 201/90/308
f 209/298/316 215/93/311 197/96/310
f 215/93/311 216/43/269 194/12/245
f 264/94/312 210/54/278 183/52/277
f 197/96/310 194/12/245 54/10/10
f 158/97/313 209/99/316 197/98/310
f 171/40/315 210/101/262 209/100/316
f 62/13/92 27/103/31 200/102/260
f 177/104/314 197/98/310 7/105/94
f 200/102/260 210/299/262 171/106/315
f 207/42/268 208/55/299 165/107/295
f 203/109/244 207/300/268 162/26/319
f 277/110/271 22/301/42 66/37/98
f 19/112/100 203/109/244 179/24/320
f 239/115/321 236/302/321 214/114/321
f 207/117/322 216/138/333 245/116/323
f 202/119/325 208/19/252 207/120/322
f 209/122/326 210/303/278 199/121/327
f 173/125/249 208/304/252 202/124/325
f 199/21/327 210/54/278 218/127/330
f 196/128/332 217/129/250 173/125/249
f 205/133/335 215/279/338 209/134/326
f 206/137/337 216/138/333 215/279/338
f 218/143/330 217/129/250 213/142/340
f 180/111/266 222/38/265 226/158/352
f 61/159/138 86/161/140 220/160/353
f 177/104/354 220/160/353 223/162/355
f 221/163/357 84/306/435 67/113/143
f 171/106/358 224/164/462 219/14/246
f 165/165/359 226/167/359 225/166/359
f 201/90/308 227/176/460 230/175/368
f 235/178/369 233/308/369 204/177/369
f 228/179/370 234/309/371 196/128/371
f 199/121/373 232/121/373 231/180/374
f 196/181/375 234/183/375 229/182/375
f 202/124/376 230/184/376 228/179/370
f 237/189/380 238/311/380 213/188/380
f 213/142/381 238/192/381 239/191/381
f 214/193/382 236/195/382 237/194/382
f 242/197/383 269/199/385 142/196/170
f 241/200/384 270/254/418 269/199/385
f 240/202/386 270/253/415 268/201/387
f 263/313/465 260/74/294 176/312/466
f 260/74/294 183/75/277 176/312/466
f 176/312/466 183/75/277 268/207/387
f 244/209/392 195/16/248 217/210/250
f 249/213/341 196/181/332 245/212/323
f 247/215/343 248/216/336 212/115/342
f 248/216/336 247/215/343 205/178/335
f 246/214/334 206/190/337 213/188/340
f 256/221/183 257/228/183 155/220/182
f 253/230/467 252/224/394 164/225/393
f 252/224/394 250/314/212 167/223/395
f 170/226/396 167/228/442 250/220/397
f 170/227/191 251/226/191 258/228/191
f 258/221/399 254/228/443 174/220/400
f 255/226/184 155/228/182 174/220/195
f 172/230/403 174/315/468 155/229/404
f 155/229/404 257/317/402 164/316/402
f 164/316/402 167/231/402 155/229/404
f 167/231/402 170/287/402 155/229/404
f 263/232/199 267/234/199 153/233/200
f 261/236/202 262/318/211 160/235/201
f 265/239/405 166/233/469 163/238/406
f 264/236/191 168/319/191 166/235/191
f 168/241/407 264/242/470 259/233/408
f 260/234/210 153/233/200 169/238/209
f 166/244/402 168/320/402 169/243/402
f 169/243/402 153/323/402 166/244/402
f 153/323/402 267/322/402 160/245/402
f 166/244/402 153/323/402 160/245/402
f 267/322/402 266/321/402 160/245/402
f 163/234/212 160/233/201 262/238/211
f 262/247/410 261/246/471 193/57/281
f 193/57/281 195/16/248 262/247/410
f 189/248/411 251/324/472 250/3/239
f 258/249/412 251/324/472 189/248/411
f 264/94/312 265/250/413 218/127/330
f 241/252/414 176/325/466 268/201/387
f 243/63/416 113/64/447 142/196/170
f 240/66/417 243/63/416 269/199/385
f 272/258/224 154/257/224 8/256/224
f 271/260/420 32/326/227 8/259/225
f 273/265/421 274/48/272 276/45/270
f 275/266/422 276/45/270 277/46/271
f 157/267/423 273/265/421 275/266/422
f 267/272/426 152/328/449 266/269/425
f 152/328/449 9/327/448 257/268/473
f 266/269/425 152/328/449 257/268/473
f 9/327/448 178/331/474 164/332/475
f 178/331/474 156/330/476 164/332/475
f 156/330/476 253/333/477 164/332/475
f 257/268/473 256/335/478 159/334/479
f 257/268/473 159/334/479 161/270/424
f 9/327/448 164/332/475 257/268/473
f 193/290/191 261/329/191 266/269/425
f 257/268/473 161/270/424 266/269/425
f 112/336/456 152/328/449 242/205/391
f 152/328/449 267/272/426 242/205/391
f 267/272/426 263/271/235 176/204/389
s 0
f 279/337/480 280/338/480 282/339/480 281/340/480
f 281/337/481 282/338/481 286/339/481 285/340/481
f 285/337/482 286/338/482 284/339/482 283/340/482
f 283/337/483 284/338/483 280/339/483 279/340/483
f 281/337/484 285/338/484 283/339/484 279/340/484
f 286/337/485 282/338/485 280/339/485 284/340/485
f 292/337/486 296/341/486 293/342/486 290/340/486
f 291/337/487 292/338/487 290/339/487 289/340/487
f 287/337/488 294/343/488 295/344/488 288/340/488
f 288/337/489 291/338/489 289/339/489 287/340/489
f 293/338/491 296/346/491 295/344/491 294/343/491
f 289/337/492 290/338/492 293/347/492 294/348/492 287/340/492
f 297/337/493 299/340/493 300/339/493 298/338/493
f 299/337/494 303/340/494 304/339/494 300/338/494
f 303/337/495 301/340/495 302/339/495 304/338/495
f 301/337/496 297/340/496 298/339/496 302/338/496
f 299/337/497 297/340/497 301/339/497 303/338/497
f 304/337/498 302/340/498 298/339/498 300/338/498
f 310/337/499 308/340/499 311/342/499 314/341/499
f 309/337/500 307/340/500 308/339/500 310/338/500
f 305/337/501 306/340/501 313/344/501 312/343/501
f 306/337/502 305/340/502 307/339/502 309/338/502
f 311/338/504 312/343/504 313/344/504 314/346/504
f 307/337/505 305/340/505 312/348/505 311/347/505 308/338/505
f 315/349/402 316/350/402 318/351/402 317/352/402
f 317/349/225 318/350/225 322/351/225 321/352/225
f 321/349/198 322/350/198 320/351/198 319/352/198
f 319/349/506 320/350/506 316/351/506 315/352/506
f 317/349/191 321/350/191 319/351/191 315/352/191
f 322/349/224 318/350/224 316/351/224 320/352/224
f 323/349/224 324/350/224 326/351/224 325/352/224
f 337/353/507 335/354/507 330/351/507 329/352/507
f 329/349/508 330/350/508 328/351/508 327/352/508
f 333/355/509 334/356/509 324/351/509 323/352/509
f 337/357/402 329/350/402 327/351/402 336/358/402
f 332/359/198 326/350/198 324/351/198 334/360/198
f 335/361/198 332/359/198 334/360/198 338/362/198
f 325/349/402 331/363/402 333/364/402 323/352/402
f 336/365/510 338/366/510 334/356/510 333/355/510
f 325/349/225 326/350/225 332/367/225 331/368/225
f 327/349/511 328/350/511 338/366/511 336/365/511
f 330/349/198 335/361/198 338/362/198 328/352/198
f 331/363/402 337/357/402 336/358/402 333/364/402
f 331/368/512 332/367/512 335/354/512 337/353/512
f 339/349/224 341/352/224 342/351/224 340/350/224
f 353/353/507 345/352/507 346/351/507 351/354/507
f 345/349/508 343/352/508 344/351/508 346/350/508
f 349/355/509 339/352/509 340/351/509 350/356/509
f 353/357/198 352/358/198 343/351/198 345/350/198
f 348/359/402 350/360/402 340/351/402 342/350/402
f 351/361/402 354/362/402 350/360/402 348/359/402
f 341/349/198 339/352/198 349/364/198 347/363/198
f 352/365/510 349/355/510 350/356/510 354/366/510
f 341/349/225 347/368/225 348/367/225 342/350/225
f 343/349/511 352/365/511 354/366/511 344/350/511
f 346/349/402 344/352/402 354/362/402 351/361/402
f 347/363/198 349/364/198 352/358/198 353/357/198
f 347/368/512 353/353/512 351/354/512 348/367/512
s 1
f 355/349/513 356/350/513 358/351/513 357/352/513
f 357/349/191 358/350/191 360/351/191 359/352/191
f 359/349/514 360/350/514 362/351/514 361/352/514
f 361/349/515 362/350/515 364/351/515 363/352/515
f 358/369/198 356/370/198 366/371/198 364/372/198 362/373/198 360/374/198
f 363/349/224 364/350/224 366/351/224 365/352/224
f 365/349/516 366/350/516 356/351/516 355/352/516
f 355/369/402 357/370/402 359/371/402 361/372/402 363/373/402 365/374/402
s 0
f 371/375/225 372/376/225 370/377/225 369/378/225
f 369/375/198 370/376/198 368/377/198 367/378/198
f 371/375/191 369/376/191 367/377/191 373/378/191
f 370/375/224 372/376/224 374/377/224 368/378/224
f 367/375/517 368/376/517 374/377/517 373/378/517
f 371/375/225 377/378/225 378/377/225 372/376/225
f 377/375/402 375/378/402 376/377/402 378/376/402
f 371/375/191 373/378/191 375/377/191 377/376/191
f 378/375/224 376/378/224 374/377/224 372/376/224
f 375/375/518 373/378/518 374/377/518 376/376/518
f 423/393/402 424/394/402 426/395/402 425/396/402
f 425/393/225 426/394/225 430/395/225 429/396/225
f 429/393/198 430/394/198 428/395/198 427/396/198
f 427/393/509 428/394/509 424/395/509 423/396/509
f 425/393/191 429/394/191 427/395/191 423/396/191
f 430/393/224 426/394/224 424/395/224 428/396/224
f 431/393/198 433/396/198 434/395/198 432/394/198
f 433/393/225 437/396/225 438/395/225 434/394/225
f 437/393/402 435/396/402 436/395/402 438/394/402
f 435/393/509 431/396/509 432/395/509 436/394/509
f 433/393/191 431/396/191 435/395/191 437/394/191
f 438/393/224 436/396/224 432/395/224 434/394/224
f 439/393/402 440/394/402 442/395/402 441/396/402
f 441/393/225 442/394/225 446/395/225 445/396/225
f 445/393/198 446/394/198 444/395/198 443/396/198
f 443/393/509 444/394/509 440/395/509 439/396/509
f 441/393/191 445/394/191 443/395/191 439/396/191
f 446/393/224 442/394/224 440/395/224 444/396/224
f 447/393/198 449/396/198 450/395/198 448/394/198
f 449/393/225 453/396/225 454/395/225 450/394/225
f 453/393/402 451/396/402 452/395/402 454/394/402
f 451/393/509 447/396/509 448/395/509 452/394/509
f 449/393/191 447/396/191 451/395/191 453/394/191
f 454/393/224 452/396/224 448/395/224 450/394/224
f 497/443/550 498/444/550 513/444/550 514/443/550
f 501/445/198 504/446/198 510/447/198 505/448/198
f 503/449/224 494/450/224 496/451/224 509/452/224
f 508/453/548 502/454/548 501/450/548 505/451/548
f 503/449/549 509/452/549 510/455/549 504/456/549
f 493/456/191 502/454/191 508/453/191 495/455/191
f 498/444/551 497/443/551 508/457/551 505/445/551
f 500/458/551 499/459/551 510/446/551 509/460/551
f 497/443/552 507/461/552 495/455/552 508/457/552
f 499/459/551 498/444/551 505/445/551 510/446/551
f 506/462/553 500/458/553 509/460/553 496/451/553
f 514/463/554 513/464/554 516/465/554 515/466/554 511/467/554 512/468/554
f 498/444/555 499/459/555 516/459/555 513/444/555
f 499/459/556 500/458/556 515/458/556 516/459/556
f 500/458/557 506/462/557 511/462/557 515/458/557
f 507/461/558 497/443/558 514/443/558 512/461/558
f 517/443/559 530/443/559 529/444/559 518/444/559
f 521/445/402 525/448/402 528/447/402 524/446/402
f 523/449/224 527/452/224 496/451/224 494/450/224
f 526/453/541 525/451/541 521/450/541 522/454/541
f 523/449/542 524/456/542 528/455/542 527/452/542
f 493/456/191 495/455/191 526/453/191 522/454/191
f 518/444/560 525/445/560 526/457/560 517/443/560
f 520/458/560 527/460/560 528/446/560 519/459/560
f 517/443/561 526/457/561 495/455/561 507/461/561
f 519/459/560 528/446/560 525/445/560 518/444/560
f 506/462/562 496/451/562 527/460/562 520/458/562
f 530/463/563 512/468/563 511/467/563 531/466/563 532/465/563 529/464/563
f 518/444/564 529/444/564 532/459/564 519/459/564
f 519/459/565 532/459/565 531/458/565 520/458/565
f 520/458/566 531/458/566 511/462/566 506/462/566
f 507/461/567 512/461/567 530/443/567 517/443/567
f 601/508/402 602/509/402 604/510/402 603/511/402
f 603/508/225 604/509/225 608/510/225 607/511/225
f 607/508/198 608/509/198 606/510/198 605/511/198
f 605/508/509 606/509/509 602/510/509 601/511/509
f 609/508/198 611/511/198 612/510/198 610/509/198
f 611/508/225 615/511/225 616/510/225 612/509/225
f 615/508/402 613/511/402 614/510/402 616/509/402
f 613/508/509 609/511/509 610/510/509 614/509/509
usemtl light
f 459/397/225 465/398/225 461/399/225 458/400/225
f 458/401/535 461/402/535 462/403/535 457/404/535 456/400/535
f 462/405/224 464/406/224 463/407/224 457/400/224
f 464/408/224 473/409/224 468/410/224 463/411/224
f 459/412/191 458/413/191 456/404/191 455/414/191
f 455/415/536 463/416/536 468/417/536 469/418/536 466/419/536 467/420/536
f 464/406/537 462/405/537 461/401/537 465/421/537
f 470/422/538 471/423/538 460/424/538 465/425/538 459/426/538
f 466/423/402 469/427/402 472/428/402 460/429/402 471/419/402
f 456/401/539 457/413/539 463/430/539 455/431/539
f 472/432/540 473/409/540 464/408/540 465/433/540 460/434/540
f 470/435/541 467/436/541 466/423/541 471/419/541
f 472/428/542 469/427/542 468/437/542 473/438/542
f 470/439/191 459/440/191 455/441/191 467/442/191
f 478/397/225 477/400/225 480/399/225 484/398/225
f 477/401/543 475/400/543 476/404/543 481/403/543 480/402/543
f 481/405/224 476/400/224 482/407/224 483/406/224
f 483/408/224 482/411/224 487/410/224 492/409/224
f 478/412/191 474/414/191 475/404/191 477/413/191
f 474/415/544 486/420/544 485/419/544 488/418/544 487/417/544 482/416/544
f 483/406/537 484/421/537 480/401/537 481/405/537
f 489/422/545 478/426/545 484/425/545 479/424/545 490/423/545
f 485/423/198 490/419/198 479/429/198 491/428/198 488/427/198
f 475/401/546 474/431/546 482/430/546 476/413/546
f 491/432/547 479/434/547 484/433/547 483/408/547 492/409/547
f 489/435/548 490/419/548 485/423/548 486/436/548
f 491/428/549 492/438/549 487/437/549 488/427/549
f 489/439/191 486/442/191 474/441/191 478/440/191
f 573/473/569 576/474/569 572/475/569 571/476/569
f 577/477/191 569/478/191 574/479/191 582/480/191
f 581/481/570 582/480/570 574/479/570 573/482/570 571/483/570
f 577/484/571 578/485/571 579/486/571 580/487/571 570/488/571 569/489/571
f 569/490/572 570/478/572 575/491/572 576/492/572 573/493/572 574/494/572
f 575/495/573 583/496/573 584/497/573 572/488/573 576/489/573
f 570/490/224 580/498/224 583/496/224 575/495/224
f 581/499/574 578/500/574 577/477/574 582/480/574
f 583/496/575 580/498/575 579/478/575 584/501/575
f 581/502/576 571/503/576 572/504/576 584/505/576 579/506/576 578/507/576
f 589/473/577 587/476/577 588/475/577 592/474/577
f 593/477/191 598/480/191 590/479/191 585/478/191
f 597/481/578 587/483/578 589/482/578 590/479/578 598/480/578
f 593/484/579 585/489/579 586/488/579 596/487/579 595/486/579 594/485/579
f 585/490/580 590/494/580 589/493/580 592/492/580 591/491/580 586/478/580
f 591/495/581 592/489/581 588/488/581 600/497/581 599/496/581
f 586/490/224 591/495/224 599/496/224 596/498/224
f 597/499/582 598/480/582 593/477/582 594/500/582
f 599/496/583 600/501/583 595/478/583 596/498/583
f 597/502/584 594/507/584 595/506/584 600/505/584 588/504/584 587/503/584
s 1
usemtl glass
f 90/148/126 85/149/127 91/150/128
f 87/151/129 89/152/130 88/153/131
f 88/153/131 92/154/132 93/155/133
f 90/148/126 95/156/134 94/157/135
f 99/168/148 97/169/149 96/170/150
f 103/171/151 96/170/150 97/169/149
f 100/172/152 102/173/153 101/174/154
f 105/185/164 107/186/165 108/187/166
f 221/148/344 85/149/127 84/281/345
f 220/152/346 87/151/129 219/153/347
f 223/154/348 219/153/347 224/155/349
f 226/156/350 221/148/344 225/157/351
f 230/168/360 227/170/361 228/169/362
f 234/171/363 227/170/361 229/283/364
f 233/173/365 231/172/366 232/174/367
f 238/186/377 236/185/378 239/187/379
f 90/148/126 84/281/345 85/149/127
f 87/151/129 86/305/129 89/152/130
f 88/153/131 89/152/130 92/154/132
f 90/148/126 91/150/128 95/156/134
f 103/171/151 98/283/436 96/170/150
f 100/172/152 104/307/437 102/173/153
f 105/185/164 106/310/438 107/186/165
f 221/148/344 222/150/461 85/149/127
f 220/152/346 86/305/129 87/151/129
f 223/154/348 220/152/346 219/153/347
f 226/156/350 222/150/461 221/148/344
f 234/171/363 228/169/362 227/170/361
f 233/173/365 235/307/463 231/172/366
f 238/186/377 237/310/464 236/185/378
s 0
f 288/337/490 295/343/490 296/345/490 292/339/490 291/340/490
f 306/337/503 309/340/503 310/339/503 314/345/503 313/343/503
usemtl texture
f 379/379/519 380/380/519 382/381/519 381/382/519
f 381/379/520 382/380/520 386/381/520 385/382/520
f 385/379/521 386/380/521 384/381/521 383/382/521
f 383/379/522 384/380/522 380/381/522 379/382/522
f 381/379/523 385/380/523 389/381/523 387/382/523
f 386/379/224 382/380/224 380/381/224 384/382/224
f 387/379/191 389/380/191 390/381/191 388/382/191
f 379/379/524 381/380/524 387/381/524 388/382/524
f 385/379/525 383/380/525 390/381/525 389/382/525
f 383/379/526 379/380/526 388/381/526 390/382/526
f 391/383/527 393/384/527 394/385/527 392/386/527
f 393/383/520 397/384/520 398/385/520 394/386/520
f 397/383/528 395/384/528 396/385/528 398/386/528
f 395/383/522 391/384/522 392/385/522 396/386/522
f 393/383/523 399/384/523 401/385/523 397/386/523
f 398/383/224 396/384/224 392/385/224 394/386/224
f 399/383/191 400/384/191 402/385/191 401/386/191
f 391/383/529 400/384/529 399/385/529 393/386/529
f 397/383/530 401/384/530 402/385/530 395/386/530
f 395/383/526 402/384/526 400/385/526 391/386/526
f 420/387/198 421/388/198 411/389/198 410/390/198
f 422/387/224 417/388/224 405/389/224 412/390/224
f 403/387/402 406/388/402 418/389/402 415/390/402
f 416/387/531 404/388/531 403/389/531 415/390/531
f 405/387/532 417/388/532 418/389/532 406/390/532
f 409/387/533 419/388/533 420/389/533 410/390/533
f 422/387/534 412/388/534 411/389/534 421/390/534
f 416/387/191 419/388/191 409/389/191 404/390/191
f 407/388/225 416/389/225 415/390/225
f 408/388/225 418/389/225 417/390/225
f 413/388/225 420/389/225 419/390/225
f 414/388/225 422/389/225 421/390/225
f 407/387/225 413/388/225 419/389/225 416/390/225
f 408/387/225 407/388/225 415/389/225 418/390/225
f 414/387/225 408/388/225 417/389/225 422/390/225
f 413/387/225 414/388/225 421/389/225 420/390/225
f 407/391/225 408/392/225 414/392/225 413/392/225
f 533/379/519 534/380/519 536/381/519 535/382/519
f 535/379/520 536/380/520 540/381/520 539/382/520
f 539/379/521 540/380/521 538/381/521 537/382/521
f 537/379/522 538/380/522 534/381/522 533/382/522
f 535/379/523 539/380/523 543/381/523 541/382/523
f 540/379/224 536/380/224 534/381/224 538/382/224
f 541/379/191 543/380/191 544/381/191 542/382/191
f 533/379/524 535/380/524 541/381/524 542/382/524
f 539/379/525 537/380/525 544/381/525 543/382/525
f 537/379/526 533/380/526 542/381/526 544/382/526
f 545/383/527 547/384/527 548/385/527 546/386/527
f 547/383/520 551/384/520 552/385/520 548/386/520
f 551/383/528 549/384/528 550/385/528 552/386/528
f 549/383/522 545/384/522 546/385/522 550/386/522
f 547/383/523 553/384/523 555/385/523 551/386/523
f 552/383/224 550/384/224 546/385/224 548/386/224
f 553/383/191 554/384/191 556/385/191 555/386/191
f 545/383/568 554/384/568 553/385/568 547/386/568
f 551/383/530 555/384/530 556/385/530 549/386/530
f 549/383/526 556/384/526 554/385/526 545/386/526
f 557/469/519 558/470/519 560/471/519 559/472/519
f 559/469/520 560/470/520 564/471/520 563/472/520
f 563/469/521 564/470/521 562/471/521 561/472/521
f 561/469/522 562/470/522 558/471/522 557/472/522
f 559/469/523 563/470/523 567/471/523 565/472/523
f 564/469/224 560/470/224 558/471/224 562/472/224
f 565/469/191 567/470/191 568/471/191 566/472/191
f 557/469/524 559/470/524 565/471/524 566/472/524
f 563/469/525 561/470/525 568/471/525 567/472/525
f 561/469/526 557/470/526 566/471/526 568/472/526
o wheels.028
v -0.825371 0.551875 1.299877
v -0.825371 0.541528 1.439295
v -0.825371 0.478385 1.526204
v -0.825371 0.376216 1.559401
v -0.825371 0.240425 1.526159
v -0.825371 0.166848 1.407286
v -0.825371 0.166848 1.299860
v -0.825371 0.229992 1.212950
v -0.825371 0.359388 1.163304
v -0.825371 0.488785 1.213041
v -0.776965 0.359388 0.985905
v -0.776965 0.138079 1.057813
v -0.776965 0.580698 1.057813
v -0.776965 0.001302 1.246071
v -0.776965 0.001302 1.478769
v -0.776965 0.138079 1.667026
v -0.776965 0.359388 1.738934
v -0.776965 0.580698 1.667026
v -0.776965 0.717475 1.478769
v -0.776965 0.717475 1.246071
v -0.895097 0.359388 1.097894
v -0.895097 0.203904 1.148414
v -0.895097 0.107809 1.280677
v -0.895097 0.107809 1.444163
v -0.895097 0.203904 1.576426
v -0.895097 0.359388 1.626945
v -0.895097 0.514872 1.576426
v -0.895097 0.610967 1.444163
v -0.895097 0.610967 1.280677
v -0.895097 0.514872 1.148414
v -0.895097 0.359388 1.021169
v -0.861559 0.359388 0.985905
v -0.861559 0.138079 1.057813
v -0.895097 0.158806 1.086342
v -0.861559 0.001302 1.246071
v -0.895097 0.034839 1.256968
v -0.861559 0.001302 1.478769
v -0.895097 0.034839 1.467872
v -0.861559 0.138079 1.667026
v -0.895097 0.158806 1.638498
v -0.861559 0.359388 1.738934
v -0.895097 0.359388 1.703671
v -0.861559 0.580698 1.667026
v -0.895097 0.559970 1.638498
v -0.861559 0.717475 1.478769
v -0.895097 0.683937 1.467872
v -0.861559 0.717475 1.246071
v -0.895097 0.683937 1.256968
v -0.861559 0.580698 1.057813
v -0.895097 0.559970 1.086342
v -0.825371 0.342507 1.385655
v -0.825371 0.488785 1.540519
v -0.825371 0.551875 1.407212
v -0.825371 0.342507 1.559327
v -0.825371 0.150020 1.294392
v -0.825371 0.177335 1.439323
v -0.825371 0.262349 1.194834
v -0.825371 0.376216 1.385581
v -0.825371 0.332160 1.353573
v -0.825371 0.150020 1.430448
v -0.825371 0.229992 1.540519
v -0.825371 0.568756 1.294392
v -0.825371 0.456428 1.194834
v -0.825371 0.568756 1.430448
v -0.825371 0.359388 1.582563
v -0.825371 0.386703 1.353545
v -0.825371 0.359388 1.328398
v -0.825371 0.359388 1.142277
v -0.825371 0.229992 1.184321
v -0.825371 0.488785 1.184321
v -0.825371 0.359388 1.362420
v -0.776965 0.463654 1.505929
v -0.776965 0.404122 1.423991
v -0.776965 0.431818 1.338886
v -0.776965 0.528060 1.307615
v -0.776965 0.359388 1.187107
v -0.776965 0.359388 1.283304
v -0.776965 0.190683 1.307604
v -0.776965 0.287007 1.338902
v -0.776965 0.314624 1.424033
v -0.776965 0.255143 1.505901
v -0.776965 0.500446 1.455289
v -0.776965 0.404122 1.525272
v -0.776965 0.190683 1.370199
v -0.776965 0.227475 1.256964
v -0.776965 0.218382 1.455303
v -0.776965 0.491299 1.257018
v -0.776965 0.528060 1.370157
v -0.776965 0.314624 1.525227
v -0.776965 0.302845 1.205479
v -0.776965 0.415931 1.205479
v -0.728559 0.551875 1.299877
v -0.728559 0.541528 1.439295
v -0.728559 0.478385 1.526204
v -0.728559 0.376216 1.559401
v -0.728559 0.240425 1.526159
v -0.728559 0.166848 1.407286
v -0.728559 0.166848 1.299860
v -0.728559 0.229992 1.212950
v -0.728559 0.359388 1.163304
v -0.728559 0.488785 1.213041
v -0.658834 0.359388 1.097894
v -0.658834 0.203904 1.148414
v -0.658834 0.107809 1.280677
v -0.658834 0.107809 1.444163
v -0.658834 0.203904 1.576426
v -0.658834 0.359388 1.626945
v -0.658834 0.514872 1.576426
v -0.658834 0.610967 1.444163
v -0.658834 0.610967 1.280677
v -0.658834 0.514872 1.148414
v -0.658834 0.359388 1.021169
v -0.692372 0.359388 0.985905
v -0.692372 0.138079 1.057813
v -0.658834 0.158806 1.086342
v -0.692372 0.001302 1.246071
v -0.658834 0.034839 1.256968
v -0.692372 0.001302 1.478769
v -0.658834 0.034839 1.467872
v -0.692372 0.138079 1.667026
v -0.658834 0.158806 1.638498
v -0.692372 0.359388 1.738934
v -0.658834 0.359388 1.703671
v -0.692372 0.580698 1.667026
v -0.658834 0.559970 1.638498
v -0.692372 0.717475 1.478769
v -0.658834 0.683937 1.467872
v -0.692372 0.717475 1.246071
v -0.658834 0.683937 1.256968
v -0.692372 0.580698 1.057813
v -0.658834 0.559970 1.086342
v -0.728559 0.342507 1.385655
v -0.728559 0.488785 1.540519
v -0.728559 0.551875 1.407212
v -0.728559 0.342507 1.559327
v -0.728559 0.150020 1.294392
v -0.728559 0.177335 1.439323
v -0.728559 0.262349 1.194834
v -0.728559 0.376216 1.385581
v -0.728559 0.332160 1.353573
v -0.728559 0.150020 1.430448
v -0.728559 0.229992 1.540519
v -0.728559 0.568756 1.294392
v -0.728559 0.456428 1.194834
v -0.728559 0.568756 1.430448
v -0.728559 0.359388 1.582563
v -0.728559 0.386703 1.353545
v -0.728559 0.359388 1.328398
v -0.728559 0.359388 1.142277
v -0.728559 0.229992 1.184321
v -0.728559 0.488785 1.184321
v -0.728559 0.359388 1.362420
vn -0.3686 0.5464 -0.7521
vn -0.0000 0.5878 -0.8090
vn -0.0000 -0.0000 -1.0000
vn -0.3686 -0.0000 -0.9296
vn -0.3686 0.8841 -0.2873
vn -0.0000 0.9511 -0.3090
vn -0.4595 0.5221 -0.7186
vn -0.4414 0.2773 -0.8534
vn -0.3686 -0.0000 0.9296
vn -0.0000 -0.0000 1.0000
vn -0.0000 0.5878 0.8090
vn -0.3686 0.5464 0.7521
vn -0.3686 -0.8841 -0.2873
vn -0.0000 -0.9511 -0.3090
vn -0.0000 -0.9511 0.3090
vn -0.3686 -0.8841 0.2873
vn -0.0000 -0.5878 0.8090
vn -0.3686 -0.5464 0.7521
vn -0.9022 0.4102 0.1333
vn -1.0000 -0.0000 -0.0000
vn -0.9022 0.2535 0.3490
vn -0.9022 -0.0000 -0.4314
vn -0.9022 0.2535 -0.3490
vn -0.9022 -0.4102 -0.1333
vn -0.9022 -0.2535 -0.3490
vn -0.9022 0.4102 -0.1333
vn -0.3686 0.8841 0.2873
vn -0.0000 0.9511 0.3090
vn -0.9022 -0.0000 0.4314
vn -0.9022 -0.2535 0.3490
vn -0.9022 -0.4102 0.1333
vn -0.3686 -0.5464 -0.7521
vn -0.0000 -0.5878 -0.8090
vn -0.5370 -0.0000 0.8436
vn -0.5370 0.4959 0.6825
vn -0.5370 -0.8023 -0.2607
vn -0.5370 -0.8023 0.2607
vn -0.5370 0.4959 -0.6825
vn -0.5370 -0.0000 -0.8436
vn -0.5370 0.8023 0.2607
vn -0.5370 -0.4959 0.6825
vn -0.5370 -0.4959 -0.6825
vn -0.5370 0.8023 -0.2607
vn -0.4995 -0.7009 0.5092
vn -0.4236 -0.2799 0.8615
vn -0.4413 -0.0000 0.8974
vn -0.4414 -0.8973 -0.0000
vn -0.4595 -0.8447 0.2745
vn -0.4417 0.7258 0.5273
vn -0.4598 0.8446 0.2744
vn -0.4236 0.2799 0.8615
vn -0.4414 -0.7259 0.5274
vn -0.4417 0.8971 -0.0000
vn -0.4414 0.7259 -0.5274
vn -0.4417 -0.2772 -0.8532
vn -0.4598 -0.5220 -0.7184
vn -0.4803 -0.7096 -0.5156
vn -0.4995 0.8663 -0.0000
vn -0.4991 0.7010 0.5093
vn -0.4803 0.7096 -0.5156
vn -0.4995 -0.2677 0.8239
vn -0.4991 -0.8665 -0.0000
vn -0.4995 -0.2677 -0.8239
vn -0.4991 0.2678 -0.8241
vn -0.4417 -0.7258 -0.5273
vn -0.4991 0.2678 0.8241
vn 0.3686 0.5464 -0.7521
vn 0.3686 -0.0000 -0.9296
vn 0.3686 0.8841 -0.2873
vn 0.4595 0.5221 -0.7186
vn 0.4414 0.2773 -0.8534
vn 0.3686 -0.0000 0.9296
vn 0.3686 0.5464 0.7521
vn 0.3686 -0.8841 -0.2873
vn 0.3686 -0.8841 0.2873
vn 0.3686 -0.5464 0.7521
vn 0.9022 0.4102 0.1333
vn 0.9022 0.2535 0.3490
vn 1.0000 -0.0000 -0.0000
vn 0.9022 -0.0000 -0.4314
vn 0.9022 0.2535 -0.3490
vn 0.9022 -0.4102 -0.1333
vn 0.9022 -0.2535 -0.3490
vn 0.9022 0.4102 -0.1333
vn 0.3686 0.8841 0.2873
vn 0.9022 -0.0000 0.4314
vn 0.9022 -0.2535 0.3490
vn 0.9022 -0.4102 0.1333
vn 0.3686 -0.5464 -0.7521
vn 0.5370 -0.0000 0.8436
vn 0.5370 0.4959 0.6825
vn 0.5370 -0.8023 -0.2607
vn 0.5370 -0.8023 0.2607
vn 0.5370 0.4959 -0.6825
vn 0.5370 -0.0000 -0.8436
vn 0.5370 0.8023 0.2607
vn 0.5370 -0.4959 0.6825
vn 0.5370 -0.4959 -0.6825
vn 0.5370 0.8023 -0.2607
vn 0.4995 -0.7009 0.5092
vn 0.4236 -0.2799 0.8615
vn 0.4413 -0.0000 0.8974
vn 0.4414 -0.8973 -0.0000
vn 0.4595 -0.8447 0.2745
vn 0.4417 0.7258 0.5273
vn 0.4598 0.8446 0.2744
vn 0.4236 0.2799 0.8615
vn 0.4414 -0.7259 0.5274
vn 0.4417 0.8971 -0.0000
vn 0.4414 0.7259 -0.5274
vn 0.4417 -0.2772 -0.8532
vn 0.4598 -0.5220 -0.7184
vn 0.4803 -0.7096 -0.5156
vn 0.4995 0.8663 -0.0000
vn 0.4991 0.7010 0.5093
vn 0.4803 0.7096 -0.5156
vn 0.4995 -0.2677 0.8239
vn 0.4991 -0.8665 -0.0000
vn 0.4995 -0.2677 -0.8239
vn 0.4991 0.2678 -0.8241
vn 0.4417 -0.7258 -0.5273
vn 0.4991 0.2678 0.8241
vt 0.975777 0.347738
vt 0.992922 0.347738
vt 0.992922 0.375608
vt 0.975777 0.375608
vt 0.969168 0.356028
vt 0.982334 0.356028
vt 0.990697 0.350349
vt 0.985856 0.356028
vt 0.969168 0.356028
vt 0.969168 0.350349
vt 0.990697 0.350349
vt 0.990697 0.350349
vt 0.985856 0.356028
vt 0.969168 0.350348
vt 0.990697 0.350349
vt 0.990697 0.350348
vt 0.969168 0.374303
vt 0.969168 0.349043
vt 0.969168 0.347738
vt 0.969168 0.374303
vt 0.975668 0.528250
vt 0.977838 0.528250
vt 0.971747 0.356028
vt 0.984262 0.356028
vt 0.971345 0.356028
vt 0.984511 0.356028
vt 0.971338 0.356028
vt 0.984515 0.356028
vt 0.969168 0.356028
vt 0.981683 0.356028
vt 0.982334 0.356028
vt 0.982345 0.356028
vt 0.984511 0.356028
vt 0.971338 0.356028
vt 0.988845 0.528250
vt 0.975668 0.528250
vt 0.992356 0.528250
vt 0.991015 0.528250
vt 0.977838 0.528250
vt 0.992356 0.528250
vt 0.975668 0.528250
vt 0.991011 0.528250
vt 0.977845 0.528250
vt 0.988834 0.528250
vt 0.991011 0.528250
vt 0.988833 0.528250
vt 0.988183 0.528250
vt 0.990762 0.528250
vt 0.978247 0.528250
vt 0.982345 0.356028
s 1
usemtl metallic
f 621/516/591 670/517/592 705/517/592 697/516/591
f 675/532/628 624/533/628 701/533/628 695/532/628
f 679/534/629 625/535/630 692/535/630 707/534/629
f 669/536/631 617/537/632 691/537/632 704/536/631
f 624/538/633 623/539/634 694/539/634 701/538/633
f 625/540/630 673/541/635 706/541/635 692/540/630
f 617/516/632 626/542/636 703/542/636 691/516/632
f 623/516/634 622/543/637 700/543/637 694/516/634
f 672/536/638 621/544/591 697/544/591 702/536/638
f 620/545/639 619/539/640 688/539/640 699/545/639
f 618/546/604 619/547/604 668/547/604 680/548/604
f 619/549/604 620/550/604 681/547/604 668/551/604
f 622/546/604 623/552/604 671/552/604 676/551/604
f 623/549/604 624/533/604 685/552/604 671/551/604
f 624/533/604 675/532/604 687/552/604 685/552/604
f 620/550/604 674/532/604 687/552/604 681/547/604
f 674/532/604 618/546/604 680/548/604 687/552/604
f 675/532/604 622/546/604 676/551/604 687/552/604
f 621/553/604 672/554/604 676/552/604 677/551/604
f 626/555/604 617/552/604 678/552/604 686/551/604
f 617/556/604 669/554/604 680/552/604 678/548/604
f 670/557/604 621/552/604 677/547/604 681/548/604
f 682/554/604 626/555/604 686/551/604 687/552/604
f 667/554/604 670/557/604 681/548/604 687/552/604
f 669/554/604 682/554/604 687/552/604 680/552/604
f 672/554/604 667/554/604 687/552/604 676/552/604
f 673/558/604 625/547/604 684/547/604 685/551/604
f 625/559/604 679/560/604 686/547/604 684/548/604
f 679/560/604 683/552/604 687/552/604 686/547/604
f 683/552/604 673/558/604 685/551/604 687/552/604
f 683/552/641 679/560/641 707/560/641 693/552/641
f 674/532/642 620/550/642 699/550/642 689/532/642
f 626/555/643 682/554/643 690/554/643 703/555/643
f 673/558/644 683/552/644 693/552/644 706/558/644
f 618/546/645 674/532/645 689/532/645 698/546/645
f 670/557/646 667/554/646 696/554/646 705/557/646
f 622/546/647 675/532/647 695/532/647 700/546/647
f 682/554/648 669/554/648 704/554/648 690/554/648
f 619/520/640 618/561/649 698/561/649 688/520/640
f 667/554/650 672/554/650 702/554/650 696/554/650
f 712/516/654 697/516/654 705/517/655 751/517/655
f 756/532/684 695/532/684 701/533/684 715/533/684
f 760/534/685 707/534/685 692/535/686 716/535/686
f 750/536/687 704/536/687 691/537/688 708/537/688
f 715/538/689 701/538/689 694/539/690 714/539/690
f 716/540/686 692/540/686 706/541/691 754/541/691
f 708/516/688 691/516/688 703/542/692 717/542/692
f 714/516/690 694/516/690 700/543/693 713/543/693
f 753/536/694 702/536/694 697/544/654 712/544/654
f 711/545/695 699/545/695 688/539/696 710/539/696
f 709/546/663 761/548/663 749/547/663 710/547/663
f 710/549/663 749/551/663 762/547/663 711/550/663
f 713/546/663 757/551/663 752/552/663 714/552/663
f 714/549/663 752/551/663 766/552/663 715/533/663
f 715/533/663 766/552/663 768/552/663 756/532/663
f 711/550/663 762/547/663 768/552/663 755/532/663
f 755/532/663 768/552/663 761/548/663 709/546/663
f 756/532/663 768/552/663 757/551/663 713/546/663
f 712/553/663 758/551/663 757/552/663 753/554/663
f 717/555/663 767/551/663 759/552/663 708/552/663
f 708/556/663 759/548/663 761/552/663 750/554/663
f 751/557/663 762/548/663 758/547/663 712/552/663
f 763/554/663 768/552/663 767/551/663 717/555/663
f 748/554/663 768/552/663 762/548/663 751/557/663
f 750/554/663 761/552/663 768/552/663 763/554/663
f 753/554/663 757/552/663 768/552/663 748/554/663
f 754/558/663 766/551/663 765/547/663 716/547/663
f 716/559/663 765/548/663 767/547/663 760/560/663
f 760/560/663 767/547/663 768/552/663 764/552/663
f 764/552/663 768/552/663 766/551/663 754/558/663
f 764/552/697 693/552/697 707/560/697 760/560/697
f 755/532/698 689/532/698 699/550/698 711/550/698
f 717/555/699 703/555/699 690/554/699 763/554/699
f 754/558/700 706/558/700 693/552/700 764/552/700
f 709/546/701 698/546/701 689/532/701 755/532/701
f 751/557/702 705/557/702 696/554/702 748/554/702
f 713/546/703 700/546/703 695/532/703 756/532/703
f 763/554/704 690/554/704 704/554/704 750/554/704
f 710/520/696 688/520/696 698/561/705 709/561/705
f 748/554/706 696/554/706 702/554/706 753/554/706
usemtl texture
f 665/512/585 629/513/586 627/514/587 648/515/588
f 663/512/589 636/513/590 629/514/586 665/515/585
f 657/512/593 633/513/594 634/514/595 659/515/596
f 651/512/597 630/513/598 631/514/599 653/515/600
f 653/512/600 631/513/599 632/514/601 655/515/602
f 655/512/602 632/513/601 633/514/594 657/515/593
f 662/518/603 644/519/604 643/520/604 660/521/605
f 647/522/606 637/519/604 646/520/604 666/521/607
f 652/523/608 639/524/604 638/516/604 650/525/609
f 666/526/607 646/524/604 645/516/604 664/521/610
f 664/527/610 645/519/604 644/516/604 662/521/603
f 661/512/611 635/513/612 636/514/590 663/515/589
f 660/518/605 643/524/604 642/520/604 658/521/613
f 658/522/613 642/519/604 641/520/604 656/521/614
f 656/523/614 641/524/604 640/516/604 654/521/615
f 654/518/615 640/524/604 639/516/604 652/521/608
f 649/512/616 628/513/617 630/514/598 651/515/597
f 659/512/596 634/513/595 635/514/612 661/515/611
f 637/520/618 638/524/619 685/524/619 684/520/618
f 650/518/609 638/524/604 637/520/604 647/521/606
f 648/512/588 649/515/616 650/528/609 647/529/606
f 649/530/616 651/513/597 652/523/608 650/525/609
f 651/512/597 653/515/600 654/528/615 652/529/608
f 653/530/600 655/513/602 656/523/614 654/521/615
f 655/530/602 657/513/593 658/522/613 656/521/614
f 657/530/593 659/513/596 660/518/605 658/521/613
f 659/512/596 661/515/611 662/531/603 660/529/605
f 661/512/611 663/515/589 664/528/610 662/529/603
f 663/530/589 665/513/585 666/526/607 664/521/610
f 665/512/585 648/515/588 647/528/606 666/529/607
f 648/512/588 627/513/587 628/514/617 649/515/616
f 644/516/620 645/519/621 678/519/621 680/516/620
f 641/520/622 642/519/623 681/519/623 677/520/622
f 638/516/619 639/524/624 671/524/624 685/516/619
f 645/516/621 646/524/625 686/524/625 678/516/621
f 642/520/623 643/524/626 668/524/626 681/520/623
f 639/516/624 640/524/627 676/524/627 671/516/624
f 646/520/625 637/519/618 684/519/618 686/520/625
f 643/520/626 644/519/620 680/519/620 668/520/626
f 640/516/627 641/524/622 677/524/622 676/516/627
f 746/512/651 729/515/652 627/514/587 629/513/586
f 744/512/653 746/515/651 629/514/586 636/513/590
f 738/512/656 740/515/657 634/514/595 633/513/594
f 732/512/658 734/515/659 631/514/599 630/513/598
f 734/512/659 736/515/660 632/514/601 631/513/599
f 736/512/660 738/515/656 633/514/594 632/513/601
f 743/518/661 741/521/662 724/520/663 725/519/663
f 728/522/664 747/521/665 727/520/663 718/519/663
f 733/523/666 731/525/667 719/516/663 720/524/663
f 747/526/665 745/521/668 726/516/663 727/524/663
f 745/527/668 743/521/661 725/516/663 726/519/663
f 742/512/669 744/515/653 636/514/590 635/513/612
f 741/518/662 739/521/670 723/520/663 724/524/663
f 739/522/670 737/521/671 722/520/663 723/519/663
f 737/523/671 735/521/672 721/516/663 722/524/663
f 735/518/672 733/521/666 720/516/663 721/524/663
f 730/512/673 732/515/658 630/514/598 628/513/617
f 740/512/657 742/515/669 635/514/612 634/513/595
f 718/520/674 765/520/674 766/524/675 719/524/675
f 731/518/667 728/521/664 718/520/663 719/524/663
f 729/512/652 728/529/664 731/528/667 730/515/673
f 730/530/673 731/525/667 733/523/666 732/513/658
f 732/512/658 733/529/666 735/528/672 734/515/659
f 734/530/659 735/521/672 737/523/671 736/513/660
f 736/530/660 737/521/671 739/522/670 738/513/656
f 738/530/656 739/521/670 741/518/662 740/513/657
f 740/512/657 741/529/662 743/531/661 742/515/669
f 742/512/669 743/529/661 745/528/668 744/515/653
f 744/530/653 745/521/668 747/526/665 746/513/651
f 746/512/651 747/529/665 728/528/664 729/515/652
f 729/512/652 730/515/673 628/514/617 627/513/587
f 725/516/676 761/516/676 759/519/677 726/519/677
f 722/520/678 758/520/678 762/519/679 723/519/679
f 719/516/675 766/516/675 752/524/680 720/524/680
f 726/516/677 759/516/677 767/524/681 727/524/681
f 723/520/679 762/520/679 749/524/682 724/524/682
f 720/516/680 752/516/680 757/524/683 721/524/683
f 727/520/681 767/520/681 765/519/674 718/519/674
f 724/520/682 749/520/682 761/519/676 725/519/676
f 721/516/683 757/516/683 758/524/678 722/524/678
o wheels.029
v -0.825371 0.551875 -1.840590
v -0.825371 0.541528 -1.701172
v -0.825371 0.478385 -1.614263
v -0.825371 0.376216 -1.581066
v -0.825371 0.240425 -1.614308
v -0.825371 0.166848 -1.733181
v -0.825371 0.166848 -1.840607
v -0.825371 0.229992 -1.927517
v -0.825371 0.359388 -1.977163
v -0.825371 0.488785 -1.927426
v -0.776965 0.359388 -2.154562
v -0.776965 0.138079 -2.082654
v -0.776965 0.580698 -2.082654
v -0.776965 0.001302 -1.894396
v -0.776965 0.001302 -1.661698
v -0.776965 0.138079 -1.473441
v -0.776965 0.359388 -1.401533
v -0.776965 0.580698 -1.473441
v -0.776965 0.717475 -1.661698
v -0.776965 0.717475 -1.894396
v -0.895097 0.359388 -2.042573
v -0.895097 0.203904 -1.992053
v -0.895097 0.107809 -1.859790
v -0.895097 0.107809 -1.696304
v -0.895097 0.203904 -1.564041
v -0.895097 0.359388 -1.513522
v -0.895097 0.514872 -1.564041
v -0.895097 0.610967 -1.696304
v -0.895097 0.610967 -1.859790
v -0.895097 0.514872 -1.992053
v -0.895097 0.359388 -2.119298
v -0.861559 0.359388 -2.154562
v -0.861559 0.138079 -2.082654
v -0.895097 0.158806 -2.054125
v -0.861559 0.001302 -1.894396
v -0.895097 0.034839 -1.883499
v -0.861559 0.001302 -1.661698
v -0.895097 0.034839 -1.672595
v -0.861559 0.138079 -1.473441
v -0.895097 0.158806 -1.501969
v -0.861559 0.359388 -1.401533
v -0.895097 0.359388 -1.436796
v -0.861559 0.580698 -1.473441
v -0.895097 0.559970 -1.501969
v -0.861559 0.717475 -1.661698
v -0.895097 0.683937 -1.672595
v -0.861559 0.717475 -1.894396
v -0.895097 0.683937 -1.883499
v -0.861559 0.580698 -2.082654
v -0.895097 0.559970 -2.054125
v -0.825371 0.342507 -1.754812
v -0.825371 0.488785 -1.599948
v -0.825371 0.551875 -1.733255
v -0.825371 0.342507 -1.581140
v -0.825371 0.150020 -1.846075
v -0.825371 0.177335 -1.701144
v -0.825371 0.262349 -1.945633
v -0.825371 0.376216 -1.754886
v -0.825371 0.332160 -1.786894
v -0.825371 0.150020 -1.710019
v -0.825371 0.229992 -1.599948
v -0.825371 0.568756 -1.846075
v -0.825371 0.456428 -1.945633
v -0.825371 0.568756 -1.710019
v -0.825371 0.359388 -1.557904
v -0.825371 0.386703 -1.786922
v -0.825371 0.359388 -1.812069
v -0.825371 0.359388 -1.998190
v -0.825371 0.229992 -1.956146
v -0.825371 0.488785 -1.956146
v -0.825371 0.359388 -1.778047
v -0.776965 0.463654 -1.634538
v -0.776965 0.404122 -1.716476
v -0.776965 0.431818 -1.801581
v -0.776965 0.528060 -1.832852
v -0.776965 0.359388 -1.953359
v -0.776965 0.359388 -1.857163
v -0.776965 0.190683 -1.832863
v -0.776965 0.287007 -1.801565
v -0.776965 0.314624 -1.716434
v -0.776965 0.255143 -1.634566
v -0.776965 0.500446 -1.685178
v -0.776965 0.404122 -1.615195
v -0.776965 0.190683 -1.770268
v -0.776965 0.227475 -1.883503
v -0.776965 0.218382 -1.685163
v -0.776965 0.491299 -1.883449
v -0.776965 0.528060 -1.770310
v -0.776965 0.314624 -1.615240
v -0.776965 0.302845 -1.934988
v -0.776965 0.415931 -1.934988
v -0.728559 0.551875 -1.840590
v -0.728559 0.541528 -1.701172
v -0.728559 0.478385 -1.614263
v -0.728559 0.376216 -1.581066
v -0.728559 0.240425 -1.614308
v -0.728559 0.166848 -1.733181
v -0.728559 0.166848 -1.840607
v -0.728559 0.229992 -1.927517
v -0.728559 0.359388 -1.977163
v -0.728559 0.488785 -1.927426
v -0.658834 0.359388 -2.042573
v -0.658834 0.203904 -1.992053
v -0.658834 0.107809 -1.859790
v -0.658834 0.107809 -1.696304
v -0.658834 0.203904 -1.564041
v -0.658834 0.359388 -1.513522
v -0.658834 0.514872 -1.564041
v -0.658834 0.610967 -1.696304
v -0.658834 0.610967 -1.859790
v -0.658834 0.514872 -1.992053
v -0.658834 0.359388 -2.119298
v -0.692372 0.359388 -2.154562
v -0.692372 0.138079 -2.082654
v -0.658834 0.158806 -2.054125
v -0.692372 0.001302 -1.894396
v -0.658834 0.034839 -1.883499
v -0.692372 0.001302 -1.661698
v -0.658834 0.034839 -1.672595
v -0.692372 0.138079 -1.473441
v -0.658834 0.158806 -1.501969
v -0.692372 0.359388 -1.401533
v -0.658834 0.359388 -1.436796
v -0.692372 0.580698 -1.473441
v -0.658834 0.559970 -1.501969
v -0.692372 0.717475 -1.661698
v -0.658834 0.683937 -1.672595
v -0.692372 0.717475 -1.894396
v -0.658834 0.683937 -1.883499
v -0.692372 0.580698 -2.082654
v -0.658834 0.559970 -2.054125
v -0.728559 0.342507 -1.754812
v -0.728559 0.488785 -1.599948
v -0.728559 0.551875 -1.733255
v -0.728559 0.342507 -1.581140
v -0.728559 0.150020 -1.846075
v -0.728559 0.177335 -1.701144
v -0.728559 0.262349 -1.945633
v -0.728559 0.376216 -1.754886
v -0.728559 0.332160 -1.786894
v -0.728559 0.150020 -1.710019
v -0.728559 0.229992 -1.599948
v -0.728559 0.568756 -1.846075
v -0.728559 0.456428 -1.945633
v -0.728559 0.568756 -1.710019
v -0.728559 0.359388 -1.557904
v -0.728559 0.386703 -1.786922
v -0.728559 0.359388 -1.812069
v -0.728559 0.359388 -1.998190
v -0.728559 0.229992 -1.956146
v -0.728559 0.488785 -1.956146
v -0.728559 0.359388 -1.778047
vn -0.3686 0.5464 -0.7521
vn -0.0000 0.5878 -0.8090
vn -0.0000 -0.0000 -1.0000
vn -0.3686 -0.0000 -0.9296
vn -0.3686 0.8841 -0.2873
vn -0.0000 0.9511 -0.3090
vn -0.4595 0.5221 -0.7186
vn -0.4414 0.2773 -0.8534
vn -0.3686 -0.0000 0.9296
vn -0.0000 -0.0000 1.0000
vn -0.0000 0.5878 0.8090
vn -0.3686 0.5464 0.7521
vn -0.3686 -0.8841 -0.2873
vn -0.0000 -0.9511 -0.3090
vn -0.0000 -0.9511 0.3090
vn -0.3686 -0.8841 0.2873
vn -0.0000 -0.5878 0.8090
vn -0.3686 -0.5464 0.7521
vn -0.9022 0.4102 0.1333
vn -1.0000 -0.0000 -0.0000
vn -0.9022 0.2535 0.3490
vn -0.9022 -0.0000 -0.4314
vn -0.9022 0.2535 -0.3490
vn -0.9022 -0.4102 -0.1333
vn -0.9022 -0.2535 -0.3490
vn -0.9022 0.4102 -0.1333
vn -0.3686 0.8841 0.2873
vn -0.0000 0.9511 0.3090
vn -0.9022 -0.0000 0.4314
vn -0.9022 -0.2535 0.3490
vn -0.9022 -0.4102 0.1333
vn -0.3686 -0.5464 -0.7521
vn -0.0000 -0.5878 -0.8090
vn -0.5370 -0.0000 0.8436
vn -0.5370 0.4959 0.6825
vn -0.5370 -0.8023 -0.2607
vn -0.5370 -0.8023 0.2607
vn -0.5370 0.4959 -0.6825
vn -0.5370 -0.0000 -0.8436
vn -0.5370 0.8023 0.2607
vn -0.5370 -0.4959 0.6825
vn -0.5370 -0.4959 -0.6825
vn -0.5370 0.8023 -0.2607
vn -0.4995 -0.7009 0.5092
vn -0.4236 -0.2799 0.8615
vn -0.4413 -0.0000 0.8974
vn -0.4414 -0.8973 -0.0000
vn -0.4595 -0.8447 0.2745
vn -0.4417 0.7258 0.5273
vn -0.4598 0.8446 0.2744
vn -0.4236 0.2799 0.8615
vn -0.4414 -0.7259 0.5274
vn -0.4417 0.8971 -0.0000
vn -0.4414 0.7259 -0.5274
vn -0.4417 -0.2772 -0.8532
vn -0.4598 -0.5220 -0.7184
vn -0.4803 -0.7096 -0.5156
vn -0.4995 0.8663 -0.0000
vn -0.4991 0.7010 0.5093
vn -0.4803 0.7096 -0.5156
vn -0.4995 -0.2677 0.8239
vn -0.4991 -0.8665 -0.0000
vn -0.4995 -0.2677 -0.8239
vn -0.4991 0.2678 -0.8241
vn -0.4417 -0.7258 -0.5273
vn -0.4991 0.2678 0.8241
vn 0.3686 0.5464 -0.7521
vn 0.3686 -0.0000 -0.9296
vn 0.3686 0.8841 -0.2873
vn 0.4595 0.5221 -0.7186
vn 0.4414 0.2773 -0.8534
vn 0.3686 -0.0000 0.9296
vn 0.3686 0.5464 0.7521
vn 0.3686 -0.8841 -0.2873
vn 0.3686 -0.8841 0.2873
vn 0.3686 -0.5464 0.7521
vn 0.9022 0.4102 0.1333
vn 0.9022 0.2535 0.3490
vn 1.0000 -0.0000 -0.0000
vn 0.9022 -0.0000 -0.4314
vn 0.9022 0.2535 -0.3490
vn 0.9022 -0.4102 -0.1333
vn 0.9022 -0.2535 -0.3490
vn 0.9022 0.4102 -0.1333
vn 0.3686 0.8841 0.2873
vn 0.9022 -0.0000 0.4314
vn 0.9022 -0.2535 0.3490
vn 0.9022 -0.4102 0.1333
vn 0.3686 -0.5464 -0.7521
vn 0.5370 -0.0000 0.8436
vn 0.5370 0.4959 0.6825
vn 0.5370 -0.8023 -0.2607
vn 0.5370 -0.8023 0.2607
vn 0.5370 0.4959 -0.6825
vn 0.5370 -0.0000 -0.8436
vn 0.5370 0.8023 0.2607
vn 0.5370 -0.4959 0.6825
vn 0.5370 -0.4959 -0.6825
vn 0.5370 0.8023 -0.2607
vn 0.4995 -0.7009 0.5092
vn 0.4236 -0.2799 0.8615
vn 0.4413 -0.0000 0.8974
vn 0.4414 -0.8973 -0.0000
vn 0.4595 -0.8447 0.2745
vn 0.4417 0.7258 0.5273
vn 0.4598 0.8446 0.2744
vn 0.4236 0.2799 0.8615
vn 0.4414 -0.7259 0.5274
vn 0.4417 0.8971 -0.0000
vn 0.4414 0.7259 -0.5274
vn 0.4417 -0.2772 -0.8532
vn 0.4598 -0.5220 -0.7184
vn 0.4803 -0.7096 -0.5156
vn 0.4995 0.8663 -0.0000
vn 0.4991 0.7010 0.5093
vn 0.4803 0.7096 -0.5156
vn 0.4995 -0.2677 0.8239
vn 0.4991 -0.8665 -0.0000
vn 0.4995 -0.2677 -0.8239
vn 0.4991 0.2678 -0.8241
vn 0.4417 -0.7258 -0.5273
vn 0.4991 0.2678 0.8241
vt 0.975777 0.347738
vt 0.992922 0.347738
vt 0.992922 0.375608
vt 0.975777 0.375608
vt 0.969168 0.356028
vt 0.982334 0.356028
vt 0.990697 0.350349
vt 0.985856 0.356028
vt 0.969168 0.356028
vt 0.969168 0.350349
vt 0.990697 0.350349
vt 0.990697 0.350349
vt 0.985856 0.356028
vt 0.969168 0.350348
vt 0.990697 0.350349
vt 0.990697 0.350348
vt 0.969168 0.374303
vt 0.969168 0.349043
vt 0.969168 0.347738
vt 0.969168 0.374303
vt 0.975668 0.528250
vt 0.977838 0.528250
vt 0.971747 0.356028
vt 0.984262 0.356028
vt 0.971345 0.356028
vt 0.984511 0.356028
vt 0.971338 0.356028
vt 0.984515 0.356028
vt 0.969168 0.356028
vt 0.981683 0.356028
vt 0.982334 0.356028
vt 0.982345 0.356028
vt 0.984511 0.356028
vt 0.971338 0.356028
vt 0.988845 0.528250
vt 0.975668 0.528250
vt 0.992356 0.528250
vt 0.991015 0.528250
vt 0.977838 0.528250
vt 0.992356 0.528250
vt 0.975668 0.528250
vt 0.991011 0.528250
vt 0.977845 0.528250
vt 0.988834 0.528250
vt 0.991011 0.528250
vt 0.988833 0.528250
vt 0.988183 0.528250
vt 0.990762 0.528250
vt 0.978247 0.528250
vt 0.982345 0.356028
s 1
usemtl metallic
f 773/566/713 822/567/714 857/567/714 849/566/713
f 827/582/750 776/583/750 853/583/750 847/582/750
f 831/584/751 777/585/752 844/585/752 859/584/751
f 821/586/753 769/587/754 843/587/754 856/586/753
f 776/588/755 775/589/756 846/589/756 853/588/755
f 777/590/752 825/591/757 858/591/757 844/590/752
f 769/566/754 778/592/758 855/592/758 843/566/754
f 775/566/756 774/593/759 852/593/759 846/566/756
f 824/586/760 773/594/713 849/594/713 854/586/760
f 772/595/761 771/589/762 840/589/762 851/595/761
f 770/596/726 771/597/726 820/597/726 832/598/726
f 771/599/726 772/600/726 833/597/726 820/601/726
f 774/596/726 775/602/726 823/602/726 828/601/726
f 775/599/726 776/583/726 837/602/726 823/601/726
f 776/583/726 827/582/726 839/602/726 837/602/726
f 772/600/726 826/582/726 839/602/726 833/597/726
f 826/582/726 770/596/726 832/598/726 839/602/726
f 827/582/726 774/596/726 828/601/726 839/602/726
f 773/603/726 824/604/726 828/602/726 829/601/726
f 778/605/726 769/602/726 830/602/726 838/601/726
f 769/606/726 821/604/726 832/602/726 830/598/726
f 822/607/726 773/602/726 829/597/726 833/598/726
f 834/604/726 778/605/726 838/601/726 839/602/726
f 819/604/726 822/607/726 833/598/726 839/602/726
f 821/604/726 834/604/726 839/602/726 832/602/726
f 824/604/726 819/604/726 839/602/726 828/602/726
f 825/608/726 777/597/726 836/597/726 837/601/726
f 777/609/726 831/610/726 838/597/726 836/598/726
f 831/610/726 835/602/726 839/602/726 838/597/726
f 835/602/726 825/608/726 837/601/726 839/602/726
f 835/602/763 831/610/763 859/610/763 845/602/763
f 826/582/764 772/600/764 851/600/764 841/582/764
f 778/605/765 834/604/765 842/604/765 855/605/765
f 825/608/766 835/602/766 845/602/766 858/608/766
f 770/596/767 826/582/767 841/582/767 850/596/767
f 822/607/768 819/604/768 848/604/768 857/607/768
f 774/596/769 827/582/769 847/582/769 852/596/769
f 834/604/770 821/604/770 856/604/770 842/604/770
f 771/570/762 770/611/771 850/611/771 840/570/762
f 819/604/772 824/604/772 854/604/772 848/604/772
f 864/566/776 849/566/776 857/567/777 903/567/777
f 908/582/806 847/582/806 853/583/806 867/583/806
f 912/584/807 859/584/807 844/585/808 868/585/808
f 902/586/809 856/586/809 843/587/810 860/587/810
f 867/588/811 853/588/811 846/589/812 866/589/812
f 868/590/808 844/590/808 858/591/813 906/591/813
f 860/566/810 843/566/810 855/592/814 869/592/814
f 866/566/812 846/566/812 852/593/815 865/593/815
f 905/586/816 854/586/816 849/594/776 864/594/776
f 863/595/817 851/595/817 840/589/818 862/589/818
f 861/596/785 913/598/785 901/597/785 862/597/785
f 862/599/785 901/601/785 914/597/785 863/600/785
f 865/596/785 909/601/785 904/602/785 866/602/785
f 866/599/785 904/601/785 918/602/785 867/583/785
f 867/583/785 918/602/785 920/602/785 908/582/785
f 863/600/785 914/597/785 920/602/785 907/582/785
f 907/582/785 920/602/785 913/598/785 861/596/785
f 908/582/785 920/602/785 909/601/785 865/596/785
f 864/603/785 910/601/785 909/602/785 905/604/785
f 869/605/785 919/601/785 911/602/785 860/602/785
f 860/606/785 911/598/785 913/602/785 902/604/785
f 903/607/785 914/598/785 910/597/785 864/602/785
f 915/604/785 920/602/785 919/601/785 869/605/785
f 900/604/785 920/602/785 914/598/785 903/607/785
f 902/604/785 913/602/785 920/602/785 915/604/785
f 905/604/785 909/602/785 920/602/785 900/604/785
f 906/608/785 918/601/785 917/597/785 868/597/785
f 868/609/785 917/598/785 919/597/785 912/610/785
f 912/610/785 919/597/785 920/602/785 916/602/785
f 916/602/785 920/602/785 918/601/785 906/608/785
f 916/602/819 845/602/819 859/610/819 912/610/819
f 907/582/820 841/582/820 851/600/820 863/600/820
f 869/605/821 855/605/821 842/604/821 915/604/821
f 906/608/822 858/608/822 845/602/822 916/602/822
f 861/596/823 850/596/823 841/582/823 907/582/823
f 903/607/824 857/607/824 848/604/824 900/604/824
f 865/596/825 852/596/825 847/582/825 908/582/825
f 915/604/826 842/604/826 856/604/826 902/604/826
f 862/570/818 840/570/818 850/611/827 861/611/827
f 900/604/828 848/604/828 854/604/828 905/604/828
usemtl texture
f 817/562/707 781/563/708 779/564/709 800/565/710
f 815/562/711 788/563/712 781/564/708 817/565/707
f 809/562/715 785/563/716 786/564/717 811/565/718
f 803/562/719 782/563/720 783/564/721 805/565/722
f 805/562/722 783/563/721 784/564/723 807/565/724
f 807/562/724 784/563/723 785/564/716 809/565/715
f 814/568/725 796/569/726 795/570/726 812/571/727
f 799/572/728 789/569/726 798/570/726 818/571/729
f 804/573/730 791/574/726 790/566/726 802/575/731
f 818/576/729 798/574/726 797/566/726 816/571/732
f 816/577/732 797/569/726 796/566/726 814/571/725
f 813/562/733 787/563/734 788/564/712 815/565/711
f 812/568/727 795/574/726 794/570/726 810/571/735
f 810/572/735 794/569/726 793/570/726 808/571/736
f 808/573/736 793/574/726 792/566/726 806/571/737
f 806/568/737 792/574/726 791/566/726 804/571/730
f 801/562/738 780/563/739 782/564/720 803/565/719
f 811/562/718 786/563/717 787/564/734 813/565/733
f 789/570/740 790/574/741 837/574/741 836/570/740
f 802/568/731 790/574/726 789/570/726 799/571/728
f 800/562/710 801/565/738 802/578/731 799/579/728
f 801/580/738 803/563/719 804/573/730 802/575/731
f 803/562/719 805/565/722 806/578/737 804/579/730
f 805/580/722 807/563/724 808/573/736 806/571/737
f 807/580/724 809/563/715 810/572/735 808/571/736
f 809/580/715 811/563/718 812/568/727 810/571/735
f 811/562/718 813/565/733 814/581/725 812/579/727
f 813/562/733 815/565/711 816/578/732 814/579/725
f 815/580/711 817/563/707 818/576/729 816/571/732
f 817/562/707 800/565/710 799/578/728 818/579/729
f 800/562/710 779/563/709 780/564/739 801/565/738
f 796/566/742 797/569/743 830/569/743 832/566/742
f 793/570/744 794/569/745 833/569/745 829/570/744
f 790/566/741 791/574/746 823/574/746 837/566/741
f 797/566/743 798/574/747 838/574/747 830/566/743
f 794/570/745 795/574/748 820/574/748 833/570/745
f 791/566/746 792/574/749 828/574/749 823/566/746
f 798/570/747 789/569/740 836/569/740 838/570/747
f 795/570/748 796/569/742 832/569/742 820/570/748
f 792/566/749 793/574/744 829/574/744 828/566/749
f 898/562/773 881/565/774 779/564/709 781/563/708
f 896/562/775 898/565/773 781/564/708 788/563/712
f 890/562/778 892/565/779 786/564/717 785/563/716
f 884/562/780 886/565/781 783/564/721 782/563/720
f 886/562/781 888/565/782 784/564/723 783/563/721
f 888/562/782 890/565/778 785/564/716 784/563/723
f 895/568/783 893/571/784 876/570/785 877/569/785
f 880/572/786 899/571/787 879/570/785 870/569/785
f 885/573/788 883/575/789 871/566/785 872/574/785
f 899/576/787 897/571/790 878/566/785 879/574/785
f 897/577/790 895/571/783 877/566/785 878/569/785
f 894/562/791 896/565/775 788/564/712 787/563/734
f 893/568/784 891/571/792 875/570/785 876/574/785
f 891/572/792 889/571/793 874/570/785 875/569/785
f 889/573/793 887/571/794 873/566/785 874/574/785
f 887/568/794 885/571/788 872/566/785 873/574/785
f 882/562/795 884/565/780 782/564/720 780/563/739
f 892/562/779 894/565/791 787/564/734 786/563/717
f 870/570/796 917/570/796 918/574/797 871/574/797
f 883/568/789 880/571/786 870/570/785 871/574/785
f 881/562/774 880/579/786 883/578/789 882/565/795
f 882/580/795 883/575/789 885/573/788 884/563/780
f 884/562/780 885/579/788 887/578/794 886/565/781
f 886/580/781 887/571/794 889/573/793 888/563/782
f 888/580/782 889/571/793 891/572/792 890/563/778
f 890/580/778 891/571/792 893/568/784 892/563/779
f 892/562/779 893/579/784 895/581/783 894/565/791
f 894/562/791 895/579/783 897/578/790 896/565/775
f 896/580/775 897/571/790 899/576/787 898/563/773
f 898/562/773 899/579/787 880/578/786 881/565/774
f 881/562/774 882/565/795 780/564/739 779/563/709
f 877/566/798 913/566/798 911/569/799 878/569/799
f 874/570/800 910/570/800 914/569/801 875/569/801
f 871/566/797 918/566/797 904/574/802 872/574/802
f 878/566/799 911/566/799 919/574/803 879/574/803
f 875/570/801 914/570/801 901/574/804 876/574/804
f 872/566/802 904/566/802 909/574/805 873/574/805
f 879/570/803 919/570/803 917/569/796 870/569/796
f 876/570/804 901/570/804 913/569/798 877/569/798
f 873/566/805 909/566/805 910/574/800 874/574/800
o wheels.030
v 0.825371 0.551875 -1.840590
v 0.825371 0.488785 -1.927426
v 0.825371 0.551875 -1.733255
v 0.825371 0.568756 -1.846075
v 0.776965 0.528060 -1.832852
v 0.776965 0.491299 -1.883449
v 0.776965 0.528060 -1.770310
v 0.728559 0.551875 -1.840590
v 0.728559 0.488785 -1.927426
v 0.728559 0.551875 -1.733255
v 0.728559 0.568756 -1.846075
v 0.658834 0.610967 -1.859790
v 0.728559 0.488785 -1.956146
v 0.728559 0.568756 -1.710019
v 0.658834 0.610967 -1.696304
v 0.728559 0.488785 -1.599948
v 0.728559 0.359388 -1.778047
v 0.728559 0.541528 -1.701172
v 0.728559 0.478385 -1.614263
v 0.728559 0.376216 -1.754886
v 0.776965 0.500446 -1.685178
v 0.776965 0.463654 -1.634538
v 0.776965 0.404122 -1.716476
v 0.825371 0.541528 -1.701172
v 0.825371 0.478385 -1.614263
v 0.825371 0.376216 -1.754886
v 0.825371 0.568756 -1.710019
v 0.895097 0.610967 -1.696304
v 0.825371 0.488785 -1.599948
v 0.825371 0.359388 -1.778047
v 0.825371 0.488785 -1.956146
v 0.825371 0.229992 -1.956146
v 0.825371 0.359388 -1.557904
v 0.825371 0.150020 -1.710019
v 0.825371 0.332160 -1.786894
v 0.825371 0.386703 -1.786922
v 0.825371 0.342507 -1.754812
v 0.825371 0.359388 -1.812069
v 0.825371 0.456428 -1.945633
v 0.825371 0.262349 -1.945633
v 0.776965 0.359388 -1.857163
v 0.776965 0.415931 -1.934988
v 0.776965 0.302845 -1.934988
v 0.728559 0.359388 -1.812069
v 0.728559 0.456428 -1.945633
v 0.728559 0.262349 -1.945633
v 0.728559 0.359388 -1.977163
v 0.728559 0.229992 -1.956146
v 0.658834 0.203904 -1.992053
v 0.728559 0.359388 -1.998190
v 0.728559 0.150020 -1.846075
v 0.728559 0.229992 -1.927517
v 0.728559 0.166848 -1.840607
v 0.728559 0.332160 -1.786894
v 0.776965 0.227475 -1.883503
v 0.776965 0.190683 -1.832863
v 0.776965 0.287007 -1.801565
v 0.825371 0.229992 -1.927517
v 0.825371 0.166848 -1.840607
v 0.825371 0.166848 -1.733181
v 0.825371 0.150020 -1.846075
v 0.895097 0.107809 -1.859790
v 0.895097 0.203904 -1.992053
v 0.895097 0.107809 -1.696304
v 0.895097 0.034839 -1.883499
v 0.861559 0.001302 -1.894396
v 0.895097 0.158806 -2.054125
v 0.895097 0.034839 -1.672595
v 0.861559 0.001302 -1.661698
v 0.895097 0.158806 -1.501969
v 0.861559 0.138079 -1.473441
v 0.895097 0.359388 -1.436796
v 0.895097 0.203904 -1.564041
v 0.825371 0.229992 -1.599948
v 0.895097 0.359388 -1.513522
v 0.895097 0.514872 -1.564041
v 0.895097 0.559970 -1.501969
v 0.861559 0.580698 -1.473441
v 0.895097 0.683937 -1.672595
v 0.861559 0.717475 -1.661698
v 0.895097 0.683937 -1.883499
v 0.861559 0.717475 -1.894396
v 0.895097 0.559970 -2.054125
v 0.895097 0.610967 -1.859790
v 0.895097 0.514872 -1.992053
v 0.895097 0.359388 -2.042573
v 0.825371 0.359388 -1.998190
v 0.895097 0.359388 -2.119298
v 0.861559 0.359388 -2.154562
v 0.861559 0.138079 -2.082654
v 0.861559 0.580698 -2.082654
v 0.776965 0.359388 -2.154562
v 0.776965 0.138079 -2.082654
v 0.776965 0.580698 -2.082654
v 0.692372 0.359388 -2.154562
v 0.658834 0.359388 -2.119298
v 0.692372 0.138079 -2.082654
v 0.692372 0.580698 -2.082654
v 0.692372 0.717475 -1.894396
v 0.658834 0.559970 -2.054125
v 0.658834 0.683937 -1.883499
v 0.658834 0.514872 -1.992053
v 0.658834 0.359388 -2.042573
v 0.658834 0.683937 -1.672595
v 0.692372 0.717475 -1.661698
v 0.658834 0.559970 -1.501969
v 0.692372 0.580698 -1.473441
v 0.658834 0.359388 -1.436796
v 0.658834 0.514872 -1.564041
v 0.658834 0.359388 -1.513522
v 0.658834 0.203904 -1.564041
v 0.728559 0.359388 -1.557904
v 0.728559 0.229992 -1.599948
v 0.728559 0.376216 -1.581066
v 0.728559 0.342507 -1.581140
v 0.728559 0.240425 -1.614308
v 0.728559 0.342507 -1.754812
v 0.776965 0.314624 -1.615240
v 0.776965 0.255143 -1.634566
v 0.776965 0.314624 -1.716434
v 0.825371 0.342507 -1.581140
v 0.825371 0.240425 -1.614308
v 0.825371 0.177335 -1.701144
v 0.776965 0.218382 -1.685163
v 0.728559 0.177335 -1.701144
v 0.728559 0.150020 -1.710019
v 0.658834 0.107809 -1.696304
v 0.728559 0.166848 -1.733181
v 0.776965 0.190683 -1.770268
v 0.658834 0.107809 -1.859790
v 0.658834 0.034839 -1.672595
v 0.692372 0.001302 -1.661698
v 0.658834 0.034839 -1.883499
v 0.658834 0.158806 -1.501969
v 0.692372 0.138079 -1.473441
v 0.692372 0.359388 -1.401533
v 0.776965 0.138079 -1.473441
v 0.776965 0.359388 -1.401533
v 0.776965 0.001302 -1.661698
v 0.776965 0.001302 -1.894396
v 0.692372 0.001302 -1.894396
v 0.776965 0.580698 -1.473441
v 0.861559 0.359388 -1.401533
v 0.776965 0.717475 -1.661698
v 0.776965 0.717475 -1.894396
v 0.658834 0.158806 -2.054125
v 0.776965 0.404122 -1.615195
v 0.825371 0.376216 -1.581066
v 0.825371 0.359388 -1.977163
v 0.776965 0.359388 -1.953359
v 0.776965 0.431818 -1.801581
v 0.728559 0.386703 -1.786922
vn 1.0000 -0.0000 -0.0000
vn 0.4595 -0.8447 0.2745
vn 0.4414 -0.7259 0.5274
vn 0.4414 -0.8973 -0.0000
vn -0.4595 -0.8447 0.2745
vn -0.4414 -0.7259 0.5274
vn -0.4414 -0.8973 -0.0000
vn -1.0000 -0.0000 -0.0000
vn -0.5370 -0.8023 0.2607
vn -0.5370 -0.4959 0.6825
vn -0.5370 -0.8023 -0.2607
vn -0.5370 -0.4959 -0.6825
vn -0.4598 -0.5220 -0.7184
vn -0.4417 -0.7258 -0.5273
vn -0.4995 -0.2677 0.8239
vn 0.4598 -0.5220 -0.7184
vn 0.4417 -0.7258 -0.5273
vn 0.4995 -0.2677 0.8239
vn 0.5370 -0.4959 -0.6825
vn 0.5370 -0.8023 -0.2607
vn 0.5370 -0.8023 0.2607
vn 0.4803 -0.7096 -0.5156
vn 0.4803 0.7096 -0.5156
vn -0.4803 -0.7096 -0.5156
vn -0.4803 0.7096 -0.5156
vn -0.4413 -0.0000 0.8974
vn -0.4236 0.2799 0.8615
vn -0.5370 0.4959 0.6825
vn -0.5370 0.8023 0.2607
vn -0.5370 -0.0000 0.8436
vn -0.4417 0.7258 0.5273
vn -0.4598 0.8446 0.2744
vn -0.4995 -0.7009 0.5092
vn 0.4417 0.7258 0.5273
vn 0.4598 0.8446 0.2744
vn 0.4995 -0.7009 0.5092
vn 0.4417 0.8971 -0.0000
vn 0.5370 0.8023 0.2607
vn 0.5370 0.8023 -0.2607
vn 0.5370 0.4959 0.6825
vn 0.9022 -0.4102 -0.1333
vn 0.9022 -0.2535 -0.3490
vn 0.9022 -0.4102 0.1333
vn 0.3686 -0.8841 -0.2873
vn 0.3686 -0.8841 0.2873
vn 0.3686 -0.5464 -0.7521
vn 0.9022 -0.2535 0.3490
vn 0.3686 -0.5464 0.7521
vn 0.9022 -0.0000 0.4314
vn 0.3686 -0.0000 0.9296
vn 0.5370 0.4959 -0.6825
vn 0.5370 -0.0000 -0.8436
vn 0.9022 0.2535 0.3490
vn 0.9022 0.4102 0.1333
vn 0.3686 0.5464 0.7521
vn 0.3686 0.8841 0.2873
vn 0.9022 0.4102 -0.1333
vn 0.3686 0.8841 -0.2873
vn 0.9022 0.2535 -0.3490
vn 0.3686 0.5464 -0.7521
vn 0.5370 -0.4959 0.6825
vn 0.5370 -0.0000 0.8436
vn 0.9022 -0.0000 -0.4314
vn 0.3686 -0.0000 -0.9296
vn -0.0000 -0.5878 -0.8090
vn -0.0000 -0.0000 -1.0000
vn -0.0000 0.5878 -0.8090
vn -0.3686 -0.0000 -0.9296
vn -0.3686 -0.5464 -0.7521
vn -0.3686 0.5464 -0.7521
vn -0.9022 -0.0000 -0.4314
vn -0.9022 0.2535 -0.3490
vn -0.9022 -0.2535 -0.3490
vn -0.3686 0.8841 -0.2873
vn -0.9022 0.4102 -0.1333
vn -0.0000 0.9511 -0.3090
vn -0.3686 0.8841 0.2873
vn -0.9022 0.4102 0.1333
vn -0.3686 0.5464 0.7521
vn -0.9022 0.2535 0.3490
vn -0.3686 -0.0000 0.9296
vn -0.9022 -0.0000 0.4314
vn -0.5370 -0.0000 -0.8436
vn -0.5370 0.4959 -0.6825
vn -0.9022 -0.2535 0.3490
vn -0.4595 0.5221 -0.7186
vn -0.4414 0.2773 -0.8534
vn -0.4991 -0.8665 -0.0000
vn 0.4595 0.5221 -0.7186
vn 0.4414 0.2773 -0.8534
vn 0.4991 -0.8665 -0.0000
vn 0.4414 0.7259 -0.5274
vn 0.4991 0.2678 0.8241
vn -0.4414 0.7259 -0.5274
vn -0.4991 0.2678 0.8241
vn -0.5370 0.8023 -0.2607
vn -0.4995 -0.2677 -0.8239
vn -0.4417 0.8971 -0.0000
vn 0.4995 -0.2677 -0.8239
vn -0.9022 -0.4102 0.1333
vn -0.9022 -0.4102 -0.1333
vn -0.3686 -0.8841 0.2873
vn -0.3686 -0.5464 0.7521
vn -0.3686 -0.8841 -0.2873
vn -0.0000 -0.9511 0.3090
vn -0.0000 -0.5878 0.8090
vn -0.0000 -0.0000 1.0000
vn -0.0000 -0.9511 -0.3090
vn -0.0000 0.5878 0.8090
vn -0.0000 0.9511 0.3090
vn -0.4995 0.8663 -0.0000
vn -0.4417 -0.2772 -0.8532
vn 0.4995 0.8663 -0.0000
vn 0.4417 -0.2772 -0.8532
vn 0.4413 -0.0000 0.8974
vn 0.4236 0.2799 0.8615
vn 0.4236 -0.2799 0.8615
vn -0.4236 -0.2799 0.8615
vn 0.4991 0.7010 0.5093
vn 0.4991 0.2678 -0.8241
vn -0.4991 0.7010 0.5093
vn -0.4991 0.2678 -0.8241
vt 0.988834 0.528250
vt 0.992356 0.528250
vt 0.975668 0.528250
vt 0.969168 0.356028
vt 0.982334 0.356028
vt 0.991011 0.528250
vt 0.992356 0.528250
vt 0.977845 0.528250
vt 0.971345 0.356028
vt 0.984511 0.356028
vt 0.985856 0.356028
vt 0.985856 0.356028
vt 0.969168 0.356028
vt 0.988845 0.528250
vt 0.975668 0.528250
vt 0.975668 0.528250
vt 0.982345 0.356028
vt 0.978247 0.528250
vt 0.988183 0.528250
vt 0.977838 0.528250
vt 0.988833 0.528250
vt 0.977838 0.528250
vt 0.969168 0.356028
vt 0.981683 0.356028
vt 0.991015 0.528250
vt 0.971338 0.356028
vt 0.984515 0.356028
vt 0.982345 0.356028
vt 0.990697 0.350349
vt 0.969168 0.350348
vt 0.990697 0.350349
vt 0.969168 0.350349
vt 0.975777 0.347738
vt 0.969168 0.349043
vt 0.969168 0.374303
vt 0.975777 0.375608
vt 0.969168 0.347738
vt 0.992922 0.347738
vt 0.990697 0.350349
vt 0.969168 0.374303
vt 0.990697 0.350348
vt 0.990697 0.350349
vt 0.992922 0.375608
vt 0.982334 0.356028
vt 0.984511 0.356028
vt 0.991011 0.528250
vt 0.971338 0.356028
vt 0.990762 0.528250
vt 0.971747 0.356028
vt 0.984262 0.356028
s 1
usemtl metallic
f 922/612/829 951/613/829 924/614/829 921/614/829
f 921/615/830 925/615/830 926/616/831 922/616/831
f 921/617/829 924/618/829 947/614/829 923/619/829
f 923/620/832 927/620/832 925/621/830 921/621/830
f 928/615/833 929/616/834 926/616/834 925/615/833
f 930/620/835 928/621/833 925/621/833 927/620/835
f 929/612/836 928/614/836 931/614/836 933/613/836
f 928/617/836 930/619/836 934/614/836 931/618/836
f 938/625/836 939/626/836 936/626/836 934/618/836
f 930/619/836 1072/619/836 937/614/836 934/614/836
f 940/627/836 938/625/836 934/618/836 937/614/836
f 939/624/841 938/628/842 941/628/842 942/624/841
f 938/625/843 940/627/843 943/627/843 941/625/843
f 945/624/844 942/624/844 941/628/845 944/628/845
f 944/625/846 941/625/846 943/627/846 946/627/846
f 944/625/829 947/618/829 949/626/829 945/626/829
f 946/627/829 950/614/829 947/618/829 944/625/829
f 923/619/829 947/614/829 950/614/829 956/619/829
f 959/629/829 951/626/829 950/614/829 958/614/829
f 956/619/829 950/614/829 951/613/829 922/612/829
f 958/614/829 950/614/829 952/613/829 960/630/829
f 978/631/829 952/614/829 950/614/829 955/627/829
f 957/619/829 950/614/829 953/618/829 1041/632/829
f 1068/633/829 953/626/829 950/614/829 946/627/829
f 1043/619/829 954/614/829 950/614/829 957/619/829
f 955/627/829 950/614/829 954/613/829 980/625/829
f 958/614/850 961/614/850 962/629/850 959/629/850
f 960/630/851 963/630/851 961/614/851 958/614/851
f 964/614/852 965/629/852 962/629/852 961/614/852
f 966/630/853 964/614/853 961/614/853 963/630/853
f 965/629/836 964/614/836 937/614/836 933/626/836
f 964/614/836 966/630/836 968/613/836 937/614/836
f 966/630/836 967/626/836 970/626/836 968/613/836
f 967/634/854 966/635/855 963/635/855 1070/634/854
f 973/636/836 972/631/836 968/614/836 971/613/836
f 972/631/836 974/627/836 937/614/836 968/614/836
f 972/637/859 973/638/860 976/638/860 975/637/859
f 974/627/861 972/631/861 975/631/861 977/627/861
f 978/637/862 975/637/862 976/638/863 979/638/863
f 955/627/864 977/627/864 975/631/864 978/631/864
f 979/636/829 981/613/829 952/614/829 978/631/829
f 980/625/829 954/613/829 981/614/829 979/614/829
f 979/615/863 976/615/863 1049/639/865 980/639/865
f 939/636/836 1034/633/836 1032/626/836 936/613/836
f 1035/632/836 1036/614/836 1033/626/836 1032/618/836
f 1037/619/836 1035/632/836 1032/618/836 937/614/836
f 1034/633/836 940/627/836 937/614/836 1032/626/836
f 1036/615/914 1035/655/915 1038/655/915 1039/615/914
f 1035/632/916 1037/619/916 1040/619/916 1038/632/916
f 1042/615/917 1039/615/917 1038/655/918 1041/655/918
f 1041/632/919 1038/632/919 1040/619/919 957/619/919
f 1041/632/829 953/618/829 994/626/829 1042/614/829
f 1043/620/920 1044/620/920 1039/656/917 1042/656/917
f 1042/657/829 994/613/829 954/614/829 1043/619/829
f 957/619/921 1040/619/921 1044/619/921 1043/619/921
f 1045/620/922 1036/656/914 1039/656/914 1044/620/922
f 1037/619/923 1045/619/923 1044/619/923 1040/619/923
f 1036/657/836 1045/619/836 1046/614/836 1033/613/836
f 1045/619/836 1037/619/836 937/614/836 1046/614/836
f 1048/625/836 973/614/836 971/614/836 1046/613/836
f 974/627/836 1048/625/836 1046/613/836 937/614/836
f 1048/625/925 974/627/925 977/627/925 1049/625/925
f 973/615/860 1048/639/926 1049/639/926 976/615/860
f 980/625/927 1049/625/927 977/627/927 955/627/927
f 940/627/939 1034/633/939 1067/633/939 943/627/939
f 1034/658/940 939/638/841 942/638/841 1067/658/940
f 946/627/941 943/627/941 1067/633/941 1068/633/941
f 1068/658/942 1067/658/942 942/638/844 945/638/844
f 945/636/829 949/613/829 953/626/829 1068/633/829
f 960/630/829 952/613/829 1007/626/829 1069/626/829
f 1069/659/829 1007/618/829 951/626/829 959/629/829
f 1069/634/943 1070/634/943 963/635/944 960/635/944
f 959/660/945 962/660/945 1070/661/943 1069/661/943
f 965/660/946 967/661/854 1070/661/854 962/660/946
f 967/659/836 965/629/836 933/626/836 970/618/836
f 922/612/947 926/612/947 1071/619/947 956/619/947
f 956/619/948 1071/619/948 927/619/948 923/619/948
f 929/612/949 1072/619/949 1071/619/949 926/612/949
f 1072/619/950 930/619/950 927/619/950 1071/619/950
f 1072/619/836 929/612/836 933/613/836 937/614/836
usemtl texture
f 932/615/837 1022/622/838 933/622/838 931/615/837
f 935/615/839 932/623/837 931/623/837 934/615/839
f 1029/624/840 935/623/839 934/623/839 936/624/840
f 996/624/847 949/624/847 947/623/848 948/623/848
f 948/615/848 947/615/848 924/623/849 1004/623/849
f 969/615/856 1050/622/857 971/622/857 968/615/856
f 1023/624/858 969/622/856 968/622/856 970/624/858
f 982/615/866 981/615/866 954/622/867 984/622/867
f 983/615/868 952/615/868 981/622/866 982/622/866
f 985/640/869 987/641/870 983/615/829 982/622/829
f 988/642/871 985/643/869 982/615/829 984/622/829
f 986/644/872 985/645/869 988/646/871 989/647/873
f 1010/648/874 987/641/870 985/640/869 986/649/872
f 989/648/873 988/643/871 990/640/875 991/649/876
f 990/640/875 988/643/871 984/615/829 993/622/829
f 991/648/876 990/643/875 992/650/877 1063/649/878
f 992/650/877 990/643/875 993/624/829 995/623/829
f 984/615/867 954/615/867 994/622/879 993/622/879
f 993/624/879 994/624/879 953/623/880 995/623/880
f 995/624/880 953/624/880 949/622/847 996/622/847
f 997/642/881 992/643/877 995/624/829 996/622/829
f 999/642/882 997/643/881 996/624/829 948/623/829
f 998/644/883 997/645/881 999/651/882 1000/647/884
f 1063/648/878 992/643/877 997/642/881 998/649/883
f 1000/644/884 999/645/882 1001/646/885 1002/647/886
f 1001/652/885 999/643/882 948/615/829 1004/623/829
f 1002/648/886 1001/643/885 1003/653/887 1011/649/888
f 1003/653/887 1001/643/885 1004/615/829 1005/622/829
f 1004/615/849 924/615/849 951/622/889 1005/622/889
f 1005/624/889 951/624/889 1007/623/890 1006/623/890
f 1008/650/891 1003/643/887 1005/624/829 1006/623/829
f 987/642/870 1008/643/891 1006/624/829 983/622/829
f 1006/624/890 1007/624/890 952/622/868 983/622/868
f 1011/644/888 1003/645/887 1008/646/891 1009/647/892
f 1009/644/892 1008/645/891 987/646/870 1010/647/874
f 1009/644/892 1010/647/874 1013/654/893 1012/649/894
f 1011/644/888 1009/647/892 1012/654/894 1014/649/895
f 1015/644/896 1012/649/894 1013/654/893 1017/647/897
f 1018/644/898 1014/649/895 1012/654/894 1015/647/896
f 1018/644/898 1015/647/896 1016/646/899 1020/645/900
f 1015/644/896 1017/647/897 1066/646/901 1016/645/899
f 1019/648/902 1018/649/898 1020/653/900 1021/643/903
f 1019/644/902 1065/649/904 1014/654/895 1018/647/898
f 1020/653/900 1022/622/836 932/615/836 1021/643/903
f 1016/650/899 1023/623/836 1022/624/836 1020/643/900
f 1022/624/838 1023/623/858 970/623/858 933/624/838
f 1066/642/901 969/622/836 1023/624/836 1016/643/899
f 1025/644/905 1019/647/902 1021/646/903 1024/645/906
f 1021/652/903 932/623/836 935/615/836 1024/643/906
f 1027/644/907 1025/647/905 1024/651/906 1026/645/908
f 1024/642/906 935/623/836 1029/624/836 1026/643/908
f 1056/648/909 1027/649/907 1026/642/908 1028/643/910
f 1026/642/908 1029/622/836 1030/624/836 1028/643/910
f 1030/624/911 1029/622/840 936/622/840 1032/624/911
f 1031/624/912 1030/623/911 1032/623/911 1033/624/912
f 1028/650/910 1030/623/836 1031/624/836 1054/643/913
f 1047/615/924 1031/622/912 1033/622/912 1046/615/924
f 1050/615/857 1047/622/924 1046/622/924 971/615/857
f 1051/642/928 1047/622/836 1050/615/836 1053/643/929
f 1054/640/913 1031/622/836 1047/615/836 1051/643/928
f 1052/648/930 1055/649/931 1054/640/913 1051/643/928
f 1061/644/932 1052/647/930 1051/646/928 1053/645/929
f 1055/648/931 1056/649/909 1028/650/910 1054/643/913
f 1052/644/930 1059/649/933 1057/654/934 1055/647/931
f 1055/644/931 1057/649/934 1058/654/935 1056/647/909
f 991/644/876 1063/647/878 1058/654/935 1057/649/934
f 989/644/873 991/647/876 1057/654/934 1059/649/933
f 1061/644/932 1060/649/936 1059/654/933 1052/647/930
f 986/644/872 989/647/873 1059/654/933 1060/649/936
f 1017/644/897 1013/649/893 1060/654/936 1061/647/932
f 1010/644/874 986/647/872 1060/654/936 1013/649/893
f 1017/648/897 1061/649/932 1053/640/929 1066/641/901
f 1056/644/909 1058/649/935 1062/654/937 1027/647/907
f 1063/644/878 998/647/883 1062/654/937 1058/649/935
f 1027/644/907 1062/649/937 1064/654/938 1025/647/905
f 998/644/883 1000/647/884 1064/654/938 1062/649/937
f 1025/644/905 1064/649/938 1065/654/904 1019/647/902
f 1000/644/884 1002/647/886 1065/654/904 1064/649/938
f 1002/644/886 1011/647/888 1014/654/895 1065/649/904
f 1053/640/929 1050/622/836 969/615/836 1066/641/901
o wheels.031
v 0.825371 0.551875 1.299877
v 0.825371 0.488785 1.213041
v 0.825371 0.551875 1.407212
v 0.825371 0.568756 1.294392
v 0.776965 0.528060 1.307615
v 0.776965 0.491299 1.257018
v 0.776965 0.528060 1.370157
v 0.728559 0.551875 1.299877
v 0.728559 0.488785 1.213041
v 0.728559 0.551875 1.407212
v 0.728559 0.568756 1.294392
v 0.658834 0.610967 1.280677
v 0.728559 0.488785 1.184321
v 0.728559 0.568756 1.430448
v 0.658834 0.610967 1.444163
v 0.728559 0.488785 1.540519
v 0.728559 0.359388 1.362420
v 0.728559 0.541528 1.439295
v 0.728559 0.478385 1.526204
v 0.728559 0.376216 1.385581
v 0.776965 0.500446 1.455289
v 0.776965 0.463654 1.505929
v 0.776965 0.404122 1.423991
v 0.825371 0.541528 1.439295
v 0.825371 0.478385 1.526204
v 0.825371 0.376216 1.385581
v 0.825371 0.568756 1.430448
v 0.895097 0.610967 1.444163
v 0.825371 0.488785 1.540519
v 0.825371 0.359388 1.362420
v 0.825371 0.488785 1.184321
v 0.825371 0.229992 1.184321
v 0.825371 0.359388 1.582563
v 0.825371 0.150020 1.430448
v 0.825371 0.332160 1.353573
v 0.825371 0.386703 1.353545
v 0.825371 0.342507 1.385655
v 0.825371 0.359388 1.328398
v 0.825371 0.456428 1.194834
v 0.825371 0.262349 1.194834
v 0.776965 0.359388 1.283304
v 0.776965 0.415931 1.205479
v 0.776965 0.302845 1.205479
v 0.728559 0.359388 1.328398
v 0.728559 0.456428 1.194834
v 0.728559 0.262349 1.194834
v 0.728559 0.359388 1.163304
v 0.728559 0.229992 1.184321
v 0.658834 0.203904 1.148414
v 0.728559 0.359388 1.142277
v 0.728559 0.150020 1.294392
v 0.728559 0.229992 1.212950
v 0.728559 0.166848 1.299860
v 0.728559 0.332160 1.353573
v 0.776965 0.227475 1.256964
v 0.776965 0.190683 1.307604
v 0.776965 0.287007 1.338902
v 0.825371 0.229992 1.212950
v 0.825371 0.166848 1.299860
v 0.825371 0.166848 1.407286
v 0.825371 0.150020 1.294392
v 0.895097 0.107809 1.280677
v 0.895097 0.203904 1.148414
v 0.895097 0.107809 1.444163
v 0.895097 0.034839 1.256968
v 0.861559 0.001302 1.246071
v 0.895097 0.158806 1.086342
v 0.895097 0.034839 1.467872
v 0.861559 0.001302 1.478769
v 0.895097 0.158806 1.638498
v 0.861559 0.138079 1.667026
v 0.895097 0.359388 1.703671
v 0.895097 0.203904 1.576426
v 0.825371 0.229992 1.540519
v 0.895097 0.359388 1.626945
v 0.895097 0.514872 1.576426
v 0.895097 0.559970 1.638498
v 0.861559 0.580698 1.667026
v 0.895097 0.683937 1.467872
v 0.861559 0.717475 1.478769
v 0.895097 0.683937 1.256968
v 0.861559 0.717475 1.246071
v 0.895097 0.559970 1.086342
v 0.895097 0.610967 1.280677
v 0.895097 0.514872 1.148414
v 0.895097 0.359388 1.097894
v 0.825371 0.359388 1.142277
v 0.895097 0.359388 1.021169
v 0.861559 0.359388 0.985905
v 0.861559 0.138079 1.057813
v 0.861559 0.580698 1.057813
v 0.776965 0.359388 0.985905
v 0.776965 0.138079 1.057813
v 0.776965 0.580698 1.057813
v 0.692372 0.359388 0.985905
v 0.658834 0.359388 1.021169
v 0.692372 0.138079 1.057813
v 0.692372 0.580698 1.057813
v 0.692372 0.717475 1.246071
v 0.658834 0.559970 1.086342
v 0.658834 0.683937 1.256968
v 0.658834 0.514872 1.148414
v 0.658834 0.359388 1.097894
v 0.658834 0.683937 1.467872
v 0.692372 0.717475 1.478769
v 0.658834 0.559970 1.638498
v 0.692372 0.580698 1.667026
v 0.658834 0.359388 1.703671
v 0.658834 0.514872 1.576426
v 0.658834 0.359388 1.626945
v 0.658834 0.203904 1.576426
v 0.728559 0.359388 1.582563
v 0.728559 0.229992 1.540519
v 0.728559 0.376216 1.559401
v 0.728559 0.342507 1.559327
v 0.728559 0.240425 1.526159
v 0.728559 0.342507 1.385655
v 0.776965 0.314624 1.525227
v 0.776965 0.255143 1.505901
v 0.776965 0.314624 1.424033
v 0.825371 0.342507 1.559327
v 0.825371 0.240425 1.526159
v 0.825371 0.177335 1.439323
v 0.776965 0.218382 1.455303
v 0.728559 0.177335 1.439323
v 0.728559 0.150020 1.430448
v 0.658834 0.107809 1.444163
v 0.728559 0.166848 1.407286
v 0.776965 0.190683 1.370199
v 0.658834 0.107809 1.280677
v 0.658834 0.034839 1.467872
v 0.692372 0.001302 1.478769
v 0.658834 0.034839 1.256968
v 0.658834 0.158806 1.638498
v 0.692372 0.138079 1.667026
v 0.692372 0.359388 1.738934
v 0.776965 0.138079 1.667026
v 0.776965 0.359388 1.738934
v 0.776965 0.001302 1.478769
v 0.776965 0.001302 1.246071
v 0.692372 0.001302 1.246071
v 0.776965 0.580698 1.667026
v 0.861559 0.359388 1.738934
v 0.776965 0.717475 1.478769
v 0.776965 0.717475 1.246071
v 0.658834 0.158806 1.086342
v 0.776965 0.404122 1.525272
v 0.825371 0.376216 1.559401
v 0.825371 0.359388 1.163304
v 0.776965 0.359388 1.187107
v 0.776965 0.431818 1.338886
v 0.728559 0.386703 1.353545
vn 1.0000 -0.0000 -0.0000
vn 0.4595 -0.8447 0.2745
vn 0.4414 -0.7259 0.5274
vn 0.4414 -0.8973 -0.0000
vn -0.4595 -0.8447 0.2745
vn -0.4414 -0.7259 0.5274
vn -0.4414 -0.8973 -0.0000
vn -1.0000 -0.0000 -0.0000
vn -0.5370 -0.8023 0.2607
vn -0.5370 -0.4959 0.6825
vn -0.5370 -0.8023 -0.2607
vn -0.5370 -0.4959 -0.6825
vn -0.4598 -0.5220 -0.7184
vn -0.4417 -0.7258 -0.5273
vn -0.4995 -0.2677 0.8239
vn 0.4598 -0.5220 -0.7184
vn 0.4417 -0.7258 -0.5273
vn 0.4995 -0.2677 0.8239
vn 0.5370 -0.4959 -0.6825
vn 0.5370 -0.8023 -0.2607
vn 0.5370 -0.8023 0.2607
vn 0.4803 -0.7096 -0.5156
vn 0.4803 0.7096 -0.5156
vn -0.4803 -0.7096 -0.5156
vn -0.4803 0.7096 -0.5156
vn -0.4413 -0.0000 0.8974
vn -0.4236 0.2799 0.8615
vn -0.5370 0.4959 0.6825
vn -0.5370 0.8023 0.2607
vn -0.5370 -0.0000 0.8436
vn -0.4417 0.7258 0.5273
vn -0.4598 0.8446 0.2744
vn -0.4995 -0.7009 0.5092
vn 0.4417 0.7258 0.5273
vn 0.4598 0.8446 0.2744
vn 0.4995 -0.7009 0.5092
vn 0.4417 0.8971 -0.0000
vn 0.5370 0.8023 0.2607
vn 0.5370 0.8023 -0.2607
vn 0.5370 0.4959 0.6825
vn 0.9022 -0.4102 -0.1333
vn 0.9022 -0.2535 -0.3490
vn 0.9022 -0.4102 0.1333
vn 0.3686 -0.8841 -0.2873
vn 0.3686 -0.8841 0.2873
vn 0.3686 -0.5464 -0.7521
vn 0.9022 -0.2535 0.3490
vn 0.3686 -0.5464 0.7521
vn 0.9022 -0.0000 0.4314
vn 0.3686 -0.0000 0.9296
vn 0.5370 0.4959 -0.6825
vn 0.5370 -0.0000 -0.8436
vn 0.9022 0.2535 0.3490
vn 0.9022 0.4102 0.1333
vn 0.3686 0.5464 0.7521
vn 0.3686 0.8841 0.2873
vn 0.9022 0.4102 -0.1333
vn 0.3686 0.8841 -0.2873
vn 0.9022 0.2535 -0.3490
vn 0.3686 0.5464 -0.7521
vn 0.5370 -0.4959 0.6825
vn 0.5370 -0.0000 0.8436
vn 0.9022 -0.0000 -0.4314
vn 0.3686 -0.0000 -0.9296
vn -0.0000 -0.5878 -0.8090
vn -0.0000 -0.0000 -1.0000
vn -0.0000 0.5878 -0.8090
vn -0.3686 -0.0000 -0.9296
vn -0.3686 -0.5464 -0.7521
vn -0.3686 0.5464 -0.7521
vn -0.9022 -0.0000 -0.4314
vn -0.9022 0.2535 -0.3490
vn -0.9022 -0.2535 -0.3490
vn -0.3686 0.8841 -0.2873
vn -0.9022 0.4102 -0.1333
vn -0.0000 0.9511 -0.3090
vn -0.3686 0.8841 0.2873
vn -0.9022 0.4102 0.1333
vn -0.3686 0.5464 0.7521
vn -0.9022 0.2535 0.3490
vn -0.3686 -0.0000 0.9296
vn -0.9022 -0.0000 0.4314
vn -0.5370 -0.0000 -0.8436
vn -0.5370 0.4959 -0.6825
vn -0.9022 -0.2535 0.3490
vn -0.4595 0.5221 -0.7186
vn -0.4414 0.2773 -0.8534
vn -0.4991 -0.8665 -0.0000
vn 0.4595 0.5221 -0.7186
vn 0.4414 0.2773 -0.8534
vn 0.4991 -0.8665 -0.0000
vn 0.4414 0.7259 -0.5274
vn 0.4991 0.2678 0.8241
vn -0.4414 0.7259 -0.5274
vn -0.4991 0.2678 0.8241
vn -0.5370 0.8023 -0.2607
vn -0.4995 -0.2677 -0.8239
vn -0.4417 0.8971 -0.0000
vn 0.4995 -0.2677 -0.8239
vn -0.9022 -0.4102 0.1333
vn -0.9022 -0.4102 -0.1333
vn -0.3686 -0.8841 0.2873
vn -0.3686 -0.5464 0.7521
vn -0.3686 -0.8841 -0.2873
vn -0.0000 -0.9511 0.3090
vn -0.0000 -0.5878 0.8090
vn -0.0000 -0.0000 1.0000
vn -0.0000 -0.9511 -0.3090
vn -0.0000 0.5878 0.8090
vn -0.0000 0.9511 0.3090
vn -0.4995 0.8663 -0.0000
vn -0.4417 -0.2772 -0.8532
vn 0.4995 0.8663 -0.0000
vn 0.4417 -0.2772 -0.8532
vn 0.4413 -0.0000 0.8974
vn 0.4236 0.2799 0.8615
vn 0.4236 -0.2799 0.8615
vn -0.4236 -0.2799 0.8615
vn 0.4991 0.7010 0.5093
vn 0.4991 0.2678 -0.8241
vn -0.4991 0.7010 0.5093
vn -0.4991 0.2678 -0.8241
vt 0.988834 0.528250
vt 0.992356 0.528250
vt 0.975668 0.528250
vt 0.969168 0.356028
vt 0.982334 0.356028
vt 0.991011 0.528250
vt 0.992356 0.528250
vt 0.977845 0.528250
vt 0.971345 0.356028
vt 0.984511 0.356028
vt 0.985856 0.356028
vt 0.985856 0.356028
vt 0.969168 0.356028
vt 0.988845 0.528250
vt 0.975668 0.528250
vt 0.975668 0.528250
vt 0.982345 0.356028
vt 0.978247 0.528250
vt 0.988183 0.528250
vt 0.977838 0.528250
vt 0.988833 0.528250
vt 0.977838 0.528250
vt 0.969168 0.356028
vt 0.981683 0.356028
vt 0.991015 0.528250
vt 0.971338 0.356028
vt 0.984515 0.356028
vt 0.982345 0.356028
vt 0.990697 0.350349
vt 0.969168 0.350348
vt 0.990697 0.350349
vt 0.969168 0.350349
vt 0.975777 0.347738
vt 0.969168 0.349043
vt 0.969168 0.374303
vt 0.975777 0.375608
vt 0.969168 0.347738
vt 0.992922 0.347738
vt 0.990697 0.350349
vt 0.969168 0.374303
vt 0.990697 0.350348
vt 0.990697 0.350349
vt 0.992922 0.375608
vt 0.982334 0.356028
vt 0.984511 0.356028
vt 0.991011 0.528250
vt 0.971338 0.356028
vt 0.990762 0.528250
vt 0.971747 0.356028
vt 0.984262 0.356028
s 1
usemtl metallic
f 1074/662/951 1103/663/951 1076/664/951 1073/664/951
f 1073/665/952 1077/665/952 1078/666/953 1074/666/953
f 1073/667/951 1076/668/951 1099/664/951 1075/669/951
f 1075/670/954 1079/670/954 1077/671/952 1073/671/952
f 1080/665/955 1081/666/956 1078/666/956 1077/665/955
f 1082/670/957 1080/671/955 1077/671/955 1079/670/957
f 1081/662/958 1080/664/958 1083/664/958 1085/663/958
f 1080/667/958 1082/669/958 1086/664/958 1083/668/958
f 1090/675/958 1091/676/958 1088/676/958 1086/668/958
f 1082/669/958 1224/669/958 1089/664/958 1086/664/958
f 1092/677/958 1090/675/958 1086/668/958 1089/664/958
f 1091/674/963 1090/678/964 1093/678/964 1094/674/963
f 1090/675/965 1092/677/965 1095/677/965 1093/675/965
f 1097/674/966 1094/674/966 1093/678/967 1096/678/967
f 1096/675/968 1093/675/968 1095/677/968 1098/677/968
f 1096/675/951 1099/668/951 1101/676/951 1097/676/951
f 1098/677/951 1102/664/951 1099/668/951 1096/675/951
f 1075/669/951 1099/664/951 1102/664/951 1108/669/951
f 1111/679/951 1103/676/951 1102/664/951 1110/664/951
f 1108/669/951 1102/664/951 1103/663/951 1074/662/951
f 1110/664/951 1102/664/951 1104/663/951 1112/680/951
f 1130/681/951 1104/664/951 1102/664/951 1107/677/951
f 1109/669/951 1102/664/951 1105/668/951 1193/682/951
f 1220/683/951 1105/676/951 1102/664/951 1098/677/951
f 1195/669/951 1106/664/951 1102/664/951 1109/669/951
f 1107/677/951 1102/664/951 1106/663/951 1132/675/951
f 1110/664/972 1113/664/972 1114/679/972 1111/679/972
f 1112/680/973 1115/680/973 1113/664/973 1110/664/973
f 1116/664/974 1117/679/974 1114/679/974 1113/664/974
f 1118/680/975 1116/664/975 1113/664/975 1115/680/975
f 1117/679/958 1116/664/958 1089/664/958 1085/676/958
f 1116/664/958 1118/680/958 1120/663/958 1089/664/958
f 1118/680/958 1119/676/958 1122/676/958 1120/663/958
f 1119/684/976 1118/685/977 1115/685/977 1222/684/976
f 1125/686/958 1124/681/958 1120/664/958 1123/663/958
f 1124/681/958 1126/677/958 1089/664/958 1120/664/958
f 1124/687/981 1125/688/982 1128/688/982 1127/687/981
f 1126/677/983 1124/681/983 1127/681/983 1129/677/983
f 1130/687/984 1127/687/984 1128/688/985 1131/688/985
f 1107/677/986 1129/677/986 1127/681/986 1130/681/986
f 1131/686/951 1133/663/951 1104/664/951 1130/681/951
f 1132/675/951 1106/663/951 1133/664/951 1131/664/951
f 1131/665/985 1128/665/985 1201/689/987 1132/689/987
f 1091/686/958 1186/683/958 1184/676/958 1088/663/958
f 1187/682/958 1188/664/958 1185/676/958 1184/668/958
f 1189/669/958 1187/682/958 1184/668/958 1089/664/958
f 1186/683/958 1092/677/958 1089/664/958 1184/676/958
f 1188/665/1036 1187/705/1037 1190/705/1037 1191/665/1036
f 1187/682/1038 1189/669/1038 1192/669/1038 1190/682/1038
f 1194/665/1039 1191/665/1039 1190/705/1040 1193/705/1040
f 1193/682/1041 1190/682/1041 1192/669/1041 1109/669/1041
f 1193/682/951 1105/668/951 1146/676/951 1194/664/951
f 1195/670/1042 1196/670/1042 1191/706/1039 1194/706/1039
f 1194/707/951 1146/663/951 1106/664/951 1195/669/951
f 1109/669/1043 1192/669/1043 1196/669/1043 1195/669/1043
f 1197/670/1044 1188/706/1036 1191/706/1036 1196/670/1044
f 1189/669/1045 1197/669/1045 1196/669/1045 1192/669/1045
f 1188/707/958 1197/669/958 1198/664/958 1185/663/958
f 1197/669/958 1189/669/958 1089/664/958 1198/664/958
f 1200/675/958 1125/664/958 1123/664/958 1198/663/958
f 1126/677/958 1200/675/958 1198/663/958 1089/664/958
f 1200/675/1047 1126/677/1047 1129/677/1047 1201/675/1047
f 1125/665/982 1200/689/1048 1201/689/1048 1128/665/982
f 1132/675/1049 1201/675/1049 1129/677/1049 1107/677/1049
f 1092/677/1061 1186/683/1061 1219/683/1061 1095/677/1061
f 1186/708/1062 1091/688/963 1094/688/963 1219/708/1062
f 1098/677/1063 1095/677/1063 1219/683/1063 1220/683/1063
f 1220/708/1064 1219/708/1064 1094/688/966 1097/688/966
f 1097/686/951 1101/663/951 1105/676/951 1220/683/951
f 1112/680/951 1104/663/951 1159/676/951 1221/676/951
f 1221/709/951 1159/668/951 1103/676/951 1111/679/951
f 1221/684/1065 1222/684/1065 1115/685/1066 1112/685/1066
f 1111/710/1067 1114/710/1067 1222/711/1065 1221/711/1065
f 1117/710/1068 1119/711/976 1222/711/976 1114/710/1068
f 1119/709/958 1117/679/958 1085/676/958 1122/668/958
f 1074/662/1069 1078/662/1069 1223/669/1069 1108/669/1069
f 1108/669/1070 1223/669/1070 1079/669/1070 1075/669/1070
f 1081/662/1071 1224/669/1071 1223/669/1071 1078/662/1071
f 1224/669/1072 1082/669/1072 1079/669/1072 1223/669/1072
f 1224/669/958 1081/662/958 1085/663/958 1089/664/958
usemtl texture
f 1084/665/959 1174/672/960 1085/672/960 1083/665/959
f 1087/665/961 1084/673/959 1083/673/959 1086/665/961
f 1181/674/962 1087/673/961 1086/673/961 1088/674/962
f 1148/674/969 1101/674/969 1099/673/970 1100/673/970
f 1100/665/970 1099/665/970 1076/673/971 1156/673/971
f 1121/665/978 1202/672/979 1123/672/979 1120/665/978
f 1175/674/980 1121/672/978 1120/672/978 1122/674/980
f 1134/665/988 1133/665/988 1106/672/989 1136/672/989
f 1135/665/990 1104/665/990 1133/672/988 1134/672/988
f 1137/690/991 1139/691/992 1135/665/951 1134/672/951
f 1140/692/993 1137/693/991 1134/665/951 1136/672/951
f 1138/694/994 1137/695/991 1140/696/993 1141/697/995
f 1162/698/996 1139/691/992 1137/690/991 1138/699/994
f 1141/698/995 1140/693/993 1142/690/997 1143/699/998
f 1142/690/997 1140/693/993 1136/665/951 1145/672/951
f 1143/698/998 1142/693/997 1144/700/999 1215/699/1000
f 1144/700/999 1142/693/997 1145/674/951 1147/673/951
f 1136/665/989 1106/665/989 1146/672/1001 1145/672/1001
f 1145/674/1001 1146/674/1001 1105/673/1002 1147/673/1002
f 1147/674/1002 1105/674/1002 1101/672/969 1148/672/969
f 1149/692/1003 1144/693/999 1147/674/951 1148/672/951
f 1151/692/1004 1149/693/1003 1148/674/951 1100/673/951
f 1150/694/1005 1149/695/1003 1151/701/1004 1152/697/1006
f 1215/698/1000 1144/693/999 1149/692/1003 1150/699/1005
f 1152/694/1006 1151/695/1004 1153/696/1007 1154/697/1008
f 1153/702/1007 1151/693/1004 1100/665/951 1156/673/951
f 1154/698/1008 1153/693/1007 1155/703/1009 1163/699/1010
f 1155/703/1009 1153/693/1007 1156/665/951 1157/672/951
f 1156/665/971 1076/665/971 1103/672/1011 1157/672/1011
f 1157/674/1011 1103/674/1011 1159/673/1012 1158/673/1012
f 1160/700/1013 1155/693/1009 1157/674/951 1158/673/951
f 1139/692/992 1160/693/1013 1158/674/951 1135/672/951
f 1158/674/1012 1159/674/1012 1104/672/990 1135/672/990
f 1163/694/1010 1155/695/1009 1160/696/1013 1161/697/1014
f 1161/694/1014 1160/695/1013 1139/696/992 1162/697/996
f 1161/694/1014 1162/697/996 1165/704/1015 1164/699/1016
f 1163/694/1010 1161/697/1014 1164/704/1016 1166/699/1017
f 1167/694/1018 1164/699/1016 1165/704/1015 1169/697/1019
f 1170/694/1020 1166/699/1017 1164/704/1016 1167/697/1018
f 1170/694/1020 1167/697/1018 1168/696/1021 1172/695/1022
f 1167/694/1018 1169/697/1019 1218/696/1023 1168/695/1021
f 1171/698/1024 1170/699/1020 1172/703/1022 1173/693/1025
f 1171/694/1024 1217/699/1026 1166/704/1017 1170/697/1020
f 1172/703/1022 1174/672/958 1084/665/958 1173/693/1025
f 1168/700/1021 1175/673/958 1174/674/958 1172/693/1022
f 1174/674/960 1175/673/980 1122/673/980 1085/674/960
f 1218/692/1023 1121/672/958 1175/674/958 1168/693/1021
f 1177/694/1027 1171/697/1024 1173/696/1025 1176/695/1028
f 1173/702/1025 1084/673/958 1087/665/958 1176/693/1028
f 1179/694/1029 1177/697/1027 1176/701/1028 1178/695/1030
f 1176/692/1028 1087/673/958 1181/674/958 1178/693/1030
f 1208/698/1031 1179/699/1029 1178/692/1030 1180/693/1032
f 1178/692/1030 1181/672/958 1182/674/958 1180/693/1032
f 1182/674/1033 1181/672/962 1088/672/962 1184/674/1033
f 1183/674/1034 1182/673/1033 1184/673/1033 1185/674/1034
f 1180/700/1032 1182/673/958 1183/674/958 1206/693/1035
f 1199/665/1046 1183/672/1034 1185/672/1034 1198/665/1046
f 1202/665/979 1199/672/1046 1198/672/1046 1123/665/979
f 1203/692/1050 1199/672/958 1202/665/958 1205/693/1051
f 1206/690/1035 1183/672/958 1199/665/958 1203/693/1050
f 1204/698/1052 1207/699/1053 1206/690/1035 1203/693/1050
f 1213/694/1054 1204/697/1052 1203/696/1050 1205/695/1051
f 1207/698/1053 1208/699/1031 1180/700/1032 1206/693/1035
f 1204/694/1052 1211/699/1055 1209/704/1056 1207/697/1053
f 1207/694/1053 1209/699/1056 1210/704/1057 1208/697/1031
f 1143/694/998 1215/697/1000 1210/704/1057 1209/699/1056
f 1141/694/995 1143/697/998 1209/704/1056 1211/699/1055
f 1213/694/1054 1212/699/1058 1211/704/1055 1204/697/1052
f 1138/694/994 1141/697/995 1211/704/1055 1212/699/1058
f 1169/694/1019 1165/699/1015 1212/704/1058 1213/697/1054
f 1162/694/996 1138/697/994 1212/704/1058 1165/699/1015
f 1169/698/1019 1213/699/1054 1205/690/1051 1218/691/1023
f 1208/694/1031 1210/699/1057 1214/704/1059 1179/697/1029
f 1215/694/1000 1150/697/1005 1214/704/1059 1210/699/1057
f 1179/694/1029 1214/699/1059 1216/704/1060 1177/697/1027
f 1150/694/1005 1152/697/1006 1216/704/1060 1214/699/1059
f 1177/694/1027 1216/699/1060 1217/704/1026 1171/697/1024
f 1152/694/1006 1154/697/1008 1217/704/1026 1216/699/1060
f 1154/694/1008 1163/697/1010 1166/704/1017 1217/699/1026
f 1205/690/1051 1202/672/958 1121/665/958 1218/691/1023
