# Blender 5.1.2
# www.blender.org
mtllib rally.mtl
o rally
v 0.232126 0.685248 -1.761441
v 0.608525 0.328849 -1.562736
v 0.711998 0.122103 1.917308
v 0.447172 0.361283 2.010696
v 0.516089 0.312686 0.950434
v 0.340500 0.573730 1.996977
v 0.824445 0.182792 -1.635486
v 0.634559 1.218092 -1.214777
v 0.000000 0.685248 -1.761441
v 0.000000 0.361229 2.096952
v 0.000000 0.574201 2.096680
v 0.000000 0.402432 -1.844769
v 0.000000 1.323910 -1.470423
v 0.000000 0.134888 2.126437
v 0.510691 0.430340 1.969439
v 0.855866 0.104111 0.394376
v 0.000000 1.364585 0.321774
v 0.608525 0.328849 -0.839064
v 0.000000 0.413547 2.079609
v 0.000000 0.895406 1.281710
v 0.516089 0.312686 1.765294
v 0.727849 0.976013 -1.511633
v 0.608525 0.541531 -0.908169
v 0.000000 0.941199 -1.744341
v 0.516089 0.528417 1.687482
v 0.608525 0.672975 -1.089087
v 0.750446 0.887208 0.342879
v 0.608525 0.672975 -1.312713
v 0.516089 0.661746 1.483767
v 0.372213 1.301087 -1.442097
v 0.474557 0.127941 2.071348
v 0.608525 0.541531 -1.493631
v 0.504363 0.395780 -1.835190
v 0.516089 0.661746 1.231961
v 0.427847 0.880940 1.271572
v 0.516089 0.528417 1.028246
v 0.000000 1.422443 -0.481233
v 0.652873 0.698632 1.742234
v 0.000000 0.628043 2.126420
v 0.620185 1.315432 -0.404013
v 0.464437 0.617923 2.011563
v 0.855743 0.095828 -0.401750
v 0.788731 0.723512 -1.582711
v 0.882130 0.749371 0.408798
v 0.906866 0.710507 1.176953
v 0.504363 0.701620 -1.777165
v 0.760430 0.765489 1.474795
v 0.455678 0.842003 1.520405
v 0.000000 0.856234 1.559903
v 0.870471 0.718544 1.463345
v 0.745381 0.952331 -0.357053
v 0.369017 1.399619 -0.465911
v 0.867202 0.793950 -0.401716
v 0.717004 0.830774 1.105772
v 0.706152 1.092136 -1.150336
v 0.000000 1.157798 -1.410316
v 0.707401 0.602274 1.845370
v 0.827008 0.692954 1.567947
v 0.783906 0.632836 1.673379
v 0.986132 0.142662 1.695539
v 0.949608 0.135202 1.019977
v 0.516381 0.121563 1.765928
v 0.516406 0.113908 0.949284
v 0.986132 0.615282 1.461951
v 0.986132 0.499207 1.630379
v 0.986132 0.615282 1.253762
v 0.966769 0.311393 1.021000
v 0.983847 0.499207 1.085334
v 0.986132 0.311393 1.694713
v 0.902100 0.186491 -1.529278
v 0.935178 0.100636 -0.872433
v 0.608558 0.094864 -0.848279
v 0.608570 0.087527 -1.553246
v 0.967998 0.642817 -1.096640
v 0.966489 0.520252 -0.927944
v 0.967998 0.520252 -1.473854
v 0.919695 0.321939 -1.538290
v 0.967998 0.642817 -1.305159
v 0.953576 0.321939 -0.863508
v 0.894138 0.604043 0.995309
v 0.896318 0.411667 0.884524
v 0.888566 0.238829 0.817938
v 0.813910 0.120671 1.837992
v 0.807243 0.342502 1.810203
v 0.855743 0.097182 -0.610273
v 0.843674 0.443660 -1.616839
v 0.876310 0.721084 -1.042627
v 0.907169 0.347446 -0.706924
v 0.912923 0.593108 -0.843387
v 0.859525 0.598636 -1.561350
v 0.860372 0.721084 -1.380976
v 0.369017 1.341762 0.321774
v 0.000000 0.909768 1.248173
v 0.422897 0.898205 1.239744
v 0.623058 1.258137 0.274757
v 0.758180 0.847820 0.991517
v 0.366342 1.311791 0.347497
v 0.000000 1.332831 0.347710
v 0.583487 1.268131 0.316370
v 0.761321 0.856138 0.340473
v 0.737672 0.970164 -0.451251
v 0.612218 1.288536 0.285085
v 0.758180 0.808591 1.123475
v 0.625649 1.310203 -0.494502
v 0.605231 1.251933 0.274308
v 0.732619 0.881004 0.342430
v 0.727554 0.946127 -0.357501
v 0.730018 0.841616 0.991069
v 0.602358 1.309227 -0.404462
v 0.755923 0.925526 -0.405299
v 0.698162 1.101229 -1.372906
v 0.617598 1.257640 -1.358739
v 0.609066 1.351406 -0.459747
v 0.715590 0.961503 -0.451081
v 0.684071 1.083474 -1.150167
v 0.612477 1.209431 -1.214607
v 0.603568 1.301542 -0.494333
v 0.000000 0.096557 -1.553246
v 0.834964 0.893559 -1.113529
v 0.000000 0.172080 2.126435
v 0.000000 0.273106 2.126432
v 0.423389 0.167687 2.077286
v 0.380929 0.270177 2.077123
v 0.000000 0.170994 2.101581
v 0.000000 0.272020 2.101578
v 0.418347 0.166601 2.052432
v 0.375886 0.269091 2.052268
v 0.511250 0.429869 2.012158
v 0.445365 0.361058 2.050146
v 0.000000 0.361058 2.126429
v 0.000000 0.574201 2.126422
v 0.339941 0.574201 2.045958
v 0.594204 0.992657 -1.646427
v 0.620458 1.114576 -1.393937
v 0.000000 1.141159 -1.434507
v 0.000000 0.956014 -1.715529
v 0.763417 0.909719 -1.495557
v 0.520716 0.930269 -1.729227
v 0.717874 1.084026 -1.293743
v 0.564848 1.123960 -1.344928
v 0.490838 0.938282 -1.717589
v 0.420548 0.947942 -1.705469
v 0.459608 0.965389 -1.672503
v 0.476192 1.105356 -1.425165
v 0.441580 1.124867 -1.396266
v 0.510607 1.123678 -1.375122
v 0.000000 0.861426 -1.761441
v 0.245512 0.823907 -1.761441
v 0.233707 0.701620 -1.787326
v 0.000000 0.685248 -1.798613
v 0.713644 0.814199 1.098067
v 0.419537 0.881630 1.232039
v 0.000000 0.893193 1.240467
v 0.362982 1.295216 0.339791
v 0.000000 1.316256 0.340005
v 0.580127 1.251556 0.308665
v 0.000000 0.939963 -1.705697
v 0.419544 0.931891 -1.695637
v 0.475188 1.089304 -1.415333
v 0.440576 1.108816 -1.386434
v 0.458604 0.949338 -1.662672
v 0.000000 1.125108 -1.424675
v -0.232126 0.685248 -1.761441
v -0.608525 0.328849 -1.562736
v -0.711998 0.122103 1.917308
v -0.447172 0.361283 2.010696
v -0.516089 0.312686 0.950434
v -0.340500 0.573730 1.996977
v -0.824445 0.182792 -1.635486
v -0.634559 1.218092 -1.214777
v -0.510691 0.430340 1.969439
v -0.855866 0.104111 0.394376
v -0.608525 0.328849 -0.839064
v -0.516089 0.312686 1.765294
v -0.727848 0.976013 -1.511633
v -0.608525 0.541531 -0.908169
v -0.516089 0.528417 1.687482
v -0.608525 0.672975 -1.089087
v -0.750446 0.887208 0.342879
v -0.608525 0.672975 -1.312713
v -0.516089 0.661746 1.483767
v -0.372213 1.301087 -1.442097
v -0.474557 0.127941 2.071348
v -0.608525 0.541531 -1.493631
v -0.504363 0.395780 -1.835190
v -0.516089 0.661746 1.231961
v -0.427847 0.880940 1.271572
v -0.516089 0.528417 1.028246
v -0.652873 0.698632 1.742234
v -0.620185 1.315432 -0.404013
v -0.464437 0.617923 2.011563
v -0.855742 0.095828 -0.401750
v -0.788731 0.723512 -1.582711
v -0.882130 0.749371 0.408798
v -0.906866 0.710507 1.176953
v -0.504363 0.701620 -1.777165
v -0.760430 0.765489 1.474795
v -0.455678 0.842003 1.520405
v -0.870471 0.718544 1.463345
v -0.745381 0.952331 -0.357053
v -0.369017 1.399619 -0.465911
v -0.867202 0.793950 -0.401716
v -0.717004 0.830774 1.105772
v -0.706152 1.092136 -1.150336
v -0.707401 0.602274 1.845370
v -0.827008 0.692954 1.567947
v -0.783906 0.632836 1.673379
v -0.986132 0.142662 1.695539
v -0.949608 0.135202 1.019977
v -0.516381 0.121563 1.765928
v -0.516406 0.113908 0.949284
v -0.986132 0.615282 1.461951
v -0.986132 0.499207 1.630379
v -0.986132 0.615282 1.253762
v -0.966769 0.311393 1.021000
v -0.983847 0.499207 1.085334
v -0.986132 0.311393 1.694713
v -0.902100 0.186491 -1.529278
v -0.935178 0.100636 -0.872433
v -0.608558 0.094864 -0.848279
v -0.608570 0.087527 -1.553246
v -0.967998 0.642817 -1.096640
v -0.966489 0.520252 -0.927944
v -0.967998 0.520252 -1.473854
v -0.919695 0.321939 -1.538290
v -0.967998 0.642817 -1.305159
v -0.953576 0.321939 -0.863508
v -0.894138 0.604043 0.995309
v -0.896318 0.411667 0.884524
v -0.888566 0.238829 0.817938
v -0.813909 0.120671 1.837992
v -0.807243 0.342502 1.810203
v -0.855742 0.097182 -0.610273
v -0.843674 0.443660 -1.616839
v -0.876310 0.721084 -1.042627
v -0.907169 0.347446 -0.706924
v -0.912923 0.593108 -0.843387
v -0.859525 0.598636 -1.561350
v -0.860372 0.721084 -1.380976
v -0.369017 1.341762 0.321774
v -0.422897 0.898205 1.239744
v -0.623058 1.258137 0.274757
v -0.758180 0.847820 0.991517
v -0.366342 1.311791 0.347497
v -0.583487 1.268131 0.316370
v -0.761321 0.856138 0.340473
v -0.737672 0.970164 -0.451251
v -0.612218 1.288536 0.285085
v -0.758180 0.808591 1.123475
v -0.625649 1.310203 -0.494502
v -0.605231 1.251933 0.274308
v -0.732619 0.881004 0.342430
v -0.727554 0.946127 -0.357501
v -0.730017 0.841616 0.991069
v -0.602358 1.309227 -0.404462
v -0.755923 0.925526 -0.405299
v -0.698161 1.101229 -1.372906
v -0.617598 1.257640 -1.358739
v -0.609066 1.351406 -0.459747
v -0.715590 0.961503 -0.451081
v -0.684071 1.083474 -1.150167
v -0.612477 1.209431 -1.214607
v -0.603568 1.301542 -0.494333
v -0.834964 0.893559 -1.113529
v -0.423389 0.167687 2.077286
v -0.380929 0.270177 2.077123
v -0.418347 0.166601 2.052432
v -0.375886 0.269091 2.052268
v -0.511250 0.429869 2.012158
v -0.445365 0.361058 2.050146
v -0.339941 0.574201 2.045958
v -0.594204 0.992657 -1.646427
v -0.620458 1.114576 -1.393937
v -0.763417 0.909719 -1.495557
v -0.520716 0.930269 -1.729227
v -0.717874 1.084026 -1.293743
v -0.564848 1.123960 -1.344928
v -0.490838 0.938282 -1.717589
v -0.420548 0.947942 -1.705469
v -0.459608 0.965389 -1.672503
v -0.476192 1.105356 -1.425165
v -0.441580 1.124867 -1.396266
v -0.510607 1.123678 -1.375122
v -0.245512 0.823907 -1.761441
v -0.233707 0.701620 -1.787326
v -0.713644 0.814199 1.098067
v -0.419537 0.881630 1.232039
v -0.362982 1.295216 0.339791
v -0.580127 1.251556 0.308665
v -0.419544 0.931891 -1.695637
v -0.475188 1.089304 -1.415333
v -0.440576 1.108816 -1.386434
v -0.458604 0.949338 -1.662672
v 0.732159 0.816906 0.532382
v 0.833547 0.925811 0.489567
v 0.719685 0.815444 0.504675
v 0.821074 0.924350 0.461859
v 0.757677 0.788912 0.521606
v 0.859066 0.897818 0.478791
v 0.745204 0.787450 0.493899
v 0.846593 0.896356 0.451083
v 0.833089 0.868282 0.495976
v 0.804061 0.859613 0.458173
v 0.970045 0.874848 0.429847
v 0.970045 0.953047 0.429847
v 0.964467 0.867304 0.380722
v 0.964467 0.958892 0.380722
v 0.858996 0.964724 0.483467
v 0.833089 0.933649 0.495976
v 0.804061 0.936173 0.458173
v 0.834405 0.972568 0.443522
v -0.732158 0.816906 0.532382
v -0.833547 0.925812 0.489567
v -0.719685 0.815444 0.504675
v -0.821074 0.924350 0.461859
v -0.757677 0.788912 0.521606
v -0.859066 0.897818 0.478791
v -0.745204 0.787450 0.493899
v -0.846593 0.896356 0.451083
v -0.833089 0.868282 0.495976
v -0.804061 0.859614 0.458173
v -0.970045 0.874848 0.429847
v -0.970045 0.953047 0.429847
v -0.964467 0.867304 0.380722
v -0.964467 0.958892 0.380722
v -0.858996 0.964724 0.483467
v -0.833089 0.933649 0.495976
v -0.804061 0.936173 0.458173
v -0.834404 0.972568 0.443522
v 0.208315 1.286429 0.284724
v 0.180965 1.361088 0.343411
v 0.208315 1.324539 -0.225683
v 0.180965 1.408930 -0.152284
v 0.208315 1.295299 0.077052
v 0.180965 1.387386 0.087076
v 0.000000 1.324539 -0.225683
v 0.000000 1.418708 -0.152284
v 0.000000 1.286429 0.284724
v 0.000000 1.370866 0.343411
v 0.000000 1.397164 0.087076
v 0.000000 1.295299 0.077052
v -0.208315 1.286429 0.284724
v -0.180965 1.361088 0.343411
v -0.208315 1.324539 -0.225683
v -0.180965 1.408930 -0.152284
v -0.208315 1.295299 0.077052
v -0.180965 1.387386 0.087076
v 0.000000 1.310330 -1.473139
v 0.369017 1.287507 -1.438420
v 0.619812 1.248049 -1.352960
v 0.000000 1.310330 -1.602153
v 0.369017 1.287507 -1.567434
v 0.625599 1.217894 -1.439094
v 0.617199 1.323039 -1.414536
v 0.398851 1.368336 -1.478016
v 0.000000 1.391160 -1.512735
v 0.624547 1.359901 -1.504946
v 0.380639 1.413739 -1.594541
v 0.000000 1.436563 -1.629259
v -0.369017 1.287507 -1.438420
v -0.619812 1.248049 -1.352960
v -0.369017 1.287507 -1.567434
v -0.625599 1.217894 -1.439094
v -0.617199 1.323039 -1.414536
v -0.398851 1.368336 -1.478016
v -0.624547 1.359901 -1.504946
v -0.380639 1.413739 -1.594541
v 0.000000 1.461348 -0.120265
v 0.000000 1.383000 0.190017
v 0.114258 1.446812 -0.121512
v 0.175053 1.410006 -0.124671
v -0.175053 1.410006 -0.124671
v -0.114258 1.446812 -0.121512
v -0.168212 0.707166 -1.755032
v -0.152182 0.693077 -1.755645
v -0.152182 0.832758 -1.749562
v -0.168212 0.818669 -1.750175
v -0.146440 0.713176 -1.776896
v -0.146440 0.814583 -1.772479
v 0.167795 0.693077 -1.755645
v 0.183824 0.707166 -1.755032
v 0.183824 0.818669 -1.750175
v 0.167795 0.832758 -1.749562
v 0.162052 0.713176 -1.776896
v 0.162052 0.814583 -1.772479
v -0.168212 0.708128 -1.777116
v -0.152182 0.694039 -1.777729
v -0.152182 0.833720 -1.771646
v -0.168212 0.819631 -1.772259
v 0.167795 0.694039 -1.777729
v 0.183824 0.708128 -1.777116
v 0.183824 0.819631 -1.772259
v 0.167795 0.833720 -1.771646
v 0.375290 0.291721 -1.890314
v 0.375290 0.316185 -1.600468
v 0.411402 0.274330 -1.890314
v 0.430529 0.289583 -1.600468
v 0.420321 0.235254 -1.890314
v 0.444172 0.229810 -1.600468
v 0.395330 0.203917 -1.890314
v 0.405945 0.181875 -1.600468
v 0.355249 0.203917 -1.890314
v 0.344634 0.181875 -1.600468
v 0.330258 0.235254 -1.890314
v 0.306408 0.229810 -1.600468
v 0.339177 0.274330 -1.890314
v 0.320051 0.289583 -1.600468
v 0.375290 0.316185 -1.890314
v 0.430529 0.289583 -1.890314
v 0.444172 0.229810 -1.890314
v 0.405945 0.181875 -1.890314
v 0.344634 0.181875 -1.890314
v 0.306408 0.229810 -1.890314
v 0.320051 0.289583 -1.890314
v 0.375290 0.291721 -1.751190
v 0.411402 0.274330 -1.751190
v 0.420321 0.235254 -1.751190
v 0.395330 0.203917 -1.751190
v 0.355249 0.203917 -1.751190
v 0.330258 0.235254 -1.751190
v 0.339177 0.274330 -1.751190
v -0.375290 0.291721 -1.890314
v -0.375290 0.316185 -1.600468
v -0.411402 0.274330 -1.890314
v -0.430529 0.289583 -1.600468
v -0.420321 0.235254 -1.890314
v -0.444172 0.229810 -1.600468
v -0.395330 0.203917 -1.890314
v -0.405945 0.181875 -1.600468
v -0.355249 0.203917 -1.890314
v -0.344634 0.181875 -1.600468
v -0.330258 0.235254 -1.890314
v -0.306408 0.229810 -1.600468
v -0.339177 0.274330 -1.890314
v -0.320051 0.289583 -1.600468
v -0.375290 0.316185 -1.890314
v -0.430529 0.289583 -1.890314
v -0.444172 0.229810 -1.890314
v -0.405945 0.181875 -1.890314
v -0.344634 0.181875 -1.890314
v -0.306408 0.229810 -1.890314
v -0.320051 0.289583 -1.890314
v -0.375290 0.291721 -1.751190
v -0.411402 0.274330 -1.751190
v -0.420321 0.235254 -1.751190
v -0.395330 0.203917 -1.751190
v -0.355249 0.203917 -1.751190
v -0.330258 0.235254 -1.751190
v -0.339177 0.274330 -1.751190
v 0.000000 0.397430 -1.812639
v 0.504363 0.390779 -1.803059
v 0.000000 0.114586 -1.812639
v 0.504363 0.107934 -1.803059
v 0.836852 0.390779 -1.570283
v 0.000000 0.111260 -1.556123
v 0.000000 0.224249 -1.835971
v 0.504363 0.217597 -1.826391
v 0.000000 0.114586 -1.835971
v 0.504363 0.107934 -1.826391
v 0.836852 0.217597 -1.593616
v 0.836852 0.107934 -1.579246
v 0.252182 0.220923 -1.831182
v 0.252182 0.111260 -1.831182
v 0.452564 0.327869 -1.826391
v 0.303980 0.331194 -1.831182
v 0.246091 0.221423 -1.795286
v 0.000000 0.224748 -1.800076
v 0.246091 0.111760 -1.795286
v 0.498273 0.108434 -1.790496
v 0.498273 0.218097 -1.790496
v 0.000000 0.115086 -1.800076
v 0.836852 0.108184 -1.555913
v 0.836852 0.218097 -1.561962
v 0.446474 0.328369 -1.790496
v 0.297890 0.331694 -1.795286
v -0.504363 0.390779 -1.803059
v -0.504363 0.107934 -1.803059
v -0.836852 0.390779 -1.570283
v -0.836852 0.108184 -1.555913
v -0.504363 0.217597 -1.826391
v -0.504363 0.107934 -1.826391
v -0.836852 0.217597 -1.593616
v -0.836852 0.107934 -1.579246
v -0.252181 0.220923 -1.831182
v -0.252181 0.111260 -1.831182
v -0.452564 0.327869 -1.826391
v -0.303980 0.331194 -1.831182
v -0.246091 0.221423 -1.795286
v -0.246091 0.111760 -1.795286
v -0.498273 0.108434 -1.790496
v -0.498273 0.218097 -1.790496
v -0.836852 0.218097 -1.561962
v -0.446474 0.328369 -1.790496
v -0.297890 0.331694 -1.795286
v -0.368550 1.347282 -0.934271
v -0.357705 1.618742 -1.062556
v -0.368550 1.347282 -0.962778
v -0.357705 1.614517 -1.067907
v -0.340043 1.347282 -0.934271
v -0.350888 1.618742 -1.062556
v -0.340043 1.347282 -0.962778
v -0.350888 1.614517 -1.067907
v 0.865335 0.699490 -0.133024
v 0.865550 0.749976 -0.129007
v 0.858229 0.710102 -0.266021
v 0.858444 0.760588 -0.262004
v 0.897466 0.709472 -0.148337
v 0.897606 0.742270 -0.145728
v 0.891884 0.717807 -0.252811
v 0.892024 0.750606 -0.250202
v -0.865335 0.699490 -0.133024
v -0.865550 0.749976 -0.129007
v -0.858229 0.710102 -0.266021
v -0.858444 0.760588 -0.262004
v -0.897466 0.709472 -0.148337
v -0.897606 0.742270 -0.145728
v -0.891884 0.717807 -0.252811
v -0.892024 0.750606 -0.250202
vn 0.3061 0.1963 -0.9315
vn 0.6329 0.2322 -0.7386
vn 0.6479 0.2158 -0.7305
vn 0.7374 0.2885 -0.6107
vn 0.4836 0.1057 0.8689
vn 0.3901 0.1028 0.9150
vn 0.3746 0.1009 0.9217
vn 0.6364 0.1520 0.7562
vn 0.6021 0.4282 0.6739
vn 0.3761 0.0811 0.9230
vn 0.3465 0.9098 0.2286
vn 0.1589 0.9524 0.2600
vn 0.1719 0.8958 0.4098
vn 0.3785 0.8192 0.4309
vn 0.1349 0.9908 -0.0119
vn -0.0000 0.9999 -0.0158
vn -0.0000 0.9974 0.0726
vn 0.1320 0.9884 0.0745
vn 0.9308 0.3628 0.0435
vn 0.8524 0.5216 0.0360
vn 0.8541 0.5192 0.0292
vn 0.6369 0.7700 0.0386
vn 0.7372 0.6734 -0.0564
vn 0.5411 0.8080 0.2332
vn 0.9155 0.4015 -0.0261
vn 0.9080 0.3754 -0.1859
vn 0.8813 0.4699 -0.0503
vn 0.0312 0.8729 -0.4870
vn 0.0879 0.8714 -0.4826
vn 0.0399 0.8833 -0.4671
vn -0.0000 0.8754 -0.4835
vn 0.4555 0.7544 -0.4726
vn 0.2067 0.9784 -0.0101
vn 0.2095 0.9748 0.0764
vn 0.2396 0.0499 0.9696
vn -0.0000 0.0514 0.9987
vn 0.6578 0.6931 0.2949
vn 0.5095 0.7402 0.4387
vn 0.6065 0.5459 0.5781
vn 0.5399 0.4876 0.6862
vn 0.6761 0.7142 -0.1811
vn 0.7487 0.3498 -0.5631
vn 0.7309 0.3214 -0.6021
vn 0.8422 0.4869 -0.2316
vn 0.2022 0.9744 -0.0987
vn 0.1264 0.9870 -0.0993
vn 0.3222 0.1545 -0.9340
vn -0.0000 0.1739 -0.9848
vn 0.0307 0.1844 -0.9824
vn 0.9503 0.0840 -0.2998
vn 0.9993 -0.0030 -0.0373
vn 0.9807 0.0895 -0.1738
vn 0.9992 0.0008 0.0390
vn 0.9992 -0.0275 -0.0280
vn 0.6379 0.1008 -0.7635
vn 0.6632 0.0283 -0.7479
vn 0.7810 0.6146 -0.1108
vn 0.1773 0.9506 0.2549
vn -0.0000 0.9567 0.2910
vn -0.0000 0.9610 0.2766
vn -0.0000 0.9197 0.3925
vn -0.0622 0.1069 0.9923
vn -0.0000 0.9950 -0.0997
vn -0.2953 0.9525 0.0747
vn -0.3294 0.9399 0.0898
vn -0.2955 0.9524 0.0747
vn -0.3583 0.9168 0.1761
vn 0.5473 0.2119 0.8097
vn 0.6337 0.2031 0.7465
vn 0.4233 0.8882 0.1785
vn -0.1508 -0.1751 0.9729
vn -0.1515 -0.1609 0.9753
vn -0.1578 0.0014 0.9875
vn -0.1448 -0.1712 -0.9745
vn -0.1483 -0.0041 -0.9889
vn -0.1450 -0.1666 -0.9753
vn -0.1376 -0.3291 -0.9342
vn -0.1129 -0.8254 -0.5532
vn -0.1104 -0.9501 -0.2918
vn -0.1103 -0.9517 -0.2864
vn -0.1106 -0.9500 0.2921
vn -0.1104 -0.9520 0.2856
vn -0.1131 -0.8250 0.5536
vn -0.1408 -0.3236 0.9357
vn 1.0000 0.0007 -0.0000
vn -0.0720 0.0426 -0.9965
vn -0.0731 -0.1350 -0.9881
vn -0.0731 -0.1409 -0.9873
vn -0.0720 -0.3062 -0.9493
vn -0.0801 -0.8063 -0.5861
vn -0.0836 -0.9965 -0.0000
vn -0.0800 -0.8064 0.5859
vn -0.0753 -0.3001 0.9509
vn -0.0828 -0.1269 0.9885
vn -0.0822 -0.1437 0.9862
vn 1.0000 0.0001 -0.0000
vn -0.0114 -0.9999 0.0103
vn -0.0000 -0.9999 0.0103
vn -0.0877 0.0529 0.9947
vn 0.9139 0.0706 -0.3998
vn 0.9708 0.0375 -0.2370
vn 0.9623 0.1514 -0.2258
vn 0.8664 0.3024 -0.3974
vn 0.5918 0.0689 0.8031
vn 0.6634 0.1304 0.7368
vn 0.7439 -0.0042 -0.6682
vn 0.7506 -0.0537 -0.6586
vn 0.9608 0.1830 0.2081
vn 0.9164 0.3952 0.0630
vn 0.9863 -0.0140 0.1646
vn 0.9790 0.0117 0.2036
vn 0.7195 0.6848 0.1157
vn 0.8931 0.3189 0.3174
vn 0.9482 0.0138 0.3172
vn 0.9528 -0.0870 0.2909
vn -0.0000 0.6408 0.7677
vn 0.1406 0.6520 0.7451
vn 0.1424 0.6521 0.7446
vn 0.1989 0.8944 0.4007
vn -0.0000 0.9013 0.4333
vn 0.1797 0.7800 0.5994
vn 0.2381 0.8766 0.4182
vn 0.1863 0.7689 0.6116
vn -0.1438 0.4407 -0.8860
vn -0.2823 0.4509 -0.8468
vn -0.1476 0.4411 -0.8852
vn -0.0000 0.4221 -0.9065
vn 0.9449 0.3269 0.0181
vn 0.9687 0.2479 0.0154
vn 0.9497 0.3089 0.0514
vn 0.9192 0.3892 0.0598
vn 0.9446 0.3233 0.0559
vn 0.9449 0.3268 0.0178
vn 0.9433 0.3320 0.0020
vn 0.9442 0.3286 0.0237
vn 0.2886 -0.9070 -0.3067
vn 0.2327 -0.8252 -0.5146
vn 0.2888 -0.9072 -0.3059
vn -0.2611 0.9635 0.0595
vn 0.3294 -0.9407 -0.0808
vn 0.8866 0.4610 0.0389
vn 0.9235 0.3829 0.0247
vn 0.9415 0.3368 -0.0095
vn 0.9056 0.4241 0.0020
vn 0.8848 0.4656 0.0201
vn 0.9309 0.3652 -0.0071
vn -0.1439 0.3847 0.9118
vn 0.3632 -0.9236 0.1226
vn 0.0371 -0.1140 -0.9928
vn -0.0001 -0.6809 -0.7324
vn -0.0000 -0.6809 -0.7324
vn 0.2330 -0.2439 -0.9414
vn 0.1067 -0.3530 -0.9295
vn 0.2743 -0.2053 -0.9395
vn -0.0000 -0.3843 -0.9232
vn -0.0000 0.0267 0.9996
vn 0.1232 0.0265 0.9920
vn -0.0020 -0.9990 0.0438
vn -0.0000 -0.9990 0.0438
vn -0.0000 0.9990 -0.0442
vn 0.0053 0.9990 -0.0442
vn -0.9053 -0.3747 0.2000
vn 0.2395 -0.0084 0.9709
vn -0.0000 -0.0086 1.0000
vn -0.0000 0.1832 0.9831
vn 0.2136 0.1791 0.9604
vn -0.6443 -0.7648 -0.0000
vn 0.0010 1.0000 0.0058
vn -0.0000 1.0000 0.0058
vn -0.0000 -1.0000 0.0060
vn 0.0009 -1.0000 0.0060
vn -0.7306 0.6827 -0.0053
vn -0.0000 0.3544 0.9351
vn 0.1824 0.3484 0.9194
vn -0.0000 0.0733 0.9973
vn 0.1539 0.0724 0.9854
vn -0.0000 -0.5236 -0.8520
vn 0.0544 -0.5228 -0.8507
vn 0.0973 0.9318 -0.3497
vn -0.0000 0.9466 -0.3224
vn -0.0176 0.9023 -0.4307
vn 0.1258 0.9083 -0.3989
vn 0.3277 -0.9217 -0.2075
vn 0.6988 0.1560 -0.6980
vn 0.8978 0.4096 -0.1620
vn -0.2538 0.8775 -0.4069
vn 0.1900 0.9753 0.1127
vn 0.1234 0.8666 -0.4834
vn 0.1622 0.8740 -0.4581
vn -0.9954 0.0961 -0.0000
vn -0.0000 0.9682 0.2504
vn -0.0401 0.9674 0.2502
vn -0.0000 -0.0000 -1.0000
vn -0.0000 0.1137 -0.9935
vn 0.0174 0.1038 -0.9945
vn -0.0000 0.2066 -0.9784
vn 0.0347 0.2064 -0.9778
vn 0.1770 0.8925 0.4149
vn -0.0000 0.9067 0.4218
vn 0.1722 0.8933 0.4153
vn 0.3160 0.8604 0.3997
vn 0.0433 -0.4284 0.9026
vn 0.0106 -0.4243 0.9055
vn 0.0091 -0.4241 0.9056
vn -0.9714 0.0959 0.2174
vn -0.0000 -0.4196 0.9077
vn 0.0534 0.8515 -0.5216
vn -0.0000 0.8527 -0.5223
vn -0.6883 0.4097 0.5987
vn -0.7080 -0.3362 -0.6211
vn -0.0104 0.5225 0.8525
vn -0.0000 0.5226 0.8526
vn -0.9968 0.0767 0.0234
vn -0.3061 0.1963 -0.9315
vn -0.7374 0.2885 -0.6107
vn -0.6479 0.2158 -0.7305
vn -0.6329 0.2322 -0.7386
vn -0.4836 0.1057 0.8689
vn -0.3761 0.0811 0.9230
vn -0.6021 0.4282 0.6739
vn -0.6364 0.1520 0.7562
vn -0.3746 0.1009 0.9217
vn -0.3901 0.1028 0.9150
vn -0.3465 0.9098 0.2286
vn -0.3785 0.8192 0.4309
vn -0.1719 0.8958 0.4098
vn -0.1589 0.9524 0.2600
vn -0.1349 0.9908 -0.0119
vn -0.1320 0.9884 0.0745
vn -0.9308 0.3628 0.0435
vn -0.6369 0.7700 0.0386
vn -0.8541 0.5192 0.0292
vn -0.8524 0.5216 0.0360
vn -0.7372 0.6734 -0.0564
vn -0.5411 0.8080 0.2332
vn -0.9155 0.4015 -0.0261
vn -0.8813 0.4699 -0.0503
vn -0.9080 0.3754 -0.1859
vn -0.0312 0.8729 -0.4870
vn -0.0399 0.8833 -0.4671
vn -0.0879 0.8714 -0.4826
vn -0.4555 0.7544 -0.4726
vn -0.2067 0.9784 -0.0101
vn -0.2095 0.9748 0.0764
vn -0.2396 0.0499 0.9696
vn -0.6578 0.6931 0.2949
vn -0.5399 0.4876 0.6862
vn -0.6065 0.5459 0.5781
vn -0.5095 0.7402 0.4387
vn -0.6761 0.7142 -0.1811
vn -0.8422 0.4869 -0.2316
vn -0.7309 0.3214 -0.6021
vn -0.7487 0.3498 -0.5631
vn -0.2022 0.9744 -0.0987
vn -0.1264 0.9870 -0.0993
vn -0.0307 0.1844 -0.9824
vn -0.3222 0.1545 -0.9340
vn -0.9503 0.0840 -0.2998
vn -0.9807 0.0895 -0.1738
vn -0.9993 -0.0030 -0.0373
vn -0.9992 0.0008 0.0390
vn -0.9992 -0.0275 -0.0280
vn -0.6632 0.0283 -0.7479
vn -0.6379 0.1008 -0.7635
vn -0.7810 0.6146 -0.1108
vn -0.1773 0.9506 0.2549
vn 0.0622 0.1069 0.9923
vn 0.2953 0.9525 0.0747
vn 0.2955 0.9524 0.0747
vn 0.3294 0.9399 0.0898
vn 0.3583 0.9168 0.1761
vn -0.5473 0.2119 0.8097
vn -0.6337 0.2031 0.7465
vn -0.4233 0.8882 0.1785
vn 0.1508 -0.1751 0.9729
vn 0.1578 0.0014 0.9875
vn 0.1515 -0.1609 0.9753
vn 0.1448 -0.1712 -0.9745
vn 0.1450 -0.1666 -0.9753
vn 0.1483 -0.0041 -0.9889
vn 0.1376 -0.3291 -0.9342
vn 0.1129 -0.8254 -0.5532
vn 0.1103 -0.9517 -0.2864
vn 0.1104 -0.9501 -0.2918
vn 0.1104 -0.9520 0.2856
vn 0.1106 -0.9500 0.2921
vn 0.1131 -0.8250 0.5536
vn 0.1408 -0.3236 0.9357
vn -1.0000 0.0007 -0.0000
vn 0.0720 0.0426 -0.9965
vn 0.0731 -0.1409 -0.9873
vn 0.0731 -0.1350 -0.9881
vn 0.0720 -0.3062 -0.9493
vn 0.0801 -0.8063 -0.5861
vn 0.0836 -0.9965 -0.0000
vn 0.0800 -0.8064 0.5859
vn 0.0753 -0.3001 0.9509
vn 0.0822 -0.1437 0.9862
vn 0.0828 -0.1269 0.9885
vn -1.0000 0.0001 -0.0000
vn 0.0114 -0.9999 0.0103
vn 0.0877 0.0529 0.9947
vn -0.9139 0.0706 -0.3998
vn -0.9708 0.0375 -0.2370
vn -0.9623 0.1514 -0.2258
vn -0.8664 0.3024 -0.3974
vn -0.5918 0.0689 0.8031
vn -0.6634 0.1304 0.7368
vn -0.7506 -0.0537 -0.6586
vn -0.7439 -0.0042 -0.6682
vn -0.9608 0.1830 0.2081
vn -0.9790 0.0117 0.2036
vn -0.9863 -0.0140 0.1646
vn -0.9164 0.3952 0.0630
vn -0.7195 0.6848 0.1157
vn -0.8931 0.3189 0.3174
vn -0.9482 0.0138 0.3172
vn -0.9528 -0.0870 0.2909
vn -0.1424 0.6521 0.7446
vn -0.1406 0.6520 0.7451
vn -0.1989 0.8944 0.4006
vn -0.1797 0.7800 0.5994
vn -0.1863 0.7689 0.6116
vn -0.2381 0.8766 0.4182
vn 0.1438 0.4407 -0.8860
vn 0.1476 0.4411 -0.8852
vn 0.2823 0.4509 -0.8468
vn -0.9449 0.3269 0.0181
vn -0.9687 0.2479 0.0154
vn -0.9497 0.3089 0.0514
vn -0.9446 0.3233 0.0559
vn -0.9192 0.3892 0.0598
vn -0.9433 0.3320 0.0020
vn -0.9449 0.3268 0.0178
vn -0.9442 0.3286 0.0237
vn -0.2886 -0.9070 -0.3067
vn -0.2888 -0.9072 -0.3059
vn -0.2327 -0.8252 -0.5146
vn 0.2611 0.9635 0.0595
vn -0.3294 -0.9407 -0.0808
vn -0.8866 0.4610 0.0389
vn -0.9235 0.3829 0.0247
vn -0.9415 0.3368 -0.0095
vn -0.8848 0.4656 0.0201
vn -0.9056 0.4241 0.0020
vn -0.9309 0.3652 -0.0071
vn 0.1439 0.3847 0.9118
vn -0.3632 -0.9236 0.1226
vn -0.0371 -0.1140 -0.9928
vn 0.0001 -0.6809 -0.7324
vn -0.2330 -0.2439 -0.9414
vn -0.2743 -0.2053 -0.9395
vn -0.1067 -0.3530 -0.9295
vn -0.1232 0.0265 0.9920
vn 0.0020 -0.9990 0.0438
vn -0.0053 0.9990 -0.0442
vn 0.9053 -0.3747 0.2000
vn -0.2395 -0.0084 0.9709
vn -0.2136 0.1791 0.9604
vn 0.6443 -0.7648 -0.0000
vn -0.0010 1.0000 0.0058
vn -0.0009 -1.0000 0.0060
vn 0.7306 0.6827 -0.0053
vn -0.1824 0.3484 0.9194
vn -0.1539 0.0724 0.9854
vn -0.0544 -0.5228 -0.8507
vn -0.0973 0.9318 -0.3497
vn -0.1258 0.9083 -0.3989
vn 0.0176 0.9023 -0.4307
vn -0.3277 -0.9217 -0.2075
vn -0.6988 0.1560 -0.6980
vn -0.8978 0.4096 -0.1620
vn 0.2538 0.8775 -0.4069
vn -0.1900 0.9753 0.1127
vn -0.1234 0.8666 -0.4834
vn -0.1622 0.8740 -0.4581
vn 0.9954 0.0961 -0.0000
vn 0.0401 0.9674 0.2502
vn -0.0174 0.1038 -0.9945
vn -0.0347 0.2064 -0.9778
vn -0.1770 0.8925 0.4149
vn -0.1722 0.8933 0.4153
vn -0.3160 0.8604 0.3997
vn -0.0433 -0.4284 0.9026
vn -0.0091 -0.4241 0.9056
vn -0.0106 -0.4243 0.9055
vn 0.9714 0.0959 0.2174
vn -0.0534 0.8515 -0.5216
vn 0.6883 0.4097 0.5987
vn 0.7080 -0.3362 -0.6211
vn 0.0104 0.5225 0.8525
vn 0.9968 0.0767 0.0234
vn -0.6548 0.7107 0.2573
vn -0.3890 -0.0000 -0.9212
vn 0.6548 -0.7107 -0.2573
vn 0.3890 -0.0000 0.9212
vn 0.6344 0.7025 -0.3226
vn 0.1516 0.9834 0.0998
vn 0.9936 -0.0000 -0.1128
vn -0.7931 -0.0000 0.6090
vn 0.1139 -0.9838 0.1382
vn -0.4348 -0.0000 -0.9005
vn -0.5684 0.6675 0.4810
vn 0.4348 -0.0000 0.9005
vn 0.6548 0.7107 0.2573
vn 0.3890 -0.0000 -0.9212
vn -0.6548 -0.7107 -0.2573
vn -0.3890 -0.0000 0.9212
vn -0.6344 0.7025 -0.3226
vn -0.1516 0.9834 0.0998
vn -0.9936 -0.0000 -0.1128
vn 0.7931 -0.0000 0.6090
vn -0.1139 -0.9838 0.1382
vn 0.4348 -0.0000 -0.9005
vn 0.5684 0.6675 0.4810
vn -0.4348 -0.0000 0.9005
vn -0.0000 0.6365 -0.7713
vn 0.0160 0.6364 -0.7712
vn 0.9556 0.2935 0.0249
vn 0.9555 0.2938 0.0248
vn 0.9527 0.3031 0.0230
vn -0.0000 -0.9976 -0.0694
vn -0.0000 -0.9991 -0.0427
vn -0.0000 -0.9954 -0.0961
vn 0.9583 0.2844 0.0266
vn 0.0537 0.9945 0.0895
vn -0.0000 0.9960 0.0896
vn -0.0000 0.9954 0.0958
vn 0.0537 0.9940 0.0957
vn -0.0000 0.9948 0.1021
vn 0.0537 0.9933 0.1019
vn -0.0150 -0.5953 0.8034
vn -0.0000 -0.5953 0.8035
vn -0.0160 0.6364 -0.7712
vn -0.9556 0.2935 0.0249
vn -0.9527 0.3031 0.0230
vn -0.9555 0.2938 0.0248
vn -0.9583 0.2844 0.0266
vn -0.0537 0.9945 0.0895
vn -0.0537 0.9940 0.0957
vn -0.0537 0.9933 0.1019
vn 0.0150 -0.5953 0.8034
vn -0.0000 -1.0000 -0.0000
vn -0.1423 -0.9885 0.0515
vn -0.1740 -0.9821 0.0720
vn -0.2594 -0.9574 0.1272
vn -0.0000 0.9324 0.3615
vn 0.0563 0.9299 0.3636
vn 0.0425 0.9309 0.3628
vn 0.0782 0.9278 0.3647
vn 0.9957 0.0639 0.0668
vn 0.9931 0.0552 0.1032
vn 0.9948 0.0603 0.0822
vn 0.3100 -0.3222 -0.8945
vn 0.2036 -0.2737 -0.9400
vn 0.1884 -0.2666 -0.9452
vn -0.1025 0.4997 0.8601
vn -0.1582 0.5570 0.8153
vn -0.1109 0.5086 0.8538
vn -0.0000 -0.2134 -0.9770
vn -0.0000 0.4480 0.8940
vn 0.9967 0.0697 0.0426
vn 0.1740 -0.9821 0.0720
vn 0.1423 -0.9885 0.0515
vn 0.2594 -0.9574 0.1272
vn -0.0425 0.9309 0.3628
vn -0.0563 0.9299 0.3636
vn -0.0782 0.9278 0.3647
vn -0.9957 0.0639 0.0668
vn -0.9948 0.0603 0.0822
vn -0.9931 0.0552 0.1032
vn -0.3100 -0.3222 -0.8945
vn -0.1884 -0.2666 -0.9452
vn -0.2036 -0.2737 -0.9400
vn 0.1025 0.4997 0.8601
vn 0.1109 0.5086 0.8538
vn 0.1582 0.5570 0.8153
vn -0.9967 0.0697 0.0426
vn -0.0000 0.9696 0.2448
vn -0.0000 0.9552 0.2960
vn 0.3542 0.8821 0.3106
vn 0.4990 0.7946 0.3458
vn -0.4990 0.7946 0.3458
vn -0.3542 0.8821 0.3106
vn -0.0000 0.0855 -0.9963
vn 0.9112 -0.4116 -0.0179
vn 0.9112 0.4116 0.0179
vn 0.3530 0.9347 0.0407
vn -0.3530 0.9347 0.0407
vn -0.9112 -0.4116 -0.0179
vn -0.9112 0.4116 0.0179
vn -0.3530 -0.9347 -0.0407
vn 0.3530 -0.9347 -0.0407
vn -0.0000 0.0435 -0.9991
vn -0.0000 1.0000 -0.0000
vn 0.7818 0.6235 -0.0000
vn 0.9749 -0.2225 -0.0000
vn 0.4339 -0.9010 -0.0000
vn -0.4339 -0.9010 -0.0000
vn -0.9749 -0.2225 -0.0000
vn -0.7818 0.6235 -0.0000
vn 0.4339 0.9010 -0.0000
vn 0.9749 0.2225 -0.0000
vn -0.9749 0.2225 -0.0000
vn -0.4339 0.9010 -0.0000
vn -0.7818 -0.6235 -0.0000
vn 0.7818 -0.6235 -0.0000
vn 0.3152 -0.0107 -0.9489
vn 0.3177 -0.0108 -0.9481
vn 0.5851 -0.0206 -0.8107
vn -0.0072 -1.0000 -0.0013
vn -0.0000 -1.0000 -0.0013
vn -0.0001 0.0508 0.9987
vn 0.0203 -0.0000 -0.9998
vn 0.0190 -0.0000 -0.9998
vn 0.2382 -0.0204 -0.9710
vn 0.5844 -0.0531 -0.8097
vn 0.3174 -0.0279 -0.9479
vn 0.0239 -0.0000 -0.9997
vn 1.0000 -0.0000 -0.0000
vn 0.8954 0.4206 0.1461
vn -0.0114 -0.9999 0.0117
vn -0.0109 -0.9999 0.0117
vn -0.0135 -0.9998 0.0123
vn -0.0135 -0.9998 0.0122
vn -0.0000 -0.9999 0.0128
vn 0.0096 0.9999 -0.0139
vn -0.8938 0.4199 -0.1575
vn -0.0088 -0.9999 0.0118
vn 0.0227 0.9997 -0.0101
vn -0.0000 0.9999 -0.0128
vn 0.0136 0.9998 -0.0128
vn -0.3152 -0.0107 -0.9489
vn -0.3177 -0.0108 -0.9481
vn -0.5851 -0.0206 -0.8107
vn 0.0072 -1.0000 -0.0013
vn 0.0001 0.0508 0.9987
vn -0.0203 -0.0000 -0.9998
vn -0.0190 -0.0000 -0.9998
vn -0.2382 -0.0204 -0.9710
vn -0.3174 -0.0279 -0.9479
vn -0.5844 -0.0531 -0.8097
vn -0.0239 -0.0000 -0.9997
vn -1.0000 -0.0000 -0.0000
vn -0.8954 0.4206 0.1461
vn 0.0114 -0.9999 0.0117
vn 0.0135 -0.9998 0.0122
vn 0.0135 -0.9998 0.0123
vn 0.0109 -0.9999 0.0117
vn -0.0096 0.9999 -0.0139
vn 0.8938 0.4199 -0.1575
vn 0.0088 -0.9999 0.0118
vn -0.0227 0.9997 -0.0101
vn -0.0136 0.9998 -0.0128
vn -0.9993 0.0382 -0.0048
vn -0.0000 -0.3661 -0.9306
vn 0.9993 0.0382 -0.0048
vn -0.0000 0.4273 0.9041
vn -0.0000 0.7848 -0.6197
vn -0.9986 -0.0000 0.0534
vn 0.3499 0.0728 -0.9340
vn 0.9986 -0.0000 -0.0534
vn 0.4474 -0.0728 0.8913
vn 0.2559 -0.9625 -0.0905
vn 0.2641 0.9625 0.0627
vn 0.9986 -0.0000 0.0534
vn -0.3499 0.0728 -0.9340
vn -0.9986 -0.0000 -0.0534
vn -0.4474 -0.0728 0.8913
vn -0.2559 -0.9625 -0.0905
vn -0.2641 0.9625 0.0627
vt 0.061604 0.634471
vt 0.063132 0.633416
vt 0.063132 0.639765
vt 0.061604 0.639765
vt 0.062412 0.633718
vt 0.062137 0.634471
vt 0.057838 0.634471
vt 0.057838 0.630056
vt 0.061336 0.629178
vt 0.065875 0.634471
vt 0.057838 0.637873
vt 0.063132 0.637900
vt 0.057838 0.639765
vt 0.063132 0.631149
vt 0.068425 0.631149
vt 0.068425 0.632707
vt 0.063132 0.632707
vt 0.061604 0.631352
vt 0.063132 0.631352
vt 0.061604 0.632707
vt 0.065370 0.636236
vt 0.068425 0.637873
vt 0.065662 0.638277
vt 0.063132 0.630064
vt 0.063132 0.629178
vt 0.065779 0.629177
vt 0.062824 0.635212
vt 0.062720 0.635659
vt 0.062628 0.635791
vt 0.062628 0.631553
vt 0.062827 0.631802
vt 0.018252 0.587872
vt 0.018202 0.584189
vt 0.020034 0.585335
vt 0.019980 0.587617
vt 0.057838 0.631149
vt 0.057838 0.632707
vt 0.065117 0.635966
vt 0.063298 0.634471
vt 0.065875 0.639765
vt 0.064998 0.639765
vt 0.064922 0.638277
vt 0.065757 0.638939
vt 0.059316 0.638978
vt 0.059548 0.638899
vt 0.064150 0.630362
vt 0.069672 0.630362
vt 0.069672 0.635884
vt 0.064150 0.635884
vt 0.057838 0.629178
vt 0.061398 0.629219
vt 0.061604 0.631630
vt 0.057838 0.635392
vt 0.059230 0.634676
vt 0.057838 0.631352
vt 0.060102 0.639765
vt 0.985415 0.986748
vt 0.985205 0.985283
vt 0.989941 0.983390
vt 0.064032 0.636236
vt 0.063132 0.636236
vt 0.068425 0.636236
vt 0.068425 0.637919
vt 0.068425 0.639765
vt 0.058373 0.581369
vt 0.062881 0.581203
vt 0.061604 0.629720
vt 0.061604 0.629178
vt 0.068425 0.629178
vt 0.058408 0.582662
vt 0.058589 0.581167
vt 0.061009 0.579209
vt 0.985415 0.977354
vt 0.977359 0.967959
vt 0.985415 0.967959
vt 0.977359 0.986748
vt 0.973773 0.985353
vt 0.058549 0.639150
vt 0.058746 0.638965
vt 0.058893 0.639533
vt 0.057838 0.635429
vt 0.977232 0.361460
vt 0.989173 0.361460
vt 0.989173 0.373401
vt 0.977232 0.373401
vt 0.983203 0.373401
vt 0.987425 0.371652
vt 0.989173 0.367430
vt 0.987425 0.363208
vt 0.983203 0.361460
vt 0.978981 0.363208
vt 0.977232 0.367430
vt 0.978981 0.371652
vt 0.987788 0.370819
vt 0.987107 0.371323
vt 0.979397 0.371323
vt 0.970152 0.371323
vt 0.970152 0.354173
vt 0.983953 0.353450
vt 0.983646 0.355910
vt 0.988641 0.355256
vt 0.988641 0.355648
vt 0.988642 0.356632
vt 0.988641 0.358996
vt 0.988641 0.363686
vt 0.983478 0.364550
vt 0.984341 0.369978
vt 0.988641 0.370186
vt 0.060123 0.635396
vt 0.060462 0.634712
vt 0.062811 0.635294
vt 0.062681 0.635712
vt 0.057838 0.639114
vt 0.057997 0.639568
vt 0.061336 0.639765
vt 0.058124 0.639930
vt 0.060834 0.630639
vt 0.061604 0.630280
vt 0.057838 0.630789
vt 0.059266 0.630809
vt 0.060827 0.629353
vt 0.060102 0.629178
vt 0.063159 0.640634
vt 0.058409 0.640635
vt 0.058376 0.640514
vt 0.063670 0.640514
vt 0.058427 0.643925
vt 0.063216 0.643923
vt 0.063670 0.644043
vt 0.058376 0.644043
vt 0.056632 0.634283
vt 0.056444 0.636872
vt 0.055898 0.636898
vt 0.055898 0.634175
vt 0.053817 0.640622
vt 0.053083 0.640514
vt 0.053629 0.643210
vt 0.053083 0.643236
vt 0.058770 0.639243
vt 0.058805 0.640536
vt 0.058376 0.639159
vt 0.066005 0.636453
vt 0.066097 0.634147
vt 0.066485 0.634175
vt 0.066485 0.636898
vt 0.063282 0.640485
vt 0.063278 0.639077
vt 0.063670 0.638956
vt 0.063190 0.642791
vt 0.063670 0.643236
vt 0.978843 0.301110
vt 0.978810 0.299892
vt 0.983056 0.299736
vt 0.983060 0.301062
vt 0.982973 0.303234
vt 0.062885 0.582611
vt 0.062793 0.584917
vt 0.061406 0.637083
vt 0.058986 0.639041
vt 0.061023 0.636984
vt 0.063199 0.638877
vt 0.063136 0.637088
vt 0.063670 0.636985
vt 0.982982 0.299547
vt 0.979014 0.299702
vt 0.981293 0.297858
vt 0.982922 0.297862
vt 0.062739 0.579214
vt 0.062802 0.581003
vt 0.970152 0.352833
vt 0.979397 0.352833
vt 0.988641 0.352833
vt 0.065779 0.634814
vt 0.068425 0.634471
vt 0.065779 0.639765
vt 0.065779 0.629178
vt 0.980257 0.416049
vt 0.980286 0.411333
vt 0.981951 0.411814
vt 0.981903 0.416049
vt 0.973019 0.405632
vt 0.983809 0.405077
vt 0.990793 0.426977
vt 0.972689 0.423005
vt 0.972488 0.405044
vt 0.983824 0.405103
vt 0.983824 0.422907
vt 0.972488 0.422965
vt 0.983839 0.405036
vt 0.983846 0.422965
vt 0.983802 0.422995
vt 0.983807 0.405051
vt 0.983804 0.422939
vt 0.979052 0.405103
vt 0.990529 0.404923
vt 0.058444 0.639765
vt 0.061653 0.634798
vt 0.061484 0.639765
vt 0.060091 0.639765
vt 0.060138 0.635530
vt 0.058474 0.635049
vt 0.065075 0.631790
vt 0.065078 0.634901
vt 0.065274 0.631553
vt 0.065309 0.635787
vt 0.065164 0.635394
vt 0.988348 0.353113
vt 0.017775 0.589018
vt 0.017775 0.582669
vt 0.020422 0.589018
vt 0.020422 0.584067
vt 0.054583 0.632518
vt 0.068912 0.632518
vt 0.068912 0.646846
vt 0.063056 0.635476
vt 0.064846 0.635197
vt 0.048894 0.637717
vt 0.048894 0.641050
vt 0.057179 0.641050
vt 0.058000 0.636719
vt 0.058000 0.641050
vt 0.067106 0.641050
vt 0.067106 0.637717
vt 0.048894 0.622839
vt 0.048894 0.631944
vt 0.059421 0.631944
vt 0.057179 0.622839
vt 0.062628 0.629178
vt 0.062400 0.631451
vt 0.978470 0.301203
vt 0.982944 0.301202
vt 0.982997 0.304300
vt 0.978488 0.304302
vt 0.974145 0.301191
vt 0.973968 0.303629
vt 0.986935 0.314284
vt 0.979273 0.315478
vt 0.978281 0.314352
vt 0.978293 0.299751
vt 0.987915 0.299702
vt 0.987927 0.313020
vt 0.050509 0.629579
vt 0.066432 0.629579
vt 0.066432 0.648792
vt 0.050509 0.648792
vt 0.063420 0.629579
vt 0.063420 0.648792
vt 0.060994 0.629579
vt 0.060994 0.648792
vt 0.971509 0.357357
vt 0.981993 0.357357
vt 0.987432 0.360991
vt 0.987432 0.376570
vt 0.971509 0.376570
vt 0.066432 0.645516
vt 0.066432 0.645157
vt 0.060994 0.648792
vt 0.973243 0.419698
vt 0.985130 0.419698
vt 0.985130 0.425641
vt 0.973243 0.425641
vt 0.979187 0.419698
vt 0.979187 0.425641
vt 0.979187 0.413755
vt 0.985130 0.413755
vt 0.973243 0.413755
vt 0.968237 0.404893
vt 0.988676 0.404893
vt 0.988676 0.425332
vt 0.968237 0.425332
vt 0.970692 0.464914
vt 0.985308 0.464914
vt 0.985308 0.479530
vt 0.978000 0.479530
vt 0.984950 0.474481
vt 0.982296 0.466310
vt 0.973704 0.466310
vt 0.971049 0.474481
vt 0.967000 0.459722
vt 0.991000 0.459722
vt 0.991000 0.481944
vt 0.967000 0.481944
vt 0.992260 0.579590
vt 0.968260 0.579590
vt 0.974519 0.455876
vt 0.987466 0.455876
vt 0.987466 0.468823
vt 0.974519 0.468823
vt 0.973803 0.357847
vt 0.991337 0.357847
vt 0.991337 0.375381
vt 0.973803 0.375381
vt 0.972628 0.407557
vt 0.987750 0.407557
vt 0.987750 0.422679
vt 0.972628 0.422679
vt 0.985528 0.490969
vt 0.969698 0.490969
vt 0.969698 0.475139
vt 0.985528 0.475139
vt 0.977245 0.576851
vt 0.988935 0.576851
vt 0.988935 0.588541
vt 0.977245 0.588541
s 1
usemtl metallic
f 46/1/1 138/2/2 137/3/3 43/4/4
f 128/5/5 129/6/6 31/7/7 3/8/8 57/9/9 41/10/10
f 47/11/11 48/12/12 41/3/13 38/13/14
f 52/14/15 37/15/16 17/16/17 92/17/18
f 53/18/19 110/19/20 100/17/21 44/20/22
f 45/21/23 47/22/11 50/23/24
f 119/24/25 137/25/26 139/26/27
f 142/27/28 141/28/29 138/29/30 24/30/31 136/31/31
f 113/36/33 52/14/15 92/17/18 102/37/34
f 132/38/35 128/39/5 41/10/10 39/40/36 131/41/36
f 64/42/37 50/23/24 58/43/38 59/44/39 65/45/40
f 78/46/41 76/47/42 90/48/43 91/49/44
f 112/50/45 30/25/46 52/14/15 113/36/33
f 46/1/1 33/7/47 12/50/48 150/51/48 149/52/49
f 61/53/50 16/37/51 82/54/52
f 42/55/53 53/18/19 44/20/54 16/37/51
f 43/4/4 86/56/55 7/13/56 33/7/47 46/1/1
f 66/60/57 45/21/23 50/23/24 64/42/37
f 35/61/58 20/62/59 49/63/60 48/12/12
f 39/64/61 41/3/13 48/12/12 49/63/60
f 51/65/62 40/66/62 109/66/62 107/65/62
f 91/67/44 43/68/4 137/25/26 119/24/25
f 30/25/46 13/69/63 37/15/16 52/14/15
f 27/70/64 51/65/65 107/65/65 106/70/66
f 101/71/67 55/72/67 115/72/67 114/71/67
f 47/22/11 58/43/38 50/23/24
f 69/78/68 65/79/40 59/44/39 84/80/69
f 100/17/21 103/81/70 45/21/23 44/20/22
f 103/81/70 35/61/58 48/12/12 47/22/11
f 45/21/23 103/81/70 47/22/11
f 67/82/71 5/83/72 63/84/73 61/85/73
f 69/82/74 60/83/75 62/84/75 21/85/76
f 69/82/74 21/83/76 25/84/77 65/85/77
f 65/82/78 25/83/78 29/84/79 64/85/80
f 64/82/80 29/83/79 34/84/81 66/85/82
f 66/82/82 34/83/81 36/84/83 68/85/83
f 36/82/84 5/83/72 67/84/71 68/85/84
f 34/86/85 29/87/85 25/88/85 21/89/85 62/90/85 63/91/85 5/92/85 36/93/85
f 71/82/86 72/83/86 18/84/87 79/85/88
f 18/82/87 23/83/89 75/84/89 79/85/88
f 23/82/90 26/83/90 74/84/90 75/85/90
f 74/82/91 26/83/91 28/84/91 78/85/91
f 78/82/92 28/83/92 32/84/92 76/85/92
f 32/82/93 2/83/94 77/84/95 76/85/93
f 32/88/96 28/89/96 26/90/96 23/91/96 18/92/96 72/93/96 73/86/96 2/87/96
f 83/94/97 3/95/97 31/96/97 14/97/98 118/98/98 73/99/97 72/100/97 71/101/97 85/102/97 42/103/97 16/104/97 61/105/97 63/106/97 62/107/97 60/108/97
f 77/82/95 2/83/94 73/84/99 70/85/99
f 67/109/100 61/53/50 82/54/52 81/110/101
f 81/110/101 82/54/52 16/37/51 44/20/54 45/21/23 80/111/102
f 80/111/102 45/21/23 66/60/57 68/112/103
f 68/112/103 67/109/100 81/110/101 80/111/102
f 60/113/104 69/78/68 84/80/69 83/114/105
f 84/80/69 59/44/39 57/115/9 3/116/8 83/114/105
f 7/46/56 86/47/55 77/48/106 70/49/107
f 89/117/108 87/118/109 53/18/19 42/55/53 85/119/110 88/120/111
f 74/46/112 78/47/41 91/48/44 87/49/109
f 90/121/43 86/122/55 43/68/4
f 74/46/112 87/47/109 89/48/108 75/49/113
f 77/46/106 86/47/55 90/48/43 76/49/42
f 75/46/113 89/47/108 88/48/111 79/49/114
f 85/46/110 71/47/115 79/48/114 88/49/111
f 91/67/44 90/121/43 43/68/4
f 98/123/116 97/124/117 92/125/118 17/126/116
f 94/127/119 93/128/120 20/129/59 35/130/58
f 99/131/121 54/132/122 103/133/70 102/134/123
f 97/124/117 99/135/121 102/136/123 92/125/118
f 54/137/122 94/127/119 35/130/58 103/138/70
f 94/127/124 54/137/125 151/137/125 152/127/126
f 93/128/127 94/127/124 152/127/126 153/128/127
f 51/139/128 27/140/129 100/125/21 110/141/20
f 96/142/130 95/143/131 102/144/131 103/145/132
f 95/146/131 40/147/133 113/148/134 102/126/131
f 27/140/129 96/149/130 103/150/132 100/125/21
f 95/156/136 96/157/137 108/157/137 105/156/138
f 96/157/139 27/70/64 106/70/66 108/157/139
f 40/66/140 95/156/136 105/156/138 109/66/140
f 55/158/141 101/159/142 110/141/20 139/160/27
f 104/161/143 8/162/144 112/163/145 113/148/134
f 8/162/144 55/158/141 139/160/27 112/163/145
f 55/72/147 8/168/147 116/168/147 115/72/147
f 8/168/148 104/169/148 117/169/148 116/168/148
f 104/169/149 101/71/149 114/71/149 117/169/149
f 73/99/150 118/98/151 12/170/151 33/171/150 7/172/150
f 140/173/152 30/174/153 112/64/154 139/175/154
f 30/174/153 140/173/152 56/176/155 13/69/155
f 53/18/19 119/24/25 110/19/20
f 110/19/20 119/24/25 139/26/27
f 124/177/156 126/178/157 127/179/157 125/180/156
f 123/179/158 121/180/159 125/180/159 127/179/158
f 120/177/160 122/178/161 126/178/161 124/177/160
f 122/178/162 123/179/162 127/179/162 126/178/162
f 113/148/134 40/147/133 51/139/128 110/141/20 101/159/142 104/161/143
f 6/181/163 11/182/164 19/183/165 15/184/166
f 132/185/167 6/186/167 15/187/167 128/188/167
f 129/185/168 4/189/168 10/190/169 130/188/169
f 131/185/170 11/182/170 6/191/171 132/188/171
f 128/185/172 15/192/172 4/193/172 129/188/172
f 19/194/165 10/195/173 4/193/174 15/184/166
f 120/196/175 14/13/175 31/7/7 129/197/6 130/198/175 121/199/175 123/200/176 122/201/176
f 135/202/177 145/203/178 160/203/178 162/202/177
f 145/203/179 135/202/180 56/204/180 140/205/181 146/206/182
f 87/118/109 91/67/44 119/24/25 53/18/19
f 73/99/183 7/172/183 70/207/183
f 141/212/29 142/213/28 143/214/188
f 144/212/189 145/213/179 146/214/182
f 146/206/182 140/205/181 138/29/30 141/28/29 143/215/188 144/216/189
f 149/217/190 1/218/190 148/219/190
f 150/220/191 9/221/191 1/222/192 149/223/192
f 1/224/193 9/225/193 147/226/194 148/227/195
f 147/228/194 24/25/196 138/2/197 46/1/1 149/52/49 148/229/195
f 99/135/202 97/124/203 154/124/204 156/135/202
f 54/132/205 99/131/205 156/131/205 151/132/205
f 97/124/203 98/123/206 155/123/206 154/124/204
f 143/214/209 142/213/209 158/213/209 161/214/209
f 145/213/210 144/212/210 159/212/210 160/213/210
f 142/27/211 136/31/212 157/31/212 158/27/211
f 144/216/213 143/215/213 161/215/213 159/216/213
f 196/1/214 193/4/215 274/3/216 275/2/217
f 269/5/218 191/10/219 205/9/220 165/8/221 183/7/222 270/6/223
f 197/11/224 189/13/225 191/3/226 198/12/227
f 201/14/228 240/17/229 17/16/17 37/15/16
f 202/18/230 194/20/231 246/17/232 256/19/233
f 195/21/234 199/23/235 197/22/224
f 264/24/236 276/26/237 274/25/238
f 279/27/239 136/31/31 24/30/31 275/29/240 278/28/241
f 259/36/243 248/37/244 240/17/229 201/14/228
f 271/38/245 131/41/36 39/40/36 191/10/219 269/39/218
f 212/42/246 213/45/247 207/44/248 206/43/249 199/23/235
f 226/46/250 239/49/251 238/48/252 224/47/253
f 258/50/254 259/36/243 201/14/228 182/25/255
f 196/1/214 285/52/256 150/51/48 12/50/48 185/7/257
f 209/53/258 230/54/259 172/37/260
f 192/55/261 172/37/260 194/20/262 202/18/230
f 193/4/215 196/1/214 185/7/257 169/13/263 234/56/264
f 214/60/265 212/42/246 199/23/235 195/21/234
f 187/61/266 198/12/227 49/63/60 20/62/59
f 39/64/61 49/63/60 198/12/227 191/3/226
f 200/65/267 253/65/267 255/66/267 190/66/267
f 239/67/251 264/24/236 274/25/238 193/68/215
f 182/25/255 201/14/228 37/15/16 13/69/63
f 179/70/268 252/70/269 253/65/270 200/65/270
f 247/71/271 260/71/271 261/72/271 204/72/271
f 197/22/224 199/23/235 206/43/249
f 217/78/272 232/80/273 207/44/248 213/79/247
f 246/17/232 194/20/231 195/21/234 249/81/274
f 249/81/274 197/22/224 198/12/227 187/61/266
f 195/21/234 197/22/224 249/81/274
f 215/82/275 209/85/276 211/84/276 167/83/277
f 217/82/278 174/85/279 210/84/280 208/83/280
f 217/82/278 213/85/281 177/84/281 174/83/279
f 213/82/282 212/85/283 181/84/284 177/83/282
f 212/82/283 214/85/285 186/84/286 181/83/284
f 214/82/285 216/85/287 188/84/287 186/83/286
f 188/82/288 216/85/288 215/84/275 167/83/277
f 186/86/289 188/93/289 167/92/289 211/91/289 210/90/289 174/89/289 177/88/289 181/87/289
f 219/82/290 227/85/291 173/84/292 220/83/290
f 173/82/292 227/85/291 223/84/293 176/83/293
f 176/82/294 223/85/294 222/84/294 178/83/294
f 222/82/295 226/85/295 180/84/295 178/83/295
f 226/82/296 224/85/296 184/84/296 180/83/296
f 184/82/297 224/85/297 225/84/298 164/83/299
f 184/88/300 164/87/300 221/86/300 220/93/300 173/92/300 176/91/300 178/90/300 180/89/300
f 231/94/301 208/108/301 210/107/301 211/106/301 209/105/301 172/104/301 192/103/301 233/102/301 219/101/301 220/100/301 221/99/301 118/98/98 14/97/98 183/96/301 165/95/301
f 225/82/298 218/85/302 221/84/302 164/83/299
f 215/109/303 229/110/304 230/54/259 209/53/258
f 229/110/304 228/111/305 195/21/234 194/20/262 172/37/260 230/54/259
f 228/111/305 216/112/306 214/60/265 195/21/234
f 216/112/306 228/111/305 229/110/304 215/109/303
f 208/113/307 231/114/308 232/80/273 217/78/272
f 232/80/273 231/114/308 165/116/221 205/115/220 207/44/248
f 169/46/263 218/49/309 225/48/310 234/47/264
f 237/117/311 236/120/312 233/119/313 192/55/261 202/18/230 235/118/314
f 222/46/315 235/49/314 239/48/251 226/47/250
f 238/121/252 193/68/215 234/122/264
f 222/46/315 223/49/316 237/48/311 235/47/314
f 225/46/310 224/49/253 238/48/252 234/47/264
f 223/46/316 227/49/317 236/48/312 237/47/311
f 233/46/313 236/49/312 227/48/317 219/47/318
f 239/67/251 193/68/215 238/121/252
f 98/123/116 17/126/116 240/125/319 244/124/320
f 241/127/321 187/130/266 20/129/59 93/128/120
f 245/131/322 248/134/323 249/133/274 203/132/324
f 244/124/320 240/125/319 248/136/323 245/135/322
f 203/137/324 249/138/274 187/130/266 241/127/321
f 241/127/325 287/127/326 286/137/327 203/137/327
f 93/128/127 153/128/127 287/127/326 241/127/325
f 200/139/328 256/141/233 246/125/232 179/140/329
f 243/142/330 249/145/331 248/144/332 242/143/332
f 242/146/332 248/126/332 259/148/333 190/147/334
f 179/140/329 246/125/232 249/150/331 243/149/330
f 242/156/336 251/156/337 254/157/338 243/157/338
f 243/157/339 254/157/339 252/70/269 179/70/268
f 190/66/340 255/66/340 251/156/337 242/156/336
f 204/158/341 276/160/237 256/141/233 247/159/342
f 250/161/343 259/148/333 258/163/344 170/162/345
f 170/162/345 258/163/344 276/160/237 204/158/341
f 204/72/347 261/72/347 262/168/347 170/168/347
f 170/168/348 262/168/348 263/169/348 250/169/348
f 250/169/349 263/169/349 260/71/349 247/71/349
f 221/99/350 169/172/350 185/171/350 12/170/151 118/98/151
f 277/173/351 276/175/352 258/64/352 182/174/353
f 182/174/353 13/69/155 56/176/155 277/173/351
f 202/18/230 256/19/233 264/24/236
f 256/19/233 276/26/237 264/24/236
f 124/177/156 125/180/156 268/179/354 267/178/354
f 266/179/355 268/179/355 125/180/159 121/180/159
f 120/177/160 124/177/160 267/178/356 265/178/356
f 265/178/357 267/178/357 268/179/357 266/179/357
f 259/148/333 250/161/343 247/159/342 256/141/233 200/139/328 190/147/334
f 168/181/358 171/184/359 19/183/165 11/182/164
f 271/185/360 269/188/360 171/187/360 168/186/360
f 270/185/361 130/188/169 10/190/169 166/189/361
f 131/185/170 271/188/362 168/191/362 11/182/170
f 269/185/363 270/188/363 166/193/363 171/192/363
f 19/194/165 171/184/359 166/193/364 10/195/173
f 120/196/175 265/201/365 266/200/365 121/199/175 130/198/175 270/197/223 183/7/222 14/13/175
f 135/202/177 162/202/177 292/203/366 282/203/366
f 282/203/367 283/206/368 277/205/369 56/204/180 135/202/180
f 235/118/314 202/18/230 264/24/236 239/67/251
f 221/99/370 218/207/370 169/172/370
f 278/212/241 280/214/375 279/213/239
f 281/212/376 283/214/368 282/213/367
f 283/206/368 281/216/376 280/215/375 278/28/241 275/29/240 277/205/369
f 285/217/377 284/219/377 163/218/377
f 150/220/191 285/223/378 163/222/378 9/221/191
f 163/224/193 284/227/379 147/226/194 9/225/193
f 147/228/194 284/229/379 285/52/256 196/1/214 275/2/380 24/25/196
f 245/135/384 289/135/384 288/124/385 244/124/386
f 203/132/387 286/132/387 289/131/387 245/131/387
f 244/124/386 288/124/385 155/123/206 98/123/206
f 280/214/389 293/214/389 290/213/389 279/213/389
f 282/213/390 292/213/390 291/212/390 281/212/390
f 279/27/391 290/27/391 157/31/212 136/31/212
f 281/216/392 291/216/392 293/215/392 280/215/392
s 0
f 294/242/393 295/243/393 297/244/393 296/245/393
f 296/242/394 297/243/394 301/244/394 300/245/394
f 300/242/395 301/243/395 299/244/395 298/245/395
f 298/242/396 299/243/396 295/244/396 294/245/396
f 301/242/397 297/243/397 295/244/397 299/245/397
f 307/242/398 311/246/398 308/247/398 305/245/398
f 306/242/399 307/243/399 305/244/399 304/245/399
f 302/242/400 309/248/400 310/249/400 303/245/400
f 303/242/401 306/243/401 304/244/401 302/245/401
f 308/243/403 311/255/403 310/249/403 309/248/403
f 304/242/404 305/243/404 308/256/404 309/257/404 302/245/404
f 312/242/405 314/245/405 315/244/405 313/243/405
f 314/242/406 318/245/406 319/244/406 315/243/406
f 318/242/407 316/245/407 317/244/407 319/243/407
f 316/242/408 312/245/408 313/244/408 317/243/408
f 319/242/409 317/245/409 313/244/409 315/243/409
f 325/242/410 323/245/410 326/247/410 329/246/410
f 324/242/411 322/245/411 323/244/411 325/243/411
f 320/242/412 321/245/412 328/249/412 327/248/412
f 321/242/413 320/245/413 322/244/413 324/243/413
f 326/243/415 327/248/415 328/249/415 329/255/415
f 322/242/416 320/245/416 327/257/416 326/256/416 323/243/416
s 1
f 336/258/417 337/259/417 333/260/418 332/261/418
f 334/258/419 335/259/420 331/260/421 330/261/421
f 341/262/422 334/259/422 330/260/423 338/263/423
f 336/264/424 332/265/424 334/259/422 341/262/422
f 332/266/425 333/265/425 335/259/420 334/258/419
f 333/266/426 337/264/427 340/262/428 335/258/429
f 335/258/429 340/262/428 339/263/430 331/261/431
f 330/266/432 331/265/432 339/259/433 338/258/433
f 336/258/417 344/261/434 345/260/434 337/259/417
f 346/258/435 342/261/436 343/260/436 347/259/437
f 341/262/422 338/263/423 342/260/423 346/259/422
f 336/264/424 341/262/422 346/259/422 344/265/424
f 344/266/438 346/258/435 347/259/437 345/265/438
f 345/266/439 347/258/440 340/262/428 337/264/427
f 347/258/440 343/261/441 339/263/430 340/262/428
f 342/266/442 338/258/433 339/259/433 343/265/442
f 348/267/443 351/268/443 352/269/444 349/270/445
f 350/267/446 349/268/445 352/269/444 353/270/446
f 356/267/447 355/268/448 358/269/449 359/270/447
f 354/267/450 357/268/450 358/269/449 355/270/448
f 353/267/451 357/268/452 354/269/453
f 353/267/454 352/268/455 358/269/456 357/270/454
f 349/267/457 350/268/458 354/269/458 355/270/459
f 352/267/455 351/268/460 359/269/460 358/270/456
f 348/267/461 349/268/457 355/269/459 356/270/461
f 350/267/462 353/268/451 354/269/453
f 348/267/443 360/270/463 362/269/464 351/268/443
f 361/267/465 363/270/465 362/269/464 360/268/463
f 356/267/447 359/270/447 367/269/466 365/268/467
f 364/267/468 365/270/467 367/269/466 366/268/468
f 363/267/469 364/269/470 366/268/471
f 363/267/472 366/270/472 367/269/473 362/268/474
f 360/267/475 365/270/476 364/269/477 361/268/477
f 362/267/474 367/270/473 359/269/460 351/268/460
f 348/267/461 356/270/461 365/269/476 360/268/475
f 361/267/478 364/269/470 363/268/469
f 368/271/479 369/272/480 370/273/481
f 370/271/481 369/272/480 371/273/482
f 372/271/483 369/272/480 373/273/484
f 373/271/484 369/272/480 368/273/479
f 368/274/485 370/275/485 371/276/485 372/277/485 373/278/485
f 408/285/495 395/286/495 397/287/496 409/288/496
f 409/285/496 397/286/496 399/287/497 410/288/497
f 410/285/497 399/286/497 401/287/498 411/288/498
f 411/285/498 401/286/498 403/287/499 412/288/499
f 412/285/499 403/286/499 405/287/500 413/288/500
f 413/285/500 405/286/500 407/287/501 414/288/501
f 414/285/501 407/286/501 395/287/495 408/288/495
f 402/285/502 404/286/503 420/287/503 419/288/502
f 396/285/193 394/286/193 408/287/193 409/288/193
f 398/285/193 396/286/193 409/287/193 410/288/193
f 400/285/193 398/286/193 410/287/193 411/288/193
f 402/285/193 400/286/193 411/287/193 412/288/193
f 404/285/193 402/286/193 412/287/193 413/288/193
f 406/285/193 404/286/193 413/287/193 414/288/193
f 394/285/193 406/286/193 414/287/193 408/288/193
f 398/285/504 400/286/505 418/287/505 417/288/504
f 394/285/443 396/286/506 416/287/506 415/288/443
f 404/285/503 406/286/507 421/287/507 420/288/503
f 400/285/505 402/286/502 419/287/502 418/288/505
f 396/285/506 398/286/504 417/287/504 416/288/506
f 406/285/507 394/286/443 415/287/443 421/288/507
f 436/285/495 437/288/501 425/287/501 423/286/495
f 437/285/501 438/288/500 427/287/500 425/286/501
f 438/285/500 439/288/499 429/287/499 427/286/500
f 439/285/499 440/288/498 431/287/498 429/286/499
f 440/285/498 441/288/497 433/287/497 431/286/498
f 441/285/497 442/288/496 435/287/496 433/286/497
f 442/285/496 436/288/495 423/287/495 435/286/496
f 430/285/505 447/288/505 448/287/504 432/286/504
f 424/285/193 437/288/193 436/287/193 422/286/193
f 426/285/193 438/288/193 437/287/193 424/286/193
f 428/285/193 439/288/193 438/287/193 426/286/193
f 430/285/193 440/288/193 439/287/193 428/286/193
f 432/285/193 441/288/193 440/287/193 430/286/193
f 434/285/193 442/288/193 441/287/193 432/286/193
f 422/285/193 436/288/193 442/287/193 434/286/193
f 426/285/503 445/288/503 446/287/502 428/286/502
f 422/285/443 443/288/443 444/287/507 424/286/507
f 432/285/504 448/288/504 449/287/506 434/286/506
f 428/285/502 446/288/502 447/287/505 430/286/505
f 424/285/507 444/288/507 445/287/503 426/286/503
f 434/285/506 449/288/506 443/287/443 422/286/443
f 451/289/508 453/290/509 452/291/193 450/292/193
f 451/289/508 454/290/510 472/291/510 453/292/509
f 453/289/511 472/290/511 455/291/512 452/292/512
f 472/289/513 454/290/513 455/291/513
f 462/293/514 463/294/515 458/295/193 456/296/193
f 457/293/516 460/294/517 461/295/517 459/296/518
f 457/293/516 459/294/518 463/295/515 462/296/514
f 457/293/516 462/294/514 465/295/519 464/296/519
f 460/293/520 473/294/520 472/295/520 461/296/520
f 464/293/521 474/294/521 470/295/521 457/296/521
f 459/293/522 469/294/523 468/295/524 463/296/525
f 463/293/525 468/294/524 471/295/526 458/296/526
f 457/293/527 470/294/527 473/295/527 460/296/527
f 462/293/528 466/294/528 475/295/528 465/296/528
f 461/293/529 472/294/529 469/295/523 459/296/522
f 465/293/530 475/294/530 474/295/530 464/296/530
f 456/293/531 467/294/531 466/295/532 462/296/532
f 476/289/533 450/292/193 452/291/193 477/290/534
f 476/289/533 477/292/534 479/291/535 478/290/535
f 477/289/536 452/292/512 455/291/512 479/290/536
f 479/289/537 455/291/537 478/290/537
f 484/293/538 456/296/193 458/295/193 485/294/539
f 480/293/540 481/296/541 483/295/542 482/294/542
f 480/293/540 484/296/538 485/295/539 481/294/541
f 480/293/540 486/296/543 487/295/543 484/294/538
f 482/293/544 483/296/544 479/295/544 492/294/544
f 486/293/545 480/296/545 491/295/545 493/294/545
f 481/293/546 485/296/547 489/295/548 490/294/549
f 485/293/547 458/296/526 471/295/526 489/294/548
f 480/293/550 482/296/550 492/295/550 491/294/550
f 484/293/551 487/296/551 494/295/551 488/294/551
f 483/293/552 481/296/546 490/295/549 479/294/552
f 487/293/553 486/296/553 493/295/553 494/294/553
f 456/293/531 484/296/554 488/295/554 467/294/531
s 0
f 495/297/555 496/298/555 498/299/555 497/300/555
f 497/297/556 498/298/556 502/299/556 501/300/556
f 501/297/557 502/298/557 500/299/557 499/300/557
f 499/297/558 500/298/558 496/299/558 495/300/558
f 497/297/443 501/298/443 499/299/443 495/300/443
f 502/297/559 498/298/559 496/299/559 500/300/559
f 503/301/560 504/302/560 506/303/560 505/304/560
f 505/301/561 506/302/561 510/303/561 509/304/561
f 509/301/562 510/302/562 508/303/562 507/304/562
f 507/301/563 508/302/563 504/303/563 503/304/563
f 505/301/564 509/302/564 507/303/564 503/304/564
f 510/301/565 506/302/565 504/303/565 508/304/565
f 511/301/566 513/304/566 514/303/566 512/302/566
f 513/301/567 517/304/567 518/303/567 514/302/567
f 517/301/568 515/304/568 516/303/568 518/302/568
f 515/301/569 511/304/569 512/303/569 516/302/569
f 513/301/570 511/304/570 515/303/570 517/302/570
f 518/301/571 516/304/571 512/303/571 514/302/571
s 1
usemtl light
f 22/32/32 133/33/32 134/34/32 111/35/32
f 38/57/14 58/58/38 47/59/11
f 41/73/13 57/74/9 38/75/14
f 57/76/9 59/77/39 58/58/38 38/57/14
f 133/33/184 22/32/184 137/208/3 138/209/2
f 22/32/185 111/35/185 139/210/27 137/208/26
f 134/34/186 133/33/186 138/209/30 140/211/181
f 111/35/187 134/34/187 140/211/187 139/210/187
f 175/32/242 257/35/242 273/34/242 272/33/242
f 189/57/225 197/59/224 206/58/249
f 191/73/226 189/75/225 205/74/220
f 205/76/220 189/57/225 206/58/249 207/77/248
f 272/33/371 275/209/217 274/208/216 175/32/371
f 175/32/372 274/208/238 276/210/237 257/35/372
f 273/34/373 277/211/369 275/209/240 272/33/373
f 257/35/374 276/210/374 277/211/374 273/34/374
usemtl glass
f 106/151/135 107/152/135 109/153/135 105/154/135
f 108/155/135 106/151/135 105/154/135
f 117/164/146 114/165/146 115/166/146 116/167/146
f 154/230/198 155/231/199 153/232/199 152/233/200
f 156/234/201 154/230/198 152/233/200 151/235/201
f 159/236/207 161/237/207 158/238/207 157/239/208 162/240/208 160/241/207
f 252/151/335 251/154/335 255/153/335 253/152/335
f 254/155/335 251/154/335 252/151/335
f 263/164/346 262/167/346 261/166/346 260/165/346
f 288/230/381 287/233/382 153/232/199 155/231/199
f 289/234/383 286/235/383 287/233/382 288/230/381
f 291/236/388 292/241/388 162/240/208 157/239/208 290/238/388 293/237/388
s 0
f 303/250/402 310/251/402 311/252/402 307/253/402 306/254/402
f 321/250/414 324/254/414 325/253/414 329/252/414 328/251/414
s 1
usemtl texture
f 391/279/486 392/280/487 382/281/487 381/282/486
f 393/279/488 388/280/489 376/281/489 383/282/488
f 374/279/490 377/280/491 389/281/491 386/282/490
f 387/279/492 375/280/492 374/281/490 386/282/490
f 376/279/489 388/280/489 389/281/491 377/282/491
f 380/279/493 390/280/493 391/281/486 381/282/486
f 393/279/488 383/280/488 382/281/487 392/282/487
f 387/279/492 390/280/493 380/281/493 375/282/492
f 378/280/494 387/281/494 386/282/494
f 379/280/494 389/281/494 388/282/494
f 384/280/494 391/281/494 390/282/494
f 385/280/494 393/281/494 392/282/494
f 378/279/494 384/280/494 390/281/494 387/282/494
f 379/279/494 378/280/494 386/281/494 389/282/494
f 385/279/494 379/280/494 388/281/494 393/282/494
f 384/279/494 385/280/494 392/281/494 391/282/494
f 378/283/494 379/284/494 385/284/494 384/284/494
o wheels.019
v 0.815713 0.467465 1.304430
v 0.815713 0.458626 1.423526
v 0.815713 0.404687 1.497767
v 0.815713 0.317410 1.526125
v 0.815713 0.201413 1.497728
v 0.815713 0.138560 1.396183
v 0.815713 0.138560 1.304415
v 0.815713 0.192500 1.230174
v 0.815713 0.303035 1.187764
v 0.815713 0.413571 1.230252
v 0.774363 0.303035 1.036224
v 0.774363 0.113984 1.097650
v 0.774363 0.492087 1.097650
v 0.774363 -0.002856 1.258466
v 0.774363 -0.002856 1.457247
v 0.774363 0.113984 1.618063
v 0.774363 0.303035 1.679489
v 0.774363 0.492087 1.618063
v 0.774363 0.608926 1.457247
v 0.774363 0.608926 1.258466
v 0.875275 0.303035 1.131889
v 0.875275 0.170215 1.175045
v 0.875275 0.088127 1.288029
v 0.875275 0.088127 1.427684
v 0.875275 0.170215 1.540668
v 0.875275 0.303035 1.583824
v 0.875275 0.435856 1.540668
v 0.875275 0.517944 1.427684
v 0.875275 0.517944 1.288029
v 0.875275 0.435856 1.175045
v 0.875275 0.303035 1.066347
v 0.846626 0.303035 1.036224
v 0.846626 0.113984 1.097650
v 0.875275 0.131691 1.122021
v 0.846626 -0.002856 1.258466
v 0.875275 0.025794 1.267775
v 0.846626 -0.002856 1.457247
v 0.875275 0.025794 1.447938
v 0.846626 0.113984 1.618063
v 0.875275 0.131691 1.593693
v 0.846626 0.303035 1.679489
v 0.875275 0.303035 1.649366
v 0.846626 0.492087 1.618063
v 0.875275 0.474380 1.593693
v 0.846626 0.608926 1.457247
v 0.875275 0.580277 1.447938
v 0.846626 0.608926 1.258466
v 0.875275 0.580277 1.267775
v 0.846626 0.492087 1.097650
v 0.875275 0.474380 1.122021
v 0.815713 0.288615 1.377705
v 0.815713 0.413571 1.509996
v 0.815713 0.467465 1.396120
v 0.815713 0.288615 1.526062
v 0.815713 0.124185 1.299745
v 0.815713 0.147519 1.423550
v 0.815713 0.220141 1.214698
v 0.815713 0.317410 1.377642
v 0.815713 0.279776 1.350299
v 0.815713 0.124185 1.415968
v 0.815713 0.192500 1.509996
v 0.815713 0.481886 1.299745
v 0.815713 0.385930 1.214698
v 0.815713 0.481886 1.415968
v 0.815713 0.303035 1.545911
v 0.815713 0.326369 1.350275
v 0.815713 0.303035 1.328794
v 0.815713 0.303035 1.169802
v 0.815713 0.192500 1.205718
v 0.815713 0.413571 1.205718
v 0.774363 0.392103 1.480448
v 0.774363 0.341249 1.410453
v 0.774363 0.364908 1.337753
v 0.774363 0.447121 1.311040
v 0.774363 0.303035 1.208098
v 0.774363 0.303035 1.290273
v 0.774363 0.158921 1.311031
v 0.774363 0.241204 1.337766
v 0.774363 0.264796 1.410488
v 0.774363 0.213986 1.480423
v 0.774363 0.423533 1.437189
v 0.774363 0.341249 1.496971
v 0.774363 0.158921 1.364502
v 0.774363 0.190351 1.267772
v 0.774363 0.182583 1.437201
v 0.774363 0.415719 1.267818
v 0.774363 0.447121 1.364466
v 0.774363 0.264796 1.496933
v 0.774363 0.254735 1.223792
v 0.774363 0.351336 1.223792
v 0.733012 0.467465 1.304430
v 0.733012 0.458626 1.423526
v 0.733012 0.404687 1.497767
v 0.733012 0.317410 1.526125
v 0.733012 0.201413 1.497728
v 0.733012 0.138560 1.396183
v 0.733012 0.138560 1.304415
v 0.733012 0.192500 1.230174
v 0.733012 0.303035 1.187764
v 0.733012 0.413571 1.230252
v 0.673450 0.303035 1.131889
v 0.673450 0.170215 1.175045
v 0.673450 0.088127 1.288029
v 0.673450 0.088127 1.427684
v 0.673450 0.170215 1.540668
v 0.673450 0.303035 1.583824
v 0.673450 0.435856 1.540668
v 0.673450 0.517944 1.427684
v 0.673450 0.517944 1.288029
v 0.673450 0.435856 1.175045
v 0.673450 0.303035 1.066347
v 0.702099 0.303035 1.036224
v 0.702099 0.113984 1.097650
v 0.673450 0.131691 1.122021
v 0.702099 -0.002856 1.258466
v 0.673450 0.025794 1.267775
v 0.702099 -0.002856 1.457247
v 0.673450 0.025794 1.447938
v 0.702099 0.113984 1.618063
v 0.673450 0.131691 1.593693
v 0.702099 0.303035 1.679489
v 0.673450 0.303035 1.649366
v 0.702099 0.492087 1.618063
v 0.673450 0.474380 1.593693
v 0.702099 0.608926 1.457247
v 0.673450 0.580277 1.447938
v 0.702099 0.608926 1.258466
v 0.673450 0.580277 1.267775
v 0.702099 0.492087 1.097650
v 0.673450 0.474380 1.122021
v 0.733012 0.288615 1.377705
v 0.733012 0.413571 1.509996
v 0.733012 0.467465 1.396120
v 0.733012 0.288615 1.526062
v 0.733012 0.124185 1.299745
v 0.733012 0.147519 1.423550
v 0.733012 0.220141 1.214698
v 0.733012 0.317410 1.377642
v 0.733012 0.279776 1.350299
v 0.733012 0.124185 1.415968
v 0.733012 0.192500 1.509996
v 0.733012 0.481886 1.299745
v 0.733012 0.385930 1.214698
v 0.733012 0.481886 1.415968
v 0.733012 0.303035 1.545911
v 0.733012 0.326369 1.350275
v 0.733012 0.303035 1.328794
v 0.733012 0.303035 1.169802
v 0.733012 0.192500 1.205718
v 0.733012 0.413571 1.205718
vn 0.3686 0.5464 -0.7521
vn 0.3686 -0.0000 -0.9296
vn -0.0000 -0.0000 -1.0000
vn -0.0000 0.5878 -0.8090
vn 0.3686 0.8841 -0.2873
vn -0.0000 0.9511 -0.3090
vn 0.4595 0.5221 -0.7186
vn 0.4414 0.2773 -0.8534
vn 0.3686 -0.0000 0.9296
vn 0.3686 0.5464 0.7521
vn -0.0000 0.5878 0.8090
vn -0.0000 -0.0000 1.0000
vn 0.3686 -0.8841 -0.2873
vn 0.3686 -0.8841 0.2873
vn -0.0000 -0.9511 0.3090
vn -0.0000 -0.9511 -0.3090
vn 0.3686 -0.5464 0.7521
vn -0.0000 -0.5878 0.8090
vn 0.9022 0.4102 0.1333
vn 0.9022 0.2535 0.3490
vn 1.0000 -0.0000 -0.0000
vn 0.9022 -0.0000 -0.4314
vn 0.9022 0.2535 -0.3490
vn 0.9022 -0.4102 -0.1333
vn 0.9022 -0.2535 -0.3490
vn 0.9022 0.4102 -0.1333
vn 0.3686 0.8841 0.2873
vn -0.0000 0.9511 0.3090
vn 0.9022 -0.0000 0.4314
vn 0.9022 -0.2535 0.3490
vn 0.9022 -0.4102 0.1333
vn 0.3686 -0.5464 -0.7521
vn -0.0000 -0.5878 -0.8090
vn 0.5370 -0.0000 0.8436
vn 0.5370 0.4959 0.6825
vn 0.5370 -0.8023 -0.2607
vn 0.5370 -0.8023 0.2607
vn 0.5370 0.4959 -0.6825
vn 0.5370 -0.0000 -0.8436
vn 0.5370 0.8023 0.2607
vn 0.5370 -0.4959 0.6825
vn 0.5370 -0.4959 -0.6825
vn 0.5370 0.8023 -0.2607
vn 0.4995 -0.7009 0.5092
vn 0.4236 -0.2799 0.8615
vn 0.4413 -0.0000 0.8974
vn 0.4414 -0.8973 -0.0000
vn 0.4595 -0.8447 0.2745
vn 0.4417 0.7258 0.5273
vn 0.4598 0.8446 0.2744
vn 0.4236 0.2799 0.8615
vn 0.4414 -0.7259 0.5274
vn 0.4417 0.8971 -0.0000
vn 0.4414 0.7259 -0.5274
vn 0.4417 -0.2772 -0.8532
vn 0.4598 -0.5220 -0.7184
vn 0.4803 -0.7096 -0.5156
vn 0.4995 0.8663 -0.0000
vn 0.4991 0.7010 0.5093
vn 0.4803 0.7096 -0.5156
vn 0.4995 -0.2677 0.8239
vn 0.4991 -0.8665 -0.0000
vn 0.4995 -0.2677 -0.8239
vn 0.4991 0.2678 -0.8241
vn 0.4417 -0.7258 -0.5273
vn 0.4991 0.2678 0.8241
vn -0.3686 0.5464 -0.7521
vn -0.3686 -0.0000 -0.9296
vn -0.3686 0.8841 -0.2873
vn -0.4595 0.5221 -0.7186
vn -0.4414 0.2773 -0.8534
vn -0.3686 -0.0000 0.9296
vn -0.3686 0.5464 0.7521
vn -0.3686 -0.8841 -0.2873
vn -0.3686 -0.8841 0.2873
vn -0.3686 -0.5464 0.7521
vn -0.9022 0.4102 0.1333
vn -1.0000 -0.0000 -0.0000
vn -0.9022 0.2535 0.3490
vn -0.9022 -0.0000 -0.4314
vn -0.9022 0.2535 -0.3490
vn -0.9022 -0.4102 -0.1333
vn -0.9022 -0.2535 -0.3490
vn -0.9022 0.4102 -0.1333
vn -0.3686 0.8841 0.2873
vn -0.9022 -0.0000 0.4314
vn -0.9022 -0.2535 0.3490
vn -0.9022 -0.4102 0.1333
vn -0.3686 -0.5464 -0.7521
vn -0.5370 -0.0000 0.8436
vn -0.5370 0.4959 0.6825
vn -0.5370 -0.8023 -0.2607
vn -0.5370 -0.8023 0.2607
vn -0.5370 0.4959 -0.6825
vn -0.5370 -0.0000 -0.8436
vn -0.5370 0.8023 0.2607
vn -0.5370 -0.4959 0.6825
vn -0.5370 -0.4959 -0.6825
vn -0.5370 0.8023 -0.2607
vn -0.4995 -0.7009 0.5092
vn -0.4236 -0.2799 0.8615
vn -0.4413 -0.0000 0.8974
vn -0.4414 -0.8973 -0.0000
vn -0.4595 -0.8447 0.2745
vn -0.4417 0.7258 0.5273
vn -0.4598 0.8446 0.2744
vn -0.4236 0.2799 0.8615
vn -0.4414 -0.7259 0.5274
vn -0.4417 0.8971 -0.0000
vn -0.4414 0.7259 -0.5274
vn -0.4417 -0.2772 -0.8532
vn -0.4598 -0.5220 -0.7184
vn -0.4803 -0.7096 -0.5156
vn -0.4995 0.8663 -0.0000
vn -0.4991 0.7010 0.5093
vn -0.4803 0.7096 -0.5156
vn -0.4995 -0.2677 0.8239
vn -0.4991 -0.8665 -0.0000
vn -0.4995 -0.2677 -0.8239
vn -0.4991 0.2678 -0.8241
vn -0.4417 -0.7258 -0.5273
vn -0.4991 0.2678 0.8241
vt 0.975777 0.347738
vt 0.975777 0.375608
vt 0.992922 0.375608
vt 0.992922 0.347738
vt 0.969168 0.356028
vt 0.982334 0.356028
vt 0.990697 0.350349
vt 0.969168 0.350349
vt 0.969168 0.356028
vt 0.985856 0.356028
vt 0.990697 0.350349
vt 0.990697 0.350349
vt 0.969168 0.350348
vt 0.985856 0.356028
vt 0.990697 0.350349
vt 0.990697 0.350348
vt 0.969168 0.349043
vt 0.969168 0.374303
vt 0.969168 0.347738
vt 0.969168 0.374303
vt 0.975668 0.528250
vt 0.977838 0.528250
vt 0.971747 0.356028
vt 0.984262 0.356028
vt 0.971345 0.356028
vt 0.984511 0.356028
vt 0.971338 0.356028
vt 0.984515 0.356028
vt 0.969168 0.356028
vt 0.981683 0.356028
vt 0.982334 0.356028
vt 0.982345 0.356028
vt 0.984511 0.356028
vt 0.971338 0.356028
vt 0.988845 0.528250
vt 0.992356 0.528250
vt 0.975668 0.528250
vt 0.991015 0.528250
vt 0.992356 0.528250
vt 0.977838 0.528250
vt 0.975668 0.528250
vt 0.991011 0.528250
vt 0.977845 0.528250
vt 0.988834 0.528250
vt 0.991011 0.528250
vt 0.988833 0.528250
vt 0.988183 0.528250
vt 0.990762 0.528250
vt 0.978247 0.528250
vt 0.982345 0.356028
s 1
usemtl metallic
f 523/309/578 598/309/578 606/310/579 572/310/579
f 577/325/615 596/325/615 602/326/615 526/326/615
f 581/327/616 608/327/616 593/328/617 527/328/617
f 571/329/618 605/329/618 592/330/619 519/330/619
f 526/331/620 602/331/620 595/332/621 525/332/621
f 527/333/617 593/333/617 607/334/622 575/334/622
f 519/309/619 592/309/619 604/335/623 528/335/623
f 525/309/621 595/309/621 601/336/624 524/336/624
f 574/329/625 603/329/625 598/337/578 523/337/578
f 522/338/626 600/338/626 589/332/627 521/332/627
f 520/339/592 582/340/592 570/341/592 521/341/592
f 521/342/592 570/343/592 583/341/592 522/344/592
f 524/339/592 578/343/592 573/345/592 525/345/592
f 525/342/592 573/343/592 587/345/592 526/326/592
f 523/346/592 579/343/592 578/345/592 574/347/592
f 528/348/592 588/343/592 580/345/592 519/345/592
f 519/349/592 580/340/592 582/345/592 571/347/592
f 572/350/592 583/340/592 579/341/592 523/345/592
f 575/351/592 587/343/592 586/341/592 527/341/592
f 527/352/592 586/340/592 588/341/592 581/353/592
f 585/345/628 594/345/628 608/353/628 581/353/628
f 576/325/629 590/325/629 600/344/629 522/344/629
f 528/348/630 604/348/630 591/347/630 584/347/630
f 575/351/631 607/351/631 594/345/631 585/345/631
f 520/339/632 599/339/632 590/325/632 576/325/632
f 572/350/633 606/350/633 597/347/633 569/347/633
f 524/339/634 601/339/634 596/325/634 577/325/634
f 584/347/635 591/347/635 605/347/635 571/347/635
f 521/313/627 589/313/627 599/354/636 520/354/636
f 569/347/637 597/347/637 603/347/637 574/347/637
f 571/347/592 582/345/592 520/339/592 576/325/592 522/344/592 583/341/592 572/350/592 569/347/592 574/347/592 578/345/592 524/339/592 577/325/592 526/326/592 587/345/592 575/351/592 585/345/592 581/353/592 588/341/592 528/348/592 584/347/592
f 613/309/641 652/310/642 606/310/642 598/309/641
f 657/325/671 616/326/671 602/326/671 596/325/671
f 661/327/672 617/328/673 593/328/673 608/327/672
f 651/329/674 609/330/675 592/330/675 605/329/674
f 616/331/676 615/332/677 595/332/677 602/331/676
f 617/333/673 655/334/678 607/334/678 593/333/673
f 609/309/675 618/335/679 604/335/679 592/309/675
f 615/309/677 614/336/680 601/336/680 595/309/677
f 654/329/681 613/337/641 598/337/641 603/329/681
f 612/338/682 611/332/683 589/332/683 600/338/682
f 610/339/649 611/341/649 650/341/649 662/340/649
f 611/342/649 612/344/649 663/341/649 650/343/649
f 614/339/649 615/345/649 653/345/649 658/343/649
f 615/342/649 616/326/649 667/345/649 653/343/649
f 613/346/649 654/347/649 658/345/649 659/343/649
f 618/348/649 609/345/649 660/345/649 668/343/649
f 609/349/649 651/347/649 662/345/649 660/340/649
f 652/350/649 613/345/649 659/341/649 663/340/649
f 655/351/649 617/341/649 666/341/649 667/343/649
f 617/352/649 661/353/649 668/341/649 666/340/649
f 665/345/684 661/353/684 608/353/684 594/345/684
f 656/325/685 612/344/685 600/344/685 590/325/685
f 618/348/686 664/347/686 591/347/686 604/348/686
f 655/351/687 665/345/687 594/345/687 607/351/687
f 610/339/688 656/325/688 590/325/688 599/339/688
f 652/350/689 649/347/689 597/347/689 606/350/689
f 614/339/690 657/325/690 596/325/690 601/339/690
f 664/347/691 651/347/691 605/347/691 591/347/691
f 611/313/683 610/354/692 599/354/692 589/313/683
f 649/347/693 654/347/693 603/347/693 597/347/693
f 651/347/649 664/347/649 618/348/649 668/341/649 661/353/649 665/345/649 655/351/649 667/345/649 616/326/649 657/325/649 614/339/649 658/345/649 654/347/649 649/347/649 652/350/649 663/341/649 612/344/649 656/325/649 610/339/649 662/345/649
usemtl texture
f 567/305/572 550/306/573 529/307/574 531/308/575
f 565/305/576 567/306/572 531/307/575 538/308/577
f 559/305/580 561/306/581 536/307/582 535/308/583
f 553/305/584 555/306/585 533/307/586 532/308/587
f 555/305/585 557/306/588 534/307/589 533/308/586
f 557/305/588 559/306/580 535/307/583 534/308/589
f 564/311/590 562/312/591 545/313/592 546/314/592
f 549/315/593 568/312/594 548/313/592 539/314/592
f 554/316/595 552/317/596 540/309/592 541/318/592
f 568/319/594 566/312/597 547/309/592 548/318/592
f 566/320/597 564/312/590 546/309/592 547/314/592
f 563/305/598 565/306/576 538/307/577 537/308/599
f 562/311/591 560/312/600 544/313/592 545/318/592
f 560/315/600 558/312/601 543/313/592 544/314/592
f 558/316/601 556/312/602 542/309/592 543/318/592
f 556/311/602 554/312/595 541/309/592 542/318/592
f 551/305/603 553/306/584 532/307/587 530/308/604
f 561/305/581 563/306/598 537/307/599 536/308/582
f 539/313/605 586/313/605 587/318/606 540/318/606
f 552/311/596 549/312/593 539/313/592 540/318/592
f 550/305/573 549/321/593 552/322/596 551/306/603
f 551/323/603 552/317/596 554/316/595 553/308/584
f 553/305/584 554/321/595 556/322/602 555/306/585
f 555/323/585 556/312/602 558/316/601 557/308/588
f 557/323/588 558/312/601 560/315/600 559/308/580
f 559/323/580 560/312/600 562/311/591 561/308/581
f 561/305/581 562/321/591 564/324/590 563/306/598
f 563/305/598 564/321/590 566/322/597 565/306/576
f 565/323/576 566/312/597 568/319/594 567/308/572
f 567/305/572 568/321/594 549/322/593 550/306/573
f 550/305/573 551/306/603 530/307/604 529/308/574
f 546/309/607 582/309/607 580/314/608 547/314/608
f 543/313/609 579/313/609 583/314/610 544/314/610
f 540/309/606 587/309/606 573/318/611 541/318/611
f 547/309/608 580/309/608 588/318/612 548/318/612
f 544/313/610 583/313/610 570/318/613 545/318/613
f 541/309/611 573/309/611 578/318/614 542/318/614
f 548/313/612 588/313/612 586/314/605 539/314/605
f 545/313/613 570/313/613 582/314/607 546/314/607
f 542/309/614 578/309/614 579/318/609 543/318/609
f 647/305/638 531/308/575 529/307/574 630/306/639
f 645/305/640 538/308/577 531/307/575 647/306/638
f 639/305/643 535/308/583 536/307/582 641/306/644
f 633/305/645 532/308/587 533/307/586 635/306/646
f 635/305/646 533/308/586 534/307/589 637/306/647
f 637/305/647 534/308/589 535/307/583 639/306/643
f 644/311/648 626/314/649 625/313/649 642/312/650
f 629/315/651 619/314/649 628/313/649 648/312/652
f 634/316/653 621/318/649 620/309/649 632/317/654
f 648/319/652 628/318/649 627/309/649 646/312/655
f 646/320/655 627/314/649 626/309/649 644/312/648
f 643/305/656 537/308/599 538/307/577 645/306/640
f 642/311/650 625/318/649 624/313/649 640/312/657
f 640/315/657 624/314/649 623/313/649 638/312/658
f 638/316/658 623/318/649 622/309/649 636/312/659
f 636/311/659 622/318/649 621/309/649 634/312/653
f 631/305/660 530/308/604 532/307/587 633/306/645
f 641/305/644 536/308/582 537/307/599 643/306/656
f 619/313/661 620/318/662 667/318/662 666/313/661
f 632/311/654 620/318/649 619/313/649 629/312/651
f 630/305/639 631/306/660 632/322/654 629/321/651
f 631/323/660 633/308/645 634/316/653 632/317/654
f 633/305/645 635/306/646 636/322/659 634/321/653
f 635/323/646 637/308/647 638/316/658 636/312/659
f 637/323/647 639/308/643 640/315/657 638/312/658
f 639/323/643 641/308/644 642/311/650 640/312/657
f 641/305/644 643/306/656 644/324/648 642/321/650
f 643/305/656 645/306/640 646/322/655 644/321/648
f 645/323/640 647/308/638 648/319/652 646/312/655
f 647/305/638 630/306/639 629/322/651 648/321/652
f 630/305/639 529/308/574 530/307/604 631/306/660
f 626/309/663 627/314/664 660/314/664 662/309/663
f 623/313/665 624/314/666 663/314/666 659/313/665
f 620/309/662 621/318/667 653/318/667 667/309/662
f 627/309/664 628/318/668 668/318/668 660/309/664
f 624/313/666 625/318/669 650/318/669 663/313/666
f 621/309/667 622/318/670 658/318/670 653/309/667
f 628/313/668 619/314/661 666/314/661 668/313/668
f 625/313/669 626/314/663 662/314/663 650/313/669
f 622/309/670 623/318/665 659/318/665 658/309/670
o wheels.018
v 0.815713 0.467465 -1.254327
v 0.815713 0.458626 -1.135231
v 0.815713 0.404687 -1.060990
v 0.815713 0.317410 -1.032632
v 0.815713 0.201413 -1.061029
v 0.815713 0.138560 -1.162574
v 0.815713 0.138560 -1.254342
v 0.815713 0.192500 -1.328584
v 0.815713 0.303035 -1.370993
v 0.815713 0.413571 -1.328506
v 0.774363 0.303035 -1.522534
v 0.774363 0.113984 -1.461107
v 0.774363 0.492087 -1.461107
v 0.774363 -0.002856 -1.300291
v 0.774363 -0.002856 -1.101511
v 0.774363 0.113984 -0.940694
v 0.774363 0.303035 -0.879268
v 0.774363 0.492087 -0.940694
v 0.774363 0.608926 -1.101511
v 0.774363 0.608926 -1.300291
v 0.875275 0.303035 -1.426869
v 0.875275 0.170215 -1.383713
v 0.875275 0.088127 -1.270729
v 0.875275 0.088127 -1.131073
v 0.875275 0.170215 -1.018089
v 0.875275 0.303035 -0.974933
v 0.875275 0.435856 -1.018089
v 0.875275 0.517944 -1.131073
v 0.875275 0.517944 -1.270729
v 0.875275 0.435856 -1.383713
v 0.875275 0.303035 -1.492410
v 0.846626 0.303035 -1.522534
v 0.846626 0.113984 -1.461107
v 0.875275 0.131691 -1.436737
v 0.846626 -0.002856 -1.300291
v 0.875275 0.025794 -1.290982
v 0.846626 -0.002856 -1.101511
v 0.875275 0.025794 -1.110820
v 0.846626 0.113984 -0.940694
v 0.875275 0.131691 -0.965065
v 0.846626 0.303035 -0.879268
v 0.875275 0.303035 -0.909392
v 0.846626 0.492087 -0.940694
v 0.875275 0.474380 -0.965065
v 0.846626 0.608926 -1.101511
v 0.875275 0.580277 -1.110820
v 0.846626 0.608926 -1.300291
v 0.875275 0.580277 -1.290982
v 0.846626 0.492087 -1.461107
v 0.875275 0.474380 -1.436737
v 0.815713 0.288615 -1.181052
v 0.815713 0.413571 -1.048762
v 0.815713 0.467465 -1.162637
v 0.815713 0.288615 -1.032695
v 0.815713 0.124185 -1.259013
v 0.815713 0.147519 -1.135207
v 0.815713 0.220141 -1.344059
v 0.815713 0.317410 -1.181115
v 0.815713 0.279776 -1.208458
v 0.815713 0.124185 -1.142789
v 0.815713 0.192500 -1.048762
v 0.815713 0.481886 -1.259013
v 0.815713 0.385930 -1.344059
v 0.815713 0.481886 -1.142789
v 0.815713 0.303035 -1.012847
v 0.815713 0.326369 -1.208482
v 0.815713 0.303035 -1.229964
v 0.815713 0.303035 -1.388955
v 0.815713 0.192500 -1.353040
v 0.815713 0.413571 -1.353040
v 0.815713 0.303035 -1.200901
v 0.774363 0.392103 -1.078310
v 0.774363 0.341249 -1.148304
v 0.774363 0.364908 -1.221004
v 0.774363 0.447121 -1.247717
v 0.774363 0.303035 -1.350659
v 0.774363 0.303035 -1.268485
v 0.774363 0.158921 -1.247726
v 0.774363 0.241204 -1.220991
v 0.774363 0.264796 -1.148269
v 0.774363 0.213986 -1.078334
v 0.774363 0.423533 -1.121569
v 0.774363 0.341249 -1.061786
v 0.774363 0.158921 -1.194255
v 0.774363 0.190351 -1.290985
v 0.774363 0.182583 -1.121556
v 0.774363 0.415719 -1.290939
v 0.774363 0.447121 -1.194292
v 0.774363 0.264796 -1.061825
v 0.774363 0.254735 -1.334965
v 0.774363 0.351336 -1.334965
v 0.733012 0.467465 -1.254327
v 0.733012 0.458626 -1.135231
v 0.733012 0.404687 -1.060990
v 0.733012 0.317410 -1.032632
v 0.733012 0.201413 -1.061029
v 0.733012 0.138560 -1.162574
v 0.733012 0.138560 -1.254342
v 0.733012 0.192500 -1.328584
v 0.733012 0.303035 -1.370993
v 0.733012 0.413571 -1.328506
v 0.673450 0.303035 -1.426869
v 0.673450 0.170215 -1.383713
v 0.673450 0.088127 -1.270729
v 0.673450 0.088127 -1.131073
v 0.673450 0.170215 -1.018089
v 0.673450 0.303035 -0.974933
v 0.673450 0.435856 -1.018089
v 0.673450 0.517944 -1.131073
v 0.673450 0.517944 -1.270729
v 0.673450 0.435856 -1.383713
v 0.673450 0.303035 -1.492410
v 0.702099 0.303035 -1.522534
v 0.702099 0.113984 -1.461107
v 0.673450 0.131691 -1.436737
v 0.702099 -0.002856 -1.300291
v 0.673450 0.025794 -1.290982
v 0.702099 -0.002856 -1.101511
v 0.673450 0.025794 -1.110820
v 0.702099 0.113984 -0.940694
v 0.673450 0.131691 -0.965065
v 0.702099 0.303035 -0.879268
v 0.673450 0.303035 -0.909392
v 0.702099 0.492087 -0.940694
v 0.673450 0.474380 -0.965065
v 0.702099 0.608926 -1.101511
v 0.673450 0.580277 -1.110820
v 0.702099 0.608926 -1.300291
v 0.673450 0.580277 -1.290982
v 0.702099 0.492087 -1.461107
v 0.673450 0.474380 -1.436737
v 0.733012 0.288615 -1.181052
v 0.733012 0.413571 -1.048762
v 0.733012 0.467465 -1.162637
v 0.733012 0.288615 -1.032695
v 0.733012 0.124185 -1.259013
v 0.733012 0.147519 -1.135207
v 0.733012 0.220141 -1.344059
v 0.733012 0.317410 -1.181115
v 0.733012 0.279776 -1.208458
v 0.733012 0.124185 -1.142789
v 0.733012 0.192500 -1.048762
v 0.733012 0.481886 -1.259013
v 0.733012 0.385930 -1.344059
v 0.733012 0.481886 -1.142789
v 0.733012 0.303035 -1.012847
v 0.733012 0.326369 -1.208482
v 0.733012 0.303035 -1.229964
v 0.733012 0.303035 -1.388955
v 0.733012 0.192500 -1.353040
v 0.733012 0.413571 -1.353040
v 0.733012 0.303035 -1.200901
vn 0.3686 0.5464 -0.7521
vn 0.3686 -0.0000 -0.9296
vn -0.0000 -0.0000 -1.0000
vn -0.0000 0.5878 -0.8090
vn 0.3686 0.8841 -0.2873
vn -0.0000 0.9511 -0.3090
vn 0.4595 0.5221 -0.7186
vn 0.4414 0.2773 -0.8534
vn 0.3686 -0.0000 0.9296
vn 0.3686 0.5464 0.7521
vn -0.0000 0.5878 0.8090
vn -0.0000 -0.0000 1.0000
vn 0.3686 -0.8841 -0.2873
vn 0.3686 -0.8841 0.2873
vn -0.0000 -0.9511 0.3090
vn -0.0000 -0.9511 -0.3090
vn 0.3686 -0.5464 0.7521
vn -0.0000 -0.5878 0.8090
vn 0.9022 0.4102 0.1333
vn 0.9022 0.2535 0.3490
vn 1.0000 -0.0000 -0.0000
vn 0.9022 -0.0000 -0.4314
vn 0.9022 0.2535 -0.3490
vn 0.9022 -0.4102 -0.1333
vn 0.9022 -0.2535 -0.3490
vn 0.9022 0.4102 -0.1333
vn 0.3686 0.8841 0.2873
vn -0.0000 0.9511 0.3090
vn 0.9022 -0.0000 0.4314
vn 0.9022 -0.2535 0.3490
vn 0.9022 -0.4102 0.1333
vn 0.3686 -0.5464 -0.7521
vn -0.0000 -0.5878 -0.8090
vn 0.5370 -0.0000 0.8436
vn 0.5370 0.4959 0.6825
vn 0.5370 -0.8023 -0.2607
vn 0.5370 -0.8023 0.2607
vn 0.5370 0.4959 -0.6825
vn 0.5370 -0.0000 -0.8436
vn 0.5370 0.8023 0.2607
vn 0.5370 -0.4959 0.6825
vn 0.5370 -0.4959 -0.6825
vn 0.5370 0.8023 -0.2607
vn 0.4995 -0.7009 0.5092
vn 0.4236 -0.2799 0.8615
vn 0.4413 -0.0000 0.8974
vn 0.4414 -0.8973 -0.0000
vn 0.4595 -0.8447 0.2745
vn 0.4417 0.7258 0.5273
vn 0.4598 0.8446 0.2744
vn 0.4236 0.2799 0.8615
vn 0.4414 -0.7259 0.5274
vn 0.4417 0.8971 -0.0000
vn 0.4414 0.7259 -0.5274
vn 0.4417 -0.2772 -0.8532
vn 0.4598 -0.5220 -0.7184
vn 0.4803 -0.7096 -0.5156
vn 0.4995 0.8663 -0.0000
vn 0.4991 0.7010 0.5093
vn 0.4803 0.7096 -0.5156
vn 0.4995 -0.2677 0.8239
vn 0.4991 -0.8665 -0.0000
vn 0.4995 -0.2677 -0.8239
vn 0.4991 0.2678 -0.8241
vn 0.4417 -0.7258 -0.5273
vn 0.4991 0.2678 0.8241
vn -0.3686 0.5464 -0.7521
vn -0.3686 -0.0000 -0.9296
vn -0.3686 0.8841 -0.2873
vn -0.4595 0.5221 -0.7186
vn -0.4414 0.2773 -0.8534
vn -0.3686 -0.0000 0.9296
vn -0.3686 0.5464 0.7521
vn -0.3686 -0.8841 -0.2873
vn -0.3686 -0.8841 0.2873
vn -0.3686 -0.5464 0.7521
vn -0.9022 0.4102 0.1333
vn -1.0000 -0.0000 -0.0000
vn -0.9022 0.2535 0.3490
vn -0.9022 -0.0000 -0.4314
vn -0.9022 0.2535 -0.3490
vn -0.9022 -0.4102 -0.1333
vn -0.9022 -0.2535 -0.3490
vn -0.9022 0.4102 -0.1333
vn -0.3686 0.8841 0.2873
vn -0.9022 -0.0000 0.4314
vn -0.9022 -0.2535 0.3490
vn -0.9022 -0.4102 0.1333
vn -0.3686 -0.5464 -0.7521
vn -0.5370 -0.0000 0.8436
vn -0.5370 0.4959 0.6825
vn -0.5370 -0.8023 -0.2607
vn -0.5370 -0.8023 0.2607
vn -0.5370 0.4959 -0.6825
vn -0.5370 -0.0000 -0.8436
vn -0.5370 0.8023 0.2607
vn -0.5370 -0.4959 0.6825
vn -0.5370 -0.4959 -0.6825
vn -0.5370 0.8023 -0.2607
vn -0.4995 -0.7009 0.5092
vn -0.4236 -0.2799 0.8615
vn -0.4413 -0.0000 0.8974
vn -0.4414 -0.8973 -0.0000
vn -0.4595 -0.8447 0.2745
vn -0.4417 0.7258 0.5273
vn -0.4598 0.8446 0.2744
vn -0.4236 0.2799 0.8615
vn -0.4414 -0.7259 0.5274
vn -0.4417 0.8971 -0.0000
vn -0.4414 0.7259 -0.5274
vn -0.4417 -0.2772 -0.8532
vn -0.4598 -0.5220 -0.7184
vn -0.4803 -0.7096 -0.5156
vn -0.4995 0.8663 -0.0000
vn -0.4991 0.7010 0.5093
vn -0.4803 0.7096 -0.5156
vn -0.4995 -0.2677 0.8239
vn -0.4991 -0.8665 -0.0000
vn -0.4995 -0.2677 -0.8239
vn -0.4991 0.2678 -0.8241
vn -0.4417 -0.7258 -0.5273
vn -0.4991 0.2678 0.8241
vt 0.975777 0.347738
vt 0.975777 0.375608
vt 0.992922 0.375608
vt 0.992922 0.347738
vt 0.969168 0.356028
vt 0.982334 0.356028
vt 0.990697 0.350349
vt 0.969168 0.350349
vt 0.969168 0.356028
vt 0.985856 0.356028
vt 0.990697 0.350349
vt 0.990697 0.350349
vt 0.969168 0.350348
vt 0.985856 0.356028
vt 0.990697 0.350349
vt 0.990697 0.350348
vt 0.969168 0.349043
vt 0.969168 0.374303
vt 0.969168 0.347738
vt 0.969168 0.374303
vt 0.975668 0.528250
vt 0.977838 0.528250
vt 0.971747 0.356028
vt 0.984262 0.356028
vt 0.971345 0.356028
vt 0.984511 0.356028
vt 0.971338 0.356028
vt 0.984515 0.356028
vt 0.969168 0.356028
vt 0.981683 0.356028
vt 0.982334 0.356028
vt 0.982345 0.356028
vt 0.984511 0.356028
vt 0.971338 0.356028
vt 0.988845 0.528250
vt 0.992356 0.528250
vt 0.975668 0.528250
vt 0.991015 0.528250
vt 0.992356 0.528250
vt 0.977838 0.528250
vt 0.975668 0.528250
vt 0.991011 0.528250
vt 0.977845 0.528250
vt 0.988834 0.528250
vt 0.991011 0.528250
vt 0.988833 0.528250
vt 0.988183 0.528250
vt 0.990762 0.528250
vt 0.978247 0.528250
vt 0.982345 0.356028
s 1
usemtl metallic
f 673/359/700 749/359/700 757/360/701 722/360/701
f 727/375/737 747/375/737 753/376/737 676/376/737
f 731/377/738 759/377/738 744/378/739 677/378/739
f 721/379/740 756/379/740 743/380/741 669/380/741
f 676/381/742 753/381/742 746/382/743 675/382/743
f 677/383/739 744/383/739 758/384/744 725/384/744
f 669/359/741 743/359/741 755/385/745 678/385/745
f 675/359/743 746/359/743 752/386/746 674/386/746
f 724/379/747 754/379/747 749/387/700 673/387/700
f 672/388/748 751/388/748 740/382/749 671/382/749
f 670/389/714 732/390/714 720/391/714 671/391/714
f 671/392/714 720/393/714 733/391/714 672/394/714
f 674/389/714 728/393/714 723/395/714 675/395/714
f 675/392/714 723/393/714 737/395/714 676/376/714
f 676/376/714 737/395/714 739/395/714 727/375/714
f 672/394/714 733/391/714 739/395/714 726/375/714
f 726/375/714 739/395/714 732/390/714 670/389/714
f 727/375/714 739/395/714 728/393/714 674/389/714
f 673/396/714 729/393/714 728/395/714 724/397/714
f 678/398/714 738/393/714 730/395/714 669/395/714
f 669/399/714 730/390/714 732/395/714 721/397/714
f 722/400/714 733/390/714 729/391/714 673/395/714
f 734/397/714 739/395/714 738/393/714 678/398/714
f 719/397/714 739/395/714 733/390/714 722/400/714
f 721/397/714 732/395/714 739/395/714 734/397/714
f 724/397/714 728/395/714 739/395/714 719/397/714
f 725/401/714 737/393/714 736/391/714 677/391/714
f 677/402/714 736/390/714 738/391/714 731/403/714
f 731/403/714 738/391/714 739/395/714 735/395/714
f 735/395/714 739/395/714 737/393/714 725/401/714
f 735/395/750 745/395/750 759/403/750 731/403/750
f 726/375/751 741/375/751 751/394/751 672/394/751
f 678/398/752 755/398/752 742/397/752 734/397/752
f 725/401/753 758/401/753 745/395/753 735/395/753
f 670/389/754 750/389/754 741/375/754 726/375/754
f 722/400/755 757/400/755 748/397/755 719/397/755
f 674/389/756 752/389/756 747/375/756 727/375/756
f 734/397/757 742/397/757 756/397/757 721/397/757
f 671/363/749 740/363/749 750/404/758 670/404/758
f 719/397/759 748/397/759 754/397/759 724/397/759
f 764/359/763 803/360/764 757/360/764 749/359/763
f 808/375/793 767/376/793 753/376/793 747/375/793
f 812/377/794 768/378/795 744/378/795 759/377/794
f 802/379/796 760/380/797 743/380/797 756/379/796
f 767/381/798 766/382/799 746/382/799 753/381/798
f 768/383/795 806/384/800 758/384/800 744/383/795
f 760/359/797 769/385/801 755/385/801 743/359/797
f 766/359/799 765/386/802 752/386/802 746/359/799
f 805/379/803 764/387/763 749/387/763 754/379/803
f 763/388/804 762/382/805 740/382/805 751/388/804
f 761/389/771 762/391/771 801/391/771 813/390/771
f 762/392/771 763/394/771 814/391/771 801/393/771
f 765/389/771 766/395/771 804/395/771 809/393/771
f 766/392/771 767/376/771 818/395/771 804/393/771
f 767/376/771 808/375/771 820/395/771 818/395/771
f 763/394/771 807/375/771 820/395/771 814/391/771
f 807/375/771 761/389/771 813/390/771 820/395/771
f 808/375/771 765/389/771 809/393/771 820/395/771
f 764/396/771 805/397/771 809/395/771 810/393/771
f 769/398/771 760/395/771 811/395/771 819/393/771
f 760/399/771 802/397/771 813/395/771 811/390/771
f 803/400/771 764/395/771 810/391/771 814/390/771
f 815/397/771 769/398/771 819/393/771 820/395/771
f 800/397/771 803/400/771 814/390/771 820/395/771
f 802/397/771 815/397/771 820/395/771 813/395/771
f 805/397/771 800/397/771 820/395/771 809/395/771
f 806/401/771 768/391/771 817/391/771 818/393/771
f 768/402/771 812/403/771 819/391/771 817/390/771
f 812/403/771 816/395/771 820/395/771 819/391/771
f 816/395/771 806/401/771 818/393/771 820/395/771
f 816/395/806 812/403/806 759/403/806 745/395/806
f 807/375/807 763/394/807 751/394/807 741/375/807
f 769/398/808 815/397/808 742/397/808 755/398/808
f 806/401/809 816/395/809 745/395/809 758/401/809
f 761/389/810 807/375/810 741/375/810 750/389/810
f 803/400/811 800/397/811 748/397/811 757/400/811
f 765/389/812 808/375/812 747/375/812 752/389/812
f 815/397/813 802/397/813 756/397/813 742/397/813
f 762/363/805 761/404/814 750/404/814 740/363/805
f 800/397/815 805/397/815 754/397/815 748/397/815
usemtl texture
f 717/355/694 700/356/695 679/357/696 681/358/697
f 715/355/698 717/356/694 681/357/697 688/358/699
f 709/355/702 711/356/703 686/357/704 685/358/705
f 703/355/706 705/356/707 683/357/708 682/358/709
f 705/355/707 707/356/710 684/357/711 683/358/708
f 707/355/710 709/356/702 685/357/705 684/358/711
f 714/361/712 712/362/713 695/363/714 696/364/714
f 699/365/715 718/362/716 698/363/714 689/364/714
f 704/366/717 702/367/718 690/359/714 691/368/714
f 718/369/716 716/362/719 697/359/714 698/368/714
f 716/370/719 714/362/712 696/359/714 697/364/714
f 713/355/720 715/356/698 688/357/699 687/358/721
f 712/361/713 710/362/722 694/363/714 695/368/714
f 710/365/722 708/362/723 693/363/714 694/364/714
f 708/366/723 706/362/724 692/359/714 693/368/714
f 706/361/724 704/362/717 691/359/714 692/368/714
f 701/355/725 703/356/706 682/357/709 680/358/726
f 711/355/703 713/356/720 687/357/721 686/358/704
f 689/363/727 736/363/727 737/368/728 690/368/728
f 702/361/718 699/362/715 689/363/714 690/368/714
f 700/355/695 699/371/715 702/372/718 701/356/725
f 701/373/725 702/367/718 704/366/717 703/358/706
f 703/355/706 704/371/717 706/372/724 705/356/707
f 705/373/707 706/362/724 708/366/723 707/358/710
f 707/373/710 708/362/723 710/365/722 709/358/702
f 709/373/702 710/362/722 712/361/713 711/358/703
f 711/355/703 712/371/713 714/374/712 713/356/720
f 713/355/720 714/371/712 716/372/719 715/356/698
f 715/373/698 716/362/719 718/369/716 717/358/694
f 717/355/694 718/371/716 699/372/715 700/356/695
f 700/355/695 701/356/725 680/357/726 679/358/696
f 696/359/729 732/359/729 730/364/730 697/364/730
f 693/363/731 729/363/731 733/364/732 694/364/732
f 690/359/728 737/359/728 723/368/733 691/368/733
f 697/359/730 730/359/730 738/368/734 698/368/734
f 694/363/732 733/363/732 720/368/735 695/368/735
f 691/359/733 723/359/733 728/368/736 692/368/736
f 698/363/734 738/363/734 736/364/727 689/364/727
f 695/363/735 720/363/735 732/364/729 696/364/729
f 692/359/736 728/359/736 729/368/731 693/368/731
f 798/355/760 681/358/697 679/357/696 781/356/761
f 796/355/762 688/358/699 681/357/697 798/356/760
f 790/355/765 685/358/705 686/357/704 792/356/766
f 784/355/767 682/358/709 683/357/708 786/356/768
f 786/355/768 683/358/708 684/357/711 788/356/769
f 788/355/769 684/358/711 685/357/705 790/356/765
f 795/361/770 777/364/771 776/363/771 793/362/772
f 780/365/773 770/364/771 779/363/771 799/362/774
f 785/366/775 772/368/771 771/359/771 783/367/776
f 799/369/774 779/368/771 778/359/771 797/362/777
f 797/370/777 778/364/771 777/359/771 795/362/770
f 794/355/778 687/358/721 688/357/699 796/356/762
f 793/361/772 776/368/771 775/363/771 791/362/779
f 791/365/779 775/364/771 774/363/771 789/362/780
f 789/366/780 774/368/771 773/359/771 787/362/781
f 787/361/781 773/368/771 772/359/771 785/362/775
f 782/355/782 680/358/726 682/357/709 784/356/767
f 792/355/766 686/358/704 687/357/721 794/356/778
f 770/363/783 771/368/784 818/368/784 817/363/783
f 783/361/776 771/368/771 770/363/771 780/362/773
f 781/355/761 782/356/782 783/372/776 780/371/773
f 782/373/782 784/358/767 785/366/775 783/367/776
f 784/355/767 786/356/768 787/372/781 785/371/775
f 786/373/768 788/358/769 789/366/780 787/362/781
f 788/373/769 790/358/765 791/365/779 789/362/780
f 790/373/765 792/358/766 793/361/772 791/362/779
f 792/355/766 794/356/778 795/374/770 793/371/772
f 794/355/778 796/356/762 797/372/777 795/371/770
f 796/373/762 798/358/760 799/369/774 797/362/777
f 798/355/760 781/356/761 780/372/773 799/371/774
f 781/355/761 679/358/696 680/357/726 782/356/782
f 777/359/785 778/364/786 811/364/786 813/359/785
f 774/363/787 775/364/788 814/364/788 810/363/787
f 771/359/784 772/368/789 804/368/789 818/359/784
f 778/359/786 779/368/790 819/368/790 811/359/786
f 775/363/788 776/368/791 801/368/791 814/363/788
f 772/359/789 773/368/792 809/368/792 804/359/789
f 779/363/790 770/364/783 817/364/783 819/363/790
f 776/363/791 777/364/785 813/364/785 801/363/791
f 773/359/792 774/368/787 810/368/787 809/359/792
o wheels.040
v -0.815713 0.467465 1.304430
v -0.815713 0.458626 1.423526
v -0.815713 0.404687 1.497767
v -0.815713 0.317410 1.526125
v -0.815713 0.201413 1.497728
v -0.815713 0.138560 1.396183
v -0.815713 0.138560 1.304415
v -0.815713 0.192500 1.230174
v -0.815713 0.303035 1.187764
v -0.815713 0.413571 1.230252
v -0.774363 0.303035 1.036224
v -0.774363 0.113984 1.097650
v -0.774363 0.492087 1.097650
v -0.774363 -0.002856 1.258466
v -0.774363 -0.002856 1.457247
v -0.774363 0.113984 1.618063
v -0.774363 0.303035 1.679489
v -0.774363 0.492087 1.618063
v -0.774363 0.608926 1.457247
v -0.774363 0.608926 1.258466
v -0.875275 0.303035 1.131889
v -0.875275 0.170215 1.175045
v -0.875275 0.088127 1.288029
v -0.875275 0.088127 1.427684
v -0.875275 0.170215 1.540668
v -0.875275 0.303035 1.583824
v -0.875275 0.435856 1.540668
v -0.875275 0.517944 1.427684
v -0.875275 0.517944 1.288029
v -0.875275 0.435856 1.175045
v -0.875275 0.303035 1.066347
v -0.846626 0.303035 1.036224
v -0.846626 0.113984 1.097650
v -0.875275 0.131691 1.122021
v -0.846626 -0.002856 1.258466
v -0.875275 0.025794 1.267775
v -0.846626 -0.002856 1.457247
v -0.875275 0.025794 1.447938
v -0.846626 0.113984 1.618063
v -0.875275 0.131691 1.593693
v -0.846626 0.303035 1.679489
v -0.875275 0.303035 1.649366
v -0.846626 0.492087 1.618063
v -0.875275 0.474380 1.593693
v -0.846626 0.608926 1.457247
v -0.875275 0.580277 1.447938
v -0.846626 0.608926 1.258466
v -0.875275 0.580277 1.267775
v -0.846626 0.492087 1.097650
v -0.875275 0.474380 1.122021
v -0.815713 0.288615 1.377705
v -0.815713 0.413571 1.509996
v -0.815713 0.467465 1.396120
v -0.815713 0.288615 1.526062
v -0.815713 0.124185 1.299745
v -0.815713 0.147519 1.423550
v -0.815713 0.220141 1.214698
v -0.815713 0.317410 1.377642
v -0.815713 0.279776 1.350299
v -0.815713 0.124185 1.415968
v -0.815713 0.192500 1.509996
v -0.815713 0.481886 1.299745
v -0.815713 0.385930 1.214698
v -0.815713 0.481886 1.415968
v -0.815713 0.303035 1.545911
v -0.815713 0.326369 1.350275
v -0.815713 0.303035 1.328794
v -0.815713 0.303035 1.169802
v -0.815713 0.192500 1.205718
v -0.815713 0.413571 1.205718
v -0.774363 0.392103 1.480448
v -0.774363 0.341249 1.410453
v -0.774363 0.364908 1.337753
v -0.774363 0.447121 1.311040
v -0.774363 0.303035 1.208098
v -0.774363 0.303035 1.290273
v -0.774363 0.158921 1.311031
v -0.774363 0.241204 1.337766
v -0.774363 0.264796 1.410488
v -0.774363 0.213985 1.480423
v -0.774363 0.423532 1.437189
v -0.774363 0.341249 1.496971
v -0.774363 0.158921 1.364502
v -0.774363 0.190350 1.267772
v -0.774363 0.182583 1.437201
v -0.774363 0.415719 1.267818
v -0.774363 0.447121 1.364466
v -0.774363 0.264796 1.496933
v -0.774363 0.254734 1.223792
v -0.774363 0.351336 1.223792
v -0.733012 0.467465 1.304430
v -0.733012 0.458626 1.423526
v -0.733012 0.404687 1.497767
v -0.733012 0.317410 1.526125
v -0.733012 0.201413 1.497728
v -0.733012 0.138560 1.396183
v -0.733012 0.138560 1.304415
v -0.733012 0.192500 1.230174
v -0.733012 0.303035 1.187764
v -0.733012 0.413571 1.230252
v -0.673450 0.303035 1.131889
v -0.673450 0.170215 1.175045
v -0.673450 0.088127 1.288029
v -0.673450 0.088127 1.427684
v -0.673450 0.170215 1.540668
v -0.673450 0.303035 1.583824
v -0.673450 0.435856 1.540668
v -0.673450 0.517944 1.427684
v -0.673450 0.517944 1.288029
v -0.673450 0.435856 1.175045
v -0.673450 0.303035 1.066347
v -0.702100 0.303035 1.036224
v -0.702100 0.113984 1.097650
v -0.673450 0.131691 1.122021
v -0.702100 -0.002856 1.258466
v -0.673450 0.025794 1.267775
v -0.702100 -0.002856 1.457247
v -0.673450 0.025794 1.447938
v -0.702100 0.113984 1.618063
v -0.673450 0.131691 1.593693
v -0.702100 0.303035 1.679489
v -0.673450 0.303035 1.649366
v -0.702100 0.492087 1.618063
v -0.673450 0.474380 1.593693
v -0.702100 0.608926 1.457247
v -0.673450 0.580277 1.447938
v -0.702100 0.608926 1.258466
v -0.673450 0.580277 1.267775
v -0.702100 0.492087 1.097650
v -0.673450 0.474380 1.122021
v -0.733012 0.288615 1.377705
v -0.733012 0.413571 1.509996
v -0.733012 0.467465 1.396120
v -0.733012 0.288615 1.526062
v -0.733012 0.124185 1.299745
v -0.733012 0.147519 1.423550
v -0.733012 0.220141 1.214698
v -0.733012 0.317410 1.377642
v -0.733012 0.279776 1.350299
v -0.733012 0.124185 1.415968
v -0.733012 0.192500 1.509996
v -0.733012 0.481886 1.299745
v -0.733012 0.385930 1.214698
v -0.733012 0.481886 1.415968
v -0.733012 0.303035 1.545911
v -0.733012 0.326369 1.350275
v -0.733012 0.303035 1.328794
v -0.733012 0.303035 1.169802
v -0.733012 0.192500 1.205718
v -0.733012 0.413571 1.205718
vn -0.3686 0.5464 -0.7521
vn -0.0000 0.5878 -0.8090
vn -0.0000 -0.0000 -1.0000
vn -0.3686 -0.0000 -0.9296
vn -0.3686 0.8841 -0.2873
vn -0.0000 0.9511 -0.3090
vn -0.4595 0.5221 -0.7186
vn -0.4414 0.2773 -0.8534
vn -0.3686 -0.0000 0.9296
vn -0.0000 -0.0000 1.0000
vn -0.0000 0.5878 0.8090
vn -0.3686 0.5464 0.7521
vn -0.3686 -0.8841 -0.2873
vn -0.0000 -0.9511 -0.3090
vn -0.0000 -0.9511 0.3090
vn -0.3686 -0.8841 0.2873
vn -0.0000 -0.5878 0.8090
vn -0.3686 -0.5464 0.7521
vn -0.9022 0.4102 0.1333
vn -1.0000 -0.0000 -0.0000
vn -0.9022 0.2535 0.3490
vn -0.9022 -0.0000 -0.4314
vn -0.9022 0.2535 -0.3490
vn -0.9022 -0.4102 -0.1333
vn -0.9022 -0.2535 -0.3490
vn -0.9022 0.4102 -0.1333
vn -0.3686 0.8841 0.2873
vn -0.0000 0.9511 0.3090
vn -0.9022 -0.0000 0.4314
vn -0.9022 -0.2535 0.3490
vn -0.9022 -0.4102 0.1333
vn -0.3686 -0.5464 -0.7521
vn -0.0000 -0.5878 -0.8090
vn -0.5370 -0.0000 0.8436
vn -0.5370 0.4959 0.6825
vn -0.5370 -0.8023 -0.2607
vn -0.5370 -0.8023 0.2607
vn -0.5370 0.4959 -0.6825
vn -0.5370 -0.0000 -0.8436
vn -0.5370 0.8023 0.2607
vn -0.5370 -0.4959 0.6825
vn -0.5370 -0.4959 -0.6825
vn -0.5370 0.8023 -0.2607
vn -0.4995 -0.7009 0.5092
vn -0.4236 -0.2799 0.8615
vn -0.4413 -0.0000 0.8974
vn -0.4414 -0.8973 -0.0000
vn -0.4595 -0.8447 0.2745
vn -0.4417 0.7258 0.5273
vn -0.4598 0.8446 0.2744
vn -0.4236 0.2799 0.8615
vn -0.4414 -0.7259 0.5274
vn -0.4417 0.8971 -0.0000
vn -0.4414 0.7259 -0.5274
vn -0.4417 -0.2772 -0.8532
vn -0.4598 -0.5220 -0.7184
vn -0.4803 -0.7096 -0.5156
vn -0.4995 0.8663 -0.0000
vn -0.4991 0.7010 0.5093
vn -0.4803 0.7096 -0.5156
vn -0.4995 -0.2677 0.8239
vn -0.4991 -0.8665 -0.0000
vn -0.4995 -0.2677 -0.8239
vn -0.4991 0.2678 -0.8241
vn -0.4417 -0.7258 -0.5273
vn -0.4991 0.2678 0.8241
vn 0.3686 0.5464 -0.7521
vn 0.3686 -0.0000 -0.9296
vn 0.3686 0.8841 -0.2873
vn 0.4595 0.5221 -0.7186
vn 0.4414 0.2773 -0.8534
vn 0.3686 -0.0000 0.9296
vn 0.3686 0.5464 0.7521
vn 0.3686 -0.8841 -0.2873
vn 0.3686 -0.8841 0.2873
vn 0.3686 -0.5464 0.7521
vn 0.9022 0.4102 0.1333
vn 0.9022 0.2535 0.3490
vn 1.0000 -0.0000 -0.0000
vn 0.9022 -0.0000 -0.4314
vn 0.9022 0.2535 -0.3490
vn 0.9022 -0.4102 -0.1333
vn 0.9022 -0.2535 -0.3490
vn 0.9022 0.4102 -0.1333
vn 0.3686 0.8841 0.2873
vn 0.9022 -0.0000 0.4314
vn 0.9022 -0.2535 0.3490
vn 0.9022 -0.4102 0.1333
vn 0.3686 -0.5464 -0.7521
vn 0.5370 -0.0000 0.8436
vn 0.5370 0.4959 0.6825
vn 0.5370 -0.8023 -0.2607
vn 0.5370 -0.8023 0.2607
vn 0.5370 0.4959 -0.6825
vn 0.5370 -0.0000 -0.8436
vn 0.5370 0.8023 0.2607
vn 0.5370 -0.4959 0.6825
vn 0.5370 -0.4959 -0.6825
vn 0.5370 0.8023 -0.2607
vn 0.4995 -0.7009 0.5092
vn 0.4236 -0.2799 0.8615
vn 0.4413 -0.0000 0.8974
vn 0.4414 -0.8973 -0.0000
vn 0.4595 -0.8447 0.2745
vn 0.4417 0.7258 0.5273
vn 0.4598 0.8446 0.2744
vn 0.4236 0.2799 0.8615
vn 0.4414 -0.7259 0.5274
vn 0.4417 0.8971 -0.0000
vn 0.4414 0.7259 -0.5274
vn 0.4417 -0.2772 -0.8532
vn 0.4598 -0.5220 -0.7184
vn 0.4803 -0.7096 -0.5156
vn 0.4995 0.8663 -0.0000
vn 0.4991 0.7010 0.5093
vn 0.4803 0.7096 -0.5156
vn 0.4995 -0.2677 0.8239
vn 0.4991 -0.8665 -0.0000
vn 0.4995 -0.2677 -0.8239
vn 0.4991 0.2678 -0.8241
vn 0.4417 -0.7258 -0.5273
vn 0.4991 0.2678 0.8241
vt 0.975777 0.347738
vt 0.992922 0.347738
vt 0.992922 0.375608
vt 0.975777 0.375608
vt 0.969168 0.356028
vt 0.982334 0.356028
vt 0.990697 0.350349
vt 0.985856 0.356028
vt 0.969168 0.356028
vt 0.969168 0.350349
vt 0.990697 0.350349
vt 0.990697 0.350349
vt 0.985856 0.356028
vt 0.969168 0.350348
vt 0.990697 0.350349
vt 0.990697 0.350348
vt 0.969168 0.374303
vt 0.969168 0.349043
vt 0.969168 0.347738
vt 0.969168 0.374303
vt 0.975668 0.528250
vt 0.977838 0.528250
vt 0.971747 0.356028
vt 0.984262 0.356028
vt 0.971345 0.356028
vt 0.984511 0.356028
vt 0.971338 0.356028
vt 0.984515 0.356028
vt 0.969168 0.356028
vt 0.981683 0.356028
vt 0.982334 0.356028
vt 0.982345 0.356028
vt 0.984511 0.356028
vt 0.971338 0.356028
vt 0.988845 0.528250
vt 0.975668 0.528250
vt 0.992356 0.528250
vt 0.991015 0.528250
vt 0.977838 0.528250
vt 0.992356 0.528250
vt 0.975668 0.528250
vt 0.991011 0.528250
vt 0.977845 0.528250
vt 0.988834 0.528250
vt 0.991011 0.528250
vt 0.988833 0.528250
vt 0.988183 0.528250
vt 0.990762 0.528250
vt 0.978247 0.528250
vt 0.982345 0.356028
s 1
usemtl metallic
f 825/409/822 874/410/823 908/410/823 900/409/822
f 879/425/859 828/426/859 904/426/859 898/425/859
f 883/427/860 829/428/861 895/428/861 910/427/860
f 873/429/862 821/430/863 894/430/863 907/429/862
f 828/431/864 827/432/865 897/432/865 904/431/864
f 829/433/861 877/434/866 909/434/866 895/433/861
f 821/409/863 830/435/867 906/435/867 894/409/863
f 827/409/865 826/436/868 903/436/868 897/409/865
f 876/429/869 825/437/822 900/437/822 905/429/869
f 824/438/870 823/432/871 891/432/871 902/438/870
f 822/439/835 823/440/835 872/440/835 884/441/835
f 823/442/835 824/443/835 885/440/835 872/444/835
f 826/439/835 827/445/835 875/445/835 880/444/835
f 827/442/835 828/426/835 889/445/835 875/444/835
f 825/446/835 876/447/835 880/445/835 881/444/835
f 830/448/835 821/445/835 882/445/835 890/444/835
f 821/449/835 873/447/835 884/445/835 882/441/835
f 874/450/835 825/445/835 881/440/835 885/441/835
f 877/451/835 829/440/835 888/440/835 889/444/835
f 829/452/835 883/453/835 890/440/835 888/441/835
f 887/445/872 883/453/872 910/453/872 896/445/872
f 878/425/873 824/443/873 902/443/873 892/425/873
f 830/448/874 886/447/874 893/447/874 906/448/874
f 877/451/875 887/445/875 896/445/875 909/451/875
f 822/439/876 878/425/876 892/425/876 901/439/876
f 874/450/877 871/447/877 899/447/877 908/450/877
f 826/439/878 879/425/878 898/425/878 903/439/878
f 886/447/879 873/447/879 907/447/879 893/447/879
f 823/413/871 822/454/880 901/454/880 891/413/871
f 871/447/881 876/447/881 905/447/881 899/447/881
f 873/447/835 886/447/835 830/448/835 890/440/835 883/453/835 887/445/835 877/451/835 889/445/835 828/426/835 879/425/835 826/439/835 880/445/835 876/447/835 871/447/835 874/450/835 885/440/835 824/443/835 878/425/835 822/439/835 884/445/835
f 915/409/885 900/409/885 908/410/886 954/410/886
f 959/425/915 898/425/915 904/426/915 918/426/915
f 963/427/916 910/427/916 895/428/917 919/428/917
f 953/429/918 907/429/918 894/430/919 911/430/919
f 918/431/920 904/431/920 897/432/921 917/432/921
f 919/433/917 895/433/917 909/434/922 957/434/922
f 911/409/919 894/409/919 906/435/923 920/435/923
f 917/409/921 897/409/921 903/436/924 916/436/924
f 956/429/925 905/429/925 900/437/885 915/437/885
f 914/438/926 902/438/926 891/432/927 913/432/927
f 912/439/894 964/441/894 952/440/894 913/440/894
f 913/442/894 952/444/894 965/440/894 914/443/894
f 916/439/894 960/444/894 955/445/894 917/445/894
f 917/442/894 955/444/894 969/445/894 918/426/894
f 915/446/894 961/444/894 960/445/894 956/447/894
f 920/448/894 970/444/894 962/445/894 911/445/894
f 911/449/894 962/441/894 964/445/894 953/447/894
f 954/450/894 965/441/894 961/440/894 915/445/894
f 957/451/894 969/444/894 968/440/894 919/440/894
f 919/452/894 968/441/894 970/440/894 963/453/894
f 967/445/928 896/445/928 910/453/928 963/453/928
f 958/425/929 892/425/929 902/443/929 914/443/929
f 920/448/930 906/448/930 893/447/930 966/447/930
f 957/451/931 909/451/931 896/445/931 967/445/931
f 912/439/932 901/439/932 892/425/932 958/425/932
f 954/450/933 908/450/933 899/447/933 951/447/933
f 916/439/934 903/439/934 898/425/934 959/425/934
f 966/447/935 893/447/935 907/447/935 953/447/935
f 913/413/927 891/413/927 901/454/936 912/454/936
f 951/447/937 899/447/937 905/447/937 956/447/937
f 953/447/894 964/445/894 912/439/894 958/425/894 914/443/894 965/440/894 954/450/894 951/447/894 956/447/894 960/445/894 916/439/894 959/425/894 918/426/894 969/445/894 957/451/894 967/445/894 963/453/894 970/440/894 920/448/894 966/447/894
usemtl texture
f 869/405/816 833/406/817 831/407/818 852/408/819
f 867/405/820 840/406/821 833/407/817 869/408/816
f 861/405/824 837/406/825 838/407/826 863/408/827
f 855/405/828 834/406/829 835/407/830 857/408/831
f 857/405/831 835/406/830 836/407/832 859/408/833
f 859/405/833 836/406/832 837/407/825 861/408/824
f 866/411/834 848/412/835 847/413/835 864/414/836
f 851/415/837 841/412/835 850/413/835 870/414/838
f 856/416/839 843/417/835 842/409/835 854/418/840
f 870/419/838 850/417/835 849/409/835 868/414/841
f 868/420/841 849/412/835 848/409/835 866/414/834
f 865/405/842 839/406/843 840/407/821 867/408/820
f 864/411/836 847/417/835 846/413/835 862/414/844
f 862/415/844 846/412/835 845/413/835 860/414/845
f 860/416/845 845/417/835 844/409/835 858/414/846
f 858/411/846 844/417/835 843/409/835 856/414/839
f 853/405/847 832/406/848 834/407/829 855/408/828
f 863/405/827 838/406/826 839/407/843 865/408/842
f 841/413/849 842/417/850 889/417/850 888/413/849
f 854/411/840 842/417/835 841/413/835 851/414/837
f 852/405/819 853/408/847 854/421/840 851/422/837
f 853/423/847 855/406/828 856/416/839 854/418/840
f 855/405/828 857/408/831 858/421/846 856/422/839
f 857/423/831 859/406/833 860/416/845 858/414/846
f 859/423/833 861/406/824 862/415/844 860/414/845
f 861/423/824 863/406/827 864/411/836 862/414/844
f 863/405/827 865/408/842 866/424/834 864/422/836
f 865/405/842 867/408/820 868/421/841 866/422/834
f 867/423/820 869/406/816 870/419/838 868/414/841
f 869/405/816 852/408/819 851/421/837 870/422/838
f 852/405/819 831/406/818 832/407/848 853/408/847
f 848/409/851 849/412/852 882/412/852 884/409/851
f 845/413/853 846/412/854 885/412/854 881/413/853
f 842/409/850 843/417/855 875/417/855 889/409/850
f 849/409/852 850/417/856 890/417/856 882/409/852
f 846/413/854 847/417/857 872/417/857 885/413/854
f 843/409/855 844/417/858 880/417/858 875/409/855
f 850/413/856 841/412/849 888/412/849 890/413/856
f 847/413/857 848/412/851 884/412/851 872/413/857
f 844/409/858 845/417/853 881/417/853 880/409/858
f 949/405/882 932/408/883 831/407/818 833/406/817
f 947/405/884 949/408/882 833/407/817 840/406/821
f 941/405/887 943/408/888 838/407/826 837/406/825
f 935/405/889 937/408/890 835/407/830 834/406/829
f 937/405/890 939/408/891 836/407/832 835/406/830
f 939/405/891 941/408/887 837/407/825 836/406/832
f 946/411/892 944/414/893 927/413/894 928/412/894
f 931/415/895 950/414/896 930/413/894 921/412/894
f 936/416/897 934/418/898 922/409/894 923/417/894
f 950/419/896 948/414/899 929/409/894 930/417/894
f 948/420/899 946/414/892 928/409/894 929/412/894
f 945/405/900 947/408/884 840/407/821 839/406/843
f 944/411/893 942/414/901 926/413/894 927/417/894
f 942/415/901 940/414/902 925/413/894 926/412/894
f 940/416/902 938/414/903 924/409/894 925/417/894
f 938/411/903 936/414/897 923/409/894 924/417/894
f 933/405/904 935/408/889 834/407/829 832/406/848
f 943/405/888 945/408/900 839/407/843 838/406/826
f 921/413/905 968/413/905 969/417/906 922/417/906
f 934/411/898 931/414/895 921/413/894 922/417/894
f 932/405/883 931/422/895 934/421/898 933/408/904
f 933/423/904 934/418/898 936/416/897 935/406/889
f 935/405/889 936/422/897 938/421/903 937/408/890
f 937/423/890 938/414/903 940/416/902 939/406/891
f 939/423/891 940/414/902 942/415/901 941/406/887
f 941/423/887 942/414/901 944/411/893 943/406/888
f 943/405/888 944/422/893 946/424/892 945/408/900
f 945/405/900 946/422/892 948/421/899 947/408/884
f 947/423/884 948/414/899 950/419/896 949/406/882
f 949/405/882 950/422/896 931/421/895 932/408/883
f 932/405/883 933/408/904 832/407/848 831/406/818
f 928/409/907 964/409/907 962/412/908 929/412/908
f 925/413/909 961/413/909 965/412/910 926/412/910
f 922/409/906 969/409/906 955/417/911 923/417/911
f 929/409/908 962/409/908 970/417/912 930/417/912
f 926/413/910 965/413/910 952/417/913 927/417/913
f 923/409/911 955/409/911 960/417/914 924/417/914
f 930/413/912 970/413/912 968/412/905 921/412/905
f 927/413/913 952/413/913 964/412/907 928/412/907
f 924/409/914 960/409/914 961/417/909 925/417/909
o wheels.041
v -0.815713 0.467465 -1.254327
v -0.815713 0.458626 -1.135231
v -0.815713 0.404687 -1.060990
v -0.815713 0.317410 -1.032632
v -0.815713 0.201413 -1.061029
v -0.815713 0.138560 -1.162574
v -0.815713 0.138560 -1.254342
v -0.815713 0.192500 -1.328584
v -0.815713 0.303035 -1.370993
v -0.815713 0.413571 -1.328506
v -0.774363 0.303035 -1.522534
v -0.774363 0.113984 -1.461107
v -0.774363 0.492087 -1.461107
v -0.774363 -0.002856 -1.300291
v -0.774363 -0.002856 -1.101511
v -0.774363 0.113984 -0.940694
v -0.774363 0.303035 -0.879268
v -0.774363 0.492087 -0.940694
v -0.774363 0.608926 -1.101511
v -0.774363 0.608926 -1.300291
v -0.875275 0.303035 -1.426869
v -0.875275 0.170215 -1.383713
v -0.875275 0.088127 -1.270729
v -0.875275 0.088127 -1.131073
v -0.875275 0.170215 -1.018089
v -0.875275 0.303035 -0.974933
v -0.875275 0.435856 -1.018089
v -0.875275 0.517944 -1.131073
v -0.875275 0.517944 -1.270729
v -0.875275 0.435856 -1.383713
v -0.875275 0.303035 -1.492410
v -0.846626 0.303035 -1.522534
v -0.846626 0.113984 -1.461107
v -0.875275 0.131691 -1.436737
v -0.846626 -0.002856 -1.300291
v -0.875275 0.025794 -1.290982
v -0.846626 -0.002856 -1.101511
v -0.875275 0.025794 -1.110820
v -0.846626 0.113984 -0.940694
v -0.875275 0.131691 -0.965065
v -0.846626 0.303035 -0.879268
v -0.875275 0.303035 -0.909392
v -0.846626 0.492087 -0.940694
v -0.875275 0.474380 -0.965065
v -0.846626 0.608926 -1.101511
v -0.875275 0.580277 -1.110820
v -0.846626 0.608926 -1.300291
v -0.875275 0.580277 -1.290982
v -0.846626 0.492087 -1.461107
v -0.875275 0.474380 -1.436737
v -0.815713 0.288615 -1.181052
v -0.815713 0.413571 -1.048762
v -0.815713 0.467465 -1.162637
v -0.815713 0.288615 -1.032695
v -0.815713 0.124185 -1.259013
v -0.815713 0.147519 -1.135207
v -0.815713 0.220141 -1.344059
v -0.815713 0.317410 -1.181115
v -0.815713 0.279776 -1.208458
v -0.815713 0.124185 -1.142789
v -0.815713 0.192500 -1.048762
v -0.815713 0.481886 -1.259013
v -0.815713 0.385930 -1.344059
v -0.815713 0.481886 -1.142789
v -0.815713 0.303035 -1.012847
v -0.815713 0.326369 -1.208482
v -0.815713 0.303035 -1.229964
v -0.815713 0.303035 -1.388955
v -0.815713 0.192500 -1.353040
v -0.815713 0.413571 -1.353040
v -0.815713 0.303035 -1.200901
v -0.774363 0.392103 -1.078310
v -0.774363 0.341249 -1.148304
v -0.774363 0.364908 -1.221004
v -0.774363 0.447121 -1.247717
v -0.774363 0.303035 -1.350659
v -0.774363 0.303035 -1.268485
v -0.774363 0.158921 -1.247726
v -0.774363 0.241204 -1.220991
v -0.774363 0.264796 -1.148269
v -0.774363 0.213985 -1.078334
v -0.774363 0.423532 -1.121569
v -0.774363 0.341249 -1.061786
v -0.774363 0.158921 -1.194255
v -0.774363 0.190350 -1.290985
v -0.774363 0.182583 -1.121556
v -0.774363 0.415719 -1.290939
v -0.774363 0.447121 -1.194292
v -0.774363 0.264796 -1.061825
v -0.774363 0.254734 -1.334965
v -0.774363 0.351336 -1.334965
v -0.733012 0.467465 -1.254327
v -0.733012 0.458626 -1.135231
v -0.733012 0.404687 -1.060990
v -0.733012 0.317410 -1.032632
v -0.733012 0.201413 -1.061029
v -0.733012 0.138560 -1.162574
v -0.733012 0.138560 -1.254342
v -0.733012 0.192500 -1.328584
v -0.733012 0.303035 -1.370993
v -0.733012 0.413571 -1.328506
v -0.673450 0.303035 -1.426869
v -0.673450 0.170215 -1.383713
v -0.673450 0.088127 -1.270729
v -0.673450 0.088127 -1.131073
v -0.673450 0.170215 -1.018089
v -0.673450 0.303035 -0.974933
v -0.673450 0.435856 -1.018089
v -0.673450 0.517944 -1.131073
v -0.673450 0.517944 -1.270729
v -0.673450 0.435856 -1.383713
v -0.673450 0.303035 -1.492410
v -0.702100 0.303035 -1.522534
v -0.702100 0.113984 -1.461107
v -0.673450 0.131691 -1.436737
v -0.702100 -0.002856 -1.300291
v -0.673450 0.025794 -1.290982
v -0.702100 -0.002856 -1.101511
v -0.673450 0.025794 -1.110820
v -0.702100 0.113984 -0.940694
v -0.673450 0.131691 -0.965065
v -0.702100 0.303035 -0.879268
v -0.673450 0.303035 -0.909392
v -0.702100 0.492087 -0.940694
v -0.673450 0.474380 -0.965065
v -0.702100 0.608926 -1.101511
v -0.673450 0.580277 -1.110820
v -0.702100 0.608926 -1.300291
v -0.673450 0.580277 -1.290982
v -0.702100 0.492087 -1.461107
v -0.673450 0.474380 -1.436737
v -0.733012 0.288615 -1.181052
v -0.733012 0.413571 -1.048762
v -0.733012 0.467465 -1.162637
v -0.733012 0.288615 -1.032695
v -0.733012 0.124185 -1.259013
v -0.733012 0.147519 -1.135207
v -0.733012 0.220141 -1.344059
v -0.733012 0.317410 -1.181115
v -0.733012 0.279776 -1.208458
v -0.733012 0.124185 -1.142789
v -0.733012 0.192500 -1.048762
v -0.733012 0.481886 -1.259013
v -0.733012 0.385930 -1.344059
v -0.733012 0.481886 -1.142789
v -0.733012 0.303035 -1.012847
v -0.733012 0.326369 -1.208482
v -0.733012 0.303035 -1.229964
v -0.733012 0.303035 -1.388955
v -0.733012 0.192500 -1.353040
v -0.733012 0.413571 -1.353040
v -0.733012 0.303035 -1.200901
vn -0.3686 0.5464 -0.7521
vn -0.0000 0.5878 -0.8090
vn -0.0000 -0.0000 -1.0000
vn -0.3686 -0.0000 -0.9296
vn -0.3686 0.8841 -0.2873
vn -0.0000 0.9511 -0.3090
vn -0.4595 0.5221 -0.7186
vn -0.4414 0.2773 -0.8534
vn -0.3686 -0.0000 0.9296
vn -0.0000 -0.0000 1.0000
vn -0.0000 0.5878 0.8090
vn -0.3686 0.5464 0.7521
vn -0.3686 -0.8841 -0.2873
vn -0.0000 -0.9511 -0.3090
vn -0.0000 -0.9511 0.3090
vn -0.3686 -0.8841 0.2873
vn -0.0000 -0.5878 0.8090
vn -0.3686 -0.5464 0.7521
vn -0.9022 0.4102 0.1333
vn -1.0000 -0.0000 -0.0000
vn -0.9022 0.2535 0.3490
vn -0.9022 -0.0000 -0.4314
vn -0.9022 0.2535 -0.3490
vn -0.9022 -0.4102 -0.1333
vn -0.9022 -0.2535 -0.3490
vn -0.9022 0.4102 -0.1333
vn -0.3686 0.8841 0.2873
vn -0.0000 0.9511 0.3090
vn -0.9022 -0.0000 0.4314
vn -0.9022 -0.2535 0.3490
vn -0.9022 -0.4102 0.1333
vn -0.3686 -0.5464 -0.7521
vn -0.0000 -0.5878 -0.8090
vn -0.5370 -0.0000 0.8436
vn -0.5370 0.4959 0.6825
vn -0.5370 -0.8023 -0.2607
vn -0.5370 -0.8023 0.2607
vn -0.5370 0.4959 -0.6825
vn -0.5370 -0.0000 -0.8436
vn -0.5370 0.8023 0.2607
vn -0.5370 -0.4959 0.6825
vn -0.5370 -0.4959 -0.6825
vn -0.5370 0.8023 -0.2607
vn -0.4995 -0.7009 0.5092
vn -0.4236 -0.2799 0.8615
vn -0.4413 -0.0000 0.8974
vn -0.4414 -0.8973 -0.0000
vn -0.4595 -0.8447 0.2745
vn -0.4417 0.7258 0.5273
vn -0.4598 0.8446 0.2744
vn -0.4236 0.2799 0.8615
vn -0.4414 -0.7259 0.5274
vn -0.4417 0.8971 -0.0000
vn -0.4414 0.7259 -0.5274
vn -0.4417 -0.2772 -0.8532
vn -0.4598 -0.5220 -0.7184
vn -0.4803 -0.7096 -0.5156
vn -0.4995 0.8663 -0.0000
vn -0.4991 0.7010 0.5093
vn -0.4803 0.7096 -0.5156
vn -0.4995 -0.2677 0.8239
vn -0.4991 -0.8665 -0.0000
vn -0.4995 -0.2677 -0.8239
vn -0.4991 0.2678 -0.8241
vn -0.4417 -0.7258 -0.5273
vn -0.4991 0.2678 0.8241
vn 0.3686 0.5464 -0.7521
vn 0.3686 -0.0000 -0.9296
vn 0.3686 0.8841 -0.2873
vn 0.4595 0.5221 -0.7186
vn 0.4414 0.2773 -0.8534
vn 0.3686 -0.0000 0.9296
vn 0.3686 0.5464 0.7521
vn 0.3686 -0.8841 -0.2873
vn 0.3686 -0.8841 0.2873
vn 0.3686 -0.5464 0.7521
vn 0.9022 0.4102 0.1333
vn 0.9022 0.2535 0.3490
vn 1.0000 -0.0000 -0.0000
vn 0.9022 -0.0000 -0.4314
vn 0.9022 0.2535 -0.3490
vn 0.9022 -0.4102 -0.1333
vn 0.9022 -0.2535 -0.3490
vn 0.9022 0.4102 -0.1333
vn 0.3686 0.8841 0.2873
vn 0.9022 -0.0000 0.4314
vn 0.9022 -0.2535 0.3490
vn 0.9022 -0.4102 0.1333
vn 0.3686 -0.5464 -0.7521
vn 0.5370 -0.0000 0.8436
vn 0.5370 0.4959 0.6825
vn 0.5370 -0.8023 -0.2607
vn 0.5370 -0.8023 0.2607
vn 0.5370 0.4959 -0.6825
vn 0.5370 -0.0000 -0.8436
vn 0.5370 0.8023 0.2607
vn 0.5370 -0.4959 0.6825
vn 0.5370 -0.4959 -0.6825
vn 0.5370 0.8023 -0.2607
vn 0.4995 -0.7009 0.5092
vn 0.4236 -0.2799 0.8615
vn 0.4413 -0.0000 0.8974
vn 0.4414 -0.8973 -0.0000
vn 0.4595 -0.8447 0.2745
vn 0.4417 0.7258 0.5273
vn 0.4598 0.8446 0.2744
vn 0.4236 0.2799 0.8615
vn 0.4414 -0.7259 0.5274
vn 0.4417 0.8971 -0.0000
vn 0.4414 0.7259 -0.5274
vn 0.4417 -0.2772 -0.8532
vn 0.4598 -0.5220 -0.7184
vn 0.4803 -0.7096 -0.5156
vn 0.4995 0.8663 -0.0000
vn 0.4991 0.7010 0.5093
vn 0.4803 0.7096 -0.5156
vn 0.4995 -0.2677 0.8239
vn 0.4991 -0.8665 -0.0000
vn 0.4995 -0.2677 -0.8239
vn 0.4991 0.2678 -0.8241
vn 0.4417 -0.7258 -0.5273
vn 0.4991 0.2678 0.8241
vt 0.975777 0.347738
vt 0.992922 0.347738
vt 0.992922 0.375608
vt 0.975777 0.375608
vt 0.969168 0.356028
vt 0.982334 0.356028
vt 0.990697 0.350349
vt 0.985856 0.356028
vt 0.969168 0.356028
vt 0.969168 0.350349
vt 0.990697 0.350349
vt 0.990697 0.350349
vt 0.985856 0.356028
vt 0.969168 0.350348
vt 0.990697 0.350349
vt 0.990697 0.350348
vt 0.969168 0.374303
vt 0.969168 0.349043
vt 0.969168 0.347738
vt 0.969168 0.374303
vt 0.975668 0.528250
vt 0.977838 0.528250
vt 0.971747 0.356028
vt 0.984262 0.356028
vt 0.971345 0.356028
vt 0.984511 0.356028
vt 0.971338 0.356028
vt 0.984515 0.356028
vt 0.969168 0.356028
vt 0.981683 0.356028
vt 0.982334 0.356028
vt 0.982345 0.356028
vt 0.984511 0.356028
vt 0.971338 0.356028
vt 0.988845 0.528250
vt 0.975668 0.528250
vt 0.992356 0.528250
vt 0.991015 0.528250
vt 0.977838 0.528250
vt 0.992356 0.528250
vt 0.975668 0.528250
vt 0.991011 0.528250
vt 0.977845 0.528250
vt 0.988834 0.528250
vt 0.991011 0.528250
vt 0.988833 0.528250
vt 0.988183 0.528250
vt 0.990762 0.528250
vt 0.978247 0.528250
vt 0.982345 0.356028
s 1
usemtl metallic
f 975/459/944 1024/460/945 1059/460/945 1051/459/944
f 1029/475/981 978/476/981 1055/476/981 1049/475/981
f 1033/477/982 979/478/983 1046/478/983 1061/477/982
f 1023/479/984 971/480/985 1045/480/985 1058/479/984
f 978/481/986 977/482/987 1048/482/987 1055/481/986
f 979/483/983 1027/484/988 1060/484/988 1046/483/983
f 971/459/985 980/485/989 1057/485/989 1045/459/985
f 977/459/987 976/486/990 1054/486/990 1048/459/987
f 1026/479/991 975/487/944 1051/487/944 1056/479/991
f 974/488/992 973/482/993 1042/482/993 1053/488/992
f 972/489/957 973/490/957 1022/490/957 1034/491/957
f 973/492/957 974/493/957 1035/490/957 1022/494/957
f 976/489/957 977/495/957 1025/495/957 1030/494/957
f 977/492/957 978/476/957 1039/495/957 1025/494/957
f 978/476/957 1029/475/957 1041/495/957 1039/495/957
f 974/493/957 1028/475/957 1041/495/957 1035/490/957
f 1028/475/957 972/489/957 1034/491/957 1041/495/957
f 1029/475/957 976/489/957 1030/494/957 1041/495/957
f 975/496/957 1026/497/957 1030/495/957 1031/494/957
f 980/498/957 971/495/957 1032/495/957 1040/494/957
f 971/499/957 1023/497/957 1034/495/957 1032/491/957
f 1024/500/957 975/495/957 1031/490/957 1035/491/957
f 1036/497/957 980/498/957 1040/494/957 1041/495/957
f 1021/497/957 1024/500/957 1035/491/957 1041/495/957
f 1023/497/957 1036/497/957 1041/495/957 1034/495/957
f 1026/497/957 1021/497/957 1041/495/957 1030/495/957
f 1027/501/957 979/490/957 1038/490/957 1039/494/957
f 979/502/957 1033/503/957 1040/490/957 1038/491/957
f 1033/503/957 1037/495/957 1041/495/957 1040/490/957
f 1037/495/957 1027/501/957 1039/494/957 1041/495/957
f 1037/495/994 1033/503/994 1061/503/994 1047/495/994
f 1028/475/995 974/493/995 1053/493/995 1043/475/995
f 980/498/996 1036/497/996 1044/497/996 1057/498/996
f 1027/501/997 1037/495/997 1047/495/997 1060/501/997
f 972/489/998 1028/475/998 1043/475/998 1052/489/998
f 1024/500/999 1021/497/999 1050/497/999 1059/500/999
f 976/489/1000 1029/475/1000 1049/475/1000 1054/489/1000
f 1036/497/1001 1023/497/1001 1058/497/1001 1044/497/1001
f 973/463/993 972/504/1002 1052/504/1002 1042/463/993
f 1021/497/1003 1026/497/1003 1056/497/1003 1050/497/1003
f 1066/459/1007 1051/459/1007 1059/460/1008 1105/460/1008
f 1110/475/1037 1049/475/1037 1055/476/1037 1069/476/1037
f 1114/477/1038 1061/477/1038 1046/478/1039 1070/478/1039
f 1104/479/1040 1058/479/1040 1045/480/1041 1062/480/1041
f 1069/481/1042 1055/481/1042 1048/482/1043 1068/482/1043
f 1070/483/1039 1046/483/1039 1060/484/1044 1108/484/1044
f 1062/459/1041 1045/459/1041 1057/485/1045 1071/485/1045
f 1068/459/1043 1048/459/1043 1054/486/1046 1067/486/1046
f 1107/479/1047 1056/479/1047 1051/487/1007 1066/487/1007
f 1065/488/1048 1053/488/1048 1042/482/1049 1064/482/1049
f 1063/489/1016 1115/491/1016 1103/490/1016 1064/490/1016
f 1064/492/1016 1103/494/1016 1116/490/1016 1065/493/1016
f 1067/489/1016 1111/494/1016 1106/495/1016 1068/495/1016
f 1068/492/1016 1106/494/1016 1120/495/1016 1069/476/1016
f 1069/476/1016 1120/495/1016 1122/495/1016 1110/475/1016
f 1065/493/1016 1116/490/1016 1122/495/1016 1109/475/1016
f 1109/475/1016 1122/495/1016 1115/491/1016 1063/489/1016
f 1110/475/1016 1122/495/1016 1111/494/1016 1067/489/1016
f 1066/496/1016 1112/494/1016 1111/495/1016 1107/497/1016
f 1071/498/1016 1121/494/1016 1113/495/1016 1062/495/1016
f 1062/499/1016 1113/491/1016 1115/495/1016 1104/497/1016
f 1105/500/1016 1116/491/1016 1112/490/1016 1066/495/1016
f 1117/497/1016 1122/495/1016 1121/494/1016 1071/498/1016
f 1102/497/1016 1122/495/1016 1116/491/1016 1105/500/1016
f 1104/497/1016 1115/495/1016 1122/495/1016 1117/497/1016
f 1107/497/1016 1111/495/1016 1122/495/1016 1102/497/1016
f 1108/501/1016 1120/494/1016 1119/490/1016 1070/490/1016
f 1070/502/1016 1119/491/1016 1121/490/1016 1114/503/1016
f 1114/503/1016 1121/490/1016 1122/495/1016 1118/495/1016
f 1118/495/1016 1122/495/1016 1120/494/1016 1108/501/1016
f 1118/495/1050 1047/495/1050 1061/503/1050 1114/503/1050
f 1109/475/1051 1043/475/1051 1053/493/1051 1065/493/1051
f 1071/498/1052 1057/498/1052 1044/497/1052 1117/497/1052
f 1108/501/1053 1060/501/1053 1047/495/1053 1118/495/1053
f 1063/489/1054 1052/489/1054 1043/475/1054 1109/475/1054
f 1105/500/1055 1059/500/1055 1050/497/1055 1102/497/1055
f 1067/489/1056 1054/489/1056 1049/475/1056 1110/475/1056
f 1117/497/1057 1044/497/1057 1058/497/1057 1104/497/1057
f 1064/463/1049 1042/463/1049 1052/504/1058 1063/504/1058
f 1102/497/1059 1050/497/1059 1056/497/1059 1107/497/1059
usemtl texture
f 1019/455/938 983/456/939 981/457/940 1002/458/941
f 1017/455/942 990/456/943 983/457/939 1019/458/938
f 1011/455/946 987/456/947 988/457/948 1013/458/949
f 1005/455/950 984/456/951 985/457/952 1007/458/953
f 1007/455/953 985/456/952 986/457/954 1009/458/955
f 1009/455/955 986/456/954 987/457/947 1011/458/946
f 1016/461/956 998/462/957 997/463/957 1014/464/958
f 1001/465/959 991/462/957 1000/463/957 1020/464/960
f 1006/466/961 993/467/957 992/459/957 1004/468/962
f 1020/469/960 1000/467/957 999/459/957 1018/464/963
f 1018/470/963 999/462/957 998/459/957 1016/464/956
f 1015/455/964 989/456/965 990/457/943 1017/458/942
f 1014/461/958 997/467/957 996/463/957 1012/464/966
f 1012/465/966 996/462/957 995/463/957 1010/464/967
f 1010/466/967 995/467/957 994/459/957 1008/464/968
f 1008/461/968 994/467/957 993/459/957 1006/464/961
f 1003/455/969 982/456/970 984/457/951 1005/458/950
f 1013/455/949 988/456/948 989/457/965 1015/458/964
f 991/463/971 992/467/972 1039/467/972 1038/463/971
f 1004/461/962 992/467/957 991/463/957 1001/464/959
f 1002/455/941 1003/458/969 1004/471/962 1001/472/959
f 1003/473/969 1005/456/950 1006/466/961 1004/468/962
f 1005/455/950 1007/458/953 1008/471/968 1006/472/961
f 1007/473/953 1009/456/955 1010/466/967 1008/464/968
f 1009/473/955 1011/456/946 1012/465/966 1010/464/967
f 1011/473/946 1013/456/949 1014/461/958 1012/464/966
f 1013/455/949 1015/458/964 1016/474/956 1014/472/958
f 1015/455/964 1017/458/942 1018/471/963 1016/472/956
f 1017/473/942 1019/456/938 1020/469/960 1018/464/963
f 1019/455/938 1002/458/941 1001/471/959 1020/472/960
f 1002/455/941 981/456/940 982/457/970 1003/458/969
f 998/459/973 999/462/974 1032/462/974 1034/459/973
f 995/463/975 996/462/976 1035/462/976 1031/463/975
f 992/459/972 993/467/977 1025/467/977 1039/459/972
f 999/459/974 1000/467/978 1040/467/978 1032/459/974
f 996/463/976 997/467/979 1022/467/979 1035/463/976
f 993/459/977 994/467/980 1030/467/980 1025/459/977
f 1000/463/978 991/462/971 1038/462/971 1040/463/978
f 997/463/979 998/462/973 1034/462/973 1022/463/979
f 994/459/980 995/467/975 1031/467/975 1030/459/980
f 1100/455/1004 1083/458/1005 981/457/940 983/456/939
f 1098/455/1006 1100/458/1004 983/457/939 990/456/943
f 1092/455/1009 1094/458/1010 988/457/948 987/456/947
f 1086/455/1011 1088/458/1012 985/457/952 984/456/951
f 1088/455/1012 1090/458/1013 986/457/954 985/456/952
f 1090/455/1013 1092/458/1009 987/457/947 986/456/954
f 1097/461/1014 1095/464/1015 1078/463/1016 1079/462/1016
f 1082/465/1017 1101/464/1018 1081/463/1016 1072/462/1016
f 1087/466/1019 1085/468/1020 1073/459/1016 1074/467/1016
f 1101/469/1018 1099/464/1021 1080/459/1016 1081/467/1016
f 1099/470/1021 1097/464/1014 1079/459/1016 1080/462/1016
f 1096/455/1022 1098/458/1006 990/457/943 989/456/965
f 1095/461/1015 1093/464/1023 1077/463/1016 1078/467/1016
f 1093/465/1023 1091/464/1024 1076/463/1016 1077/462/1016
f 1091/466/1024 1089/464/1025 1075/459/1016 1076/467/1016
f 1089/461/1025 1087/464/1019 1074/459/1016 1075/467/1016
f 1084/455/1026 1086/458/1011 984/457/951 982/456/970
f 1094/455/1010 1096/458/1022 989/457/965 988/456/948
f 1072/463/1027 1119/463/1027 1120/467/1028 1073/467/1028
f 1085/461/1020 1082/464/1017 1072/463/1016 1073/467/1016
f 1083/455/1005 1082/472/1017 1085/471/1020 1084/458/1026
f 1084/473/1026 1085/468/1020 1087/466/1019 1086/456/1011
f 1086/455/1011 1087/472/1019 1089/471/1025 1088/458/1012
f 1088/473/1012 1089/464/1025 1091/466/1024 1090/456/1013
f 1090/473/1013 1091/464/1024 1093/465/1023 1092/456/1009
f 1092/473/1009 1093/464/1023 1095/461/1015 1094/456/1010
f 1094/455/1010 1095/472/1015 1097/474/1014 1096/458/1022
f 1096/455/1022 1097/472/1014 1099/471/1021 1098/458/1006
f 1098/473/1006 1099/464/1021 1101/469/1018 1100/456/1004
f 1100/455/1004 1101/472/1018 1082/471/1017 1083/458/1005
f 1083/455/1005 1084/458/1026 982/457/970 981/456/940
f 1079/459/1029 1115/459/1029 1113/462/1030 1080/462/1030
f 1076/463/1031 1112/463/1031 1116/462/1032 1077/462/1032
f 1073/459/1028 1120/459/1028 1106/467/1033 1074/467/1033
f 1080/459/1030 1113/459/1030 1121/467/1034 1081/467/1034
f 1077/463/1032 1116/463/1032 1103/467/1035 1078/467/1035
f 1074/459/1033 1106/459/1033 1111/467/1036 1075/467/1036
f 1081/463/1034 1121/463/1034 1119/462/1027 1072/462/1027
f 1078/463/1035 1103/463/1035 1115/462/1029 1079/462/1029
f 1075/459/1036 1111/459/1036 1112/467/1031 1076/467/1031
