# Blender 5.1.2
# www.blender.org
mtllib van.mtl
o van
v 0.612281 0.349276 -1.956939
v 0.612281 0.349276 -0.914014
v 0.612281 0.698419 -1.004195
v 0.612281 0.892076 -1.270741
v 0.612281 0.892076 -1.600212
v 0.612281 0.698419 -1.866758
v 0.942853 0.349276 2.124065
v 0.612281 0.349276 1.069494
v 0.873468 1.183664 1.844829
v 0.900151 0.412879 -2.211540
v 0.745461 1.830764 -1.905627
v 0.000000 0.373124 -2.290050
v 0.000000 1.959591 -2.240729
v 0.526151 0.345272 2.384794
v 0.000000 1.229743 2.055382
v 0.972902 0.349276 0.932354
v 0.612281 0.346242 2.111433
v 0.735465 1.798471 0.890267
v 0.816845 1.342642 1.406267
v 0.000000 1.896375 1.008943
v 0.612281 0.698419 2.022238
v 0.000000 1.316393 1.776640
v 0.612281 0.892076 1.755691
v 0.871202 1.522528 -1.905627
v 0.612281 0.892076 1.426221
v 0.000000 1.316393 -2.397367
v 0.612281 0.698419 1.159674
v 0.896349 1.280621 0.921623
v 0.739284 1.835667 0.436082
v 0.000000 1.959591 0.211864
v 0.972902 1.030691 -2.240729
v 0.883056 1.059088 2.097982
v 0.000000 1.023316 2.548712
v 0.000000 0.990893 -2.397367
v 0.972902 1.030691 0.932354
v 0.960657 1.064661 1.457576
v 0.359823 1.866836 -2.244121
v 0.542623 0.349276 2.488941
v 0.486451 0.373124 -2.290050
v 0.501998 1.226615 2.055382
v 0.363118 1.862326 1.022328
v 0.461954 1.326686 1.695606
v 0.468656 1.385000 -2.373927
v 0.329758 1.953016 0.211592
v 0.542623 1.031597 2.462859
v 0.908230 0.890605 2.105939
v 0.685605 0.887943 2.331723
v 0.000000 0.868808 2.554691
v 0.000000 0.684565 2.561821
v 0.542623 0.870645 2.469011
v 0.542623 0.758868 2.473284
v 0.611653 0.870879 2.403041
v 0.501935 0.692846 2.482245
v 0.000000 0.854093 2.499248
v 0.000000 0.710503 2.505283
v 0.517493 0.855524 2.426711
v 0.517493 0.768411 2.430328
v 0.575933 0.855706 2.370861
v 0.483046 0.716957 2.437915
v 0.745394 1.830763 0.116188
v 0.677365 1.836851 0.960237
v 0.769689 1.309294 1.554014
v 0.877383 1.342822 0.918960
v 0.871205 1.372285 0.119088
v 0.701677 1.788181 0.887923
v 0.843595 1.332533 0.916615
v 0.705497 1.825762 0.433737
v 0.783058 1.332352 1.403922
v 0.714363 1.859212 0.916531
v 0.816458 1.280621 1.570950
v 0.360162 1.889800 0.988076
v 0.000000 1.867904 1.040634
v 0.000000 1.342226 1.737769
v 0.469638 1.298507 1.728944
v 0.000000 1.844084 1.022080
v 0.000000 1.318406 1.719215
v 0.358300 1.838506 1.003775
v 0.457137 1.302866 1.677052
v 0.672547 1.813031 0.941683
v 0.764871 1.285474 1.535460
v 0.656491 1.842997 -2.170028
v 0.715544 1.452272 -2.261608
v 0.896349 1.280621 0.214720
v 0.720247 1.922427 0.210660
v 0.871204 1.372285 -1.580096
v 0.717118 1.760258 -1.815319
v 0.796172 1.544181 -1.816999
v 0.795486 1.423403 -1.532587
v 0.717058 1.760260 0.006240
v 0.795488 1.423403 -0.001703
v 0.000000 0.481890 2.569663
v 0.473651 0.483961 2.494706
v 0.000000 0.477887 2.465516
v 0.000000 0.345272 2.470647
v 0.457179 0.479957 2.390558
v 0.972902 0.671191 -2.240729
v 0.000000 0.671191 -2.390385
v 0.972902 0.560297 0.932354
v 0.492735 0.671191 -2.390385
v 0.329758 1.953016 -2.219862
v 0.720325 1.922427 -2.124470
v 0.896349 1.280621 -2.240729
v 0.000000 1.871981 -2.260592
v 0.000000 1.399172 -2.372888
v 0.475922 1.298507 -2.397367
v 0.000000 1.798395 -2.232767
v 0.000000 1.451751 -2.315098
v 0.466111 1.441361 -2.315859
v 0.386318 1.794622 -2.220690
v 0.603823 1.777145 -2.166369
v 0.647118 1.490682 -2.233511
v 1.031347 0.376337 2.025243
v 1.053563 0.396725 1.156127
v 1.059419 0.817795 1.450356
v 1.059419 0.652510 1.222862
v 1.059419 0.825422 1.734034
v 1.048946 0.657742 1.947050
v 0.972902 0.749206 -0.973927
v 1.019748 0.349276 -1.866807
v 0.972902 0.697143 -1.923733
v 1.047814 0.651970 -1.803746
v 0.972902 0.349276 -0.882265
v 1.031777 0.349276 -0.988109
v 0.972902 0.359741 -1.990544
v 1.047814 0.652510 -1.067382
v 0.983510 0.933363 -1.250226
v 1.047814 0.817795 -1.576076
v 1.047814 0.817795 -1.294877
v 0.972902 0.349276 1.031653
v 0.966271 0.937177 1.390867
v 0.958549 0.719793 1.116277
v 0.927958 0.745081 2.058679
v 0.941906 0.931390 1.799934
v 0.982983 0.933014 -1.644582
v 0.972902 0.578451 -0.872350
v 0.837250 1.491671 0.440288
v 0.877076 1.344094 0.621024
v 0.843289 1.334044 0.618676
v 0.803462 1.481766 0.437943
v 0.492735 0.990893 -2.397367
v 0.000000 0.939604 -2.364364
v 0.491224 0.939604 -2.364364
v 0.000000 0.352432 2.552113
v 0.541236 0.350256 2.451125
v 0.524764 0.346252 2.346978
v 0.000000 0.385899 2.550853
v 0.540896 0.383723 2.449865
v 0.000000 0.381895 2.446705
v 0.524424 0.379719 2.345718
v 0.233945 1.954420 -1.964836
v 0.073666 1.958187 -1.976790
v 0.073666 1.958187 0.165037
v 0.233945 1.954420 0.146784
v 0.568245 1.928938 -1.882785
v 0.407559 1.946505 -1.937571
v 0.407559 1.946505 0.111129
v 0.568188 1.928938 0.071382
v 0.093006 1.940091 -1.909003
v 0.093006 1.940091 0.097598
v 0.211608 1.936546 -1.897753
v 0.211608 1.936546 0.079354
v 0.426949 1.928002 -1.870327
v 0.545852 1.911471 -1.818770
v 0.545810 1.911471 0.005768
v 0.426949 1.928002 0.045483
v 0.804309 0.751586 2.224875
v 0.796893 0.493402 2.241183
v 0.764222 0.716554 2.222603
v 0.744490 0.518692 2.246361
v -0.612281 0.349276 -1.956939
v -0.612281 0.349276 -0.914014
v -0.612281 0.698419 -1.004195
v -0.612281 0.892076 -1.270741
v -0.612281 0.892076 -1.600212
v -0.612281 0.698419 -1.866758
v -0.942853 0.349276 2.124065
v -0.612281 0.349276 1.069494
v -0.873468 1.183664 1.844829
v -0.900151 0.412879 -2.211540
v -0.745461 1.830764 -1.905627
v -0.526151 0.345272 2.384794
v -0.972902 0.349276 0.932354
v -0.612281 0.346242 2.111433
v -0.735465 1.798471 0.890267
v -0.816845 1.342642 1.406267
v -0.612281 0.698419 2.022238
v -0.612281 0.892076 1.755691
v -0.871202 1.522528 -1.905627
v -0.612281 0.892076 1.426221
v -0.612281 0.698419 1.159674
v -0.896349 1.280621 0.921623
v -0.739284 1.835667 0.436082
v -0.972902 1.030691 -2.240729
v -0.883056 1.059088 2.097982
v -0.972902 1.030691 0.932354
v -0.960657 1.064661 1.457576
v -0.359823 1.866836 -2.244121
v -0.542623 0.349276 2.488941
v -0.486451 0.373124 -2.290050
v -0.501998 1.226615 2.055382
v -0.363118 1.862326 1.022328
v -0.461955 1.326686 1.695606
v -0.468657 1.385000 -2.373927
v -0.329759 1.953016 0.211592
v -0.542623 1.031597 2.462859
v -0.908230 0.890605 2.105939
v -0.685605 0.887943 2.331723
v -0.542623 0.870645 2.469011
v -0.542623 0.758868 2.473284
v -0.611653 0.870879 2.403041
v -0.501935 0.692846 2.482245
v -0.517493 0.855524 2.426711
v -0.517493 0.768411 2.430328
v -0.575933 0.855706 2.370861
v -0.483046 0.716957 2.437915
v -0.745394 1.830763 0.116188
v -0.677365 1.836851 0.960237
v -0.769689 1.309294 1.554014
v -0.877383 1.342822 0.918960
v -0.871205 1.372285 0.119088
v -0.701677 1.788181 0.887923
v -0.843595 1.332533 0.916615
v -0.705497 1.825762 0.433737
v -0.783058 1.332352 1.403922
v -0.714363 1.859212 0.916531
v -0.816458 1.280621 1.570950
v -0.360162 1.889800 0.988076
v -0.469638 1.298507 1.728944
v -0.358300 1.838506 1.003775
v -0.457137 1.302866 1.677052
v -0.672547 1.813031 0.941683
v -0.764871 1.285474 1.535460
v -0.656491 1.842997 -2.170028
v -0.715544 1.452272 -2.261608
v -0.896349 1.280621 0.214720
v -0.720247 1.922427 0.210660
v -0.871204 1.372285 -1.580096
v -0.717118 1.760258 -1.815319
v -0.796172 1.544181 -1.816999
v -0.795486 1.423403 -1.532587
v -0.717058 1.760260 0.006240
v -0.795488 1.423403 -0.001703
v -0.473651 0.483961 2.494706
v -0.457180 0.479957 2.390558
v -0.972902 0.671191 -2.240729
v -0.972902 0.560297 0.932354
v -0.492735 0.671191 -2.390385
v -0.329759 1.953016 -2.219862
v -0.720325 1.922427 -2.124470
v -0.896349 1.280621 -2.240729
v -0.475922 1.298507 -2.397367
v -0.466111 1.441361 -2.315859
v -0.386318 1.794622 -2.220690
v -0.603823 1.777145 -2.166369
v -0.647118 1.490682 -2.233511
v -1.031347 0.376337 2.025243
v -1.053563 0.396725 1.156127
v -1.059419 0.817795 1.450356
v -1.059419 0.652510 1.222862
v -1.059419 0.825422 1.734034
v -1.048946 0.657742 1.947050
v -0.972902 0.749206 -0.973927
v -1.019748 0.349276 -1.866807
v -0.972902 0.697143 -1.923733
v -1.047814 0.651970 -1.803746
v -0.972902 0.349276 -0.882265
v -1.031777 0.349276 -0.988109
v -0.972902 0.359741 -1.990544
v -1.047814 0.652510 -1.067382
v -0.983510 0.933363 -1.250226
v -1.047814 0.817795 -1.576076
v -1.047814 0.817795 -1.294877
v -0.972902 0.349276 1.031653
v -0.966271 0.937177 1.390867
v -0.958549 0.719793 1.116277
v -0.927958 0.745081 2.058679
v -0.941906 0.931390 1.799934
v -0.982983 0.933014 -1.644582
v -0.972902 0.578451 -0.872350
v -0.837250 1.491671 0.440288
v -0.877076 1.344094 0.621024
v -0.843289 1.334044 0.618676
v -0.803462 1.481766 0.437943
v -0.492735 0.990893 -2.397367
v -0.491224 0.939604 -2.364364
v -0.541236 0.350256 2.451125
v -0.524764 0.346252 2.346978
v -0.540896 0.383723 2.449865
v -0.524424 0.379719 2.345718
v -0.233945 1.954420 -1.964836
v -0.073666 1.958187 -1.976790
v -0.073666 1.958187 0.165037
v -0.233945 1.954420 0.146784
v -0.568245 1.928938 -1.882785
v -0.407560 1.946505 -1.937571
v -0.407560 1.946505 0.111129
v -0.568188 1.928938 0.071382
v -0.093006 1.940091 -1.909003
v -0.093006 1.940091 0.097598
v -0.211608 1.936546 -1.897753
v -0.211608 1.936546 0.079354
v -0.426949 1.928002 -1.870327
v -0.545852 1.911471 -1.818770
v -0.545810 1.911471 0.005768
v -0.426949 1.928002 0.045483
v -0.804309 0.751586 2.224875
v -0.796893 0.493402 2.241183
v -0.764222 0.716554 2.222603
v -0.744490 0.518692 2.246361
v 0.810726 1.258886 1.482097
v 0.925318 1.331636 1.400060
v 0.786950 1.257355 1.455345
v 0.901508 1.332127 1.373298
v 0.835294 1.225645 1.461065
v 0.947353 1.296851 1.378720
v 0.811518 1.224115 1.434312
v 0.923543 1.297343 1.351958
v 0.918805 1.258644 1.425809
v 0.887946 1.234159 1.363741
v 1.031106 1.263677 1.333492
v 1.015901 1.441601 1.336690
v 1.042251 1.240282 1.270702
v 1.027900 1.460767 1.280403
v 0.944437 1.451164 1.395520
v 0.912766 1.391239 1.435691
v 0.874976 1.398538 1.367742
v 0.929689 1.472693 1.339689
v -0.810726 1.258886 1.482097
v -0.925318 1.331636 1.400060
v -0.786950 1.257355 1.455345
v -0.901508 1.332127 1.373298
v -0.835294 1.225645 1.461065
v -0.947352 1.296851 1.378720
v -0.811517 1.224114 1.434312
v -0.923542 1.297343 1.351958
v -0.918804 1.258644 1.425809
v -0.887946 1.234159 1.363741
v -1.031106 1.263677 1.333492
v -1.015901 1.441601 1.336690
v -1.042251 1.240282 1.270702
v -1.027899 1.460767 1.280404
v -0.944436 1.451164 1.395520
v -0.912765 1.391239 1.435691
v -0.874976 1.398538 1.367742
v -0.929689 1.472693 1.339689
v -0.258431 0.589652 -2.362606
v -0.234072 0.567545 -2.362606
v -0.234072 0.786711 -2.362606
v -0.258431 0.764604 -2.362606
v -0.225345 0.597572 -2.414374
v -0.225345 0.756685 -2.414374
v 0.252169 0.567545 -2.362606
v 0.276528 0.589652 -2.362606
v 0.276528 0.764604 -2.362606
v 0.252169 0.786711 -2.362606
v 0.243443 0.597572 -2.414374
v 0.243443 0.756685 -2.414374
v -0.258431 0.589652 -2.414374
v -0.234072 0.567545 -2.414374
v -0.234072 0.786711 -2.414374
v -0.258431 0.764604 -2.414374
v 0.252169 0.567545 -2.414374
v 0.276528 0.589652 -2.414374
v 0.276528 0.764604 -2.414374
v 0.252169 0.786711 -2.414374
v 0.838150 1.132079 0.556793
v 0.838150 1.178083 0.556793
v 0.838150 1.132079 0.336420
v 0.838150 1.178083 0.336420
v 0.969590 1.132079 0.556793
v 0.958550 1.178083 0.556793
v 0.969590 1.132079 0.336420
v 0.958550 1.178083 0.336420
v -0.838150 1.132079 0.556793
v -0.838150 1.178083 0.556793
v -0.838150 1.132079 0.336420
v -0.838150 1.178083 0.336420
v -0.969590 1.132079 0.556793
v -0.958550 1.178083 0.556793
v -0.969590 1.132079 0.336420
v -0.958550 1.178083 0.336420
v 0.807590 1.401807 -2.152387
v 0.912094 0.907849 -2.287477
v 0.799233 1.403295 -2.264107
v 0.897579 1.401807 -2.127092
v 1.007809 0.907849 -2.263089
v 0.899053 1.403295 -2.235810
v 0.994346 1.039677 -2.170325
v 0.888798 1.038604 -2.167776
v 0.831118 1.274827 -2.156638
v 0.933855 1.273754 -2.159431
v 0.834658 1.255926 -2.201230
v 0.889479 1.063848 -2.204415
v 0.896728 1.037538 -2.286548
v 0.844052 1.278614 -2.288633
v 0.991875 1.036361 -2.261333
v 0.938647 1.277559 -2.261421
v 0.993035 1.063381 -2.207183
v 0.940557 1.260248 -2.203707
v 1.017417 0.912269 -2.176591
v 0.911671 0.912269 -2.174006
v -0.807590 1.401807 -2.152387
v -0.912094 0.907849 -2.287477
v -0.799233 1.403295 -2.264107
v -0.897579 1.401807 -2.127092
v -1.007809 0.907849 -2.263089
v -0.899053 1.403295 -2.235810
v -0.994346 1.039677 -2.170325
v -0.888798 1.038604 -2.167776
v -0.831118 1.274827 -2.156638
v -0.933855 1.273754 -2.159431
v -0.834658 1.255926 -2.201230
v -0.889479 1.063848 -2.204415
v -0.896728 1.037538 -2.286548
v -0.844052 1.278614 -2.288633
v -0.991875 1.036361 -2.261333
v -0.938647 1.277559 -2.261421
v -0.993035 1.063381 -2.207182
v -0.940557 1.260248 -2.203707
v -1.017417 0.912269 -2.176591
v -0.911671 0.912269 -2.174006
v -0.620400 0.429848 -2.367493
v -0.620400 0.544270 -1.779082
v -0.564151 0.397373 -2.367493
v -0.533066 0.493848 -1.779082
v -0.564151 0.332423 -2.367493
v -0.533066 0.393004 -1.779082
v -0.620400 0.299948 -2.367493
v -0.620400 0.342582 -1.779082
v -0.676648 0.332423 -2.367493
v -0.707733 0.393004 -1.779082
v -0.676648 0.397373 -2.367493
v -0.707733 0.493848 -1.779082
v -0.620400 0.465742 -2.367493
v -0.533066 0.415320 -2.367493
v -0.533066 0.314476 -2.367493
v -0.620400 0.264054 -2.367493
v -0.707733 0.314476 -2.367493
v -0.707733 0.415320 -2.367493
v -0.620400 0.508376 -1.810574
v -0.564151 0.475901 -1.810574
v -0.564151 0.410951 -1.810574
v -0.620400 0.378476 -1.810574
v -0.676648 0.410951 -1.810574
v -0.676648 0.475901 -1.810574
vn 0.9706 0.2318 0.0648
vn 0.8938 0.4329 -0.1169
vn 0.9743 0.2139 -0.0710
vn -0.1668 -0.2444 -0.9552
vn -0.1661 -0.2436 -0.9556
vn -0.1686 -0.2465 -0.9544
vn -0.1681 -0.7975 -0.5794
vn -0.1681 -0.9858 -0.0000
vn -0.1684 -0.7972 0.5797
vn -0.1686 -0.7970 0.5799
vn -0.1681 -0.7975 0.5794
vn -0.1894 -0.2212 0.9567
vn -0.1816 -0.2120 0.9603
vn -0.1602 -0.1871 0.9692
vn 1.0000 -0.0000 -0.0000
vn 0.1959 0.0184 -0.9805
vn 0.3322 0.1475 -0.9316
vn 0.3065 0.0443 -0.9508
vn 0.9620 0.2655 0.0640
vn 0.9240 0.3706 0.0941
vn 0.9734 0.1924 0.1243
vn 0.1621 0.8962 0.4129
vn -0.0000 0.9418 0.3363
vn 0.1490 0.9334 0.3265
vn 0.1391 0.9050 0.4021
vn -0.0000 0.9225 0.3860
vn -0.0000 0.9992 0.0402
vn 0.0594 0.9952 0.0782
vn 0.0523 0.9979 0.0390
vn 0.1025 -0.6241 0.7746
vn 0.0654 -0.6213 0.7809
vn 0.9888 0.1495 -0.0042
vn 0.9900 0.1407 0.0093
vn 0.9500 0.3098 0.0377
vn -0.2889 0.9567 -0.0355
vn -0.2901 0.9569 -0.0155
vn 0.9631 0.2596 -0.0713
vn 0.9397 0.2358 -0.2479
vn 0.9495 0.2262 -0.2174
vn -0.2870 0.1773 -0.9414
vn 0.6904 0.7234 -0.0000
vn 0.6904 0.7235 -0.0000
vn 0.7972 0.5710 -0.1961
vn 0.7344 0.6393 0.2278
vn 0.8163 0.5517 -0.1711
vn 0.9839 0.0402 0.1740
vn 0.9662 -0.0111 0.2575
vn -0.0000 0.0386 0.9993
vn -0.0000 0.0387 0.9993
vn 0.1561 0.0378 0.9870
vn 0.9821 0.0774 0.1717
vn 0.9841 0.1178 0.1328
vn 0.9783 0.0691 0.1955
vn 0.1361 -0.1010 -0.9855
vn 0.1229 0.0964 -0.9877
vn 0.2957 -0.1130 -0.9486
vn -0.0000 -0.1138 -0.9935
vn 0.7550 0.0153 0.6555
vn 0.6136 -0.1679 0.7716
vn 0.7521 -0.0062 0.6591
vn -0.6248 0.7808 -0.0000
vn -0.0000 0.5336 -0.8457
vn 0.0746 0.7182 -0.6918
vn 0.1352 0.4814 -0.8660
vn -0.0027 -0.9998 0.0183
vn -0.0000 -0.9997 -0.0234
vn -0.0250 -0.9997 -0.0000
vn -0.0000 -0.6147 0.7888
vn 0.0674 -0.6215 0.7805
vn 0.0946 0.9923 0.0805
vn 0.0688 0.9970 0.0356
vn 0.3325 0.8566 0.3945
vn 0.2515 0.9158 0.3132
vn 0.2295 0.8559 0.4633
vn -0.0000 -0.0000 -1.0000
vn 0.1776 0.1381 -0.9744
vn 0.7021 -0.0030 0.7121
vn 0.7103 0.1264 0.6925
vn 0.7053 0.0570 0.7066
vn 0.6905 0.0300 0.7227
vn -0.0000 -0.9656 0.2599
vn 0.1276 -0.9560 0.2641
vn 0.1360 -0.9558 0.2609
vn -0.0000 0.9075 0.4201
vn 0.0571 0.8886 0.4550
vn -0.0000 0.9089 0.4170
vn 0.1556 0.0378 0.9871
vn 0.1556 0.0377 0.9871
vn -0.0000 0.0427 0.9991
vn 0.1412 0.0443 0.9890
vn 0.1413 0.0448 0.9889
vn 0.2099 -0.9535 0.2164
vn 0.2099 -0.9534 0.2165
vn -0.6341 0.5794 0.5121
vn -0.6747 0.5043 0.5389
vn -0.6734 0.4901 0.5535
vn -0.6162 0.6745 0.4066
vn -0.6300 0.6038 0.4884
vn 0.9574 0.2877 0.0264
vn 0.9513 0.3005 0.0684
vn 0.9512 0.3008 0.0686
vn 0.9473 0.2992 0.1149
vn 0.8715 0.4856 0.0683
vn 0.9542 0.2934 0.0583
vn 0.9594 0.2808 0.0258
vn 0.9612 0.2741 0.0308
vn 0.9555 0.2906 0.0498
vn 0.9585 0.2850 0.0010
vn 0.9600 0.2801 0.0011
vn 0.9460 0.3021 0.1176
vn 0.9519 0.3003 0.0609
vn 0.2859 -0.9552 -0.0766
vn 0.2948 -0.9526 -0.0756
vn 0.2854 -0.9553 -0.0766
vn -0.0672 -0.0069 0.9977
vn 0.2600 -0.7030 -0.6620
vn 0.2295 0.7728 0.5918
vn 0.2300 0.7736 0.5905
vn 0.1339 0.7777 0.6142
vn -0.0000 0.7910 0.6118
vn 0.1898 0.7817 0.5941
vn 0.1136 0.7797 0.6157
vn 0.1133 0.7798 0.6157
vn 0.2598 0.7676 0.5859
vn -0.0000 0.7470 0.6649
vn -0.0000 0.7439 0.6683
vn 0.2006 0.7723 0.6027
vn -0.0000 0.9047 0.4260
vn 0.2786 0.7641 0.5818
vn 0.1864 0.7487 0.6362
vn -0.9799 0.0470 0.1941
vn -0.1725 0.6266 -0.7600
vn -0.0000 0.6148 -0.7887
vn -0.0000 0.6145 -0.7889
vn -0.2975 0.6234 -0.7231
vn -0.1785 0.6268 -0.7584
vn 0.9711 0.2185 0.0959
vn 0.9476 0.3179 -0.0297
vn 0.9399 0.3214 0.1151
vn 0.9669 0.2533 -0.0306
vn 0.9725 0.2330 0.0047
vn 0.9658 0.2588 0.0128
vn 0.8141 0.5749 0.0816
vn 0.8912 0.3090 0.3320
vn 0.6219 0.7595 0.1909
vn 0.7969 0.4786 0.3687
vn 0.5595 0.8288 -0.0000
vn 0.9279 -0.3730 -0.0000
vn 0.9278 -0.3730 -0.0000
vn -0.0000 0.0390 0.9992
vn 0.1610 0.0399 0.9861
vn 0.0105 -0.9993 0.0370
vn -0.0000 -0.9993 0.0382
vn 0.0105 -0.9993 0.0367
vn -0.8764 -0.4555 0.1561
vn 0.1013 -0.3193 -0.9422
vn -0.0000 -0.3190 -0.9477
vn 0.7110 -0.0150 0.7031
vn 0.6906 0.0276 0.7227
vn 0.2635 -0.2327 -0.9362
vn 0.9637 0.2669 0.0057
vn 0.7307 0.6232 0.2786
vn 0.7527 0.3354 0.5665
vn 0.9955 -0.0595 -0.0740
vn 0.9999 -0.0081 -0.0086
vn 0.9765 -0.1349 -0.1680
vn 0.2874 0.2936 -0.9117
vn 0.1314 0.3034 -0.9438
vn 0.2903 0.2930 -0.9110
vn 0.3469 0.2587 -0.9015
vn -0.0000 0.2455 -0.9694
vn 0.1193 0.2748 -0.9541
vn 0.1613 0.2743 -0.9480
vn -0.0000 0.1453 -0.9894
vn -0.0000 0.2322 -0.9727
vn 0.1729 0.3223 -0.9307
vn 0.2805 0.2920 -0.9143
vn 0.3392 0.2630 -0.9032
vn 0.0974 -0.2788 -0.9554
vn -0.0000 -0.3467 -0.9380
vn -0.0000 -0.3537 -0.9354
vn 0.2187 -0.2276 -0.9489
vn 0.1479 -0.2557 -0.9554
vn 0.1186 0.7151 -0.6889
vn -0.1835 -0.2476 -0.9513
vn -0.1820 -0.2456 -0.9521
vn -0.1870 -0.2521 -0.9495
vn -0.1639 -0.7889 -0.5922
vn -0.1566 -0.7832 -0.6017
vn -0.1739 -0.7967 -0.5788
vn -0.1575 -0.9875 0.0095
vn -0.1532 -0.9881 0.0160
vn -0.1461 -0.9889 0.0266
vn -0.1639 -0.7981 0.5798
vn -0.1608 -0.2465 0.9557
vn -0.1606 -0.2462 0.9558
vn -0.1603 -0.2457 0.9560
vn 0.8952 0.2690 0.3553
vn 0.9784 0.1273 0.1631
vn 0.9169 0.0197 -0.3986
vn 0.8777 0.2542 -0.4063
vn 0.9348 -0.0127 -0.3550
vn 0.7884 0.3274 -0.5207
vn 0.9988 -0.0118 0.0470
vn 0.9996 0.0076 0.0269
vn 0.7197 0.1424 0.6796
vn 0.7590 0.3482 0.5502
vn 0.9997 0.0096 0.0205
vn 0.7905 0.1596 -0.5913
vn 0.7857 0.3303 -0.5230
vn 0.9829 0.1432 0.1158
vn 0.8861 0.4414 0.1414
vn 0.8617 0.2358 -0.4492
vn 0.9995 0.0099 0.0287
vn -0.2561 0.7201 0.6449
vn -0.2585 0.7195 0.6445
vn -0.2588 0.7195 0.6445
vn -0.2859 0.9582 0.0051
vn -0.2903 0.9568 -0.0157
vn -0.0477 -0.5395 -0.8406
vn -0.0000 -0.5411 -0.8409
vn -0.0323 -0.5402 -0.8409
vn 0.3101 -0.0000 -0.9507
vn -0.0841 -0.5374 -0.8391
vn 0.8860 -0.2904 -0.3615
vn 0.0107 -0.9991 0.0415
vn -0.0000 -0.9966 0.0820
vn 0.0105 -0.9993 0.0368
vn -0.0032 0.9993 -0.0380
vn -0.0000 0.9993 -0.0384
vn -0.9877 -0.0041 0.1564
vn 0.1834 0.0388 0.9823
vn -0.0000 0.0377 0.9993
vn -0.0000 -0.5472 -0.8370
vn -0.1926 -0.5370 -0.8213
vn 0.0463 0.9989 0.0010
vn 0.0167 0.9985 0.0530
vn 0.0150 0.9981 0.0591
vn -0.0000 1.0000 -0.0002
vn 0.0115 0.9980 -0.0620
vn 0.0164 0.9987 -0.0479
vn 0.0719 0.9974 0.0096
vn 0.0738 0.9962 0.0471
vn 0.0527 0.9952 0.0819
vn 0.0576 0.9952 -0.0791
vn 0.0895 0.9954 -0.0349
vn 0.0152 0.9890 0.1474
vn 0.0100 0.9918 -0.1277
vn 0.0168 0.9907 0.1350
vn 0.0873 0.9894 0.1159
vn 0.0773 0.9827 -0.1686
vn 0.0963 0.9877 -0.1230
vn 0.0584 0.9828 0.1752
vn 0.6832 0.7302 -0.0000
vn 0.0079 0.9882 -0.1527
vn -0.6151 0.7885 -0.0000
vn -0.6153 0.7883 -0.0000
vn 0.3069 -0.4070 0.8603
vn -0.0871 0.0700 0.9937
vn 0.1085 0.0982 0.9892
vn -0.1138 0.0659 0.9913
vn 0.3593 0.5979 0.7166
vn 0.6721 0.0614 0.7379
vn 0.7077 0.1027 0.6990
vn 0.7027 0.0645 0.7085
vn -0.8938 0.4329 -0.1169
vn -0.9706 0.2318 0.0648
vn -0.9743 0.2139 -0.0710
vn 0.1661 -0.2436 -0.9556
vn 0.1668 -0.2444 -0.9552
vn 0.1686 -0.2465 -0.9544
vn 0.1681 -0.7975 -0.5794
vn 0.1681 -0.9858 -0.0000
vn 0.1686 -0.7970 0.5799
vn 0.1684 -0.7972 0.5797
vn 0.1681 -0.7975 0.5794
vn 0.1894 -0.2212 0.9567
vn 0.1816 -0.2120 0.9603
vn 0.2094 -0.2445 0.9468
vn -1.0000 -0.0000 -0.0000
vn -0.1959 0.0184 -0.9805
vn -0.3322 0.1475 -0.9316
vn -0.1776 0.1381 -0.9744
vn -0.9620 0.2655 0.0640
vn -0.9240 0.3706 0.0941
vn -0.8715 0.4856 0.0683
vn -0.1621 0.8962 0.4129
vn -0.1391 0.9050 0.4021
vn -0.1490 0.9334 0.3265
vn -0.0594 0.9952 0.0782
vn -0.0523 0.9979 0.0390
vn -0.1025 -0.6241 0.7746
vn -0.0654 -0.6213 0.7809
vn -0.0674 -0.6215 0.7805
vn -0.9900 0.1407 0.0093
vn -0.9888 0.1495 -0.0042
vn -0.9500 0.3098 0.0377
vn 0.2889 0.9567 -0.0355
vn 0.2901 0.9569 -0.0155
vn 0.2903 0.9568 -0.0157
vn -0.9631 0.2596 -0.0713
vn -0.9397 0.2358 -0.2479
vn -0.9610 0.2637 -0.0832
vn 0.2870 0.1773 -0.9414
vn -0.6904 0.7235 -0.0000
vn -0.6904 0.7234 -0.0000
vn -0.7972 0.5710 -0.1961
vn -0.7344 0.6393 0.2278
vn -0.7307 0.6232 0.2786
vn -0.9839 0.0402 0.1740
vn -0.9662 -0.0111 0.2575
vn -0.1561 0.0378 0.9870
vn -0.1561 0.0377 0.9870
vn -0.1562 0.0377 0.9870
vn -0.9821 0.0774 0.1717
vn -0.9783 0.0691 0.1955
vn -0.9841 0.1178 0.1328
vn -0.1361 -0.1010 -0.9855
vn -0.2957 -0.1130 -0.9486
vn -0.1229 0.0964 -0.9877
vn -0.0000 0.0965 -0.9953
vn -0.7550 0.0153 0.6555
vn -0.7598 0.0248 0.6496
vn -0.7521 -0.0062 0.6591
vn 0.6248 0.7808 -0.0000
vn -0.0746 0.7182 -0.6918
vn -0.1352 0.4814 -0.8660
vn 0.0027 -0.9998 0.0183
vn 0.0250 -0.9997 -0.0000
vn -0.0946 0.9923 0.0805
vn -0.0688 0.9970 0.0356
vn -0.3325 0.8566 0.3945
vn -0.2515 0.9158 0.3132
vn -0.2295 0.8559 0.4633
vn -0.7021 -0.0030 0.7121
vn -0.7103 0.1264 0.6925
vn -0.7077 0.1027 0.6990
vn -0.6905 0.0300 0.7227
vn -0.1276 -0.9560 0.2641
vn -0.1360 -0.9558 0.2609
vn -0.0571 0.8886 0.4550
vn -0.0579 0.8871 0.4578
vn -0.1556 0.0378 0.9871
vn -0.1556 0.0377 0.9871
vn -0.1413 0.0448 0.9889
vn -0.1412 0.0443 0.9890
vn -0.2099 -0.9535 0.2164
vn 0.6747 0.5043 0.5389
vn 0.6341 0.5794 0.5121
vn 0.6734 0.4901 0.5535
vn 0.6300 0.6038 0.4884
vn 0.6162 0.6745 0.4066
vn -0.9513 0.3005 0.0684
vn -0.9574 0.2877 0.0264
vn -0.9512 0.3008 0.0686
vn -0.9473 0.2992 0.1149
vn -0.9542 0.2934 0.0583
vn -0.9555 0.2906 0.0498
vn -0.9594 0.2808 0.0258
vn -0.9567 0.2907 0.0128
vn -0.9585 0.2850 0.0010
vn -0.9600 0.2801 0.0011
vn -0.9460 0.3021 0.1176
vn -0.9519 0.3003 0.0609
vn -0.2859 -0.9552 -0.0766
vn -0.2948 -0.9526 -0.0756
vn -0.2953 -0.9524 -0.0755
vn 0.0672 -0.0069 0.9977
vn -0.2600 -0.7030 -0.6620
vn -0.2295 0.7728 0.5918
vn -0.2598 0.7676 0.5859
vn -0.1339 0.7777 0.6142
vn -0.0000 0.7984 0.6021
vn -0.1136 0.7797 0.6157
vn -0.1133 0.7798 0.6157
vn -0.2006 0.7723 0.6027
vn -0.0000 0.8329 0.5535
vn -0.2786 0.7641 0.5818
vn -0.1864 0.7487 0.6362
vn 0.9799 0.0470 0.1941
vn 0.1725 0.6266 -0.7600
vn 0.1785 0.6268 -0.7584
vn 0.2975 0.6234 -0.7231
vn -0.9476 0.3179 -0.0297
vn -0.9711 0.2185 0.0959
vn -0.9399 0.3214 0.1151
vn -0.9725 0.2330 0.0047
vn -0.9669 0.2533 -0.0306
vn -0.9658 0.2588 0.0128
vn -0.8912 0.3090 0.3320
vn -0.8141 0.5749 0.0816
vn -0.9495 0.2262 -0.2174
vn -0.6219 0.7595 0.1909
vn -0.7969 0.4786 0.3687
vn -0.6036 0.7239 0.3341
vn -0.5595 0.8288 -0.0000
vn -0.9279 -0.3730 -0.0000
vn -0.9278 -0.3730 -0.0000
vn -0.1610 0.0399 0.9861
vn -0.1609 0.0402 0.9861
vn -0.0105 -0.9993 0.0370
vn -0.0000 -0.9993 0.0384
vn 0.8764 -0.4555 0.1561
vn -0.1013 -0.3193 -0.9422
vn -0.7110 -0.0150 0.7031
vn -0.7053 0.0570 0.7066
vn -0.2635 -0.2327 -0.9362
vn -0.7527 0.3354 0.5665
vn -0.7590 0.3482 0.5502
vn -0.9955 -0.0595 -0.0740
vn -0.9765 -0.1349 -0.1680
vn -0.9999 -0.0081 -0.0086
vn -0.2874 0.2936 -0.9117
vn -0.1314 0.3034 -0.9438
vn -0.1729 0.3223 -0.9307
vn -0.3469 0.2587 -0.9015
vn -0.2903 0.2930 -0.9110
vn -0.1193 0.2748 -0.9541
vn -0.1613 0.2743 -0.9480
vn -0.2805 0.2920 -0.9143
vn -0.3392 0.2630 -0.9032
vn -0.0974 -0.2788 -0.9554
vn -0.2187 -0.2276 -0.9489
vn -0.1186 0.7151 -0.6889
vn 0.1835 -0.2476 -0.9513
vn 0.1820 -0.2456 -0.9521
vn 0.1788 -0.2416 -0.9538
vn 0.1566 -0.7832 -0.6017
vn 0.1639 -0.7889 -0.5922
vn 0.1739 -0.7967 -0.5788
vn 0.1575 -0.9875 0.0095
vn 0.1532 -0.9881 0.0160
vn 0.1639 -0.9865 -0.0000
vn 0.1639 -0.7981 0.5798
vn 0.1608 -0.2465 0.9557
vn 0.1606 -0.2462 0.9558
vn 0.1611 -0.2468 0.9556
vn -0.9784 0.1273 0.1631
vn -0.8952 0.2690 0.3553
vn -0.9169 0.0197 -0.3986
vn -0.8777 0.2542 -0.4063
vn -0.8617 0.2358 -0.4492
vn -0.7884 0.3274 -0.5207
vn -0.8163 0.5517 -0.1711
vn -0.9988 -0.0118 0.0470
vn -0.9996 0.0076 0.0269
vn -0.7197 0.1424 0.6796
vn -0.9997 0.0096 0.0205
vn -0.7905 0.1596 -0.5913
vn -0.7857 0.3303 -0.5230
vn -0.7984 0.1633 -0.5796
vn -0.9829 0.1432 0.1158
vn -0.9734 0.1924 0.1243
vn -0.8861 0.4414 0.1414
vn -0.9995 0.0099 0.0287
vn -0.9637 0.2669 0.0057
vn 0.2561 0.7201 0.6449
vn 0.2585 0.7195 0.6445
vn 0.2559 0.7201 0.6450
vn 0.2859 0.9582 0.0051
vn 0.0477 -0.5395 -0.8406
vn -0.3101 -0.0000 -0.9507
vn -0.3065 0.0443 -0.9508
vn 0.0323 -0.5402 -0.8409
vn 0.0841 -0.5374 -0.8391
vn -0.8860 -0.2904 -0.3615
vn -0.0107 -0.9991 0.0415
vn -0.0000 -0.9962 0.0875
vn 0.0032 0.9993 -0.0380
vn 0.0032 0.9993 -0.0379
vn 0.9877 -0.0041 0.1564
vn -0.1834 0.0388 0.9823
vn 0.1926 -0.5370 -0.8213
vn -0.0463 0.9989 0.0010
vn -0.0167 0.9985 0.0530
vn -0.0115 0.9980 -0.0620
vn -0.0150 0.9981 0.0591
vn -0.0719 0.9974 0.0096
vn -0.0738 0.9962 0.0471
vn -0.0576 0.9952 -0.0791
vn -0.0527 0.9952 0.0819
vn -0.0100 0.9918 -0.1277
vn -0.0152 0.9890 0.1474
vn -0.0168 0.9907 0.1350
vn -0.0873 0.9894 0.1159
vn -0.0773 0.9827 -0.1686
vn -0.0584 0.9828 0.1752
vn -0.6832 0.7302 -0.0000
vn -0.0079 0.9882 -0.1527
vn -0.0164 0.9987 -0.0479
vn -0.0895 0.9954 -0.0349
vn 0.6153 0.7883 -0.0000
vn 0.6151 0.7885 -0.0000
vn -0.3069 -0.4070 0.8603
vn -0.6136 -0.1679 0.7716
vn -0.1085 0.0982 0.9892
vn 0.0871 0.0700 0.9937
vn 0.1138 0.0659 0.9913
vn -0.3593 0.5979 0.7166
vn -0.7027 0.0645 0.7085
vn -0.6721 0.0614 0.7379
vn -0.1642 -0.2414 -0.9564
vn -0.1689 -0.7967 0.5803
vn -0.2094 -0.2445 0.9468
vn -0.0000 0.9969 0.0791
vn 0.9610 0.2637 -0.0832
vn 0.1562 0.0377 0.9870
vn 0.1561 0.0377 0.9870
vn 0.7598 0.0248 0.6496
vn -0.0000 0.7397 -0.6730
vn 0.0407 -0.9954 -0.0866
vn 0.0142 -0.9971 -0.0751
vn 0.0552 -0.9816 -0.1828
vn 0.0144 -0.9881 -0.1534
vn 0.0203 -0.9956 -0.0919
vn 0.0139 -0.9998 0.0123
vn -0.0000 -1.0000 -0.0040
vn 0.0042 -0.9999 -0.0146
vn 0.0174 -0.9828 -0.1841
vn 0.0306 -0.9990 0.0336
vn 0.0184 -0.9684 -0.2487
vn 0.0195 -0.9823 0.1863
vn 0.0353 -0.9412 0.3359
vn -0.0000 -1.0000 -0.0000
vn -0.0000 -0.6145 0.7889
vn -0.0000 -0.9665 0.2565
vn 0.0579 0.8872 0.4578
vn -0.0000 0.0420 0.9991
vn 0.1561 0.0410 0.9869
vn -0.6292 0.6789 0.3783
vn 0.9567 0.2907 0.0128
vn 0.2953 -0.9524 -0.0755
vn 0.6036 0.7239 0.3341
vn 0.1609 0.0402 0.9861
vn -0.0000 0.2311 -0.9729
vn -0.0000 0.2211 -0.9752
vn -0.1788 -0.2416 -0.9538
vn -0.1452 -0.7740 -0.6164
vn -0.1639 -0.9865 -0.0000
vn -0.1611 -0.2468 0.9556
vn 0.8980 0.0085 0.4400
vn 0.7171 0.1446 0.6818
vn 0.7984 0.1633 -0.5796
vn -0.2559 0.7201 0.6450
vn -0.2854 0.9584 0.0052
vn -0.0032 0.9993 -0.0379
vn -0.0000 0.0376 0.9993
vn -0.1891 -0.0389 -0.9812
vn 0.1471 0.1034 0.9837
vn 0.6575 0.0553 0.7514
vn 0.6715 0.0815 0.7365
vn 0.1642 -0.2414 -0.9564
vn 0.1689 -0.7967 0.5803
vn 0.1602 -0.1871 0.9692
vn -0.0552 -0.9816 -0.1828
vn -0.0407 -0.9954 -0.0866
vn -0.0142 -0.9971 -0.0751
vn -0.0139 -0.9998 0.0123
vn -0.0042 -0.9999 -0.0146
vn -0.0306 -0.9990 0.0336
vn -0.0174 -0.9828 -0.1841
vn -0.0184 -0.9684 -0.2487
vn -0.0353 -0.9412 0.3359
vn -0.0195 -0.9823 0.1863
vn -0.0144 -0.9881 -0.1534
vn -0.0203 -0.9956 -0.0919
vn -0.1561 0.0410 0.9869
vn -0.2099 -0.9534 0.2165
vn 0.6292 0.6789 0.3783
vn -0.9612 0.2741 0.0308
vn -0.2854 -0.9553 -0.0766
vn -0.2300 0.7736 0.5905
vn -0.1898 0.7817 0.5941
vn -0.0105 -0.9993 0.0367
vn -0.6906 0.0276 0.7227
vn -0.1479 -0.2557 -0.9554
vn 0.1870 -0.2521 -0.9495
vn 0.1452 -0.7739 -0.6164
vn 0.1461 -0.9889 0.0266
vn 0.1603 -0.2457 0.9560
vn -0.8980 0.0085 0.4400
vn -0.9348 -0.0127 -0.3550
vn -0.7171 0.1446 0.6818
vn 0.2588 0.7195 0.6445
vn 0.2854 0.9584 0.0052
vn -0.0105 -0.9993 0.0368
vn 0.1891 -0.0389 -0.9812
vn -0.0963 0.9877 -0.1230
vn -0.1471 0.1034 0.9837
vn -0.6715 0.0815 0.7365
vn -0.6575 0.0553 0.7514
vn -0.3558 0.8854 0.2992
vn 0.1476 0.9799 -0.1342
vn 0.1216 0.9862 -0.1119
vn -0.6147 0.0683 -0.7858
vn -0.1163 -0.9834 0.1393
vn 0.3534 -0.8870 -0.2970
vn -0.0872 -0.9898 0.1126
vn 0.6141 -0.0690 0.7862
vn -0.5159 -0.6967 0.4984
vn 0.5667 0.6609 -0.4921
vn 0.8348 0.4735 0.2809
vn 0.3317 0.8894 0.3147
vn 0.7248 0.6183 0.3039
vn 0.9799 0.0666 0.1881
vn -0.5739 -0.5905 0.5674
vn -0.8773 -0.0783 0.4735
vn -0.3297 -0.7776 0.5354
vn 0.2545 -0.9157 0.3110
vn -0.5062 0.0016 -0.8624
vn -0.6486 0.6330 0.4227
vn 0.6602 0.0317 0.7505
vn 0.3558 0.8854 0.2992
vn 0.6595 0.6935 -0.2901
vn 0.2456 0.8151 -0.5247
vn -0.1476 0.9799 -0.1342
vn 0.6147 0.0683 -0.7858
vn -0.0269 0.5240 -0.8513
vn 0.1163 -0.9834 0.1393
vn -0.2726 -0.8073 0.5234
vn -0.6576 -0.6938 0.2935
vn -0.3534 -0.8870 -0.2970
vn 0.0078 -0.5496 0.8354
vn -0.6141 -0.0690 0.7862
vn 0.5159 -0.6967 0.4984
vn -0.5667 0.6609 -0.4921
vn -0.3317 0.8894 0.3147
vn 0.3503 0.8266 0.4404
vn 0.4510 0.8441 -0.2899
vn -0.8322 -0.4627 0.3056
vn -0.7625 -0.4270 0.4861
vn -0.8716 0.0525 0.4873
vn -0.9799 0.0666 0.1881
vn 0.8773 -0.0783 0.4735
vn 0.9523 0.2469 -0.1794
vn 0.8378 0.2484 0.4862
vn -0.2545 -0.9157 0.3110
vn -0.5716 -0.4851 0.6618
vn 0.5062 0.0016 -0.8624
vn -0.6602 0.0317 0.7505
vn -0.0000 1.0000 -0.0000
vn -0.6720 -0.7405 -0.0000
vn -0.6720 0.7405 -0.0000
vn 0.6720 -0.7405 -0.0000
vn 0.6720 0.7405 -0.0000
vn 0.9724 0.2334 -0.0000
vn -0.0000 -0.0000 1.0000
vn -0.9724 0.2334 -0.0000
vn -0.9714 -0.2359 -0.0289
vn -0.9715 -0.2316 -0.0510
vn -0.9833 -0.1822 -0.0008
vn 0.2654 0.2745 -0.9242
vn 0.0233 -0.9384 0.3449
vn -0.0048 -0.9990 0.0444
vn 0.6053 0.7954 0.0316
vn 0.9595 0.2795 0.0366
vn 0.9654 0.2609 0.0014
vn 0.9655 0.2603 0.0003
vn 0.5846 0.8107 0.0311
vn -0.0038 0.9999 0.0136
vn -0.9682 -0.2477 -0.0351
vn -0.9679 -0.2441 -0.0601
vn 0.0252 -0.0102 0.9996
vn 0.9807 0.1867 -0.0586
vn 0.9828 0.1738 -0.0617
vn 0.9877 0.1400 -0.0696
vn -0.9820 -0.1798 -0.0571
vn -0.9807 -0.1861 -0.0605
vn 0.0117 0.8323 0.5542
vn -0.1153 -0.1675 0.9791
vn 0.0245 -0.0447 0.9987
vn -0.9896 -0.1396 -0.0352
vn 0.2599 0.0481 -0.9644
vn 0.2665 0.0542 -0.9623
vn 0.2582 0.0466 -0.9650
vn 0.2516 0.0405 -0.9670
vn 0.9714 -0.2359 -0.0289
vn 0.9833 -0.1822 -0.0008
vn 0.9715 -0.2316 -0.0510
vn -0.2654 0.2745 -0.9242
vn -0.0233 -0.9384 0.3449
vn 0.0048 -0.9990 0.0444
vn -0.6053 0.7954 0.0316
vn -0.5846 0.8107 0.0311
vn -0.9655 0.2603 0.0003
vn -0.9654 0.2609 0.0014
vn -0.9595 0.2795 0.0366
vn 0.0038 0.9999 0.0136
vn 0.9679 -0.2441 -0.0601
vn 0.9682 -0.2477 -0.0351
vn -0.0252 -0.0102 0.9996
vn -0.9828 0.1738 -0.0617
vn -0.9807 0.1867 -0.0586
vn -0.9877 0.1400 -0.0696
vn 0.9807 -0.1861 -0.0605
vn 0.9820 -0.1798 -0.0571
vn -0.0117 0.8323 0.5542
vn 0.1153 -0.1675 0.9791
vn -0.0245 -0.0447 0.9987
vn 0.9896 -0.1396 -0.0352
vn -0.2599 0.0481 -0.9644
vn -0.2582 0.0466 -0.9650
vn -0.2665 0.0542 -0.9623
vn -0.2516 0.0405 -0.9670
vn 0.4967 0.8603 -0.1148
vn 0.4967 -0.8603 0.1148
vn -0.4967 -0.8603 0.1148
vn -0.4967 0.8603 -0.1148
vn -0.4963 -0.8596 0.1212
vn 0.4963 -0.8596 0.1212
vn 0.4963 0.8596 -0.1212
vn -0.4963 0.8596 -0.1212
vt 0.986201 0.415087
vt 0.985102 0.414500
vt 0.986282 0.414435
vt 0.982777 0.353954
vt 0.965058 0.371674
vt 0.965058 0.353954
vt 0.973918 0.371674
vt 0.979125 0.355646
vt 0.965491 0.365552
vt 0.973918 0.353954
vt 0.966245 0.358384
vt 0.966245 0.367244
vt 0.015710 0.141959
vt 0.018365 0.150833
vt 0.015710 0.150834
vt 0.021930 0.144917
vt 0.027240 0.150833
vt 0.021930 0.150833
vt 0.018365 0.144917
vt 0.021930 0.141959
vt 0.021930 0.150834
vt 0.027240 0.137654
vt 0.018365 0.139001
vt 0.018365 0.137654
vt 0.010564 0.139290
vt 0.018414 0.139274
vt 0.014462 0.134910
vt 0.015710 0.133084
vt 0.015710 0.139001
vt 0.026034 0.143515
vt 0.019262 0.138999
vt 0.025972 0.137471
vt 0.019633 0.137475
vt 0.020664 0.147884
vt 0.026034 0.148727
vt 0.016476 0.137508
vt 0.016476 0.133235
vt 0.984961 0.421400
vt 0.983166 0.423666
vt 0.983143 0.421400
vt 0.977777 0.409261
vt 0.976420 0.412601
vt 0.976657 0.409238
vt 0.982608 0.424434
vt 0.978867 0.424434
vt 0.978880 0.416688
vt 0.981169 0.426782
vt 0.984222 0.427316
vt 0.974590 0.427316
vt 0.011417 0.141959
vt 0.011417 0.150833
vt 0.011417 0.133084
vt 0.979267 0.410970
vt 0.983189 0.410878
vt 0.983887 0.415560
vt 0.020260 0.133228
vt 0.020260 0.137510
vt 0.019559 0.134865
vt 0.019531 0.142223
vt 0.985337 0.358925
vt 0.973811 0.350234
vt 0.985337 0.352883
vt 0.026192 0.139272
vt 0.009490 0.139001
vt 0.009490 0.137654
vt 0.021930 0.133084
vt 0.027240 0.141959
vt 0.009490 0.150833
vt 0.009490 0.144917
vt 0.018365 0.141959
vt 0.979163 0.980640
vt 0.981930 0.975209
vt 0.980519 0.984084
vt 0.978685 0.355556
vt 0.981238 0.353430
vt 0.981313 0.355556
vt 0.981420 0.367002
vt 0.977034 0.367002
vt 0.977140 0.356414
vt 0.018996 0.141959
vt 0.026406 0.137771
vt 0.027240 0.139001
vt 0.026034 0.138767
vt 0.027240 0.144917
vt 0.984969 0.297149
vt 0.990958 0.297149
vt 0.990478 0.298434
vt 0.019222 0.138237
vt 0.018553 0.137681
vt 0.990478 0.304558
vt 0.981744 0.298733
vt 0.021762 0.137771
vt 0.021762 0.137771
vt 0.980650 0.299088
vt 0.990934 0.306016
vt 0.980656 0.306014
vt 0.010536 0.144624
vt 0.018419 0.144644
vt 0.970489 0.305988
vt 0.970526 0.299108
vt 0.026387 0.144646
vt 0.019633 0.133709
vt 0.027240 0.133084
vt 0.025972 0.133711
vt 0.018365 0.133084
vt 0.019633 0.135592
vt 0.976280 0.369222
vt 0.978740 0.361476
vt 0.978728 0.369222
vt 0.976280 0.360348
vt 0.978346 0.406685
vt 0.976420 0.415560
vt 0.976420 0.406685
vt 0.018937 0.140311
vt 0.020519 0.141959
vt 0.978346 0.415560
vt 0.976420 0.424434
vt 0.984849 0.423938
vt 0.980052 0.426045
vt 0.978346 0.407283
vt 0.976420 0.407064
vt 0.027240 0.141959
vt 0.026065 0.141623
vt 0.026048 0.135183
vt 0.976681 0.360396
vt 0.984462 0.368176
vt 0.976681 0.368176
vt 0.984462 0.360396
vt 0.980572 0.360396
vt 0.977203 0.362341
vt 0.977203 0.366231
vt 0.978346 0.408894
vt 0.978346 0.409111
vt 0.978346 0.407499
vt 0.976420 0.407360
vt 0.977691 0.419093
vt 0.984807 0.421209
vt 0.982854 0.421042
vt 0.012146 0.141241
vt 0.011416 0.139001
vt 0.976420 0.414519
vt 0.978346 0.412601
vt 0.979075 0.414842
vt 0.976420 0.416534
vt 0.978413 0.417888
vt 0.979521 0.416211
vt 0.019122 0.150833
vt 0.019749 0.147456
vt 0.985176 0.415025
vt 0.983480 0.415668
vt 0.983513 0.415449
vt 0.983156 0.414075
vt 0.983156 0.413859
vt 0.019862 0.144917
vt 0.019708 0.144727
vt 0.019168 0.137771
vt 0.019222 0.138237
vt 0.983490 0.472148
vt 0.983490 0.463273
vt 0.979196 0.481023
vt 0.025344 0.133228
vt 0.025344 0.137511
vt 0.009490 0.133084
vt 0.011379 0.133237
vt 0.011380 0.137506
vt 0.986093 0.412115
vt 0.983614 0.409404
vt 0.978312 0.409309
vt 0.986052 0.406685
vt 0.982344 0.365552
vt 0.981590 0.358384
vt 0.982689 0.416225
vt 0.979122 0.975209
vt 0.981693 0.297749
vt 0.990682 0.299085
vt 0.019163 0.138514
vt 0.982777 0.371674
vt 0.981590 0.367244
vt 0.006287 0.140285
vt 0.011741 0.135491
vt 0.011417 0.133682
vt 0.014543 0.134259
vt 0.985867 0.413912
vt 0.982968 0.350234
vt 0.985337 0.350968
vt 0.992126 0.350234
vt 0.992126 0.350625
vt 0.992126 0.350930
vt 0.982968 0.368014
vt 0.974680 0.373514
vt 0.984954 0.367000
vt 0.992126 0.368549
vt 0.982968 0.368549
vt 0.992126 0.367959
vt 0.992126 0.358318
vt 0.992126 0.360397
vt 0.992126 0.356339
vt 0.992126 0.352636
vt 0.992126 0.352848
vt 0.019078 0.150834
vt 0.978346 0.424434
vt 0.980572 0.368176
vt 0.983941 0.362341
vt 0.983941 0.366231
vt 0.976680 0.409035
vt 0.975224 0.426797
vt 0.016069 0.150299
vt 0.009616 0.131910
vt 0.025539 0.131910
vt 0.025539 0.151123
vt 0.009616 0.151123
vt 0.971509 0.357357
vt 0.987432 0.357357
vt 0.987432 0.376570
vt 0.971509 0.376570
vt 0.022527 0.131910
vt 0.022527 0.151123
vt 0.020101 0.131910
vt 0.020101 0.151123
vt 0.967729 0.950569
vt 0.978214 0.950569
vt 0.983652 0.954204
vt 0.983652 0.969782
vt 0.967729 0.969782
vt 0.025539 0.147847
vt 0.025539 0.147489
vt 0.020101 0.151123
vt 0.967000 0.459722
vt 0.991000 0.459722
vt 0.991000 0.481944
vt 0.967000 0.481944
vt 0.992260 0.579590
vt 0.968260 0.579590
vt 0.975855 0.470241
vt 0.987434 0.470241
vt 0.987434 0.481820
vt 0.975855 0.481820
vt 0.023835 0.575126
vt 0.020379 0.575126
vt 0.020347 0.588636
vt 0.020349 0.575126
vt 0.023835 0.588636
vt 0.020379 0.588636
vt 0.020350 0.575126
vt 0.010325 0.588636
vt 0.010325 0.575126
vt 0.020350 0.588636
vt 0.020347 0.575126
vt 0.020349 0.588636
vt 0.013782 0.588636
vt 0.013811 0.575126
vt 0.013811 0.588636
vt 0.013814 0.575126
vt 0.013811 0.588636
vt 0.013782 0.575126
vt 0.010192 0.575242
vt 0.013811 0.575126
vt 0.013814 0.588636
vt 0.966687 0.458694
vt 0.984553 0.458694
vt 0.984553 0.476560
vt 0.966687 0.476560
s 1
usemtl metallic
f 126/1/1 127/2/2 134/3/3
f 3/4/4 123/5/5 2/6/6
f 4/4/7 125/5/7 3/6/7
f 5/4/8 128/5/8 4/6/8
f 6/4/9 127/5/10 5/6/11
f 6/7/12 119/8/13 121/9/14
f 4/10/15 3/11/15 2/12/15
f 140/13/16 102/14/17 31/15/18
f 36/16/19 9/17/20 32/18/21
f 74/19/22 15/17/23 40/14/24
f 45/20/25 15/17/23 33/21/26
f 30/22/27 71/23/28 44/24/29
f 61/25/30 77/26/31 79/25/30
f 126/27/1 31/28/32 35/29/33
f 28/23/34 36/16/19 35/29/33
f 19/30/35 66/31/36 68/30/35
f 60/32/37 90/33/38 89/32/39
f 82/34/40 110/35/40 81/35/40
f 156/36/41 162/37/42 155/37/42
f 130/38/43 116/39/44 114/40/45
f 135/41/46 16/42/15 122/43/47
f 49/44/48 91/45/49 92/46/50
f 132/47/51 46/48/52 7/49/53
f 99/50/54 142/13/55 96/51/56
f 97/52/57 142/13/55 99/50/54
f 169/53/58 168/54/59 51/55/60
f 150/56/61 161/57/61 153/57/61
f 104/58/62 108/59/63 43/59/64
f 8/60/65 12/61/66 2/62/67
f 72/63/68 77/26/31 41/26/69
f 44/24/29 69/64/70 84/65/71
f 32/66/72 40/67/24 45/20/25
f 74/19/22 9/68/73 70/69/74
f 34/28/75 105/70/76 140/13/16
f 57/74/80 58/75/80 56/76/80
f 48/77/81 56/76/82 50/76/83
f 49/78/84 59/79/85 55/78/86
f 33/21/48 50/80/87 45/20/88
f 54/77/89 59/79/90 56/76/91
f 52/75/92 56/76/82 58/75/93
f 51/74/94 59/79/95 53/79/96
f 52/75/97 57/74/98 51/74/94
f 29/81/99 69/82/100 18/83/101
f 19/30/102 69/82/100 70/84/103
f 19/30/102 28/23/34 63/31/104
f 137/88/108 28/23/34 83/89/109
f 29/81/112 65/83/113 67/81/114
f 136/92/115 67/81/115 139/93/115
f 19/30/116 65/83/116 18/83/116
f 61/25/117 70/69/74 69/64/118
f 61/25/117 71/23/122 41/26/123
f 62/97/124 74/19/22 70/69/74
f 72/63/125 71/23/122 20/82/126
f 42/98/127 22/84/128 74/19/22
f 62/97/131 79/25/131 80/97/131
f 42/98/132 76/101/133 73/101/134
f 62/97/135 78/98/136 42/98/132
f 24/102/137 101/103/138 11/104/139
f 102/105/140 85/106/141 83/24/109
f 11/104/139 84/22/142 60/32/37
f 89/32/39 88/106/143 86/104/144
f 85/106/145 87/102/146 88/106/143
f 85/106/145 90/33/147 64/33/147
f 11/104/148 89/32/149 86/104/148
f 24/102/137 86/104/144 87/102/146
f 94/107/150 95/108/151 93/109/49
f 92/108/152 93/109/153 95/108/154
f 38/110/155 95/108/155 14/110/155
f 97/111/57 39/112/156 12/113/157
f 52/114/158 45/115/79 50/80/159
f 99/116/54 10/117/160 39/112/156
f 29/81/99 136/92/161 60/32/37
f 133/118/162 117/119/163 116/39/44
f 96/111/164 120/120/165 124/121/166
f 81/35/167 100/122/168 101/17/169
f 82/34/170 101/17/169 102/14/17
f 107/58/171 109/123/172 108/59/173
f 43/59/64 26/105/174 104/58/62
f 103/124/175 100/122/168 37/123/176
f 82/34/170 105/70/76 43/59/64
f 108/59/173 110/35/177 111/34/178
f 37/123/179 106/124/180 103/124/181
f 37/123/179 110/35/182 109/123/183
f 43/59/64 111/34/184 82/34/184
f 112/125/185 21/126/186 117/127/187
f 23/128/188 117/127/189 21/125/190
f 23/125/191 114/126/192 116/127/193
f 27/128/194 114/127/194 25/125/194
f 27/125/195 113/126/196 115/127/197
f 23/129/15 21/130/15 17/131/15
f 125/132/198 118/133/199 135/41/46
f 124/121/200 121/134/201 119/135/202
f 115/136/203 130/137/43 114/138/45
f 131/139/204 98/140/205 35/29/33
f 7/49/206 117/119/163 132/47/207
f 129/141/208 98/142/205 131/143/204
f 113/144/209 131/145/210 115/146/203
f 46/147/52 133/148/211 32/18/21
f 128/149/212 118/150/199 125/151/198
f 134/3/3 121/152/201 120/153/213
f 36/16/19 133/148/211 130/154/214
f 130/155/214 35/29/33 36/16/19
f 136/92/161 137/156/108 83/89/109
f 136/92/215 138/157/216 137/88/217
f 137/88/218 66/31/36 63/31/219
f 142/158/220 34/159/221 140/158/222
f 96/51/223 140/13/16 31/15/18
f 140/158/222 96/160/224 142/158/220
f 10/113/225 96/111/164 124/121/166
f 144/108/226 94/109/227 145/108/228
f 147/108/229 148/109/230 146/109/230
f 145/108/231 147/108/231 149/108/231
f 147/108/232 143/109/233 144/108/232
f 148/109/234 145/108/235 94/109/234
f 100/105/236 151/161/237 150/56/238
f 30/22/27 151/161/237 13/103/239
f 30/22/27 153/57/240 152/162/241
f 44/24/29 150/56/238 153/57/240
f 101/163/242 155/37/243 154/164/244
f 44/24/29 155/37/243 100/105/236
f 44/24/29 157/165/245 156/36/246
f 84/65/71 154/164/244 157/165/245
f 158/161/247 161/57/248 160/56/249
f 163/164/250 165/36/251 164/165/252
f 154/164/244 162/37/253 163/164/250
f 152/162/254 158/161/254 151/161/254
f 153/57/240 159/162/255 152/162/241
f 157/165/245 165/36/251 156/36/246
f 150/56/238 158/161/247 160/56/249
f 154/164/256 164/165/257 157/165/257
f 83/24/109 28/23/34 35/29/33
f 47/166/77 168/54/59 166/167/258
f 168/54/259 167/168/260 166/167/261
f 167/168/262 169/53/262 38/112/262
f 7/113/263 46/169/264 166/167/265
f 271/2/266 270/1/267 278/3/268
f 267/5/269 172/4/270 171/6/271
f 269/5/272 173/4/272 172/6/272
f 272/5/273 174/4/273 173/6/273
f 271/5/274 175/4/275 174/6/276
f 175/7/277 263/8/278 170/170/279
f 173/10/280 174/171/280 170/7/280
f 284/13/281 250/14/282 251/70/283
f 196/16/284 178/17/285 226/84/286
f 228/19/287 15/17/23 22/84/128
f 205/20/288 15/17/23 200/67/289
f 227/23/290 30/22/27 204/24/291
f 217/25/292 229/26/293 201/26/294
f 195/29/295 193/28/296 270/27/267
f 196/16/284 191/23/297 195/29/295
f 185/30/298 222/31/299 219/31/300
f 216/32/301 242/33/302 220/33/303
f 254/35/304 234/34/304 233/35/304
f 302/37/305 296/36/306 295/37/305
f 274/38/307 260/39/308 277/118/309
f 182/42/280 279/41/310 266/43/311
f 243/46/312 211/172/313 198/112/314
f 276/47/315 176/49/316 206/48/317
f 247/50/318 245/51/319 285/13/320
f 97/52/57 285/13/320 141/28/321
f 309/53/322 198/112/323 209/55/324
f 301/57/325 290/56/325 293/57/325
f 252/59/326 104/58/62 203/59/327
f 12/61/66 177/60/328 171/62/329
f 229/26/293 72/63/68 201/26/294
f 225/64/330 204/24/291 236/65/331
f 194/66/332 200/67/289 178/103/333
f 178/68/333 228/19/287 226/69/334
f 34/28/75 251/70/283 26/105/174
f 213/74/338 212/76/338 214/75/338
f 212/76/339 48/77/81 208/76/340
f 49/78/84 215/79/341 211/79/342
f 208/80/343 33/21/48 205/20/344
f 212/76/345 215/79/346 54/77/89
f 210/75/347 212/76/339 208/76/340
f 215/79/348 209/74/349 211/79/350
f 213/74/351 210/75/352 209/74/349
f 225/82/353 192/81/354 184/83/355
f 185/30/356 225/82/353 184/83/355
f 191/23/297 185/30/356 219/31/357
f 191/23/297 281/88/361 235/89/362
f 192/81/365 221/83/366 184/83/367
f 280/92/368 223/81/368 192/81/368
f 221/83/369 185/30/369 184/83/369
f 217/25/370 226/69/334 218/97/371
f 227/23/374 217/25/370 201/26/375
f 218/97/371 228/19/287 202/98/376
f 72/63/125 227/23/374 201/26/375
f 202/98/376 22/84/128 73/101/377
f 218/97/380 231/25/380 217/25/380
f 76/101/133 202/98/381 73/101/134
f 230/98/382 218/97/383 202/98/381
f 249/103/384 188/102/385 180/104/386
f 237/106/387 188/102/385 250/105/388
f 236/22/389 180/104/386 216/32/301
f 238/104/390 240/106/391 241/32/392
f 237/106/393 239/102/394 188/102/395
f 242/33/396 237/106/393 220/33/396
f 180/104/397 241/32/398 216/32/398
f 188/102/385 238/104/390 180/104/386
f 94/107/150 244/108/399 181/110/400
f 243/108/401 93/109/153 91/109/402
f 198/110/403 244/108/403 243/108/403
f 199/112/404 97/111/57 12/113/157
f 210/114/405 205/115/406 207/176/335
f 179/117/407 247/116/318 199/112/404
f 192/81/354 236/22/389 216/32/301
f 277/118/309 261/119/408 276/47/409
f 245/111/410 268/121/411 264/120/412
f 233/35/413 248/122/414 197/123/415
f 234/34/416 249/17/417 233/35/413
f 253/123/418 107/58/171 252/59/419
f 26/105/174 203/59/327 104/58/62
f 248/122/414 103/124/175 197/123/415
f 251/70/283 234/34/416 203/59/327
f 254/35/420 252/59/419 255/34/421
f 106/124/180 197/123/422 103/124/181
f 197/123/422 254/35/423 233/35/423
f 255/34/424 203/59/327 234/34/424
f 256/125/425 186/126/426 183/128/427
f 261/127/428 187/128/429 186/125/430
f 187/125/431 258/126/432 189/128/433
f 258/127/434 190/128/434 189/125/434
f 190/125/435 257/126/436 177/128/437
f 183/131/280 186/130/280 187/129/280
f 279/41/310 262/133/438 269/132/439
f 268/121/440 265/134/441 264/120/442
f 274/137/307 259/136/443 258/138/444
f 275/139/445 195/29/295 246/140/446
f 261/119/408 176/49/447 276/47/409
f 246/142/446 273/141/448 275/143/445
f 257/144/449 275/145/450 273/141/451
f 277/148/452 206/147/317 194/18/453
f 272/149/454 262/150/438 270/1/267
f 265/152/441 278/3/268 264/153/442
f 196/16/284 277/148/452 194/18/453
f 274/155/455 195/29/295 275/139/445
f 280/92/456 235/89/362 281/156/361
f 280/92/457 282/157/458 283/93/459
f 222/31/299 281/88/460 219/31/300
f 285/158/461 34/159/221 141/159/221
f 245/51/462 193/15/463 284/13/281
f 284/158/464 285/158/461 245/160/465
f 179/113/466 268/121/411 245/111/410
f 286/108/467 94/109/227 143/109/468
f 288/108/469 148/109/230 289/108/470
f 287/108/471 288/108/471 286/108/471
f 143/109/233 288/108/472 286/108/472
f 287/108/473 148/109/234 94/109/234
f 248/105/474 291/161/475 13/103/239
f 291/161/475 30/22/27 13/103/239
f 30/22/27 293/57/476 204/24/291
f 204/24/291 290/56/477 248/105/474
f 249/163/478 295/37/479 248/105/474
f 295/37/479 204/24/291 248/105/474
f 204/24/291 297/165/480 236/65/331
f 236/65/331 294/164/481 249/163/478
f 301/57/482 298/161/483 300/56/484
f 303/164/485 305/36/486 302/37/487
f 294/164/481 302/37/487 295/37/479
f 298/161/488 292/162/488 291/161/488
f 299/162/489 293/57/476 292/162/490
f 305/36/486 297/165/480 296/36/491
f 290/56/477 298/161/483 291/161/475
f 304/165/492 294/164/493 297/165/492
f 195/29/295 191/23/297 235/24/362
f 207/166/335 306/167/494 308/54/495
f 307/168/496 308/54/497 306/167/498
f 307/168/499 198/112/499 309/53/499
f 306/167/500 206/169/337 176/113/501
f 126/1/1 128/149/212 127/2/2
f 3/4/4 125/177/502 123/5/5
f 4/4/7 128/177/7 125/5/7
f 5/4/8 127/177/8 128/5/8
f 6/4/9 121/177/503 127/5/10
f 6/7/12 1/170/504 119/8/13
f 2/12/15 1/7/15 4/10/15
f 1/7/15 6/178/15 5/171/15
f 4/10/15 1/7/15 5/171/15
f 140/13/16 105/70/76 102/14/17
f 36/16/19 70/84/103 9/17/20
f 74/19/22 22/84/128 15/17/23
f 45/20/25 40/67/24 15/17/23
f 30/22/27 20/82/505 71/23/28
f 61/25/30 41/26/69 77/26/31
f 35/29/33 98/140/205 135/179/46
f 35/29/33 135/179/46 118/180/199
f 120/181/165 96/52/164 31/28/32
f 134/182/3 120/181/165 31/28/32
f 35/29/33 118/180/199 126/27/1
f 126/27/1 134/182/3 31/28/32
f 28/23/34 70/84/103 36/16/19
f 19/30/35 63/31/219 66/31/36
f 60/32/37 64/33/506 90/33/38
f 82/34/40 111/34/40 110/35/40
f 156/36/41 165/36/41 162/37/42
f 130/38/43 133/118/162 116/39/44
f 135/41/46 98/142/205 16/42/15
f 92/46/50 38/112/507 53/172/508
f 38/112/507 51/55/507 53/172/508
f 53/172/508 49/44/48 92/46/50
f 97/52/57 141/28/321 142/13/55
f 47/166/77 52/183/158 168/54/59
f 52/183/158 51/55/60 168/54/59
f 51/55/60 38/112/509 169/53/58
f 150/56/61 160/56/61 161/57/61
f 104/58/62 107/58/510 108/59/63
f 12/61/66 39/184/511 1/185/512
f 39/184/511 10/186/513 1/185/512
f 124/187/514 119/188/515 1/185/512
f 10/186/513 124/187/514 1/185/512
f 14/189/516 94/190/517 17/191/518
f 94/190/517 12/61/66 8/60/65
f 7/192/519 38/193/520 14/189/516
f 17/191/518 112/194/521 7/192/519
f 129/195/522 113/196/523 8/60/65
f 17/191/518 7/192/519 14/189/516
f 16/197/524 129/195/522 8/60/65
f 8/60/65 17/191/518 94/190/517
f 2/62/67 123/198/524 122/199/524
f 12/61/66 1/185/512 2/62/67
f 122/199/524 16/197/524 2/62/67
f 16/197/524 8/60/65 2/62/67
f 72/63/68 75/63/525 77/26/31
f 44/24/29 71/23/28 69/64/70
f 32/66/72 9/103/73 40/67/24
f 74/19/22 40/14/24 9/68/73
f 34/28/75 26/105/174 105/70/76
f 48/77/81 54/77/526 56/76/82
f 49/78/84 53/79/527 59/79/85
f 33/21/48 48/200/49 50/80/87
f 55/78/528 59/79/90 54/77/89
f 59/79/90 57/74/529 56/76/91
f 52/75/92 50/76/83 56/76/82
f 51/74/94 57/74/98 59/79/95
f 52/75/97 58/75/530 57/74/98
f 29/81/99 84/22/142 69/82/100
f 19/30/102 18/83/101 69/82/100
f 19/30/102 70/84/103 28/23/34
f 137/88/108 63/31/104 28/23/34
f 29/81/112 18/83/532 65/83/113
f 136/92/115 29/81/115 67/81/115
f 19/30/116 68/30/116 65/83/116
f 61/25/117 62/97/124 70/69/74
f 61/25/117 69/64/118 71/23/122
f 62/97/124 42/98/127 74/19/22
f 72/63/125 41/26/123 71/23/122
f 42/98/127 73/101/377 22/84/128
f 62/97/131 61/25/131 79/25/131
f 42/98/132 78/98/136 76/101/133
f 62/97/135 80/97/135 78/98/136
f 24/102/137 102/105/140 101/103/138
f 102/105/140 24/102/137 85/106/141
f 85/106/141 64/33/506 83/24/109
f 11/104/139 101/103/138 84/22/142
f 90/33/38 88/106/143 89/32/39
f 88/106/143 87/102/146 86/104/144
f 85/106/145 24/102/533 87/102/146
f 85/106/145 88/106/143 90/33/147
f 11/104/148 60/32/149 89/32/149
f 24/102/137 11/104/139 86/104/144
f 94/107/150 14/110/534 95/108/151
f 92/108/152 91/109/402 93/109/153
f 38/110/155 92/108/155 95/108/155
f 97/111/57 99/116/54 39/112/156
f 52/114/158 47/176/77 45/115/79
f 99/116/54 96/201/56 10/117/160
f 83/24/109 64/33/506 136/92/161
f 64/33/506 60/32/37 136/92/161
f 60/32/37 84/22/142 29/81/99
f 133/118/162 132/47/207 117/119/163
f 81/35/167 37/123/176 100/122/168
f 82/34/170 81/35/167 101/17/169
f 107/58/171 106/124/535 109/123/172
f 43/59/64 105/70/76 26/105/174
f 103/124/175 13/103/536 100/122/168
f 82/34/170 102/14/17 105/70/76
f 108/59/173 109/123/172 110/35/177
f 37/123/179 109/123/183 106/124/180
f 37/123/179 81/35/182 110/35/182
f 43/59/64 108/59/63 111/34/184
f 112/125/185 17/128/537 21/126/186
f 23/128/188 116/126/538 117/127/189
f 23/125/191 25/128/539 114/126/192
f 27/128/194 115/126/194 114/127/194
f 27/125/195 8/128/540 113/126/196
f 17/131/15 8/202/15 25/203/15
f 8/202/15 27/204/15 25/203/15
f 17/131/15 25/203/15 23/129/15
f 122/43/47 123/205/541 135/41/46
f 123/205/541 125/132/198 135/41/46
f 124/121/200 120/120/213 121/134/201
f 115/136/203 131/145/210 130/137/43
f 7/49/206 112/206/542 117/119/163
f 129/141/208 16/42/15 98/142/205
f 113/144/209 129/141/543 131/145/210
f 46/147/52 132/207/51 133/148/211
f 128/149/212 126/1/1 118/150/199
f 134/3/3 127/2/2 121/152/201
f 36/16/19 32/18/21 133/148/211
f 130/155/214 131/139/204 35/29/33
f 136/92/215 139/93/544 138/157/216
f 137/88/218 138/157/545 66/31/36
f 142/158/220 141/159/221 34/159/221
f 144/108/226 143/109/468 94/109/227
f 147/108/229 149/108/546 148/109/230
f 145/108/231 144/108/231 147/108/231
f 147/108/232 146/109/547 143/109/233
f 148/109/548 149/108/548 145/108/548
f 100/105/236 13/103/239 151/161/237
f 30/22/27 152/162/241 151/161/237
f 30/22/27 44/24/29 153/57/240
f 44/24/29 100/105/236 150/56/238
f 101/163/242 100/105/236 155/37/243
f 44/24/29 156/36/246 155/37/243
f 44/24/29 84/65/71 157/165/245
f 84/65/71 101/163/242 154/164/244
f 158/161/247 159/162/255 161/57/248
f 163/164/250 162/37/253 165/36/251
f 154/164/244 155/37/243 162/37/253
f 152/162/254 159/162/254 158/161/254
f 153/57/240 161/57/248 159/162/255
f 157/165/245 164/165/252 165/36/251
f 150/56/238 151/161/237 158/161/247
f 154/164/256 163/164/256 164/165/257
f 35/29/33 31/28/32 83/24/109
f 31/28/32 102/105/140 83/24/109
f 168/54/259 169/53/549 167/168/260
f 167/168/550 38/112/551 7/113/263
f 46/169/264 47/166/77 166/167/265
f 166/167/265 167/168/550 7/113/263
f 271/2/266 272/149/454 270/1/267
f 267/5/269 269/177/552 172/4/270
f 269/5/272 272/177/272 173/4/272
f 272/5/273 271/177/273 174/4/273
f 271/5/274 265/177/553 175/4/275
f 175/7/277 265/9/554 263/8/278
f 175/178/280 170/7/280 174/171/280
f 170/7/280 171/12/280 173/10/280
f 171/12/280 172/11/280 173/10/280
f 284/13/281 193/15/463 250/14/282
f 196/16/284 194/18/453 178/17/285
f 228/19/287 200/14/289 15/17/23
f 205/20/288 33/21/26 15/17/23
f 227/23/290 20/82/505 30/22/27
f 217/25/292 231/25/292 229/26/293
f 279/179/310 246/140/446 195/29/295
f 193/28/296 245/52/410 264/181/412
f 193/28/296 264/181/412 278/182/268
f 262/180/438 279/179/310 195/29/295
f 193/28/296 278/182/268 270/27/267
f 270/27/267 262/180/438 195/29/295
f 196/16/284 226/84/286 191/23/297
f 185/30/298 224/30/298 222/31/299
f 216/32/301 241/32/392 242/33/302
f 254/35/304 255/34/304 234/34/304
f 302/37/305 305/36/306 296/36/306
f 274/38/307 258/40/444 260/39/308
f 182/42/280 246/142/446 279/41/310
f 243/46/312 91/45/49 49/44/48
f 211/172/313 209/55/314 198/112/314
f 243/46/312 49/44/48 211/172/313
f 97/52/57 247/50/318 285/13/320
f 209/55/324 210/183/405 308/54/495
f 210/183/405 207/166/335 308/54/495
f 308/54/495 309/53/322 209/55/324
f 301/57/325 300/56/325 290/56/325
f 252/59/326 107/58/510 104/58/62
f 179/186/555 199/184/556 170/185/557
f 199/184/556 12/61/66 170/185/557
f 12/61/66 94/190/517 177/60/328
f 94/190/517 181/189/558 183/191/559
f 177/60/328 94/190/517 183/191/559
f 181/189/558 198/193/560 176/192/561
f 176/192/561 256/194/562 183/191/559
f 177/60/328 257/196/563 273/195/564
f 181/189/558 176/192/561 183/191/559
f 177/60/328 273/195/564 182/197/524
f 268/187/565 179/186/555 170/185/557
f 170/185/557 263/188/566 268/187/565
f 266/199/524 267/198/524 171/62/329
f 182/197/524 266/199/524 171/62/329
f 171/62/329 170/185/557 12/61/66
f 177/60/328 182/197/524 171/62/329
f 229/26/293 75/63/525 72/63/68
f 225/64/330 227/23/290 204/24/291
f 194/66/332 205/20/288 200/67/289
f 178/68/333 200/14/289 228/19/287
f 34/28/75 284/13/281 251/70/283
f 212/76/339 54/77/526 48/77/81
f 49/78/84 55/78/86 215/79/341
f 208/80/343 48/200/49 33/21/48
f 213/74/567 215/79/346 212/76/345
f 215/79/346 55/78/528 54/77/89
f 210/75/347 214/75/568 212/76/339
f 215/79/348 213/74/351 209/74/349
f 213/74/351 214/75/569 210/75/352
f 225/82/353 236/22/389 192/81/354
f 185/30/356 226/84/286 225/82/353
f 191/23/297 226/84/286 185/30/356
f 191/23/297 219/31/357 281/88/361
f 192/81/365 223/81/571 221/83/366
f 280/92/368 283/93/368 223/81/368
f 221/83/369 224/30/369 185/30/369
f 217/25/370 225/64/572 226/69/334
f 227/23/374 225/64/572 217/25/370
f 218/97/371 226/69/334 228/19/287
f 72/63/125 20/82/126 227/23/374
f 202/98/376 228/19/287 22/84/128
f 218/97/380 232/97/380 231/25/380
f 76/101/133 230/98/382 202/98/381
f 230/98/382 232/97/383 218/97/383
f 249/103/384 250/105/388 188/102/385
f 250/105/388 235/24/362 237/106/387
f 235/24/362 220/33/303 237/106/387
f 236/22/389 249/103/384 180/104/386
f 239/102/394 240/106/391 238/104/390
f 240/106/391 242/33/302 241/32/392
f 237/106/393 240/106/391 239/102/394
f 242/33/396 240/106/391 237/106/393
f 180/104/397 238/104/397 241/32/398
f 188/102/385 239/102/394 238/104/390
f 94/107/150 93/109/49 244/108/399
f 243/108/401 244/108/574 93/109/153
f 198/110/403 181/110/403 244/108/403
f 199/112/404 247/116/318 97/111/57
f 210/114/405 208/80/575 205/115/406
f 179/117/407 245/201/319 247/116/318
f 216/32/301 220/33/303 280/92/456
f 220/33/303 235/24/362 280/92/456
f 280/92/456 192/81/354 216/32/301
f 277/118/309 260/39/308 261/119/408
f 233/35/413 249/17/417 248/122/414
f 234/34/416 250/14/282 249/17/417
f 253/123/418 106/124/535 107/58/171
f 26/105/174 251/70/283 203/59/327
f 248/122/414 13/103/536 103/124/175
f 251/70/283 250/14/282 234/34/416
f 254/35/420 253/123/418 252/59/419
f 106/124/180 253/123/576 197/123/422
f 197/123/422 253/123/576 254/35/423
f 255/34/424 252/59/326 203/59/327
f 256/125/425 261/127/577 186/126/426
f 261/127/428 260/126/578 187/128/429
f 187/125/431 260/127/579 258/126/432
f 258/127/434 259/126/434 190/128/434
f 190/125/435 259/127/580 257/126/436
f 190/204/280 177/202/280 189/203/280
f 177/202/280 183/131/280 189/203/280
f 189/203/280 183/131/280 187/129/280
f 269/132/439 267/205/581 279/41/310
f 267/205/581 266/43/311 279/41/310
f 268/121/440 263/135/582 265/134/441
f 274/137/307 275/145/450 259/136/443
f 261/119/408 256/206/583 176/49/447
f 246/142/446 182/42/280 273/141/448
f 257/144/449 259/146/443 275/145/450
f 277/148/452 276/207/315 206/147/317
f 272/149/454 269/151/439 262/150/438
f 265/152/441 271/2/266 278/3/268
f 196/16/284 274/154/455 277/148/452
f 274/155/455 196/16/284 195/29/295
f 280/92/457 281/88/584 282/157/458
f 222/31/299 282/157/585 281/88/460
f 285/158/461 284/158/464 34/159/221
f 286/108/467 287/108/586 94/109/227
f 288/108/469 146/109/230 148/109/230
f 287/108/471 289/108/471 288/108/471
f 143/109/233 146/109/547 288/108/472
f 287/108/587 289/108/587 148/109/587
f 248/105/474 290/56/477 291/161/475
f 291/161/475 292/162/490 30/22/27
f 30/22/27 292/162/490 293/57/476
f 204/24/291 293/57/476 290/56/477
f 249/163/478 294/164/481 295/37/479
f 295/37/479 296/36/491 204/24/291
f 204/24/291 296/36/491 297/165/480
f 236/65/331 297/165/480 294/164/481
f 301/57/482 299/162/489 298/161/483
f 303/164/485 304/165/588 305/36/486
f 294/164/481 303/164/485 302/37/487
f 298/161/488 299/162/488 292/162/488
f 299/162/489 301/57/482 293/57/476
f 305/36/486 304/165/588 297/165/480
f 290/56/477 300/56/484 298/161/483
f 304/165/492 303/164/493 294/164/493
f 250/105/388 193/28/296 235/24/362
f 193/28/296 195/29/295 235/24/362
f 307/168/496 309/53/589 308/54/497
f 306/167/500 207/166/335 206/169/337
f 176/113/501 198/112/590 307/168/591
f 307/168/591 306/167/500 176/113/501
f 310/208/592 311/209/593 313/210/594 312/211/592
f 312/208/595 313/209/595 317/210/595 316/211/595
f 316/208/596 317/209/597 315/210/597 314/211/598
f 314/208/599 315/209/599 311/210/599 310/211/599
f 312/212/600 316/213/596 314/214/598 310/215/600
f 317/212/601 313/213/594 311/214/593 315/215/601
f 323/208/602 327/216/603 324/217/603 321/211/604
f 322/208/605 323/209/602 321/210/604 320/211/605
f 318/208/606 325/218/607 326/219/607 319/211/608
f 319/208/608 322/209/609 320/210/609 318/211/606
f 319/220/610 326/221/610 327/222/610 323/223/610 322/224/610
f 324/209/611 327/225/611 326/219/611 325/218/611
f 320/208/612 321/209/612 324/226/612 325/227/612 318/211/612
f 328/208/613 330/211/614 331/210/615 329/209/616
f 330/208/614 334/211/617 335/210/618 331/209/615
f 334/208/619 332/211/620 333/210/621 335/209/622
f 332/208/620 328/211/623 329/210/624 333/209/621
f 330/212/625 328/215/623 332/214/620 334/213/619
f 335/212/618 333/215/626 329/214/616 331/213/615
f 341/208/627 339/211/627 342/217/628 345/216/629
f 340/208/630 338/211/631 339/210/632 341/209/633
f 336/208/634 337/211/634 344/219/635 343/218/636
f 337/208/637 336/211/638 338/210/631 340/209/630
f 337/220/639 340/224/639 341/223/639 345/222/629 344/221/635
f 342/209/628 343/218/636 344/219/635 345/225/629
f 338/208/631 336/211/638 343/227/640 342/226/640 339/209/632
usemtl light
f 47/71/77 32/72/78 45/73/79
f 207/71/335 194/72/336 206/173/337
f 47/71/77 46/173/264 32/72/78
f 207/71/335 205/73/406 194/72/336
f 382/238/649 392/239/650 390/239/651
f 397/240/652 395/241/652 384/242/652 387/238/652
f 392/243/653 399/244/653 391/244/653 390/243/653
f 400/242/654 401/245/654 383/246/654 386/238/654
f 385/242/655 391/247/656 399/247/657 397/248/658 387/238/659
f 387/246/659 384/238/660 382/242/660 385/245/655
f 392/239/650 382/238/649 384/242/661 395/249/662
f 399/244/663 392/243/663 393/250/663 398/251/663
f 397/248/658 399/247/657 398/252/664 396/253/665
f 398/252/664 388/252/666 400/245/666 386/246/666 396/253/665
f 392/239/650 395/249/662 394/254/667 393/255/668
f 398/251/669 393/250/669 389/250/669 388/251/669
f 391/244/670 385/238/670 382/242/670 390/243/670
f 400/256/671 388/251/671 389/250/671 401/245/671
f 401/246/672 389/255/672 393/255/668 394/254/667 383/245/672
f 394/257/673 395/241/674 397/240/674 396/258/675
f 383/245/676 394/257/673 396/258/675 386/246/676
f 402/238/677 410/239/678 412/239/679
f 417/240/680 407/238/680 404/242/680 415/241/680
f 412/243/681 410/243/681 411/244/681 419/244/681
f 420/242/682 406/238/682 403/246/682 421/245/682
f 405/242/683 407/238/684 417/248/685 419/247/686 411/247/687
f 407/246/684 405/245/683 402/242/688 404/238/688
f 412/239/679 415/249/689 404/242/690 402/238/677
f 419/244/691 418/251/691 413/250/691 412/243/691
f 417/248/685 416/253/692 418/252/693 419/247/686
f 418/252/693 416/253/692 406/246/694 420/245/694 408/252/694
f 412/239/679 413/255/695 414/254/696 415/249/689
f 418/251/697 408/251/697 409/250/697 413/250/697
f 411/244/698 410/243/698 402/242/698 405/238/698
f 420/256/699 421/245/699 409/250/699 408/251/699
f 421/246/700 403/245/700 414/254/696 413/255/695 409/255/700
f 414/257/701 416/258/702 417/240/703 415/241/703
f 403/245/704 406/246/704 416/258/702 414/257/701
usemtl glass
f 139/85/105 67/86/106 65/87/107
f 68/90/110 66/91/111 65/87/107
f 77/94/119 76/95/120 78/96/121
f 77/94/119 80/99/129 79/100/130
f 221/87/358 283/85/359 282/174/360
f 224/90/363 221/87/358 222/91/364
f 229/94/372 76/95/120 75/175/373
f 232/99/378 229/94/372 231/100/379
f 65/87/107 66/91/111 138/174/531
f 138/174/531 139/85/105 65/87/107
f 77/94/119 75/175/373 76/95/120
f 77/94/119 78/96/121 80/99/129
f 282/174/360 222/91/364 221/87/358
f 221/87/358 223/86/570 283/85/359
f 229/94/372 230/96/573 76/95/120
f 232/99/378 230/96/573 229/94/372
s 0
usemtl texture
f 363/228/15 364/229/15 354/230/15 353/231/15
f 365/228/641 360/229/641 348/230/641 355/231/641
f 346/228/280 349/229/280 361/230/280 358/231/280
f 359/228/642 347/229/642 346/230/642 358/231/642
f 348/228/643 360/229/643 361/230/643 349/231/643
f 352/228/644 362/229/644 363/230/644 353/231/644
f 365/228/645 355/229/645 354/230/645 364/231/645
f 359/228/524 362/229/524 352/230/524 347/231/524
f 350/229/75 359/230/75 358/231/75
f 351/229/75 361/230/75 360/231/75
f 356/229/75 363/230/75 362/231/75
f 357/229/75 365/230/75 364/231/75
f 350/228/75 356/229/75 362/230/75 359/231/75
f 351/228/75 350/229/75 358/230/75 361/231/75
f 357/228/75 351/229/75 360/230/75 365/231/75
f 356/228/75 357/229/75 364/230/75 363/231/75
f 350/232/75 351/233/75 357/233/75 356/233/75
f 366/234/280 367/235/280 369/236/280 368/237/280
f 368/234/75 369/235/75 373/236/75 372/237/75
f 372/234/646 373/235/646 371/236/646 370/237/646
f 370/234/647 371/235/647 367/236/647 366/237/647
f 368/234/524 372/235/524 370/236/524 366/237/524
f 373/234/641 369/235/641 367/236/641 371/237/641
f 374/234/15 376/237/15 377/236/15 375/235/15
f 376/234/75 380/237/75 381/236/75 377/235/75
f 380/234/648 378/237/648 379/236/648 381/235/648
f 378/234/647 374/237/647 375/236/647 379/235/647
f 376/234/524 374/237/524 378/236/524 380/235/524
f 381/234/641 379/237/641 375/236/641 377/235/641
f 434/259/705 423/260/705 425/261/705 435/262/705
f 435/259/15 425/260/15 427/261/15 436/262/15
f 436/259/706 427/260/706 429/261/706 437/262/706
f 437/259/707 429/260/707 431/261/707 438/262/707
f 438/259/280 431/260/280 433/261/280 439/262/280
f 439/259/708 433/260/708 423/261/708 434/262/708
f 422/259/709 424/260/709 441/261/709 440/262/709
f 424/259/75 422/260/75 434/261/75 435/262/75
f 426/259/75 424/260/75 435/261/75 436/262/75
f 428/259/75 426/260/75 436/261/75 437/262/75
f 430/259/75 428/260/75 437/261/75 438/262/75
f 432/259/75 430/260/75 438/261/75 439/262/75
f 422/259/75 432/260/75 439/261/75 434/262/75
f 432/259/710 422/260/710 440/261/710 445/262/710
f 428/259/711 430/260/711 444/261/711 443/262/711
f 424/259/280 426/260/280 442/261/280 441/262/280
f 430/259/15 432/260/15 445/261/15 444/262/15
f 426/259/712 428/260/712 443/261/712 442/262/712
o wheel1.001
v -0.986843 0.593054 1.523378
v -0.986843 0.581874 1.674017
v -0.986843 0.513648 1.767922
v -0.986843 0.403256 1.803791
v -0.986843 0.256535 1.767873
v -0.986843 0.177036 1.639432
v -0.986843 0.177036 1.523359
v -0.986843 0.245262 1.429454
v -0.986843 0.385074 1.375812
v -0.986843 0.524886 1.429553
v -0.909105 0.385074 1.184135
v -0.909105 0.145951 1.261831
v -0.909105 0.624197 1.261831
v -0.909105 -0.001835 1.465241
v -0.909105 -0.001835 1.716669
v -0.909105 0.145951 1.920079
v -0.909105 0.385074 1.997775
v -0.909105 0.624197 1.920079
v -0.909105 0.771983 1.716669
v -0.909105 0.771983 1.465241
v -1.036744 0.385074 1.305138
v -1.036744 0.217075 1.359724
v -1.036744 0.113246 1.502633
v -1.036744 0.113246 1.679277
v -1.036744 0.217075 1.822186
v -1.036744 0.385074 1.876772
v -1.036744 0.553073 1.822186
v -1.036744 0.656902 1.679277
v -1.036744 0.656902 1.502633
v -1.036744 0.553073 1.359724
v -1.036744 0.385074 1.222237
v -1.000507 0.385074 1.184135
v -1.000507 0.145951 1.261831
v -1.036744 0.168347 1.292656
v -1.000507 -0.001835 1.465241
v -1.036744 0.034403 1.477015
v -1.000507 -0.001835 1.716669
v -1.036744 0.034403 1.704895
v -1.000507 0.145951 1.920079
v -1.036744 0.168347 1.889254
v -1.000507 0.385074 1.997775
v -1.036744 0.385074 1.959673
v -1.000507 0.624197 1.920079
v -1.036744 0.601801 1.889254
v -1.000507 0.771983 1.716669
v -1.036744 0.735746 1.704895
v -1.000507 0.771983 1.465241
v -1.036744 0.735746 1.477015
v -1.000507 0.624197 1.261831
v -1.036744 0.601801 1.292656
v -0.986843 0.366834 1.616060
v -0.986843 0.524886 1.783389
v -0.986843 0.593054 1.639353
v -0.986843 0.366834 1.803711
v -0.986843 0.158854 1.517452
v -0.986843 0.188367 1.674048
v -0.986843 0.280224 1.409880
v -0.986843 0.403256 1.615981
v -0.986843 0.355654 1.581396
v -0.986843 0.158854 1.664458
v -0.986843 0.245262 1.783389
v -0.986843 0.611294 1.517452
v -0.986843 0.489924 1.409880
v -0.986843 0.611294 1.664458
v -0.986843 0.385074 1.828817
v -0.986843 0.414587 1.581365
v -0.986843 0.385074 1.554194
v -0.986843 0.385074 1.353093
v -0.986843 0.245262 1.398521
v -0.986843 0.524886 1.398521
v -0.986843 0.385074 1.590955
v -0.909105 0.497732 1.746015
v -0.909105 0.433409 1.657482
v -0.909105 0.463334 1.565527
v -0.909105 0.567322 1.531739
v -0.909105 0.385074 1.401532
v -0.909105 0.385074 1.505471
v -0.909105 0.202790 1.531727
v -0.909105 0.306866 1.565544
v -0.909105 0.336707 1.657527
v -0.909105 0.272438 1.745985
v -0.909105 0.537486 1.691299
v -0.909105 0.433409 1.766915
v -0.909105 0.202790 1.599360
v -0.909105 0.242544 1.477011
v -0.909105 0.232718 1.691315
v -0.909105 0.527602 1.477069
v -0.909105 0.567322 1.599315
v -0.909105 0.336707 1.766867
v -0.909105 0.323980 1.421382
v -0.909105 0.446168 1.421382
v -0.831367 0.593054 1.523378
v -0.831367 0.581874 1.674017
v -0.831367 0.513648 1.767922
v -0.831367 0.403256 1.803791
v -0.831367 0.256535 1.767873
v -0.831367 0.177036 1.639432
v -0.831367 0.177036 1.523359
v -0.831367 0.245262 1.429454
v -0.831367 0.385074 1.375812
v -0.831367 0.524886 1.429553
v -0.781465 0.385074 1.305138
v -0.781465 0.217075 1.359724
v -0.781465 0.113246 1.502633
v -0.781465 0.113246 1.679277
v -0.781465 0.217075 1.822186
v -0.781465 0.385074 1.876772
v -0.781465 0.553073 1.822186
v -0.781465 0.656902 1.679277
v -0.781465 0.656902 1.502633
v -0.781465 0.553073 1.359724
v -0.781465 0.385074 1.222237
v -0.817702 0.385074 1.184135
v -0.817702 0.145951 1.261831
v -0.781465 0.168347 1.292656
v -0.817702 -0.001835 1.465241
v -0.781465 0.034403 1.477015
v -0.817702 -0.001835 1.716669
v -0.781465 0.034403 1.704895
v -0.817702 0.145951 1.920079
v -0.781465 0.168347 1.889254
v -0.817702 0.385074 1.997775
v -0.781465 0.385074 1.959673
v -0.817702 0.624197 1.920079
v -0.781465 0.601801 1.889254
v -0.817702 0.771983 1.716669
v -0.781465 0.735746 1.704895
v -0.817702 0.771983 1.465241
v -0.781465 0.735746 1.477015
v -0.817702 0.624197 1.261831
v -0.781465 0.601801 1.292656
v -0.831367 0.366834 1.616060
v -0.831367 0.524886 1.783389
v -0.831367 0.593054 1.639353
v -0.831367 0.366834 1.803711
v -0.831367 0.158854 1.517452
v -0.831367 0.188367 1.674048
v -0.831367 0.280224 1.409880
v -0.831367 0.403256 1.615981
v -0.831367 0.355654 1.581396
v -0.831367 0.158854 1.664458
v -0.831367 0.245262 1.783389
v -0.831367 0.611294 1.517452
v -0.831367 0.489924 1.409880
v -0.831367 0.611294 1.664458
v -0.831367 0.385074 1.828817
v -0.831367 0.414587 1.581365
v -0.831367 0.385074 1.554194
v -0.831367 0.385074 1.353093
v -0.831367 0.245262 1.398521
v -0.831367 0.524886 1.398521
v -0.831367 0.385074 1.590955
vn -0.0000 0.5878 -0.8090
vn -0.3686 -0.0000 -0.9296
vn -0.3686 0.5464 -0.7521
vn -0.0000 0.9511 -0.3090
vn -0.3686 0.8841 -0.2873
vn -0.3287 0.5551 -0.7641
vn -0.0000 0.3090 -0.9511
vn -0.0000 -0.0000 1.0000
vn -0.3686 0.5464 0.7520
vn -0.3686 -0.0000 0.9296
vn -0.0000 -0.9511 -0.3090
vn -0.3686 -0.8841 0.2873
vn -0.3686 -0.8841 -0.2873
vn -0.0000 -0.9511 0.3090
vn -0.3686 -0.5464 0.7521
vn -0.9022 0.4102 0.1333
vn -1.0000 -0.0000 -0.0000
vn -0.9022 0.2535 0.3490
vn -0.9022 0.2535 -0.3490
vn -0.9022 -0.0000 -0.4314
vn -0.9022 -0.2535 -0.3490
vn -0.9022 -0.4102 -0.1333
vn -0.9022 0.4102 -0.1333
vn -0.0000 0.9511 0.3090
vn -0.3686 0.8841 0.2873
vn -0.9022 -0.0000 0.4314
vn -0.9022 -0.2535 0.3490
vn -0.9022 -0.4102 0.1333
vn -0.0000 -0.5878 -0.8090
vn -0.3686 -0.5464 -0.7520
vn -0.0000 0.5878 0.8090
vn -0.6929 0.4238 0.5833
vn -0.6929 -0.0000 0.7210
vn -0.0000 -0.0000 -1.0000
vn -0.6929 -0.6857 -0.2228
vn -0.6929 -0.6857 0.2228
vn -0.6929 0.4238 -0.5833
vn -0.6929 -0.0000 -0.7210
vn -0.6929 0.6857 0.2228
vn -0.6929 -0.4238 0.5833
vn -0.6929 -0.4238 -0.5833
vn -0.6929 0.6857 -0.2228
vn -0.3616 -0.7543 0.5480
vn -0.0000 -0.8090 0.5878
vn -0.3141 -0.0000 0.9494
vn -0.0000 -0.3090 0.9511
vn -0.3001 -0.2948 0.9072
vn -0.3287 -0.8982 0.2918
vn -0.0000 -1.0000 -0.0000
vn -0.3142 -0.9493 -0.0000
vn -0.3289 0.8981 0.2918
vn -0.0000 0.8090 0.5878
vn -0.3145 0.7680 0.5580
vn -0.0000 0.3090 0.9511
vn -0.0000 1.0000 -0.0000
vn -0.0000 0.8090 -0.5878
vn -0.3142 0.7680 -0.5580
vn -0.3289 -0.5551 -0.7640
vn -0.0000 -0.3090 -0.9511
vn -0.3145 -0.2933 -0.9028
vn -0.3457 -0.7591 -0.5515
vn -0.0000 -0.8090 -0.5878
vn -0.3616 0.9323 -0.0000
vn -0.3614 0.7543 0.5481
vn -0.3457 0.7591 -0.5515
vn -0.3616 -0.2881 0.8867
vn -0.3614 -0.9324 -0.0000
vn -0.3616 -0.2881 -0.8867
vn -0.3614 0.2881 -0.8868
vn -0.3614 0.2881 0.8868
vn 0.3686 -0.0000 -0.9296
vn 0.3686 0.5464 -0.7521
vn 0.3686 0.8841 -0.2873
vn 0.3287 0.5551 -0.7641
vn 0.3142 0.2934 -0.9029
vn 0.3686 0.5464 0.7520
vn 0.3686 -0.0000 0.9296
vn 0.3686 -0.8841 0.2873
vn 0.3686 -0.8841 -0.2873
vn 0.3686 -0.5464 0.7521
vn -0.0000 -0.5878 0.8090
vn 0.9022 0.4102 0.1333
vn 1.0000 -0.0000 -0.0000
vn 0.9022 0.2535 -0.3490
vn 0.9022 -0.0000 -0.4314
vn 0.9022 -0.2535 -0.3490
vn 0.9022 -0.4102 -0.1333
vn 0.9022 0.4102 -0.1333
vn 0.3686 0.8841 0.2873
vn 0.9022 0.2535 0.3490
vn 0.9022 -0.2535 0.3490
vn 0.9022 -0.0000 0.4314
vn 0.9022 -0.4102 0.1333
vn 0.3686 -0.5464 -0.7520
vn 0.6929 -0.0000 0.7210
vn 0.6929 0.4238 0.5833
vn 0.6929 -0.6857 -0.2228
vn 0.6929 -0.6857 0.2228
vn 0.6929 0.4238 -0.5833
vn 0.6929 -0.0000 -0.7210
vn 0.6929 0.6857 0.2228
vn 0.6929 -0.4238 0.5833
vn 0.6929 -0.4238 -0.5833
vn 0.6929 0.6857 -0.2228
vn 0.3616 -0.7543 0.5480
vn 0.3141 -0.0000 0.9494
vn 0.3001 -0.2948 0.9072
vn 0.3287 -0.8982 0.2918
vn 0.3142 -0.9493 -0.0000
vn 0.3289 0.8981 0.2918
vn 0.3145 0.7680 0.5580
vn 0.3001 0.2948 0.9072
vn 0.3142 -0.7680 0.5580
vn 0.3145 0.9493 -0.0000
vn 0.3142 0.7680 -0.5580
vn 0.3289 -0.5551 -0.7640
vn 0.3145 -0.2933 -0.9028
vn 0.3457 -0.7591 -0.5515
vn 0.3616 0.9323 -0.0000
vn 0.3614 0.7543 0.5481
vn 0.3457 0.7591 -0.5515
vn 0.3616 -0.2881 0.8867
vn 0.3614 -0.9324 -0.0000
vn 0.3616 -0.2881 -0.8867
vn 0.3614 0.2881 -0.8868
vn 0.3145 -0.7680 -0.5580
vn 0.3614 0.2881 0.8868
vn -0.3142 0.2934 -0.9029
vn -0.3001 0.2948 0.9072
vn -0.3142 -0.7680 0.5580
vn -0.3145 0.9493 -0.0000
vn -0.3145 -0.7680 -0.5580
vt 0.992922 0.347738
vt 0.975777 0.375608
vt 0.975777 0.347738
vt 0.969168 0.356028
vt 0.982334 0.356028
vt 0.992922 0.375608
vt 0.990697 0.350349
vt 0.969168 0.356028
vt 0.969168 0.350349
vt 0.985856 0.356028
vt 0.990697 0.350349
vt 0.985856 0.356028
vt 0.969168 0.350348
vt 0.990697 0.350349
vt 0.990697 0.350349
vt 0.990697 0.350348
vt 0.969168 0.374303
vt 0.969168 0.349043
vt 0.969168 0.347738
vt 0.977838 0.528250
vt 0.975668 0.528250
vt 0.984262 0.356028
vt 0.971747 0.356028
vt 0.984511 0.356028
vt 0.971345 0.356028
vt 0.984515 0.356028
vt 0.971338 0.356028
vt 0.969168 0.356028
vt 0.981683 0.356028
vt 0.982334 0.356028
vt 0.982345 0.356028
vt 0.984511 0.356028
vt 0.971338 0.356028
vt 0.988845 0.528250
vt 0.975668 0.528250
vt 0.992356 0.528250
vt 0.977838 0.528250
vt 0.992356 0.528250
vt 0.991015 0.528250
vt 0.975668 0.528250
vt 0.977845 0.528250
vt 0.991011 0.528250
vt 0.988834 0.528250
vt 0.991011 0.528250
vt 0.988833 0.528250
vt 0.988183 0.528250
vt 0.978247 0.528250
vt 0.990762 0.528250
vt 0.982345 0.356028
vt 0.969168 0.374303
s 1
usemtl metallic
f 450/266/718 534/267/719 526/266/713
f 453/282/755 524/283/756 504/283/755
f 454/284/757 536/285/758 508/285/759
f 446/286/760 533/287/761 498/287/762
f 452/288/763 530/289/764 453/289/765
f 454/290/757 535/291/766 521/290/720
f 446/266/760 532/292/756 520/266/726
f 452/266/763 529/293/767 523/266/736
f 450/294/718 531/287/768 501/287/769
f 448/288/770 528/295/771 449/295/772
f 447/296/729 497/297/729 509/298/729
f 449/299/729 497/300/729 448/301/729
f 451/296/729 500/302/729 505/300/729
f 453/282/729 500/300/729 452/301/729
f 453/282/729 516/302/729 514/302/729
f 449/299/729 516/302/729 510/297/729
f 447/296/729 516/302/729 503/283/729
f 451/296/729 516/302/729 504/283/729
f 501/303/729 506/300/729 450/304/729
f 455/305/729 507/302/729 515/300/729
f 498/303/729 507/298/729 446/306/729
f 499/307/729 506/297/729 510/298/729
f 455/305/729 516/302/729 511/303/729
f 499/307/729 516/302/729 496/303/729
f 511/303/729 509/302/729 498/303/729
f 501/303/729 516/302/729 505/302/729
f 502/308/729 513/297/729 514/300/729
f 508/309/729 513/298/729 454/310/729
f 512/302/729 515/297/729 508/309/729
f 512/302/729 514/300/729 516/302/729
f 508/309/773 522/302/774 512/302/773
f 449/299/775 518/283/767 503/283/775
f 455/305/776 519/303/764 532/305/764
f 502/308/777 522/302/768 535/308/768
f 447/296/778 518/283/758 527/296/758
f 499/307/779 525/303/761 534/307/761
f 451/296/780 524/283/771 529/296/771
f 498/303/781 519/303/719 511/303/781
f 448/270/770 527/311/774 517/270/741
f 501/303/782 525/303/766 496/303/782
f 541/266/786 534/267/719 580/267/787
f 524/283/756 544/282/817 585/283/817
f 536/285/758 545/284/818 589/285/819
f 533/287/761 537/286/820 579/287/821
f 530/289/764 543/288/822 544/289/823
f 545/290/818 535/291/766 583/291/824
f 537/266/820 532/292/756 546/292/825
f 543/266/822 529/293/767 542/293/826
f 531/287/768 541/294/786 582/287/827
f 528/295/771 539/288/828 540/295/829
f 538/296/795 578/297/795 539/297/795
f 578/300/795 540/299/795 539/301/795
f 542/296/795 581/302/795 543/302/795
f 581/300/795 544/282/795 543/301/795
f 544/282/795 597/302/795 585/283/795
f 540/299/795 597/302/795 584/283/795
f 597/302/795 538/296/795 584/283/795
f 597/302/795 542/296/795 585/283/795
f 587/300/795 582/303/795 541/304/795
f 546/305/795 588/302/795 537/302/795
f 588/298/795 579/303/795 537/306/795
f 580/307/795 587/297/795 541/302/795
f 597/302/795 546/305/795 592/303/795
f 597/302/795 580/307/795 577/303/795
f 590/302/795 592/303/795 579/303/795
f 582/303/795 597/302/795 577/303/795
f 583/308/795 594/297/795 545/297/795
f 594/298/795 589/309/795 545/310/795
f 596/297/795 593/302/795 589/309/795
f 593/302/795 595/300/795 583/308/795
f 522/302/774 589/309/830 593/302/830
f 518/283/767 540/299/831 584/283/831
f 546/305/832 519/303/764 592/303/832
f 583/308/833 522/302/768 593/302/833
f 538/296/834 518/283/758 584/283/834
f 580/307/835 525/303/761 577/303/835
f 542/296/836 524/283/771 585/283/836
f 519/303/719 579/303/837 592/303/837
f 539/270/828 527/311/774 538/311/838
f 525/303/766 582/303/839 577/303/839
f 450/266/718 499/267/840 534/267/719
f 453/282/755 530/282/756 524/283/756
f 454/284/757 521/284/720 536/285/758
f 446/286/760 520/286/726 533/287/761
f 452/288/763 523/288/736 530/289/764
f 454/290/757 502/291/841 535/291/766
f 446/266/760 455/292/842 532/292/756
f 452/266/763 451/293/843 529/293/767
f 450/294/718 526/294/713 531/287/768
f 448/288/770 517/288/741 528/295/771
f 447/296/729 448/297/729 497/297/729
f 449/299/729 510/297/729 497/300/729
f 451/296/729 452/302/729 500/302/729
f 453/282/729 514/302/729 500/300/729
f 453/282/729 504/283/729 516/302/729
f 449/299/729 503/283/729 516/302/729
f 447/296/729 509/298/729 516/302/729
f 451/296/729 505/300/729 516/302/729
f 501/303/729 505/302/729 506/300/729
f 455/305/729 446/302/729 507/302/729
f 498/303/729 509/302/729 507/298/729
f 499/307/729 450/302/729 506/297/729
f 455/305/729 515/300/729 516/302/729
f 499/307/729 510/298/729 516/302/729
f 511/303/729 516/302/729 509/302/729
f 501/303/729 496/303/729 516/302/729
f 502/308/729 454/297/729 513/297/729
f 508/309/729 515/297/729 513/298/729
f 512/302/729 516/302/729 515/297/729
f 512/302/729 502/308/729 514/300/729
f 508/309/773 536/309/774 522/302/774
f 449/299/775 528/299/767 518/283/767
f 455/305/776 511/303/776 519/303/764
f 502/308/777 512/302/777 522/302/768
f 447/296/778 503/283/778 518/283/758
f 499/307/779 496/303/779 525/303/761
f 451/296/780 504/283/780 524/283/771
f 498/303/781 533/303/719 519/303/719
f 448/270/770 447/311/844 527/311/774
f 501/303/782 531/303/766 525/303/766
f 541/266/786 526/266/713 534/267/719
f 524/283/756 530/282/756 544/282/817
f 536/285/758 521/284/720 545/284/818
f 533/287/761 520/286/726 537/286/820
f 530/289/764 523/288/736 543/288/822
f 545/290/818 521/290/720 535/291/766
f 537/266/820 520/266/726 532/292/756
f 543/266/822 523/266/736 529/293/767
f 531/287/768 526/294/713 541/294/786
f 528/295/771 517/288/741 539/288/828
f 538/296/795 590/298/795 578/297/795
f 578/300/795 591/297/795 540/299/795
f 542/296/795 586/300/795 581/302/795
f 581/300/795 595/302/795 544/282/795
f 544/282/795 595/302/795 597/302/795
f 540/299/795 591/297/795 597/302/795
f 597/302/795 590/298/795 538/296/795
f 597/302/795 586/300/795 542/296/795
f 587/300/795 586/302/795 582/303/795
f 546/305/795 596/300/795 588/302/795
f 588/298/795 590/302/795 579/303/795
f 580/307/795 591/298/795 587/297/795
f 597/302/795 596/300/795 546/305/795
f 597/302/795 591/298/795 580/307/795
f 590/302/795 597/302/795 592/303/795
f 582/303/795 586/302/795 597/302/795
f 583/308/795 595/300/795 594/297/795
f 594/298/795 596/297/795 589/309/795
f 596/297/795 597/302/795 593/302/795
f 593/302/795 597/302/795 595/300/795
f 522/302/774 536/309/774 589/309/830
f 518/283/767 528/299/767 540/299/831
f 546/305/832 532/305/764 519/303/764
f 583/308/833 535/308/768 522/302/768
f 538/296/834 527/296/758 518/283/758
f 580/307/835 534/307/761 525/303/761
f 542/296/836 529/296/771 524/283/771
f 519/303/719 533/303/719 579/303/837
f 539/270/828 517/270/741 527/311/774
f 525/303/766 531/303/766 582/303/839
usemtl texture
f 458/263/713 477/264/714 494/265/715
f 465/263/716 494/264/715 492/265/717
f 462/263/720 488/264/721 486/265/722
f 459/263/723 482/264/724 480/265/725
f 460/263/726 484/264/727 482/265/724
f 484/265/727 462/268/720 486/264/722
f 491/269/728 472/270/729 489/271/730
f 466/272/729 495/271/731 476/273/732
f 468/274/729 479/275/733 481/276/734
f 495/277/731 474/266/729 493/271/735
f 493/278/735 473/266/729 491/271/728
f 464/263/736 492/264/717 490/265/737
f 489/269/730 471/270/729 487/271/738
f 471/272/729 485/271/739 487/273/738
f 470/274/729 483/271/740 485/276/739
f 469/274/729 481/271/734 483/269/740
f 457/263/741 480/264/725 478/265/742
f 463/263/743 490/264/737 488/265/721
f 467/274/744 513/270/745 466/270/745
f 479/269/733 466/270/729 476/271/732
f 477/265/714 479/279/733 476/280/732
f 480/263/725 479/275/733 478/281/742
f 482/264/724 481/280/734 480/265/725
f 484/263/727 483/271/740 482/281/724
f 486/263/722 485/271/739 484/281/727
f 488/263/721 487/271/738 486/281/722
f 490/264/737 489/280/730 488/265/721
f 492/264/717 491/280/728 490/265/737
f 494/263/715 493/271/735 492/281/717
f 477/264/714 495/280/731 494/265/715
f 456/263/746 478/264/742 477/265/714
f 473/266/747 507/272/748 509/266/747
f 470/270/749 510/272/750 506/270/749
f 468/274/751 514/266/744 467/266/744
f 474/266/748 515/274/752 507/266/748
f 471/270/750 497/274/753 510/270/750
f 469/274/754 500/266/751 468/266/751
f 466/272/745 515/270/752 475/270/752
f 472/270/753 509/272/747 497/270/753
f 470/274/749 505/266/754 469/266/754
f 558/264/783 458/263/713 575/265/784
f 575/264/784 465/263/716 573/265/785
f 569/264/788 462/263/720 567/265/789
f 563/264/790 459/263/723 561/265/791
f 565/264/792 460/263/726 563/265/790
f 565/265/792 462/268/720 461/263/793
f 572/269/794 553/270/795 554/272/795
f 576/271/796 547/272/795 557/273/797
f 560/275/798 549/274/795 562/276/799
f 576/277/796 555/266/795 556/274/795
f 574/278/800 554/266/795 555/272/795
f 573/264/785 464/263/736 571/265/801
f 570/269/802 552/270/795 553/274/795
f 566/271/803 552/272/795 568/273/804
f 564/271/805 551/274/795 566/276/803
f 562/271/799 550/274/795 564/269/805
f 561/264/791 457/263/741 559/265/806
f 571/264/801 463/263/743 569/265/788
f 594/270/807 548/274/808 547/270/807
f 560/269/798 547/270/795 548/274/795
f 558/265/783 560/279/798 559/264/806
f 560/275/798 561/263/791 559/281/806
f 562/280/799 563/264/790 561/265/791
f 564/271/805 565/263/792 563/281/790
f 566/271/803 567/263/789 565/281/792
f 568/271/804 569/263/788 567/281/789
f 570/280/802 571/264/801 569/265/788
f 572/280/794 573/264/785 571/265/801
f 574/271/800 575/263/784 573/281/785
f 576/280/796 558/264/783 575/265/784
f 559/264/806 456/263/746 558/265/783
f 554/266/809 588/272/810 555/272/810
f 551/270/811 591/272/812 552/272/812
f 595/266/808 549/274/813 548/266/808
f 555/266/810 596/274/814 556/274/814
f 552/270/812 578/274/815 553/274/815
f 581/266/813 550/274/816 549/266/813
f 596/270/814 547/272/807 556/270/814
f 553/270/815 590/272/809 554/272/809
f 586/266/816 551/274/811 550/266/816
f 458/263/713 456/268/746 477/264/714
f 465/263/716 458/268/713 494/264/715
f 462/263/720 463/268/743 488/264/721
f 459/263/723 460/268/726 482/264/724
f 460/263/726 461/268/793 484/264/727
f 484/265/727 461/263/793 462/268/720
f 491/269/728 473/272/729 472/270/729
f 466/272/729 475/270/729 495/271/731
f 468/274/729 467/266/729 479/275/733
f 495/277/731 475/274/729 474/266/729
f 493/278/735 474/272/729 473/266/729
f 464/263/736 465/268/716 492/264/717
f 489/269/730 472/274/729 471/270/729
f 471/272/729 470/270/729 485/271/739
f 470/274/729 469/266/729 483/271/740
f 469/274/729 468/266/729 481/271/734
f 457/263/741 459/268/723 480/264/725
f 463/263/743 464/268/736 490/264/737
f 467/274/744 514/274/744 513/270/745
f 479/269/733 467/274/729 466/270/729
f 477/265/714 478/264/742 479/279/733
f 480/263/725 481/276/734 479/275/733
f 482/264/724 483/279/740 481/280/734
f 484/263/727 485/276/739 483/271/740
f 486/263/722 487/273/738 485/271/739
f 488/263/721 489/269/730 487/271/738
f 490/264/737 491/312/728 489/280/730
f 492/264/717 493/279/735 491/280/728
f 494/263/715 495/277/731 493/271/735
f 477/264/714 476/279/732 495/280/731
f 456/263/746 457/268/741 478/264/742
f 473/266/747 474/272/748 507/272/748
f 470/270/749 471/272/750 510/272/750
f 468/274/751 500/274/751 514/266/744
f 474/266/748 475/274/752 515/274/752
f 471/270/750 472/274/753 497/274/753
f 469/274/754 505/274/754 500/266/751
f 466/272/745 513/272/745 515/270/752
f 472/270/753 473/272/747 509/272/747
f 470/274/749 506/274/749 505/266/754
f 558/264/783 456/268/746 458/263/713
f 575/264/784 458/268/713 465/263/716
f 569/264/788 463/268/743 462/263/720
f 563/264/790 460/268/726 459/263/723
f 565/264/792 461/268/793 460/263/726
f 565/265/792 567/264/789 462/268/720
f 572/269/794 570/271/802 553/270/795
f 576/271/796 556/270/795 547/272/795
f 560/275/798 548/266/795 549/274/795
f 576/277/796 574/271/800 555/266/795
f 574/278/800 572/271/794 554/266/795
f 573/264/785 465/268/716 464/263/736
f 570/269/802 568/271/804 552/270/795
f 566/271/803 551/270/795 552/272/795
f 564/271/805 550/266/795 551/274/795
f 562/271/799 549/266/795 550/274/795
f 561/264/791 459/268/723 457/263/741
f 571/264/801 464/268/736 463/263/743
f 594/270/807 595/274/808 548/274/808
f 560/269/798 557/271/797 547/270/795
f 558/265/783 557/280/797 560/279/798
f 560/275/798 562/276/799 561/263/791
f 562/280/799 564/279/805 563/264/790
f 564/271/805 566/276/803 565/263/792
f 566/271/803 568/273/804 567/263/789
f 568/271/804 570/269/802 569/263/788
f 570/280/802 572/312/794 571/264/801
f 572/280/794 574/279/800 573/264/785
f 574/271/800 576/277/796 575/263/784
f 576/280/796 557/279/797 558/264/783
f 559/264/806 457/268/741 456/263/746
f 554/266/809 590/266/809 588/272/810
f 551/270/811 587/270/811 591/272/812
f 595/266/808 581/274/813 549/274/813
f 555/266/810 588/266/810 596/274/814
f 552/270/812 591/270/812 578/274/815
f 581/266/813 586/274/816 550/274/816
f 596/270/814 594/272/807 547/272/807
f 553/270/815 578/270/815 590/272/809
f 586/266/816 587/274/811 551/274/811
o wheel1.002
v -0.961407 0.593054 -1.503054
v -0.961407 0.581874 -1.352415
v -0.961407 0.513648 -1.258510
v -0.961407 0.403256 -1.222642
v -0.961407 0.256535 -1.258560
v -0.961407 0.177036 -1.387000
v -0.961407 0.177036 -1.503073
v -0.961407 0.245262 -1.596978
v -0.961407 0.385074 -1.650620
v -0.961407 0.524886 -1.596880
v -0.909105 0.385074 -1.842298
v -0.909105 0.145951 -1.764602
v -0.909105 0.624197 -1.764602
v -0.909105 -0.001835 -1.561192
v -0.909105 -0.001835 -1.309763
v -0.909105 0.145951 -1.106354
v -0.909105 0.385074 -1.028658
v -0.909105 0.624197 -1.106354
v -0.909105 0.771983 -1.309763
v -0.909105 0.771983 -1.561192
v -1.036744 0.385074 -1.721295
v -1.036744 0.217075 -1.666709
v -1.036744 0.113246 -1.523800
v -1.036744 0.113246 -1.347155
v -1.036744 0.217075 -1.204247
v -1.036744 0.385074 -1.149661
v -1.036744 0.553073 -1.204247
v -1.036744 0.656902 -1.347155
v -1.036744 0.656902 -1.523800
v -1.036744 0.553073 -1.666709
v -1.036744 0.385074 -1.804196
v -1.000507 0.385074 -1.842298
v -1.000507 0.145951 -1.764602
v -1.036744 0.168347 -1.733777
v -1.000507 -0.001835 -1.561192
v -1.036744 0.034403 -1.549418
v -1.000507 -0.001835 -1.309763
v -1.036744 0.034403 -1.321538
v -1.000507 0.145951 -1.106354
v -1.036744 0.168347 -1.137179
v -1.000507 0.385074 -1.028658
v -1.036744 0.385074 -1.066760
v -1.000507 0.624197 -1.106354
v -1.036744 0.601801 -1.137179
v -1.000507 0.771983 -1.309763
v -1.036744 0.735746 -1.321538
v -1.000507 0.771983 -1.561192
v -1.036744 0.735746 -1.549418
v -1.000507 0.624197 -1.764602
v -1.036744 0.601801 -1.733777
v -0.961407 0.366834 -1.410372
v -0.961407 0.524886 -1.243043
v -0.961407 0.593054 -1.387080
v -0.961407 0.366834 -1.222721
v -0.961407 0.158854 -1.508981
v -0.961407 0.188367 -1.352385
v -0.961407 0.280224 -1.616552
v -0.961407 0.403256 -1.410452
v -0.961407 0.355654 -1.445037
v -0.961407 0.158854 -1.361974
v -0.961407 0.245262 -1.243043
v -0.961407 0.611294 -1.508981
v -0.961407 0.489924 -1.616552
v -0.961407 0.611294 -1.361974
v -0.961407 0.385074 -1.197616
v -0.961407 0.414587 -1.445067
v -0.961407 0.385074 -1.472238
v -0.961407 0.385074 -1.673339
v -0.961407 0.245262 -1.627912
v -0.961407 0.524886 -1.627912
v -0.961407 0.385074 -1.435478
v -0.909105 0.497732 -1.280417
v -0.909105 0.433409 -1.368950
v -0.909105 0.463334 -1.460906
v -0.909105 0.567322 -1.494694
v -0.909105 0.385074 -1.624901
v -0.909105 0.385074 -1.520962
v -0.909105 0.202790 -1.494705
v -0.909105 0.306866 -1.460889
v -0.909105 0.336707 -1.368906
v -0.909105 0.272438 -1.280448
v -0.909105 0.537486 -1.335134
v -0.909105 0.433409 -1.259518
v -0.909105 0.202790 -1.427072
v -0.909105 0.242544 -1.549422
v -0.909105 0.232718 -1.335118
v -0.909105 0.527602 -1.549364
v -0.909105 0.567322 -1.427118
v -0.909105 0.336707 -1.259566
v -0.909105 0.323980 -1.605050
v -0.909105 0.446168 -1.605050
v -0.856802 0.593054 -1.503054
v -0.856802 0.581874 -1.352415
v -0.856802 0.513648 -1.258510
v -0.856803 0.403256 -1.222642
v -0.856803 0.256535 -1.258560
v -0.856803 0.177036 -1.387000
v -0.856803 0.177036 -1.503073
v -0.856803 0.245262 -1.596978
v -0.856803 0.385074 -1.650620
v -0.856802 0.524886 -1.596880
v -0.781465 0.385074 -1.721295
v -0.781465 0.217075 -1.666709
v -0.781465 0.113246 -1.523800
v -0.781465 0.113246 -1.347155
v -0.781465 0.217075 -1.204247
v -0.781465 0.385074 -1.149661
v -0.781465 0.553073 -1.204247
v -0.781465 0.656902 -1.347155
v -0.781465 0.656902 -1.523800
v -0.781465 0.553073 -1.666709
v -0.781465 0.385074 -1.804196
v -0.817702 0.385074 -1.842298
v -0.817702 0.145951 -1.764602
v -0.781465 0.168347 -1.733777
v -0.817702 -0.001835 -1.561192
v -0.781465 0.034403 -1.549418
v -0.817702 -0.001835 -1.309763
v -0.781465 0.034403 -1.321538
v -0.817702 0.145951 -1.106354
v -0.781465 0.168347 -1.137179
v -0.817702 0.385074 -1.028658
v -0.781465 0.385074 -1.066760
v -0.817702 0.624197 -1.106354
v -0.781465 0.601801 -1.137179
v -0.817702 0.771983 -1.309763
v -0.781465 0.735746 -1.321538
v -0.817702 0.771983 -1.561192
v -0.781465 0.735746 -1.549418
v -0.817702 0.624197 -1.764602
v -0.781465 0.601801 -1.733777
v -0.856802 0.366834 -1.410372
v -0.856803 0.524886 -1.243043
v -0.856802 0.593054 -1.387080
v -0.856803 0.366834 -1.222721
v -0.856803 0.158854 -1.508981
v -0.856803 0.188367 -1.352385
v -0.856803 0.280224 -1.616552
v -0.856802 0.403256 -1.410452
v -0.856802 0.355654 -1.445037
v -0.856803 0.158854 -1.361974
v -0.856803 0.245262 -1.243043
v -0.856803 0.611294 -1.508981
v -0.856803 0.489924 -1.616552
v -0.856803 0.611294 -1.361974
v -0.856803 0.385074 -1.197616
v -0.856802 0.414587 -1.445067
v -0.856802 0.385074 -1.472238
v -0.856803 0.385074 -1.673339
v -0.856803 0.245262 -1.627912
v -0.856803 0.524886 -1.627912
v -0.856802 0.385074 -1.435478
vn -0.0000 0.5878 -0.8090
vn -0.3686 -0.0000 -0.9296
vn -0.3686 0.5464 -0.7521
vn -0.0000 0.9511 -0.3090
vn -0.3686 0.8841 -0.2873
vn -0.4595 0.5221 -0.7186
vn -0.4414 0.2773 -0.8534
vn -0.0000 -0.0000 1.0000
vn -0.3686 0.5464 0.7520
vn -0.3686 -0.0000 0.9296
vn -0.0000 -0.9511 -0.3090
vn -0.3686 -0.8841 0.2873
vn -0.3686 -0.8841 -0.2873
vn -0.0000 -0.9511 0.3090
vn -0.3686 -0.5464 0.7521
vn -0.9022 0.4102 0.1333
vn -1.0000 -0.0000 -0.0000
vn -0.9022 0.2535 0.3490
vn -0.9022 0.2535 -0.3490
vn -0.9022 -0.0000 -0.4314
vn -0.9022 -0.2535 -0.3490
vn -0.9022 -0.4102 -0.1333
vn -0.9022 0.4102 -0.1333
vn -0.0000 0.9511 0.3090
vn -0.3686 0.8841 0.2873
vn -0.9022 -0.0000 0.4314
vn -0.9022 -0.2535 0.3490
vn -0.9022 -0.4102 0.1333
vn -0.0000 -0.5878 -0.8090
vn -0.3686 -0.5464 -0.7520
vn -0.0000 0.5878 0.8090
vn -0.5370 0.4959 0.6825
vn -0.5370 -0.0000 0.8436
vn -0.0000 -0.0000 -1.0000
vn -0.5370 -0.8023 -0.2607
vn -0.5370 -0.8023 0.2607
vn -0.5370 0.4959 -0.6825
vn -0.5370 -0.0000 -0.8436
vn -0.5370 0.8023 0.2607
vn -0.5370 -0.4959 0.6825
vn -0.5370 -0.4959 -0.6825
vn -0.5370 0.8023 -0.2607
vn -0.4995 -0.7009 0.5092
vn -0.4413 -0.0000 0.8974
vn -0.4236 -0.2799 0.8615
vn -0.4595 -0.8447 0.2745
vn -0.4414 -0.8973 -0.0000
vn -0.4598 0.8446 0.2744
vn -0.4417 0.7258 0.5273
vn -0.4236 0.2799 0.8615
vn -0.4414 -0.7259 0.5274
vn -0.4417 0.8971 -0.0000
vn -0.4414 0.7259 -0.5274
vn -0.4598 -0.5220 -0.7184
vn -0.4417 -0.2772 -0.8532
vn -0.4803 -0.7096 -0.5156
vn -0.4995 0.8663 -0.0000
vn -0.4991 0.7010 0.5093
vn -0.4803 0.7096 -0.5156
vn -0.4995 -0.2677 0.8239
vn -0.4991 -0.8665 -0.0000
vn -0.4995 -0.2677 -0.8239
vn -0.4991 0.2678 -0.8241
vn -0.4417 -0.7258 -0.5273
vn -0.4991 0.2678 0.8241
vn 0.3686 -0.0000 -0.9296
vn 0.3686 0.5464 -0.7521
vn 0.3686 0.8841 -0.2873
vn 0.4595 0.5221 -0.7186
vn 0.4414 0.2773 -0.8534
vn 0.3686 0.5464 0.7520
vn 0.3686 -0.0000 0.9296
vn 0.3686 -0.8841 0.2873
vn 0.3686 -0.8841 -0.2873
vn 0.3686 -0.5464 0.7521
vn -0.0000 -0.5878 0.8090
vn 0.9022 0.4102 0.1333
vn 1.0000 -0.0000 -0.0000
vn 0.9022 0.2535 -0.3490
vn 0.9022 -0.0000 -0.4314
vn 0.9022 -0.2535 -0.3490
vn 0.9022 -0.4102 -0.1333
vn 0.9022 0.4102 -0.1333
vn 0.3686 0.8841 0.2873
vn 0.9022 0.2535 0.3490
vn 0.9022 -0.2535 0.3490
vn 0.9022 -0.0000 0.4314
vn 0.9022 -0.4102 0.1333
vn 0.3686 -0.5464 -0.7520
vn 0.5370 -0.0000 0.8436
vn 0.5370 0.4959 0.6825
vn 0.5370 -0.8023 -0.2607
vn 0.5370 -0.8023 0.2607
vn 0.5370 0.4959 -0.6825
vn 0.5370 -0.0000 -0.8436
vn 0.5370 0.8023 0.2607
vn 0.5370 -0.4959 0.6825
vn 0.5370 -0.4959 -0.6825
vn 0.5370 0.8023 -0.2607
vn 0.4995 -0.7009 0.5092
vn 0.4236 -0.2799 0.8615
vn 0.4413 -0.0000 0.8974
vn 0.4414 -0.8973 -0.0000
vn 0.4595 -0.8447 0.2745
vn 0.4417 0.7258 0.5273
vn 0.4598 0.8446 0.2744
vn 0.4236 0.2799 0.8615
vn 0.4414 -0.7259 0.5274
vn 0.4417 0.8971 -0.0000
vn 0.4414 0.7259 -0.5274
vn 0.4417 -0.2772 -0.8532
vn 0.4598 -0.5220 -0.7184
vn 0.4803 -0.7096 -0.5156
vn 0.4995 0.8663 -0.0000
vn 0.4991 0.7010 0.5093
vn 0.4803 0.7096 -0.5156
vn 0.4995 -0.2677 0.8239
vn 0.4991 -0.8665 -0.0000
vn 0.4995 -0.2677 -0.8239
vn 0.4991 0.2678 -0.8241
vn 0.4417 -0.7258 -0.5273
vn 0.4991 0.2678 0.8241
vt 0.992922 0.347738
vt 0.975777 0.375608
vt 0.975777 0.347738
vt 0.969168 0.356028
vt 0.982334 0.356028
vt 0.992922 0.375608
vt 0.990697 0.350349
vt 0.969168 0.356028
vt 0.969168 0.350349
vt 0.985856 0.356028
vt 0.990697 0.350349
vt 0.985856 0.356028
vt 0.969168 0.350348
vt 0.990697 0.350349
vt 0.990697 0.350349
vt 0.990697 0.350348
vt 0.969168 0.374303
vt 0.969168 0.349043
vt 0.969168 0.347738
vt 0.977838 0.528250
vt 0.975668 0.528250
vt 0.984262 0.356028
vt 0.971747 0.356028
vt 0.984511 0.356028
vt 0.971345 0.356028
vt 0.984515 0.356028
vt 0.971338 0.356028
vt 0.969168 0.356028
vt 0.981683 0.356028
vt 0.982334 0.356028
vt 0.982345 0.356028
vt 0.984511 0.356028
vt 0.971338 0.356028
vt 0.988845 0.528250
vt 0.975668 0.528250
vt 0.992356 0.528250
vt 0.977838 0.528250
vt 0.992356 0.528250
vt 0.991015 0.528250
vt 0.975668 0.528250
vt 0.977845 0.528250
vt 0.991011 0.528250
vt 0.988834 0.528250
vt 0.991011 0.528250
vt 0.988833 0.528250
vt 0.988183 0.528250
vt 0.978247 0.528250
vt 0.990762 0.528250
vt 0.982345 0.356028
vt 0.969168 0.374303
s 1
usemtl metallic
f 602/316/850 686/317/851 678/316/850
f 605/332/887 676/333/887 656/333/887
f 606/334/888 688/335/889 660/335/889
f 598/336/890 685/337/891 650/337/891
f 604/338/892 682/339/893 605/339/893
f 606/340/888 687/341/894 673/340/888
f 598/316/890 684/342/895 672/316/890
f 604/316/892 681/343/896 675/316/892
f 602/344/850 683/337/897 653/337/897
f 600/338/898 680/345/899 601/345/899
f 599/346/861 649/347/861 661/348/861
f 601/349/861 649/350/861 600/351/861
f 603/346/861 652/352/861 657/350/861
f 605/332/861 652/350/861 604/351/861
f 605/332/861 668/352/861 666/352/861
f 601/349/861 668/352/861 662/347/861
f 599/346/861 668/352/861 655/333/861
f 603/346/861 668/352/861 656/333/861
f 653/353/861 658/350/861 602/354/861
f 607/355/861 659/352/861 667/350/861
f 650/353/861 659/348/861 598/356/861
f 651/357/861 658/347/861 662/348/861
f 607/355/861 668/352/861 663/353/861
f 651/357/861 668/352/861 648/353/861
f 663/353/861 661/352/861 650/353/861
f 653/353/861 668/352/861 657/352/861
f 654/358/861 665/347/861 666/350/861
f 660/359/861 665/348/861 606/360/861
f 664/352/861 667/347/861 660/359/861
f 664/352/861 666/350/861 668/352/861
f 660/359/900 674/352/900 664/352/900
f 601/349/901 670/333/901 655/333/901
f 607/355/902 671/353/902 684/355/902
f 654/358/903 674/352/903 687/358/903
f 599/346/904 670/333/904 679/346/904
f 651/357/905 677/353/905 686/357/905
f 603/346/906 676/333/906 681/346/906
f 650/353/907 671/353/907 663/353/907
f 600/320/898 679/361/908 669/320/898
f 653/353/909 677/353/909 648/353/909
f 693/316/913 686/317/914 732/317/914
f 676/333/944 696/332/944 737/333/944
f 688/335/945 697/334/946 741/335/945
f 685/337/947 689/336/948 731/337/947
f 682/339/949 695/338/950 696/339/949
f 697/340/946 687/341/951 735/341/951
f 689/316/948 684/342/952 698/342/952
f 695/316/950 681/343/953 694/343/953
f 683/337/954 693/344/913 734/337/954
f 680/345/955 691/338/956 692/345/955
f 690/346/922 730/347/922 691/347/922
f 730/350/922 692/349/922 691/351/922
f 694/346/922 733/352/922 695/352/922
f 733/350/922 696/332/922 695/351/922
f 696/332/922 749/352/922 737/333/922
f 692/349/922 749/352/922 736/333/922
f 749/352/922 690/346/922 736/333/922
f 749/352/922 694/346/922 737/333/922
f 739/350/922 734/353/922 693/354/922
f 698/355/922 740/352/922 689/352/922
f 740/348/922 731/353/922 689/356/922
f 732/357/922 739/347/922 693/352/922
f 749/352/922 698/355/922 744/353/922
f 749/352/922 732/357/922 729/353/922
f 742/352/922 744/353/922 731/353/922
f 734/353/922 749/352/922 729/353/922
f 735/358/922 746/347/922 697/347/922
f 746/348/922 741/359/922 697/360/922
f 748/347/922 745/352/922 741/359/922
f 745/352/922 747/350/922 735/358/922
f 674/352/957 741/359/957 745/352/957
f 670/333/958 692/349/958 736/333/958
f 698/355/959 671/353/959 744/353/959
f 735/358/960 674/352/960 745/352/960
f 690/346/961 670/333/961 736/333/961
f 732/357/962 677/353/962 729/353/962
f 694/346/963 676/333/963 737/333/963
f 671/353/964 731/353/964 744/353/964
f 691/320/956 679/361/965 690/361/965
f 677/353/966 734/353/966 729/353/966
f 602/316/850 651/317/851 686/317/851
f 605/332/887 682/332/887 676/333/887
f 606/334/888 673/334/888 688/335/889
f 598/336/890 672/336/890 685/337/891
f 604/338/892 675/338/892 682/339/893
f 606/340/888 654/341/894 687/341/894
f 598/316/890 607/342/895 684/342/895
f 604/316/892 603/343/896 681/343/896
f 602/344/850 678/344/850 683/337/897
f 600/338/898 669/338/898 680/345/899
f 599/346/861 600/347/861 649/347/861
f 601/349/861 662/347/861 649/350/861
f 603/346/861 604/352/861 652/352/861
f 605/332/861 666/352/861 652/350/861
f 605/332/861 656/333/861 668/352/861
f 601/349/861 655/333/861 668/352/861
f 599/346/861 661/348/861 668/352/861
f 603/346/861 657/350/861 668/352/861
f 653/353/861 657/352/861 658/350/861
f 607/355/861 598/352/861 659/352/861
f 650/353/861 661/352/861 659/348/861
f 651/357/861 602/352/861 658/347/861
f 607/355/861 667/350/861 668/352/861
f 651/357/861 662/348/861 668/352/861
f 663/353/861 668/352/861 661/352/861
f 653/353/861 648/353/861 668/352/861
f 654/358/861 606/347/861 665/347/861
f 660/359/861 667/347/861 665/348/861
f 664/352/861 668/352/861 667/347/861
f 664/352/861 654/358/861 666/350/861
f 660/359/900 688/359/900 674/352/900
f 601/349/901 680/349/901 670/333/901
f 607/355/902 663/353/902 671/353/902
f 654/358/903 664/352/903 674/352/903
f 599/346/904 655/333/904 670/333/904
f 651/357/905 648/353/905 677/353/905
f 603/346/906 656/333/906 676/333/906
f 650/353/907 685/353/907 671/353/907
f 600/320/898 599/361/908 679/361/908
f 653/353/909 683/353/909 677/353/909
f 693/316/913 678/316/913 686/317/914
f 676/333/944 682/332/944 696/332/944
f 688/335/945 673/334/946 697/334/946
f 685/337/947 672/336/948 689/336/948
f 682/339/949 675/338/950 695/338/950
f 697/340/946 673/340/946 687/341/951
f 689/316/948 672/316/948 684/342/952
f 695/316/950 675/316/950 681/343/953
f 683/337/954 678/344/913 693/344/913
f 680/345/955 669/338/956 691/338/956
f 690/346/922 742/348/922 730/347/922
f 730/350/922 743/347/922 692/349/922
f 694/346/922 738/350/922 733/352/922
f 733/350/922 747/352/922 696/332/922
f 696/332/922 747/352/922 749/352/922
f 692/349/922 743/347/922 749/352/922
f 749/352/922 742/348/922 690/346/922
f 749/352/922 738/350/922 694/346/922
f 739/350/922 738/352/922 734/353/922
f 698/355/922 748/350/922 740/352/922
f 740/348/922 742/352/922 731/353/922
f 732/357/922 743/348/922 739/347/922
f 749/352/922 748/350/922 698/355/922
f 749/352/922 743/348/922 732/357/922
f 742/352/922 749/352/922 744/353/922
f 734/353/922 738/352/922 749/352/922
f 735/358/922 747/350/922 746/347/922
f 746/348/922 748/347/922 741/359/922
f 748/347/922 749/352/922 745/352/922
f 745/352/922 749/352/922 747/350/922
f 674/352/957 688/359/957 741/359/957
f 670/333/958 680/349/958 692/349/958
f 698/355/959 684/355/959 671/353/959
f 735/358/960 687/358/960 674/352/960
f 690/346/961 679/346/961 670/333/961
f 732/357/962 686/357/962 677/353/962
f 694/346/963 681/346/963 676/333/963
f 671/353/964 685/353/964 731/353/964
f 691/320/956 669/320/956 679/361/965
f 677/353/966 683/353/966 734/353/966
usemtl texture
f 610/313/845 629/314/846 646/315/847
f 617/313/848 646/314/847 644/315/849
f 614/313/852 640/314/853 638/315/854
f 611/313/855 634/314/856 632/315/857
f 612/313/858 636/314/859 634/315/856
f 636/315/859 614/318/852 638/314/854
f 643/319/860 624/320/861 641/321/862
f 618/322/861 647/321/863 628/323/864
f 620/324/861 631/325/865 633/326/866
f 647/327/863 626/316/861 645/321/867
f 645/328/867 625/316/861 643/321/860
f 616/313/868 644/314/849 642/315/869
f 641/319/862 623/320/861 639/321/870
f 623/322/861 637/321/871 639/323/870
f 622/324/861 635/321/872 637/326/871
f 621/324/861 633/321/866 635/319/872
f 609/313/873 632/314/857 630/315/874
f 615/313/875 642/314/869 640/315/853
f 619/324/876 665/320/877 618/320/877
f 631/319/865 618/320/861 628/321/864
f 629/315/846 631/329/865 628/330/864
f 632/313/857 631/325/865 630/331/874
f 634/314/856 633/330/866 632/315/857
f 636/313/859 635/321/872 634/331/856
f 638/313/854 637/321/871 636/331/859
f 640/313/853 639/321/870 638/331/854
f 642/314/869 641/330/862 640/315/853
f 644/314/849 643/330/860 642/315/869
f 646/313/847 645/321/867 644/331/849
f 629/314/846 647/330/863 646/315/847
f 608/313/878 630/314/874 629/315/846
f 625/316/879 659/322/880 661/316/879
f 622/320/881 662/322/882 658/320/881
f 620/324/883 666/316/876 619/316/876
f 627/324/884 659/316/880 626/316/880
f 623/320/882 649/324/885 662/320/882
f 621/324/886 652/316/883 620/316/883
f 618/322/877 667/320/884 627/320/884
f 624/320/885 661/322/879 649/320/885
f 622/324/881 657/316/886 621/316/886
f 710/314/910 610/313/845 727/315/911
f 727/314/911 617/313/848 725/315/912
f 721/314/915 614/313/852 719/315/916
f 715/314/917 611/313/855 713/315/918
f 717/314/919 612/313/858 715/315/917
f 717/315/919 614/318/852 613/313/920
f 724/319/921 705/320/922 706/322/922
f 728/321/923 699/322/922 709/323/924
f 712/325/925 701/324/922 714/326/926
f 728/327/923 707/316/922 708/324/922
f 726/328/927 706/316/922 707/322/922
f 725/314/912 616/313/868 723/315/928
f 722/319/929 704/320/922 705/324/922
f 718/321/930 704/322/922 720/323/931
f 716/321/932 703/324/922 718/326/930
f 714/321/926 702/324/922 716/319/932
f 713/314/918 609/313/873 711/315/933
f 723/314/928 615/313/875 721/315/915
f 746/320/934 700/324/935 699/320/934
f 712/319/925 699/320/922 700/324/922
f 710/315/910 712/329/925 711/314/933
f 712/325/925 713/313/918 711/331/933
f 714/330/926 715/314/917 713/315/918
f 716/321/932 717/313/919 715/331/917
f 718/321/930 719/313/916 717/331/919
f 720/321/931 721/313/915 719/331/916
f 722/330/929 723/314/928 721/315/915
f 724/330/921 725/314/912 723/315/928
f 726/321/927 727/313/911 725/331/912
f 728/330/923 710/314/910 727/315/911
f 711/314/933 608/313/878 710/315/910
f 706/316/936 740/322/937 707/322/937
f 703/320/938 743/322/939 704/322/939
f 747/316/935 701/324/940 700/316/935
f 740/316/937 708/324/941 707/316/937
f 704/320/939 730/324/942 705/324/942
f 733/316/940 702/324/943 701/316/940
f 748/320/941 699/322/934 708/320/941
f 705/320/942 742/322/936 706/322/936
f 738/316/943 703/324/938 702/316/943
f 610/313/845 608/318/878 629/314/846
f 617/313/848 610/318/845 646/314/847
f 614/313/852 615/318/875 640/314/853
f 611/313/855 612/318/858 634/314/856
f 612/313/858 613/318/920 636/314/859
f 636/315/859 613/313/920 614/318/852
f 643/319/860 625/322/861 624/320/861
f 618/322/861 627/320/861 647/321/863
f 620/324/861 619/316/861 631/325/865
f 647/327/863 627/324/861 626/316/861
f 645/328/867 626/322/861 625/316/861
f 616/313/868 617/318/848 644/314/849
f 641/319/862 624/324/861 623/320/861
f 623/322/861 622/320/861 637/321/871
f 622/324/861 621/316/861 635/321/872
f 621/324/861 620/316/861 633/321/866
f 609/313/873 611/318/855 632/314/857
f 615/313/875 616/318/868 642/314/869
f 619/324/876 666/324/876 665/320/877
f 631/319/865 619/324/861 618/320/861
f 629/315/846 630/314/874 631/329/865
f 632/313/857 633/326/866 631/325/865
f 634/314/856 635/329/872 633/330/866
f 636/313/859 637/326/871 635/321/872
f 638/313/854 639/323/870 637/321/871
f 640/313/853 641/319/862 639/321/870
f 642/314/869 643/362/860 641/330/862
f 644/314/849 645/329/867 643/330/860
f 646/313/847 647/327/863 645/321/867
f 629/314/846 628/329/864 647/330/863
f 608/313/878 609/318/873 630/314/874
f 625/316/879 626/322/880 659/322/880
f 622/320/881 623/322/882 662/322/882
f 620/324/883 652/324/883 666/316/876
f 627/324/884 667/324/884 659/316/880
f 623/320/882 624/324/885 649/324/885
f 621/324/886 657/324/886 652/316/883
f 618/322/877 665/322/877 667/320/884
f 624/320/885 625/322/879 661/322/879
f 622/324/881 658/324/881 657/316/886
f 710/314/910 608/318/878 610/313/845
f 727/314/911 610/318/845 617/313/848
f 721/314/915 615/318/875 614/313/852
f 715/314/917 612/318/858 611/313/855
f 717/314/919 613/318/920 612/313/858
f 717/315/919 719/314/916 614/318/852
f 724/319/921 722/321/929 705/320/922
f 728/321/923 708/320/922 699/322/922
f 712/325/925 700/316/922 701/324/922
f 728/327/923 726/321/927 707/316/922
f 726/328/927 724/321/921 706/316/922
f 725/314/912 617/318/848 616/313/868
f 722/319/929 720/321/931 704/320/922
f 718/321/930 703/320/922 704/322/922
f 716/321/932 702/316/922 703/324/922
f 714/321/926 701/316/922 702/324/922
f 713/314/918 611/318/855 609/313/873
f 723/314/928 616/318/868 615/313/875
f 746/320/934 747/324/935 700/324/935
f 712/319/925 709/321/924 699/320/922
f 710/315/910 709/330/924 712/329/925
f 712/325/925 714/326/926 713/313/918
f 714/330/926 716/329/932 715/314/917
f 716/321/932 718/326/930 717/313/919
f 718/321/930 720/323/931 719/313/916
f 720/321/931 722/319/929 721/313/915
f 722/330/929 724/362/921 723/314/928
f 724/330/921 726/329/927 725/314/912
f 726/321/927 728/327/923 727/313/911
f 728/330/923 709/329/924 710/314/910
f 711/314/933 609/318/873 608/313/878
f 706/316/936 742/316/936 740/322/937
f 703/320/938 739/320/938 743/322/939
f 747/316/935 733/324/940 701/324/940
f 740/316/937 748/324/941 708/324/941
f 704/320/939 743/320/939 730/324/942
f 733/316/940 738/324/943 702/324/943
f 748/320/941 746/322/934 699/322/934
f 705/320/942 730/320/942 742/322/936
f 738/316/943 739/324/938 703/324/938
o wheel1.011
v 0.986843 0.593054 1.523378
v 0.986843 0.524886 1.429553
v 0.986843 0.593054 1.639353
v 0.986843 0.611294 1.517452
v 0.909105 0.567322 1.531739
v 0.909105 0.567322 1.599315
v 0.909105 0.527602 1.477069
v 0.909105 0.463334 1.565527
v 0.831367 0.524886 1.429553
v 0.831367 0.593054 1.523378
v 0.831367 0.593054 1.639353
v 0.831367 0.611294 1.517452
v 0.781465 0.656902 1.502632
v 0.831367 0.524886 1.398521
v 0.831367 0.611294 1.664458
v 0.781465 0.656902 1.679277
v 0.781465 0.553073 1.359724
v 0.781465 0.385074 1.305138
v 0.781465 0.601801 1.292656
v 0.781465 0.735746 1.477015
v 0.817702 0.771983 1.465241
v 0.781465 0.735746 1.704895
v 0.817702 0.624197 1.261831
v 0.817702 0.385074 1.184135
v 0.909105 0.624197 1.261831
v 0.909105 0.771983 1.465241
v 0.909105 0.771983 1.716669
v 1.000507 0.771983 1.465241
v 1.000507 0.624197 1.261831
v 1.036745 0.601801 1.292656
v 1.000507 0.385074 1.184135
v 1.036745 0.735746 1.477015
v 1.036745 0.735746 1.704895
v 1.036745 0.656902 1.502632
v 1.036745 0.553073 1.359724
v 1.036745 0.385074 1.305138
v 0.986843 0.524886 1.398521
v 0.986843 0.385074 1.353093
v 0.986843 0.385074 1.590955
v 0.986843 0.489924 1.409880
v 0.986843 0.385074 1.554194
v 0.986843 0.280224 1.409880
v 0.909105 0.385074 1.505471
v 0.986843 0.245262 1.398521
v 1.036745 0.217075 1.359724
v 0.986843 0.158854 1.517452
v 0.986843 0.245262 1.429454
v 1.036745 0.113246 1.502632
v 1.036745 0.113246 1.679277
v 1.036745 0.034402 1.477015
v 1.036745 0.168347 1.292656
v 1.000507 0.145951 1.261831
v 1.036745 0.385074 1.222237
v 1.000507 -0.001835 1.465241
v 1.000507 -0.001835 1.716669
v 0.909105 -0.001835 1.465241
v 0.909105 0.145951 1.261831
v 0.909105 0.385074 1.184135
v 0.817702 0.145951 1.261831
v 0.817702 -0.001835 1.465241
v 0.781465 0.034402 1.477015
v 0.817702 -0.001835 1.716669
v 0.781465 0.168347 1.292656
v 0.781465 0.385074 1.222237
v 0.781465 0.217075 1.359724
v 0.781465 0.113246 1.502632
v 0.831367 0.158854 1.517452
v 0.781465 0.113246 1.679277
v 0.831367 0.245262 1.398521
v 0.831367 0.385074 1.353093
v 0.831367 0.385074 1.590955
v 0.831367 0.245262 1.429454
v 0.831367 0.280224 1.409880
v 0.831367 0.385074 1.554194
v 0.831367 0.489924 1.409880
v 0.831367 0.385074 1.375812
v 0.909105 0.446168 1.421382
v 0.909105 0.385074 1.401532
v 0.986843 0.385074 1.375812
v 0.909105 0.323980 1.421382
v 0.831367 0.177036 1.523359
v 0.831367 0.355654 1.581396
v 0.909105 0.242544 1.477011
v 0.909105 0.306866 1.565544
v 0.909105 0.202790 1.599360
v 0.986843 0.355654 1.581396
v 0.986843 0.177036 1.639432
v 0.831367 0.177036 1.639432
v 0.831367 0.158854 1.664458
v 0.831367 0.245262 1.783389
v 0.831367 0.188367 1.674048
v 0.781465 0.217075 1.822186
v 0.831367 0.366834 1.616060
v 0.831367 0.366834 1.803711
v 0.909105 0.336707 1.657527
v 0.909105 0.336707 1.766867
v 0.909105 0.232718 1.691315
v 0.986843 0.366834 1.616060
v 0.986843 0.366834 1.803711
v 0.986843 0.188367 1.674048
v 0.986843 0.256535 1.767873
v 0.986843 0.158854 1.664458
v 0.986843 0.245262 1.783389
v 1.036745 0.217075 1.822186
v 0.986843 0.385074 1.828817
v 0.986843 0.524886 1.783389
v 1.036745 0.385074 1.876772
v 0.986843 0.403256 1.803791
v 0.909105 0.433409 1.766915
v 0.986843 0.513648 1.767922
v 0.986843 0.403256 1.615981
v 0.909105 0.433409 1.657482
v 0.909105 0.537486 1.691299
v 0.831367 0.403256 1.615981
v 0.986843 0.581874 1.674017
v 0.831367 0.403256 1.803791
v 0.831367 0.581874 1.674017
v 0.831367 0.513648 1.767922
v 0.831367 0.524886 1.783389
v 0.781465 0.553073 1.822186
v 0.831367 0.385074 1.828817
v 0.781465 0.385074 1.876772
v 0.781465 0.385074 1.959673
v 0.781465 0.601801 1.889254
v 0.781465 0.168347 1.889254
v 0.817702 0.145951 1.920079
v 0.781465 0.034402 1.704895
v 0.817702 0.385074 1.997775
v 0.817702 0.624197 1.920079
v 0.909105 0.385074 1.997775
v 0.909105 0.145951 1.920079
v 0.909105 -0.001835 1.716669
v 1.000507 0.145951 1.920079
v 1.000507 0.385074 1.997775
v 1.036745 0.385074 1.959673
v 1.000507 0.624197 1.920079
v 1.036745 0.168347 1.889254
v 1.036745 0.034402 1.704895
v 1.036745 0.601801 1.889254
v 1.000507 0.771983 1.716669
v 0.909105 0.624197 1.920079
v 0.817702 0.771983 1.716669
v 1.036745 0.553073 1.822186
v 1.036745 0.656902 1.679277
v 0.986843 0.611294 1.664458
v 0.986843 0.414587 1.581365
v 0.909105 0.497732 1.746015
v 0.909105 0.272438 1.745985
v 0.831367 0.256535 1.767873
v 0.986843 0.177036 1.523359
v 0.909105 0.202790 1.531727
v 0.831367 0.414587 1.581365
vn 1.0000 -0.0000 -0.0000
vn 0.3287 -0.8982 0.2918
vn -0.0000 -0.8090 0.5878
vn 0.3142 -0.7680 0.5580
vn -0.0000 -1.0000 -0.0000
vn 0.3142 -0.9493 -0.0000
vn -0.0000 -0.9511 0.3090
vn -0.3287 -0.8982 0.2918
vn 0.3614 0.7543 0.5481
vn -0.0000 0.8090 0.5878
vn -0.3614 0.7543 0.5481
vn -0.3142 -0.7680 0.5580
vn -1.0000 -0.0000 -0.0000
vn -0.3142 -0.9493 -0.0000
vn -0.6929 -0.6857 -0.2228
vn -0.6929 -0.6857 0.2228
vn -0.6929 -0.4238 0.5833
vn -0.9022 0.2535 -0.3490
vn -0.6929 -0.0000 0.7210
vn -0.9022 0.4102 -0.1333
vn -0.3686 0.8841 -0.2873
vn -0.9022 0.4102 0.1333
vn -0.3686 0.5464 -0.7521
vn -0.0000 0.9511 -0.3090
vn -0.3686 -0.0000 -0.9296
vn -0.0000 0.5878 -0.8090
vn 0.3686 0.5464 -0.7521
vn -0.0000 0.9511 0.3090
vn 0.3686 0.8841 -0.2873
vn 0.9022 0.4102 -0.1333
vn 0.9022 0.2535 -0.3490
vn 0.3686 -0.0000 -0.9296
vn 0.9022 0.4102 0.1333
vn 0.6929 -0.4238 0.5833
vn 0.6929 -0.0000 0.7210
vn 0.6929 -0.6857 0.2228
vn -0.0000 -0.8090 -0.5878
vn 0.3457 -0.7591 -0.5515
vn 0.3457 0.7591 -0.5515
vn -0.0000 0.8090 -0.5878
vn 0.6929 0.4238 0.5833
vn 0.6929 0.6857 0.2228
vn 0.6929 0.6857 -0.2228
vn 0.9022 -0.2535 -0.3490
vn 0.9022 -0.4102 -0.1333
vn 0.3686 -0.8841 -0.2873
vn 0.3686 -0.5464 -0.7520
vn 0.9022 -0.0000 -0.4314
vn -0.0000 -0.5878 -0.8090
vn 0.3686 -0.8841 0.2873
vn -0.0000 -0.9511 -0.3090
vn -0.0000 -0.0000 -1.0000
vn -0.3686 -0.5464 -0.7520
vn -0.3686 -0.8841 -0.2873
vn -0.9022 -0.2535 -0.3490
vn -0.9022 -0.4102 -0.1333
vn -0.3686 -0.8841 0.2873
vn -0.9022 -0.0000 -0.4314
vn -0.6929 0.6857 0.2228
vn -0.6929 0.4238 0.5833
vn -0.6929 0.6857 -0.2228
vn -0.3457 -0.7591 -0.5515
vn -0.3457 0.7591 -0.5515
vn -0.3141 -0.0000 0.9494
vn -0.0000 -0.3090 0.9511
vn -0.3001 -0.2948 0.9072
vn -0.0000 -0.0000 1.0000
vn 0.3141 -0.0000 0.9494
vn 0.3001 -0.2948 0.9072
vn -0.0000 0.3090 0.9511
vn 0.3001 0.2948 0.9072
vn -0.3001 0.2948 0.9072
vn -0.3289 0.8981 0.2918
vn -0.3145 0.7680 0.5580
vn -0.3616 -0.7543 0.5480
vn 0.3616 -0.7543 0.5480
vn 0.3616 -0.2881 -0.8867
vn -0.0000 -0.3090 -0.9511
vn -0.3616 -0.2881 -0.8867
vn -0.3145 0.9493 -0.0000
vn -0.0000 1.0000 -0.0000
vn -0.6929 0.4238 -0.5833
vn -0.3614 -0.9324 -0.0000
vn -0.3614 0.2881 0.8868
vn 0.3614 -0.9324 -0.0000
vn 0.3614 0.2881 0.8868
vn 0.3287 0.5551 -0.7641
vn 0.3142 0.7680 -0.5580
vn 0.6929 0.4238 -0.5833
vn 0.6929 -0.0000 -0.7210
vn 0.6929 -0.4238 -0.5833
vn 0.3616 0.9323 -0.0000
vn 0.3289 -0.5551 -0.7640
vn 0.3145 -0.2933 -0.9028
vn -0.3616 0.9323 -0.0000
vn 0.3616 -0.2881 0.8867
vn -0.3616 -0.2881 0.8867
vn -0.3289 -0.5551 -0.7640
vn -0.3145 -0.7680 -0.5580
vn -0.6929 -0.4238 -0.5833
vn -0.6929 -0.0000 -0.7210
vn -0.9022 -0.2535 0.3490
vn -0.9022 0.2535 0.3490
vn -0.9022 -0.0000 0.4314
vn -0.3686 -0.5464 0.7521
vn -0.9022 -0.4102 0.1333
vn -0.3686 -0.0000 0.9296
vn -0.0000 -0.5878 0.8090
vn -0.3686 0.5464 0.7520
vn 0.3686 -0.0000 0.9296
vn 0.3686 -0.5464 0.7521
vn 0.9022 -0.2535 0.3490
vn 0.9022 -0.0000 0.4314
vn 0.3686 0.5464 0.7520
vn 0.9022 -0.4102 0.1333
vn 0.9022 0.2535 0.3490
vn 0.3686 0.8841 0.2873
vn -0.0000 0.5878 0.8090
vn -0.3686 0.8841 0.2873
vn 0.6929 -0.6857 -0.2228
vn -0.0000 0.3090 -0.9511
vn 0.3614 0.2881 -0.8868
vn -0.3145 -0.2933 -0.9028
vn 0.3145 -0.7680 -0.5580
vn 0.3142 0.2934 -0.9029
vn -0.3287 0.5551 -0.7641
vn -0.3142 0.7680 -0.5580
vn -0.3142 0.2934 -0.9029
vn 0.3289 0.8981 0.2918
vn 0.3145 0.9493 -0.0000
vn 0.3145 0.7680 0.5580
vn -0.3614 0.2881 -0.8868
vt 0.988834 0.528250
vt 0.975668 0.528250
vt 0.969168 0.356028
vt 0.982334 0.356028
vt 0.992356 0.528250
vt 0.977845 0.528250
vt 0.991011 0.528250
vt 0.971345 0.356028
vt 0.984511 0.356028
vt 0.985856 0.356028
vt 0.985856 0.356028
vt 0.992356 0.528250
vt 0.969168 0.356028
vt 0.969168 0.350349
vt 0.990697 0.350349
vt 0.975777 0.375608
vt 0.969168 0.374303
vt 0.969168 0.349043
vt 0.992922 0.347738
vt 0.969168 0.347738
vt 0.990697 0.350348
vt 0.975777 0.347738
vt 0.992922 0.375608
vt 0.975668 0.528250
vt 0.978247 0.528250
vt 0.988183 0.528250
vt 0.977838 0.528250
vt 0.969168 0.350348
vt 0.990697 0.350349
vt 0.990697 0.350349
vt 0.990762 0.528250
vt 0.984262 0.356028
vt 0.971747 0.356028
vt 0.969168 0.356028
vt 0.981683 0.356028
vt 0.991015 0.528250
vt 0.984515 0.356028
vt 0.971338 0.356028
vt 0.975668 0.528250
vt 0.988845 0.528250
vt 0.982345 0.356028
vt 0.988833 0.528250
vt 0.984511 0.356028
vt 0.991011 0.528250
vt 0.977838 0.528250
vt 0.971338 0.356028
vt 0.982345 0.356028
vt 0.990697 0.350349
vt 0.969168 0.374303
vt 0.982334 0.356028
s 1
usemtl metallic
f 751/363/967 753/364/967 750/364/967
f 750/365/968 756/366/969 751/366/970
f 753/367/967 752/368/967 750/369/967
f 755/370/971 750/371/968 752/370/972
f 750/365/968 754/365/973 756/366/969
f 755/370/971 754/371/973 750/371/968
f 759/365/974 756/366/969 754/365/973
f 751/363/975 756/363/976 757/368/976
f 758/363/977 757/368/976 756/363/976
f 759/365/974 758/366/978 756/366/969
f 758/363/979 759/364/979 761/364/979
f 760/368/979 761/367/979 759/369/979
f 759/371/974 755/370/971 760/370/980
f 759/371/974 754/371/973 755/370/971
f 758/363/979 761/364/979 763/374/979
f 760/368/979 764/364/979 761/367/979
f 751/363/967 786/374/967 753/364/967
f 787/367/967 786/386/967 789/387/967
f 786/386/967 788/364/967 790/364/967
f 788/364/967 786/374/967 751/363/967
f 786/386/967 790/364/967 789/387/967
f 792/364/1003 789/387/1004 790/364/1004
f 791/388/1005 792/364/1006 790/364/1005
f 790/364/967 793/374/967 791/388/967
f 790/364/967 788/364/967 793/374/967
f 791/388/967 793/374/967 787/386/967
f 795/374/967 793/364/967 796/389/967
f 796/389/967 793/364/967 788/364/967
f 822/388/979 819/386/979 818/374/979
f 821/389/979 818/364/979 816/374/979
f 823/364/979 818/374/979 820/364/979
f 821/389/979 820/364/979 818/364/979
f 823/364/979 822/388/979 818/374/979
f 824/387/1028 792/364/1003 823/364/1028
f 823/364/979 763/386/979 824/387/979
f 822/388/1029 823/364/1029 792/364/1006
f 823/364/979 820/364/979 763/386/979
f 824/387/979 819/367/979 825/393/979
f 825/394/1030 826/395/1031 824/395/1032
f 824/387/979 763/386/979 819/367/979
f 824/387/1028 826/387/1003 792/364/1003
f 825/394/1030 827/394/1033 826/395/1031
f 826/395/1031 827/394/1033 828/394/1034
f 792/364/1003 826/387/1003 789/387/1004
f 826/395/1031 828/394/1034 789/395/1035
f 791/388/967 787/386/967 828/386/967
f 828/396/1034 829/397/1036 791/397/1037
f 787/367/967 789/387/967 828/393/967
f 828/396/1034 827/396/1033 829/397/1036
f 825/396/1030 829/397/1036 827/396/1033
f 791/388/1005 829/388/1006 792/364/1006
f 822/388/1029 792/364/1006 829/388/1006
f 825/396/1030 822/397/1038 829/397/1036
f 822/388/979 825/386/979 819/386/979
f 821/389/979 816/374/979 830/398/979
f 830/399/1039 832/400/976 821/400/1040
f 821/389/979 831/401/979 820/364/979
f 821/389/1041 833/401/969 831/401/1041
f 821/389/1041 832/389/969 833/401/969
f 833/401/969 832/389/969 796/389/1042
f 836/402/1043 834/402/1044 833/401/1044
f 837/402/1045 833/401/1044 834/402/1044
f 836/402/1043 833/401/1044 835/401/1043
f 833/401/969 796/389/1042 835/401/1042
f 837/402/1045 831/401/1045 833/401/1044
f 830/365/1039 837/403/1046 834/403/1047
f 837/402/979 830/364/979 816/364/979
f 837/402/979 820/364/979 831/401/979
f 837/402/979 838/374/979 820/364/979
f 837/402/979 816/364/979 838/374/979
f 840/368/979 838/364/979 839/374/979
f 842/368/979 820/364/979 838/364/979
f 842/368/979 838/364/979 840/368/979
f 843/404/1049 842/368/1049 844/368/971
f 843/404/979 820/364/979 842/368/979
f 840/368/1050 844/368/1036 842/368/1050
f 848/404/1051 845/404/971 844/368/971
f 843/404/1049 844/368/971 845/404/971
f 840/368/1050 846/368/1036 844/368/1036
f 844/368/1036 846/368/1036 849/368/1052
f 844/368/1036 849/368/1052 847/368/1052
f 848/404/1051 844/368/971 847/368/1051
f 846/370/1006 850/405/1053 849/370/1054
f 852/374/967 849/368/967 850/406/967
f 851/364/967 847/368/967 849/368/967
f 852/374/967 851/364/967 849/368/967
f 848/404/967 854/367/967 852/386/967
f 848/404/967 852/386/967 850/364/967
f 855/374/967 854/386/967 857/407/967
f 788/364/967 854/367/967 848/404/967
f 857/407/967 854/386/967 788/364/967
f 861/401/1047 858/407/1047 857/407/1058
f 858/408/1044 859/399/1059 857/408/1060
f 855/374/967 857/407/967 859/398/967
f 861/401/1047 857/407/1058 860/401/1058
f 857/407/967 788/364/967 860/401/967
f 865/407/1061 858/407/1047 861/401/1047
f 864/402/1062 862/402/1031 861/401/1031
f 866/402/1063 861/401/1031 862/402/1031
f 864/402/1062 861/401/1031 860/401/1062
f 866/402/1063 863/401/1063 861/401/1031
f 865/407/1061 861/401/1047 863/401/1061
f 867/375/1064 866/409/1065 862/409/1003
f 866/402/979 867/386/979 868/386/979
f 866/402/979 820/364/979 863/401/979
f 866/402/979 764/367/979 820/364/979
f 866/402/979 868/386/979 764/367/979
f 865/407/979 870/386/979 868/374/979
f 865/407/979 868/374/979 867/398/979
f 864/402/967 894/367/967 855/386/967
f 753/367/967 894/364/967 752/368/967
f 894/364/967 788/364/967 895/368/967
f 788/364/967 894/367/967 864/402/967
f 894/364/967 895/368/967 752/368/967
f 751/363/975 757/368/976 895/368/975
f 788/364/967 751/363/967 895/368/967
f 757/368/1087 752/368/1088 895/368/1088
f 843/404/979 839/386/979 870/367/979
f 843/404/979 870/367/979 820/364/979
f 865/407/979 820/364/979 870/386/979
f 867/399/1064 896/399/1015 858/408/1044
f 867/375/1064 862/409/1003 896/375/1015
f 867/399/1064 858/408/1044 865/408/1089
f 859/375/1059 896/375/1015 862/409/1003
f 858/408/1044 896/399/1015 859/399/1059
f 865/407/979 863/401/979 820/364/979
f 859/375/1059 862/409/1003 864/409/1090
f 864/402/967 855/386/967 859/386/967
f 788/364/967 864/402/967 860/401/967
f 836/402/967 851/374/967 795/364/967
f 851/364/967 788/364/967 847/368/967
f 788/364/967 851/374/967 836/402/967
f 846/370/1006 897/405/992 850/405/1053
f 850/365/1053 897/365/992 845/412/1087
f 850/365/1053 845/412/1087 848/412/1091
f 898/405/1092 897/405/992 846/370/1006
f 898/365/1092 845/412/1087 897/365/992
f 840/368/979 839/374/979 898/406/979
f 898/405/1092 846/370/1006 840/370/1093
f 843/404/979 898/364/979 839/386/979
f 898/365/1092 843/412/1094 845/412/1087
f 788/364/967 848/404/967 847/368/967
f 899/365/1095 834/403/1047 836/403/1096
f 836/402/967 795/364/967 899/364/967
f 788/364/967 836/402/967 835/401/967
f 795/374/967 796/389/967 899/398/967
f 832/400/976 899/399/1095 796/400/1097
f 899/365/1095 900/365/994 834/403/1047
f 832/400/976 900/399/994 899/399/1095
f 830/365/1039 834/403/1047 900/365/994
f 830/399/1039 900/399/994 832/400/976
f 796/389/967 788/364/967 835/401/967
f 758/363/979 763/374/979 820/364/979
f 901/368/979 820/364/979 764/364/979
f 758/363/979 820/364/979 901/368/979
f 758/363/977 901/368/977 757/368/976
f 760/368/1098 757/368/1087 901/368/1098
f 901/368/979 764/364/979 760/368/979
f 760/368/1098 755/368/1087 757/368/1087
f 757/368/1087 755/368/1087 752/368/1088
usemtl texture
f 765/365/981 762/372/982 761/372/982
f 766/373/983 761/365/982 762/365/982
f 766/373/983 763/373/983 761/365/982
f 765/365/981 761/372/982 764/365/981
f 767/372/979 766/375/979 768/376/984
f 767/372/985 763/375/983 766/375/983
f 766/373/979 762/365/979 769/376/986
f 766/373/979 769/376/986 768/377/984
f 770/378/987 769/379/986 771/380/988
f 772/381/989 769/376/986 770/382/987
f 762/372/979 771/376/988 769/383/986
f 772/381/989 768/377/984 769/376/986
f 775/381/990 772/378/989 770/384/987
f 773/378/991 768/380/984 772/384/989
f 774/381/992 773/378/991 772/384/989
f 775/381/990 774/385/992 772/378/989
f 778/378/993 774/385/992 775/381/990
f 776/381/994 775/385/990 770/378/987
f 777/378/995 775/385/990 776/381/994
f 778/378/993 775/381/990 777/384/995
f 781/376/996 778/381/993 777/382/995
f 781/376/996 779/377/997 778/381/993
f 779/380/997 780/378/998 778/384/993
f 780/378/998 774/381/992 778/384/993
f 782/380/999 781/379/996 777/378/995
f 782/376/999 783/372/967 781/383/996
f 781/376/996 784/373/967 779/377/997
f 781/376/996 783/365/967 784/373/967
f 779/376/997 784/375/967 785/372/967
f 786/375/1000 785/372/1001 784/375/1000
f 753/365/1002 784/373/1000 783/365/1002
f 753/365/1002 786/373/1000 784/373/1000
f 786/375/1000 787/372/1001 785/372/1001
f 787/375/1001 793/373/1007 794/373/1007
f 793/365/1007 797/373/1008 794/365/1007
f 793/365/1007 795/373/1008 797/373/1008
f 795/365/1008 798/373/1009 797/365/1008
f 800/390/1010 794/365/967 797/373/967
f 799/376/1011 797/365/967 798/373/967
f 800/390/1010 797/373/967 799/391/1011
f 800/390/1010 803/381/1012 801/382/1013
f 780/384/998 800/379/1010 801/378/1013
f 780/384/998 802/380/1014 800/379/1010
f 800/392/1010 802/376/1014 785/375/967
f 800/390/1010 799/391/1011 803/381/1012
f 800/392/1010 785/375/967 794/373/967
f 803/378/1012 806/381/1015 801/384/1013
f 799/380/1011 804/378/1016 803/384/1012
f 804/378/1016 805/381/1017 803/384/1012
f 803/378/1012 805/385/1017 806/381/1015
f 807/381/1018 806/385/1015 808/378/1019
f 801/378/1013 806/385/1015 807/381/1018
f 806/381/1015 805/385/1017 809/378/1020
f 806/381/1015 809/378/1020 808/384/1019
f 809/381/1020 812/390/1021 808/382/1019
f 809/381/1020 810/391/1022 812/390/1021
f 811/378/1023 810/380/1022 809/384/1020
f 805/381/1017 811/378/1023 809/384/1020
f 773/384/991 808/378/1019 812/379/1021
f 773/384/991 812/379/1021 813/380/1024
f 812/392/1021 767/375/979 813/376/1024
f 815/373/979 812/390/1021 810/391/1022
f 812/392/1021 814/373/979 767/375/979
f 815/373/979 814/365/979 812/390/1021
f 815/373/1025 816/373/1025 818/365/1026
f 817/373/1027 816/365/1025 815/365/1025
f 815/373/1025 818/365/1026 814/365/1026
f 817/373/979 815/365/979 810/376/1022
f 814/373/1026 818/373/1026 819/375/985
f 817/373/1027 838/373/1027 816/365/1025
f 841/373/1048 838/365/1027 817/365/1027
f 841/373/1048 839/373/1048 838/365/1027
f 851/365/1009 852/373/1055 853/373/1055
f 853/375/1055 852/375/1055 854/372/1056
f 856/375/1056 854/375/1056 855/373/1057
f 853/375/1055 854/372/1056 856/372/1056
f 869/375/1066 764/372/981 868/375/1066
f 871/375/1067 869/373/1066 868/373/1066
f 871/375/1067 868/373/1066 870/375/1067
f 841/375/1048 871/372/1067 870/372/1067
f 871/372/979 841/375/979 874/376/1068
f 873/392/1069 869/373/979 871/375/979
f 871/372/979 874/376/1068 872/410/1070
f 873/392/1069 871/375/979 872/376/1070
f 875/381/1071 874/391/1068 876/376/1072
f 877/381/1073 874/376/1068 875/382/1071
f 841/373/979 876/376/1072 874/391/1068
f 877/381/1073 872/410/1070 874/376/1068
f 880/381/1074 877/378/1073 875/384/1071
f 878/381/1075 872/376/1070 877/382/1073
f 879/381/1033 878/378/1075 877/384/1073
f 880/381/1074 879/385/1033 877/378/1073
f 883/378/1076 879/385/1033 880/381/1074
f 881/381/973 880/385/1074 875/378/1071
f 882/378/1077 880/385/1074 881/381/973
f 883/378/1076 880/381/1074 882/384/1077
f 886/376/1078 883/381/1076 882/382/1077
f 886/376/1078 884/410/1079 883/381/1076
f 884/376/1079 885/381/1080 883/382/1076
f 885/378/1080 879/381/1033 883/384/1076
f 887/376/1081 886/391/1078 882/381/1077
f 887/376/1081 853/373/967 886/391/1078
f 886/376/1078 856/372/967 884/410/1079
f 886/376/1078 853/375/967 856/372/967
f 799/380/1011 887/379/1081 804/378/1016
f 887/376/1081 882/381/1077 804/382/1016
f 799/376/1011 798/373/967 887/392/1081
f 887/376/1081 798/365/967 853/373/967
f 885/384/1080 888/380/1082 782/411/999
f 884/376/1079 888/392/1082 885/381/1080
f 885/384/1080 782/411/999 889/378/1083
f 889/378/1083 890/381/1084 885/384/1080
f 885/378/1080 890/385/1084 879/381/1033
f 890/381/1084 776/385/994 891/378/1085
f 889/378/1083 776/385/994 890/381/1084
f 879/381/1033 890/385/1084 878/378/1075
f 890/381/1084 891/378/1085 878/384/1075
f 878/384/1075 891/378/1085 771/411/988
f 770/378/987 771/380/988 891/384/1085
f 776/381/994 770/378/987 891/384/1085
f 782/380/999 777/378/995 889/384/1083
f 777/378/995 776/381/994 889/384/1083
f 888/392/1082 884/376/1079 856/375/967
f 782/392/999 888/376/1082 892/375/967
f 888/392/1082 856/375/967 892/373/967
f 892/375/1057 855/375/1057 894/372/1086
f 856/375/1056 855/373/1057 892/373/1057
f 892/375/1057 894/372/1086 893/372/1086
f 782/392/999 892/375/967 893/372/967
f 893/365/1086 894/365/1086 753/372/1002
f 782/376/999 893/365/967 783/372/967
f 893/365/1086 753/372/1002 783/372/1002
f 882/378/1077 881/381/973 804/384/1016
f 805/381/1017 881/385/973 811/378/1023
f 804/378/1016 881/385/973 805/381/1017
f 881/381/973 875/378/1071 811/384/1023
f 878/381/1075 873/392/1069 872/376/1070
f 878/384/1075 771/411/988 873/380/1069
f 811/378/1023 876/379/1072 810/380/1022
f 875/381/1071 876/376/1072 811/382/1023
f 817/373/979 810/376/1022 876/392/1072
f 841/373/979 817/365/979 876/376/1072
f 771/392/988 869/375/979 873/376/1069
f 841/375/1048 870/372/1067 839/375/1048
f 869/375/1066 765/372/981 764/372/981
f 771/392/988 765/372/979 869/375/979
f 851/365/1009 853/373/1055 798/365/1009
f 795/365/1008 851/373/1009 798/373/1009
f 767/372/985 819/372/985 763/375/983
f 814/373/1026 819/375/985 767/375/985
f 773/378/991 813/379/1024 768/380/984
f 767/372/979 768/376/984 813/410/1024
f 807/381/1018 808/378/1019 773/384/991
f 774/381/992 807/385/1018 773/378/991
f 780/378/998 807/385/1018 774/381/992
f 801/378/1013 807/381/1018 780/384/998
f 779/380/997 802/379/1014 780/378/998
f 779/376/997 785/372/967 802/410/1014
f 787/375/1001 794/373/1007 785/375/1001
f 762/372/979 765/365/979 771/376/988
o wheel1.016
v 0.961407 0.593054 -1.503054
v 0.961407 0.524886 -1.596880
v 0.961407 0.593054 -1.387080
v 0.961407 0.611294 -1.508981
v 0.909105 0.567322 -1.494694
v 0.909105 0.567322 -1.427118
v 0.909105 0.527602 -1.549364
v 0.909105 0.463334 -1.460906
v 0.856803 0.524886 -1.596880
v 0.856803 0.593054 -1.503054
v 0.856803 0.593054 -1.387080
v 0.856803 0.611294 -1.508981
v 0.781465 0.656902 -1.523800
v 0.856803 0.524886 -1.627912
v 0.856803 0.611294 -1.361974
v 0.781465 0.656902 -1.347155
v 0.781465 0.553073 -1.666709
v 0.781465 0.385074 -1.721295
v 0.781465 0.601801 -1.733777
v 0.781465 0.735746 -1.549418
v 0.817702 0.771983 -1.561192
v 0.781465 0.735746 -1.321538
v 0.817702 0.624197 -1.764602
v 0.817702 0.385074 -1.842298
v 0.909105 0.624197 -1.764602
v 0.909105 0.771983 -1.561192
v 0.909105 0.771983 -1.309764
v 1.000507 0.771983 -1.561192
v 1.000507 0.624197 -1.764602
v 1.036744 0.601801 -1.733777
v 1.000507 0.385074 -1.842298
v 1.036744 0.735746 -1.549418
v 1.036744 0.735746 -1.321538
v 1.036744 0.656902 -1.523800
v 1.036744 0.553073 -1.666709
v 1.036744 0.385074 -1.721295
v 0.961407 0.524886 -1.627912
v 0.961407 0.385074 -1.673340
v 0.961407 0.385074 -1.435478
v 0.961407 0.489924 -1.616552
v 0.961407 0.385074 -1.472238
v 0.961407 0.280224 -1.616552
v 0.909105 0.385074 -1.520962
v 0.961407 0.245262 -1.627912
v 1.036744 0.217075 -1.666709
v 0.961407 0.158854 -1.508981
v 0.961407 0.245262 -1.596978
v 1.036744 0.113246 -1.523800
v 1.036744 0.113246 -1.347155
v 1.036744 0.034402 -1.549418
v 1.036744 0.168347 -1.733777
v 1.000507 0.145951 -1.764602
v 1.036744 0.385074 -1.804196
v 1.000507 -0.001835 -1.561192
v 1.000507 -0.001835 -1.309764
v 0.909105 -0.001835 -1.561192
v 0.909105 0.145951 -1.764602
v 0.909105 0.385074 -1.842298
v 0.817702 0.145951 -1.764602
v 0.817702 -0.001835 -1.561192
v 0.781465 0.034402 -1.549418
v 0.817702 -0.001835 -1.309764
v 0.781465 0.168347 -1.733777
v 0.781465 0.385074 -1.804196
v 0.781465 0.217075 -1.666709
v 0.781465 0.113246 -1.523800
v 0.856803 0.158854 -1.508981
v 0.781465 0.113246 -1.347155
v 0.856803 0.245262 -1.627912
v 0.856803 0.385074 -1.673340
v 0.856803 0.385074 -1.435478
v 0.856803 0.245262 -1.596978
v 0.856803 0.280224 -1.616552
v 0.856803 0.385074 -1.472238
v 0.856803 0.489924 -1.616552
v 0.856803 0.385074 -1.650620
v 0.909105 0.446168 -1.605050
v 0.909105 0.385074 -1.624901
v 0.961407 0.385074 -1.650620
v 0.909105 0.323980 -1.605050
v 0.856803 0.177036 -1.503073
v 0.856803 0.355654 -1.445037
v 0.909105 0.242544 -1.549422
v 0.909105 0.306866 -1.460889
v 0.909105 0.202790 -1.427072
v 0.961407 0.355654 -1.445037
v 0.961407 0.177036 -1.387000
v 0.856803 0.177036 -1.387000
v 0.856803 0.158854 -1.361974
v 0.856803 0.245262 -1.243044
v 0.856803 0.188367 -1.352385
v 0.781465 0.217075 -1.204247
v 0.856803 0.366834 -1.410372
v 0.856803 0.366834 -1.222721
v 0.909105 0.336707 -1.368906
v 0.909105 0.336707 -1.259566
v 0.909105 0.232718 -1.335118
v 0.961407 0.366834 -1.410372
v 0.961407 0.366834 -1.222721
v 0.961407 0.188367 -1.352385
v 0.961407 0.256535 -1.258560
v 0.961407 0.158854 -1.361974
v 0.961407 0.245262 -1.243044
v 1.036744 0.217075 -1.204247
v 0.961407 0.385074 -1.197616
v 0.961407 0.524886 -1.243044
v 1.036744 0.385074 -1.149661
v 0.961407 0.403256 -1.222642
v 0.909105 0.433409 -1.259518
v 0.961407 0.513648 -1.258510
v 0.961407 0.403256 -1.410452
v 0.909105 0.433409 -1.368950
v 0.909105 0.537486 -1.335134
v 0.856803 0.403256 -1.410452
v 0.961407 0.581874 -1.352415
v 0.856803 0.403256 -1.222642
v 0.856803 0.581874 -1.352415
v 0.856803 0.513648 -1.258510
v 0.856803 0.524886 -1.243044
v 0.781465 0.553073 -1.204247
v 0.856803 0.385074 -1.197616
v 0.781465 0.385074 -1.149661
v 0.781465 0.385074 -1.066760
v 0.781465 0.601801 -1.137179
v 0.781465 0.168347 -1.137179
v 0.817702 0.145951 -1.106354
v 0.781465 0.034402 -1.321538
v 0.817702 0.385074 -1.028658
v 0.817702 0.624197 -1.106354
v 0.909105 0.385074 -1.028658
v 0.909105 0.145951 -1.106354
v 0.909105 -0.001835 -1.309764
v 1.000507 0.145951 -1.106354
v 1.000507 0.385074 -1.028658
v 1.036744 0.385074 -1.066760
v 1.000507 0.624197 -1.106354
v 1.036744 0.168347 -1.137179
v 1.036744 0.034402 -1.321538
v 1.036744 0.601801 -1.137179
v 1.000507 0.771983 -1.309764
v 0.909105 0.624197 -1.106354
v 0.817702 0.771983 -1.309764
v 1.036744 0.553073 -1.204247
v 1.036744 0.656902 -1.347155
v 0.961407 0.611294 -1.361974
v 0.961407 0.414587 -1.445067
v 0.909105 0.497732 -1.280417
v 0.909105 0.272438 -1.280448
v 0.856803 0.256535 -1.258560
v 0.961407 0.177036 -1.503073
v 0.909105 0.202790 -1.494706
v 0.856803 0.414587 -1.445067
vn 1.0000 -0.0000 -0.0000
vn 0.4595 -0.8447 0.2745
vn 0.4414 -0.7259 0.5274
vn 0.4414 -0.8973 -0.0000
vn -0.4595 -0.8447 0.2745
vn -0.4414 -0.7259 0.5274
vn 0.4991 0.7010 0.5093
vn -0.4991 0.7010 0.5093
vn -1.0000 -0.0000 -0.0000
vn -0.4414 -0.8973 -0.0000
vn -0.5370 -0.8023 -0.2607
vn -0.5370 -0.8023 0.2607
vn -0.5370 -0.4959 0.6825
vn -0.9022 0.2535 -0.3490
vn -0.5370 -0.0000 0.8436
vn -0.9022 0.4102 -0.1333
vn -0.3686 0.8841 -0.2873
vn -0.9022 0.4102 0.1333
vn -0.3686 0.5464 -0.7521
vn -0.0000 0.9511 -0.3090
vn -0.3686 -0.0000 -0.9296
vn -0.0000 0.5878 -0.8090
vn 0.3686 0.5464 -0.7521
vn -0.0000 0.9511 0.3090
vn 0.3686 0.8841 -0.2873
vn 0.9022 0.4102 -0.1333
vn 0.9022 0.2535 -0.3490
vn 0.3686 -0.0000 -0.9296
vn 0.9022 0.4102 0.1333
vn 0.5370 -0.4959 0.6825
vn 0.5370 -0.0000 0.8436
vn 0.5370 -0.8023 0.2607
vn 0.4803 -0.7096 -0.5156
vn 0.4803 0.7096 -0.5156
vn 0.5370 0.4959 0.6825
vn 0.5370 0.8023 0.2607
vn 0.5370 0.8023 -0.2607
vn 0.9022 -0.2535 -0.3490
vn 0.9022 -0.4102 -0.1333
vn 0.3686 -0.8841 -0.2873
vn 0.3686 -0.5464 -0.7520
vn 0.9022 -0.0000 -0.4314
vn -0.0000 -0.5878 -0.8090
vn 0.3686 -0.8841 0.2873
vn -0.0000 -0.9511 -0.3090
vn -0.0000 -0.0000 -1.0000
vn -0.3686 -0.5464 -0.7520
vn -0.3686 -0.8841 -0.2873
vn -0.9022 -0.2535 -0.3490
vn -0.9022 -0.4102 -0.1333
vn -0.3686 -0.8841 0.2873
vn -0.9022 -0.0000 -0.4314
vn -0.5370 0.8023 0.2607
vn -0.5370 0.4959 0.6825
vn -0.5370 0.8023 -0.2607
vn -0.4803 -0.7096 -0.5156
vn -0.4803 0.7096 -0.5156
vn -0.4413 -0.0000 0.8974
vn -0.4236 -0.2799 0.8615
vn 0.4236 -0.2799 0.8615
vn 0.4413 -0.0000 0.8974
vn 0.4236 0.2799 0.8615
vn -0.4236 0.2799 0.8615
vn -0.4598 0.8446 0.2744
vn -0.4417 0.7258 0.5273
vn -0.4995 -0.7009 0.5092
vn 0.4995 -0.7009 0.5092
vn 0.4995 -0.2677 -0.8239
vn -0.4995 -0.2677 -0.8239
vn -0.4417 0.8971 -0.0000
vn -0.5370 0.4959 -0.6825
vn -0.4991 -0.8665 -0.0000
vn -0.4991 0.2678 0.8241
vn 0.4991 -0.8665 -0.0000
vn 0.4991 0.2678 0.8241
vn 0.4414 0.7259 -0.5274
vn 0.4595 0.5221 -0.7186
vn 0.5370 0.4959 -0.6825
vn 0.5370 -0.0000 -0.8436
vn 0.5370 -0.4959 -0.6825
vn 0.4995 0.8663 -0.0000
vn 0.4417 -0.2772 -0.8532
vn 0.4598 -0.5220 -0.7184
vn -0.4995 0.8663 -0.0000
vn 0.4995 -0.2677 0.8239
vn -0.4995 -0.2677 0.8239
vn -0.4598 -0.5220 -0.7184
vn -0.4417 -0.7258 -0.5273
vn -0.5370 -0.4959 -0.6825
vn -0.5370 -0.0000 -0.8436
vn -0.9022 -0.2535 0.3490
vn -0.9022 0.2535 0.3490
vn -0.9022 -0.0000 0.4314
vn -0.3686 -0.5464 0.7521
vn -0.9022 -0.4102 0.1333
vn -0.3686 -0.0000 0.9296
vn -0.0000 -0.5878 0.8090
vn -0.3686 0.5464 0.7520
vn -0.0000 -0.0000 1.0000
vn 0.3686 -0.0000 0.9296
vn -0.0000 -0.9511 0.3090
vn 0.3686 -0.5464 0.7521
vn 0.9022 -0.2535 0.3490
vn 0.9022 -0.0000 0.4314
vn 0.3686 0.5464 0.7520
vn 0.9022 -0.4102 0.1333
vn 0.9022 0.2535 0.3490
vn 0.3686 0.8841 0.2873
vn -0.0000 0.5878 0.8090
vn -0.3686 0.8841 0.2873
vn 0.5370 -0.8023 -0.2607
vn 0.4991 0.2678 -0.8241
vn -0.4417 -0.2772 -0.8532
vn 0.4417 -0.7258 -0.5273
vn 0.4414 0.2773 -0.8534
vn -0.4595 0.5221 -0.7186
vn -0.4414 0.7259 -0.5274
vn -0.4414 0.2773 -0.8534
vn 0.4598 0.8446 0.2744
vn 0.4417 0.8971 -0.0000
vn 0.4417 0.7258 0.5273
vn -0.4991 0.2678 -0.8241
vt 0.988834 0.528250
vt 0.975668 0.528250
vt 0.969168 0.356028
vt 0.982334 0.356028
vt 0.992356 0.528250
vt 0.977845 0.528250
vt 0.991011 0.528250
vt 0.971345 0.356028
vt 0.984511 0.356028
vt 0.985856 0.356028
vt 0.985856 0.356028
vt 0.992356 0.528250
vt 0.969168 0.356028
vt 0.969168 0.350349
vt 0.990697 0.350349
vt 0.975777 0.375608
vt 0.969168 0.374303
vt 0.969168 0.349043
vt 0.992922 0.347738
vt 0.969168 0.347738
vt 0.990697 0.350348
vt 0.975777 0.347738
vt 0.992922 0.375608
vt 0.975668 0.528250
vt 0.978247 0.528250
vt 0.988183 0.528250
vt 0.977838 0.528250
vt 0.969168 0.350348
vt 0.990697 0.350349
vt 0.990697 0.350349
vt 0.990762 0.528250
vt 0.984262 0.356028
vt 0.971747 0.356028
vt 0.969168 0.356028
vt 0.981683 0.356028
vt 0.991015 0.528250
vt 0.984515 0.356028
vt 0.971338 0.356028
vt 0.975668 0.528250
vt 0.988845 0.528250
vt 0.982345 0.356028
vt 0.988833 0.528250
vt 0.984511 0.356028
vt 0.991011 0.528250
vt 0.977838 0.528250
vt 0.971338 0.356028
vt 0.982345 0.356028
vt 0.990697 0.350349
vt 0.969168 0.374303
vt 0.982334 0.356028
s 1
usemtl metallic
f 903/413/1099 905/414/1099 902/414/1099
f 902/415/1100 908/416/1101 903/416/1101
f 905/417/1099 904/418/1099 902/419/1099
f 907/420/1102 902/421/1100 904/420/1102
f 902/415/1100 906/415/1100 908/416/1101
f 907/420/1102 906/421/1100 902/421/1100
f 911/415/1103 908/416/1104 906/415/1103
f 903/413/1105 908/413/1105 909/418/1105
f 910/413/1106 909/418/1106 908/413/1106
f 911/415/1103 910/416/1104 908/416/1104
f 910/413/1107 911/414/1107 913/414/1107
f 912/418/1107 913/417/1107 911/419/1107
f 911/421/1103 907/420/1108 912/420/1108
f 911/421/1103 906/421/1103 907/420/1108
f 910/413/1107 913/414/1107 915/424/1107
f 912/418/1107 916/414/1107 913/417/1107
f 903/413/1099 938/424/1099 905/414/1099
f 939/417/1099 938/436/1099 941/437/1099
f 938/436/1099 940/414/1099 942/414/1099
f 940/414/1099 938/424/1099 903/413/1099
f 938/436/1099 942/414/1099 941/437/1099
f 944/414/1131 941/437/1131 942/414/1131
f 943/438/1132 944/414/1132 942/414/1132
f 942/414/1099 945/424/1099 943/438/1099
f 942/414/1099 940/414/1099 945/424/1099
f 943/438/1099 945/424/1099 939/436/1099
f 947/424/1099 945/414/1099 948/439/1099
f 948/439/1099 945/414/1099 940/414/1099
f 974/438/1107 971/436/1107 970/424/1107
f 973/439/1107 970/414/1107 968/424/1107
f 975/414/1107 970/424/1107 972/414/1107
f 973/439/1107 972/414/1107 970/414/1107
f 975/414/1107 974/438/1107 970/424/1107
f 976/437/1154 944/414/1154 975/414/1154
f 975/414/1107 915/436/1107 976/437/1107
f 974/438/1155 975/414/1155 944/414/1155
f 975/414/1107 972/414/1107 915/436/1107
f 976/437/1107 971/417/1107 977/443/1107
f 977/444/1156 978/445/1157 976/445/1157
f 976/437/1107 915/436/1107 971/417/1107
f 976/437/1154 978/437/1154 944/414/1154
f 977/444/1156 979/444/1156 978/445/1157
f 978/445/1158 979/444/1159 980/444/1159
f 944/414/1131 978/437/1131 941/437/1131
f 978/445/1158 980/444/1159 941/445/1158
f 943/438/1099 939/436/1099 980/436/1099
f 980/446/1159 981/447/1160 943/447/1160
f 939/417/1099 941/437/1099 980/443/1099
f 980/446/1159 979/446/1159 981/447/1160
f 977/446/1156 981/447/1161 979/446/1156
f 943/438/1132 981/438/1132 944/414/1132
f 974/438/1155 944/414/1155 981/438/1155
f 977/446/1156 974/447/1161 981/447/1161
f 974/438/1107 977/436/1107 971/436/1107
f 973/439/1107 968/424/1107 982/448/1107
f 982/449/1162 984/450/1163 973/450/1163
f 973/439/1107 983/451/1107 972/414/1107
f 973/439/1164 985/451/1164 983/451/1164
f 973/439/1164 984/439/1164 985/451/1164
f 985/451/1165 984/439/1165 948/439/1165
f 988/452/1166 986/452/1166 985/451/1166
f 989/452/1167 985/451/1167 986/452/1167
f 988/452/1166 985/451/1166 987/451/1166
f 985/451/1165 948/439/1165 987/451/1165
f 989/452/1167 983/451/1167 985/451/1167
f 982/415/1162 989/453/1168 986/453/1168
f 989/452/1107 982/414/1107 968/414/1107
f 989/452/1107 972/414/1107 983/451/1107
f 989/452/1107 990/424/1107 972/414/1107
f 989/452/1107 968/414/1107 990/424/1107
f 992/418/1107 990/414/1107 991/424/1107
f 994/418/1107 972/414/1107 990/414/1107
f 994/418/1107 990/414/1107 992/418/1107
f 995/454/1170 994/418/1170 996/418/1170
f 995/454/1107 972/414/1107 994/418/1107
f 992/418/1171 996/418/1171 994/418/1171
f 1000/454/1172 997/454/1172 996/418/1172
f 995/454/1170 996/418/1170 997/454/1170
f 992/418/1171 998/418/1171 996/418/1171
f 996/418/1173 998/418/1173 1001/418/1173
f 996/418/1173 1001/418/1173 999/418/1173
f 1000/454/1172 996/418/1172 999/418/1172
f 998/420/1174 1002/455/1175 1001/420/1174
f 1004/424/1099 1001/418/1099 1002/456/1099
f 1003/414/1099 999/418/1099 1001/418/1099
f 1004/424/1099 1003/414/1099 1001/418/1099
f 1000/454/1099 1006/417/1099 1004/436/1099
f 1000/454/1099 1004/436/1099 1002/414/1099
f 1007/424/1099 1006/436/1099 1009/457/1099
f 940/414/1099 1006/417/1099 1000/454/1099
f 1009/457/1099 1006/436/1099 940/414/1099
f 1013/451/1179 1010/457/1179 1009/457/1179
f 1010/458/1180 1011/449/1181 1009/458/1180
f 1007/424/1099 1009/457/1099 1011/448/1099
f 1013/451/1179 1009/457/1179 1012/451/1179
f 1009/457/1099 940/414/1099 1012/451/1099
f 1017/457/1182 1010/457/1182 1013/451/1182
f 1016/452/1183 1014/452/1183 1013/451/1183
f 1018/452/1184 1013/451/1184 1014/452/1184
f 1016/452/1183 1013/451/1183 1012/451/1183
f 1018/452/1184 1015/451/1184 1013/451/1184
f 1017/457/1182 1013/451/1182 1015/451/1182
f 1019/425/1185 1018/459/1186 1014/459/1186
f 1018/452/1107 1019/436/1107 1020/436/1107
f 1018/452/1107 972/414/1107 1015/451/1107
f 1018/452/1107 916/417/1107 972/414/1107
f 1018/452/1107 1020/436/1107 916/417/1107
f 1017/457/1107 1022/436/1107 1020/424/1107
f 1017/457/1107 1020/424/1107 1019/448/1107
f 1016/452/1099 1046/417/1099 1007/436/1099
f 905/417/1099 1046/414/1099 904/418/1099
f 1046/414/1099 940/414/1099 1047/418/1099
f 940/414/1099 1046/417/1099 1016/452/1099
f 1046/414/1099 1047/418/1099 904/418/1099
f 903/413/1105 909/418/1105 1047/418/1105
f 940/414/1099 903/413/1099 1047/418/1099
f 909/418/1210 904/418/1210 1047/418/1210
f 995/454/1107 991/436/1107 1022/417/1107
f 995/454/1107 1022/417/1107 972/414/1107
f 1017/457/1107 972/414/1107 1022/436/1107
f 1019/449/1185 1048/449/1185 1010/458/1211
f 1019/425/1185 1014/459/1186 1048/425/1185
f 1019/449/1185 1010/458/1211 1017/458/1211
f 1011/425/1181 1048/425/1181 1014/459/1212
f 1010/458/1180 1048/449/1181 1011/449/1181
f 1017/457/1107 1015/451/1107 972/414/1107
f 1011/425/1181 1014/459/1212 1016/459/1212
f 1016/452/1099 1007/436/1099 1011/436/1099
f 940/414/1099 1016/452/1099 1012/451/1099
f 988/452/1099 1003/424/1099 947/414/1099
f 1003/414/1099 940/414/1099 999/418/1099
f 940/414/1099 1003/424/1099 988/452/1099
f 998/420/1174 1049/455/1175 1002/455/1175
f 1002/415/1175 1049/415/1175 997/462/1213
f 1002/415/1175 997/462/1213 1000/462/1213
f 1050/455/1214 1049/455/1214 998/420/1215
f 1050/415/1214 997/462/1216 1049/415/1214
f 992/418/1107 991/424/1107 1050/456/1107
f 1050/455/1214 998/420/1215 992/420/1215
f 995/454/1107 1050/414/1107 991/436/1107
f 1050/415/1214 995/462/1216 997/462/1216
f 940/414/1099 1000/454/1099 999/418/1099
f 1051/415/1217 986/453/1218 988/453/1218
f 988/452/1099 947/414/1099 1051/414/1099
f 940/414/1099 988/452/1099 987/451/1099
f 947/424/1099 948/439/1099 1051/448/1099
f 984/450/1219 1051/449/1217 948/450/1219
f 1051/415/1217 1052/415/1217 986/453/1218
f 984/450/1219 1052/449/1217 1051/449/1217
f 982/415/1162 986/453/1168 1052/415/1162
f 982/449/1162 1052/449/1162 984/450/1163
f 948/439/1099 940/414/1099 987/451/1099
f 910/413/1107 915/424/1107 972/414/1107
f 1053/418/1107 972/414/1107 916/414/1107
f 910/413/1107 972/414/1107 1053/418/1107
f 910/413/1106 1053/418/1106 909/418/1106
f 912/418/1220 909/418/1220 1053/418/1220
f 1053/418/1107 916/414/1107 912/418/1107
f 912/418/1220 907/418/1220 909/418/1220
f 909/418/1210 907/418/1210 904/418/1210
usemtl texture
f 917/415/1109 914/422/1110 913/422/1110
f 918/423/1111 913/415/1110 914/415/1110
f 918/423/1111 915/423/1111 913/415/1110
f 917/415/1109 913/422/1110 916/415/1109
f 919/422/1107 918/425/1107 920/426/1112
f 919/422/1113 915/425/1111 918/425/1111
f 918/423/1107 914/415/1107 921/426/1114
f 918/423/1107 921/426/1114 920/427/1112
f 922/428/1115 921/429/1114 923/430/1116
f 924/431/1117 921/426/1114 922/432/1115
f 914/422/1107 923/426/1116 921/433/1114
f 924/431/1117 920/427/1112 921/426/1114
f 927/431/1118 924/428/1117 922/434/1115
f 925/428/1119 920/430/1112 924/434/1117
f 926/431/1120 925/428/1119 924/434/1117
f 927/431/1118 926/435/1120 924/428/1117
f 930/428/1121 926/435/1120 927/431/1118
f 928/431/1122 927/435/1118 922/428/1115
f 929/428/1123 927/435/1118 928/431/1122
f 930/428/1121 927/431/1118 929/434/1123
f 933/426/1124 930/431/1121 929/432/1123
f 933/426/1124 931/427/1125 930/431/1121
f 931/430/1125 932/428/1126 930/434/1121
f 932/428/1126 926/431/1120 930/434/1121
f 934/430/1127 933/429/1124 929/428/1123
f 934/426/1127 935/422/1099 933/433/1124
f 933/426/1124 936/423/1099 931/427/1125
f 933/426/1124 935/415/1099 936/423/1099
f 931/426/1125 936/425/1099 937/422/1099
f 938/425/1128 937/422/1129 936/425/1128
f 905/415/1130 936/423/1128 935/415/1130
f 905/415/1130 938/423/1128 936/423/1128
f 938/425/1128 939/422/1129 937/422/1129
f 939/425/1129 945/423/1133 946/423/1133
f 945/415/1133 949/423/1134 946/415/1133
f 945/415/1133 947/423/1134 949/423/1134
f 947/415/1134 950/423/1135 949/415/1134
f 952/440/1136 946/415/1099 949/423/1099
f 951/426/1137 949/415/1099 950/423/1099
f 952/440/1136 949/423/1099 951/441/1137
f 952/440/1136 955/431/1138 953/432/1139
f 932/434/1126 952/429/1136 953/428/1139
f 932/434/1126 954/430/1140 952/429/1136
f 952/442/1136 954/426/1140 937/425/1099
f 952/440/1136 951/441/1137 955/431/1138
f 952/442/1136 937/425/1099 946/423/1099
f 955/428/1138 958/431/1141 953/434/1139
f 951/430/1137 956/428/1142 955/434/1138
f 956/428/1142 957/431/1143 955/434/1138
f 955/428/1138 957/435/1143 958/431/1141
f 959/431/1144 958/435/1141 960/428/1145
f 953/428/1139 958/435/1141 959/431/1144
f 958/431/1141 957/435/1143 961/428/1146
f 958/431/1141 961/428/1146 960/434/1145
f 961/431/1146 964/440/1147 960/432/1145
f 961/431/1146 962/441/1148 964/440/1147
f 963/428/1149 962/430/1148 961/434/1146
f 957/431/1143 963/428/1149 961/434/1146
f 925/434/1119 960/428/1145 964/429/1147
f 925/434/1119 964/429/1147 965/430/1150
f 964/442/1147 919/425/1107 965/426/1150
f 967/423/1107 964/440/1147 962/441/1148
f 964/442/1147 966/423/1107 919/425/1107
f 967/423/1107 966/415/1107 964/440/1147
f 967/423/1151 968/423/1151 970/415/1152
f 969/423/1153 968/415/1151 967/415/1151
f 967/423/1151 970/415/1152 966/415/1152
f 969/423/1107 967/415/1107 962/426/1148
f 966/423/1152 970/423/1152 971/425/1113
f 969/423/1153 990/423/1153 968/415/1151
f 993/423/1169 990/415/1153 969/415/1153
f 993/423/1169 991/423/1169 990/415/1153
f 1003/415/1135 1004/423/1176 1005/423/1176
f 1005/425/1176 1004/425/1176 1006/422/1177
f 1008/425/1177 1006/425/1177 1007/423/1178
f 1005/425/1176 1006/422/1177 1008/422/1177
f 1021/425/1187 916/422/1109 1020/425/1187
f 1023/425/1188 1021/423/1187 1020/423/1187
f 1023/425/1188 1020/423/1187 1022/425/1188
f 993/425/1169 1023/422/1188 1022/422/1188
f 1023/422/1107 993/425/1107 1026/426/1189
f 1025/442/1190 1021/423/1107 1023/425/1107
f 1023/422/1107 1026/426/1189 1024/460/1191
f 1025/442/1190 1023/425/1107 1024/426/1191
f 1027/431/1192 1026/441/1189 1028/426/1193
f 1029/431/1194 1026/426/1189 1027/432/1192
f 993/423/1107 1028/426/1193 1026/441/1189
f 1029/431/1194 1024/460/1191 1026/426/1189
f 1032/431/1195 1029/428/1194 1027/434/1192
f 1030/431/1196 1024/426/1191 1029/432/1194
f 1031/431/1197 1030/428/1196 1029/434/1194
f 1032/431/1195 1031/435/1197 1029/428/1194
f 1035/428/1198 1031/435/1197 1032/431/1195
f 1033/431/1199 1032/435/1195 1027/428/1192
f 1034/428/1200 1032/435/1195 1033/431/1199
f 1035/428/1198 1032/431/1195 1034/434/1200
f 1038/426/1201 1035/431/1198 1034/432/1200
f 1038/426/1201 1036/460/1202 1035/431/1198
f 1036/426/1202 1037/431/1203 1035/432/1198
f 1037/428/1203 1031/431/1197 1035/434/1198
f 1039/426/1204 1038/441/1201 1034/431/1200
f 1039/426/1204 1005/423/1099 1038/441/1201
f 1038/426/1201 1008/422/1099 1036/460/1202
f 1038/426/1201 1005/425/1099 1008/422/1099
f 951/430/1137 1039/429/1204 956/428/1142
f 1039/426/1204 1034/431/1200 956/432/1142
f 951/426/1137 950/423/1099 1039/442/1204
f 1039/426/1204 950/415/1099 1005/423/1099
f 1037/434/1203 1040/430/1205 934/461/1127
f 1036/426/1202 1040/442/1205 1037/431/1203
f 1037/434/1203 934/461/1127 1041/428/1206
f 1041/428/1206 1042/431/1207 1037/434/1203
f 1037/428/1203 1042/435/1207 1031/431/1197
f 1042/431/1207 928/435/1122 1043/428/1208
f 1041/428/1206 928/435/1122 1042/431/1207
f 1031/431/1197 1042/435/1207 1030/428/1196
f 1042/431/1207 1043/428/1208 1030/434/1196
f 1030/434/1196 1043/428/1208 923/461/1116
f 922/428/1115 923/430/1116 1043/434/1208
f 928/431/1122 922/428/1115 1043/434/1208
f 934/430/1127 929/428/1123 1041/434/1206
f 929/428/1123 928/431/1122 1041/434/1206
f 1040/442/1205 1036/426/1202 1008/425/1099
f 934/442/1127 1040/426/1205 1044/425/1099
f 1040/442/1205 1008/425/1099 1044/423/1099
f 1044/425/1178 1007/425/1178 1046/422/1209
f 1008/425/1177 1007/423/1178 1044/423/1178
f 1044/425/1178 1046/422/1209 1045/422/1209
f 934/442/1127 1044/425/1099 1045/422/1099
f 1045/415/1209 1046/415/1209 905/422/1130
f 934/426/1127 1045/415/1099 935/422/1099
f 1045/415/1209 905/422/1130 935/422/1130
f 1034/428/1200 1033/431/1199 956/434/1142
f 957/431/1143 1033/435/1199 963/428/1149
f 956/428/1142 1033/435/1199 957/431/1143
f 1033/431/1199 1027/428/1192 963/434/1149
f 1030/431/1196 1025/442/1190 1024/426/1191
f 1030/434/1196 923/461/1116 1025/430/1190
f 963/428/1149 1028/429/1193 962/430/1148
f 1027/431/1192 1028/426/1193 963/432/1149
f 969/423/1107 962/426/1148 1028/442/1193
f 993/423/1107 969/415/1107 1028/426/1193
f 923/442/1116 1021/425/1107 1025/426/1190
f 993/425/1169 1022/422/1188 991/425/1169
f 1021/425/1187 917/422/1109 916/422/1109
f 923/442/1116 917/422/1107 1021/425/1107
f 1003/415/1135 1005/423/1176 950/415/1135
f 947/415/1134 1003/423/1135 950/423/1135
f 919/422/1113 971/422/1113 915/425/1111
f 966/423/1152 971/425/1113 919/425/1113
f 925/428/1119 965/429/1150 920/430/1112
f 919/422/1107 920/426/1112 965/460/1150
f 959/431/1144 960/428/1145 925/434/1119
f 926/431/1120 959/435/1144 925/428/1119
f 932/428/1126 959/435/1144 926/431/1120
f 953/428/1139 959/431/1144 932/434/1126
f 931/430/1125 954/429/1140 932/428/1126
f 931/426/1125 937/422/1099 954/460/1140
f 939/425/1129 946/423/1133 937/425/1129
f 914/422/1107 917/415/1107 923/426/1116
